timestamp,event_type,value
2.2227859497070312,key_press,'h'
2.3727974891662598,key_press,'l'
2.6386544704437256,key_press,'o'
2.9203696250915527,key_press,Key.space
3.5216281414031982,key_press,'h'
3.667952537536621,key_press,'o'
3.808729410171509,key_press,'w'
3.9281039237976074,key_press,Key.space
4.265397787094116,key_press,'a'
4.5069358348846436,key_press,'r'
4.638562440872192,key_press,'e'
4.77824330329895,key_press,Key.space
5.018793821334839,key_press,'u'
5.223904609680176,key_press,Key.space
5.390692234039307,key_press,'a'
5.547284364700317,key_press,'l'
5.777853488922119,key_press,'l'
5.923780202865601,key_press,Key.space
6.48543906211853,key_press,'w'
6.655957937240601,key_press,'e'
6.894021511077881,key_press,'l'
7.179753303527832,key_press,'c'
7.281034708023071,key_press,'o'
7.425946235656738,key_press,'m'
7.621487855911255,key_press,'e'
7.743556261062622,key_press,Key.space
8.208768606185913,key_press,'t'
8.328731536865234,key_press,'o'
8.517095804214478,key_press,Key.space
8.975208759307861,key_press,'m'
9.24346661567688,key_press,'y'
9.474866390228271,key_press,Key.space
11.922456502914429,key_press,Key.ctrl_l
12.346012830734253,key_press,'\x03'
2.1577646732330322,key_press,'h'
2.384467363357544,key_press,'l'
2.5424296855926514,key_press,'l'
2.908331871032715,key_press,'o'
3.0733585357666016,key_press,'n'
3.154386281967163,key_press,Key.space
3.315906286239624,key_press,'i'
3.4557058811187744,key_press,Key.space
3.6312978267669678,key_press,'a'
3.711378574371338,key_press,'m'
3.848081111907959,key_press,Key.space
4.404120683670044,key_press,'g'
4.590505838394165,key_press,'o'
4.750230312347412,key_press,'o'
4.911282777786255,key_press,'d'
4.970513343811035,key_press,Key.space
5.262155294418335,key_press,'w'
5.432817220687866,key_press,'h'
5.628733158111572,key_press,'a'
5.703070878982544,key_press,'t'
5.914498567581177,key_press,Key.space
6.358425140380859,key_press,'a'
6.573860168457031,key_press,'b'
6.875640630722046,key_press,'o'
7.10607123374939,key_press,'u'
7.336557388305664,key_press,'t'
7.55028510093689,key_press,Key.space
7.7157676219940186,key_press,'u'
7.880542039871216,key_press,Key.space
8.472185373306274,key_press,Key.enter
10.266506910324097,key_press,Key.ctrl_l
10.513709545135498,key_press,'\x03'
3.416409492492676,key_press,'v'
3.4749274253845215,key_press,'d'
3.4852967262268066,key_press,'f'
3.535886764526367,key_press,'u'
3.6049699783325195,key_press,'h'
3.710744619369507,key_press,'f'
3.7422380447387695,key_press,'a'
3.754967212677002,key_press,'s'
3.8111226558685303,key_press,'f'
3.8457982540130615,key_press,'h'
3.9155917167663574,key_press,'s'
3.926180362701416,key_press,'l'
3.935727119445801,key_press,'k'
4.017281532287598,key_press,'f'
4.051910877227783,key_press,'h'
4.152166843414307,key_press,'j'
4.258387565612793,key_press,'h'
4.3019020557403564,key_press,'f'
4.346756458282471,key_press,'k'
4.39354133605957,key_press,'s'
4.402133226394653,key_press,'d'
4.432342767715454,key_press,'h'
4.47152304649353,key_press,'f'
4.5314812660217285,key_press,'j'
4.608922243118286,key_press,'h'
4.621769905090332,key_press,'f'
4.715280532836914,key_press,'j'
4.724847078323364,key_press,'k'
4.734938383102417,key_press,'s'
4.810302257537842,key_press,'h'
4.82037353515625,key_press,'f'
4.915654420852661,key_press,'a'
4.924797773361206,key_press,'s'
4.936073064804077,key_press,'j'
4.945892333984375,key_press,'k'
5.017610788345337,key_press,'f'
6.4449992179870605,key_press,'h'
6.483490705490112,key_press,'a'
6.495042085647583,key_press,'s'
6.505611419677734,key_press,'d'
6.514321804046631,key_press,'k'
6.5451860427856445,key_press,'j'
6.584748029708862,key_press,'f'
6.640056133270264,key_press,'h'
6.705239772796631,key_press,'s'
6.715415716171265,key_press,'d'
6.744192123413086,key_press,'j'
6.794481039047241,key_press,'f'
6.829533576965332,key_press,'h'
6.889383316040039,key_press,'s'
6.900829792022705,key_press,'d'
6.951525449752808,key_press,'j'
6.96106219291687,key_press,'k'
6.975135803222656,key_press,'f'
7.040456533432007,key_press,'h'
7.0861005783081055,key_press,'s'
7.095148801803589,key_press,'d'
7.145107269287109,key_press,'j'
7.155016183853149,key_press,'k'
7.180671453475952,key_press,'f'
7.226551294326782,key_press,'h'
7.277505874633789,key_press,'s'
7.286393880844116,key_press,'d'
7.316011190414429,key_press,'j'
7.325897455215454,key_press,'k'
7.385267496109009,key_press,'f'
7.421370506286621,key_press,'h'
7.450915575027466,key_press,'a'
7.470100402832031,key_press,'s'
7.480435371398926,key_press,'d'
7.510882139205933,key_press,'u'
7.541040897369385,key_press,'f'
7.571950435638428,key_press,'h'
7.64282751083374,key_press,'e'
7.662754774093628,key_press,'a'
7.671494007110596,key_press,'w'
7.680587530136108,key_press,'u'
7.73786473274231,key_press,'f'
7.813114881515503,key_press,'b'
7.8881516456604,key_press,'s'
7.898711919784546,key_press,'d'
8.0698881149292,key_press,'u'
8.080281257629395,key_press,'s'
8.100206136703491,key_press,'a'
8.109578609466553,key_press,'i'
8.119821310043335,key_press,'d'
8.216244220733643,key_press,'b'
8.287559986114502,key_press,'s'
8.296081304550171,key_press,'d'
8.33064317703247,key_press,'j'
10.749562978744507,key_press,Key.ctrl_l
11.247831583023071,key_press,Key.ctrl_l
11.279171228408813,key_press,Key.ctrl_l
11.309927225112915,key_press,Key.ctrl_l
11.338234901428223,key_press,Key.ctrl_l
11.358068227767944,key_press,'\x03'
2.9962868690490723,key_press,'m'
3.1661951541900635,key_press,'y'
3.361497402191162,key_press,Key.space
3.9616942405700684,mouse_move,"1278,1054"
3.968426465988159,mouse_move,"1278,1055"
3.9834749698638916,mouse_move,"1278,1055"
3.985149383544922,key_press,'n'
4.047904014587402,key_press,'a'
4.199350833892822,key_press,'m'
4.305731296539307,key_press,'e'
4.494007349014282,key_press,Key.space
4.63428807258606,key_press,'i'
4.763885736465454,key_press,'s'
4.855304002761841,key_press,Key.space
4.979860305786133,key_press,'a'
5.190452814102173,key_press,'b'
5.367154836654663,key_press,'h'
5.47006630897522,key_press,'i'
5.6057658195495605,key_press,'t'
5.696914196014404,key_press,'a'
5.930894374847412,key_press,'m'
6.138487339019775,key_press,Key.space
6.424036502838135,key_press,'n'
6.715996265411377,key_press,'d'
6.840163707733154,key_press,Key.space
7.172424077987671,key_press,'i'
7.368290185928345,key_press,Key.space
7.737659931182861,key_press,'a'
7.898647308349609,key_press,'m'
8.036009788513184,key_press,Key.space
8.233619928359985,key_press,'s'
8.810433387756348,key_press,'t'
9.005743026733398,key_press,'u'
9.272965431213379,key_press,'d'
9.647639036178589,key_press,'y'
9.947384119033813,key_press,'i'
10.149388313293457,key_press,'n'
10.248095750808716,key_press,'g'
10.329025506973267,key_press,Key.space
10.641541481018066,key_press,'n'
10.83632516860962,key_press,Key.space
11.567936658859253,key_press,'a'
11.716026544570923,key_press,'m'
11.98172378540039,key_press,'r'
12.162548780441284,key_press,'i'
12.264955282211304,key_press,'t'
12.400814294815063,key_press,'a'
12.5460946559906,key_press,Key.space
13.354336977005005,mouse_move,"1278,1054"
13.361820220947266,mouse_move,"1278,1052"
13.368582725524902,mouse_move,"1278,1052"
13.375550031661987,mouse_move,"1278,1051"
13.38273549079895,mouse_move,"1278,1050"
13.432801961898804,mouse_move,"1278,1050"
13.439346075057983,mouse_move,"1278,1051"
13.44710636138916,mouse_move,"1278,1051"
13.454132795333862,mouse_move,"1278,1053"
13.460619688034058,mouse_move,"1278,1055"
13.4687979221344,mouse_move,"1278,1056"
13.47525429725647,mouse_move,"1278,1059"
13.48325514793396,mouse_move,"1278,1064"
13.48951768875122,mouse_move,"1277,1067"
13.496842384338379,mouse_move,"1277,1069"
13.504248142242432,mouse_move,"1277,1073"
13.511311292648315,mouse_move,"1277,1077"
13.518429040908813,mouse_move,"1276,1078"
13.525415182113647,mouse_move,"1275,1081"
13.532918453216553,mouse_move,"1274,1084"
13.539197206497192,mouse_move,"1274,1086"
13.547063112258911,mouse_move,"1274,1087"
13.554714441299438,mouse_move,"1273,1088"
13.56115984916687,mouse_move,"1273,1090"
13.56743597984314,mouse_move,"1272,1090"
13.575456380844116,mouse_move,"1272,1091"
13.589544534683228,mouse_move,"1272,1092"
14.05201268196106,key_press,'u'
14.194641351699829,key_press,'n'
14.33937931060791,key_press,'i'
14.561197280883789,key_press,'v'
14.746426582336426,key_press,'e'
14.901219367980957,key_press,'r'
15.090965032577515,key_press,'s'
15.351303339004517,key_press,'i'
15.61670970916748,key_press,'t'
15.823181629180908,key_press,'y'
15.979147672653198,key_press,Key.space
16.088767290115356,key_press,'a'
16.52004051208496,key_press,'s'
16.714906454086304,key_press,'o'
16.95008683204651,key_press,Key.space
16.973796606063843,key_press,Key.space
17.51556396484375,mouse_move,"1272,1093"
17.52345609664917,mouse_move,"1271,1095"
17.5299232006073,mouse_move,"1271,1096"
17.53732419013977,mouse_move,"1271,1097"
17.544872045516968,mouse_move,"1270,1098"
17.573780298233032,mouse_move,"1270,1099"
17.587743520736694,mouse_move,"1270,1099"
17.6965811252594,key_press,'i'
17.867149114608765,key_press,Key.space
18.038164615631104,key_press,'n'
18.127085208892822,key_press,'e'
18.357773065567017,key_press,'e'
18.566132307052612,key_press,'d'
19.575173377990723,key_press,Key.space
19.66402816772461,key_press,'t'
19.830186367034912,key_press,'h'
21.15411877632141,key_press,'t'
21.303199291229248,key_press,'o'
21.53699517250061,key_press,Key.space
21.839765787124634,key_press,'h'
21.91944193840027,key_press,'a'
22.149840831756592,key_press,'v'
22.270936489105225,key_press,'e'
22.45072340965271,key_press,Key.space
22.606061697006226,key_press,'s'
22.80228090286255,key_press,'o'
22.98768377304077,key_press,'m'
23.139309406280518,key_press,'e'
23.29147505760193,key_press,Key.space
23.50832986831665,key_press,'p'
23.618293523788452,key_press,'a'
23.999457836151123,key_press,'t'
24.600268125534058,key_press,'i'
24.781203269958496,key_press,'e'
25.02082586288452,key_press,'n'
25.141522645950317,key_press,'c'
25.35751748085022,key_press,'e'
25.391406774520874,key_press,'3'
25.476996660232544,key_press,Key.space
26.39064073562622,mouse_move,"1270,1099"
26.398358583450317,mouse_move,"1270,1099"
26.40511679649353,mouse_move,"1270,1099"
26.419021606445312,mouse_move,"1269,1098"
26.42561674118042,mouse_move,"1269,1097"
26.440170526504517,mouse_move,"1269,1097"
26.45715045928955,mouse_move,"1269,1096"
26.46176838874817,mouse_move,"1268,1096"
26.482903480529785,mouse_move,"1268,1095"
26.54131817817688,mouse_move,"1268,1095"
26.5824236869812,mouse_move,"1269,1095"
26.589776754379272,mouse_move,"1270,1095"
26.6677827835083,mouse_move,"1270,1095"
26.68224835395813,mouse_move,"1271,1095"
26.688645124435425,mouse_move,"1271,1095"
26.696043968200684,mouse_move,"1271,1094"
27.257888793945312,mouse_move,"1271,1094"
27.26864767074585,mouse_move,"1271,1094"
27.272074460983276,mouse_move,"1271,1097"
27.277982473373413,mouse_move,"1271,1097"
27.286286115646362,mouse_move,"1272,1100"
27.292436361312866,mouse_move,"1274,1103"
27.300561666488647,mouse_move,"1275,1105"
27.30727791786194,mouse_move,"1276,1108"
27.31380271911621,mouse_move,"1277,1112"
27.320951223373413,mouse_move,"1278,1116"
27.327970504760742,mouse_move,"1279,1120"
27.335134983062744,mouse_move,"1279,1122"
27.342185020446777,mouse_move,"1279,1125"
27.350165843963623,mouse_move,"1280,1128"
27.356467485427856,mouse_move,"1281,1131"
27.364453077316284,mouse_move,"1282,1132"
27.371007442474365,mouse_move,"1282,1134"
27.378228425979614,mouse_move,"1282,1135"
27.38522696495056,mouse_move,"1282,1135"
27.395227909088135,key_press,'n'
27.897783041000366,key_press,'u'
28.131247997283936,key_press,'t'
28.26873207092285,key_press,Key.space
28.46847939491272,key_press,'i'
28.789023637771606,key_press,Key.space
29.184197187423706,key_press,'d'
29.805912256240845,key_press,'o'
29.992389678955078,key_press,'n'
30.21225070953369,key_press,'t'
30.34622025489807,key_press,Key.space
30.563887119293213,key_press,'h'
30.647226333618164,key_press,'a'
30.907167196273804,key_press,'v'
31.054412364959717,key_press,'e'
31.214060068130493,key_press,Key.space
33.288065910339355,key_press,Key.enter
39.33017015457153,mouse_move,"1281,1140"
39.33680295944214,mouse_move,"1276,1147"
39.344929695129395,mouse_move,"1272,1156"
39.35210609436035,mouse_move,"1269,1164"
39.35910606384277,mouse_move,"1265,1174"
39.36643695831299,mouse_move,"1258,1183"
39.37311267852783,mouse_move,"1254,1191"
39.380455493927,mouse_move,"1249,1201"
39.38730549812317,mouse_move,"1244,1208"
39.39447855949402,mouse_move,"1237,1209"
39.40256881713867,mouse_move,"1232,1208"
39.409013986587524,mouse_move,"1226,1208"
39.41642475128174,mouse_move,"1219,1208"
39.42613387107849,mouse_move,"1214,1208"
39.4303023815155,mouse_move,"1208,1207"
39.437610149383545,mouse_move,"1203,1206"
39.44416642189026,mouse_move,"1196,1209"
39.452253580093384,mouse_move,"1192,1206"
39.459638833999634,mouse_move,"1187,1206"
39.46663761138916,mouse_move,"1182,1207"
39.4726243019104,mouse_move,"1178,1209"
39.479713916778564,mouse_move,"1175,1207"
39.487715005874634,mouse_move,"1172,1208"
39.49502968788147,mouse_move,"1168,1208"
39.50105166435242,mouse_move,"1166,1207"
39.508187770843506,mouse_move,"1162,1208"
39.51624345779419,mouse_move,"1158,1207"
39.52351975440979,mouse_move,"1156,1207"
39.52923321723938,mouse_move,"1153,1208"
39.536903619766235,mouse_move,"1150,1207"
39.54410147666931,mouse_move,"1147,1207"
39.551820516586304,mouse_move,"1143,1207"
39.5587432384491,mouse_move,"1141,1206"
39.56579303741455,mouse_move,"1137,1205"
39.57293701171875,mouse_move,"1134,1206"
39.57958149909973,mouse_move,"1129,1205"
39.58662557601929,mouse_move,"1124,1205"
39.59408259391785,mouse_move,"1120,1204"
39.601781368255615,mouse_move,"1115,1205"
39.607874155044556,mouse_move,"1110,1203"
39.61565327644348,mouse_move,"1104,1205"
39.623135805130005,mouse_move,"1098,1203"
39.62938594818115,mouse_move,"1092,1204"
39.63737964630127,mouse_move,"1086,1203"
39.643656730651855,mouse_move,"1080,1203"
39.65165066719055,mouse_move,"1074,1204"
39.658244371414185,mouse_move,"1069,1202"
39.665764570236206,mouse_move,"1063,1203"
39.67276215553284,mouse_move,"1058,1202"
39.67922830581665,mouse_move,"1053,1201"
39.686792612075806,mouse_move,"1050,1202"
39.69410061836243,mouse_move,"1047,1200"
39.70092701911926,mouse_move,"1045,1200"
39.70817446708679,mouse_move,"1045,1200"
39.71476864814758,mouse_move,"1044,1199"
39.72221088409424,mouse_move,"1043,1199"
39.736109018325806,mouse_move,"1043,1200"
39.779141664505005,mouse_move,"1043,1199"
39.78676080703735,mouse_move,"1043,1201"
39.79367804527283,mouse_move,"1046,1200"
39.80087995529175,mouse_move,"1049,1201"
39.808141231536865,mouse_move,"1052,1201"
39.814881801605225,mouse_move,"1057,1204"
39.82204985618591,mouse_move,"1062,1203"
39.82788968086243,mouse_move,"1068,1204"
39.83533716201782,mouse_move,"1074,1205"
39.84217691421509,mouse_move,"1080,1205"
39.85007452964783,mouse_move,"1087,1206"
39.85709261894226,mouse_move,"1098,1207"
39.8644323348999,mouse_move,"1106,1207"
39.87177491188049,mouse_move,"1117,1208"
39.877845764160156,mouse_move,"1126,1209"
39.88615870475769,mouse_move,"1136,1206"
39.89268517494202,mouse_move,"1146,1206"
39.899996757507324,mouse_move,"1157,1207"
39.907509088516235,mouse_move,"1166,1206"
39.91353964805603,mouse_move,"1179,1207"
39.921393632888794,mouse_move,"1191,1206"
39.928637981414795,mouse_move,"1200,1204"
39.935582876205444,mouse_move,"1211,1204"
39.941455125808716,mouse_move,"1218,1202"
39.94905996322632,mouse_move,"1225,1201"
39.957374572753906,mouse_move,"1231,1202"
39.963531732559204,mouse_move,"1236,1199"
39.97169828414917,mouse_move,"1240,1199"
39.97793436050415,mouse_move,"1244,1199"
39.98602056503296,mouse_move,"1246,1197"
39.9933078289032,mouse_move,"1249,1195"
39.99986934661865,mouse_move,"1251,1193"
40.00709652900696,mouse_move,"1253,1190"
40.01407480239868,mouse_move,"1255,1187"
40.02113962173462,mouse_move,"1256,1182"
40.0277795791626,mouse_move,"1257,1174"
40.035635471343994,mouse_move,"1258,1163"
40.04269003868103,mouse_move,"1258,1152"
40.049760818481445,mouse_move,"1258,1140"
40.056880235672,mouse_move,"1258,1127"
40.063576221466064,mouse_move,"1258,1110"
40.07104849815369,mouse_move,"1258,1094"
40.077566623687744,mouse_move,"1258,1077"
40.085304737091064,mouse_move,"1258,1061"
40.09219837188721,mouse_move,"1257,1046"
40.098867654800415,mouse_move,"1257,1032"
40.10599207878113,mouse_move,"1255,1021"
40.113564014434814,mouse_move,"1255,1012"
40.12018394470215,mouse_move,"1254,1005"
40.12770128250122,mouse_move,"1254,1001"
40.134886741638184,mouse_move,"1254,999"
40.14230728149414,mouse_move,"1254,997"
40.148651361465454,mouse_move,"1254,996"
40.184022426605225,mouse_move,"1253,996"
40.19219183921814,mouse_move,"1252,997"
40.19854688644409,mouse_move,"1250,999"
40.20699691772461,mouse_move,"1247,1002"
40.212393283843994,mouse_move,"1246,1004"
40.220407009124756,mouse_move,"1244,1010"
40.22800397872925,mouse_move,"1241,1014"
40.23493957519531,mouse_move,"1240,1019"
40.24216389656067,mouse_move,"1237,1027"
40.248387575149536,mouse_move,"1235,1032"
40.25554370880127,mouse_move,"1234,1038"
40.2625994682312,mouse_move,"1232,1043"
40.26999354362488,mouse_move,"1229,1051"
40.276989459991455,mouse_move,"1228,1056"
40.283989906311035,mouse_move,"1226,1060"
40.291460037231445,mouse_move,"1225,1063"
40.29850101470947,mouse_move,"1224,1067"
40.32581806182861,mouse_move,"1222,1072"
40.327335357666016,mouse_move,"1221,1074"
40.33441758155823,mouse_move,"1220,1074"
40.341416358947754,mouse_move,"1220,1075"
40.348416566848755,mouse_move,"1220,1076"
40.3558349609375,mouse_move,"1220,1077"
40.362834453582764,mouse_move,"1219,1078"
40.36983633041382,mouse_move,"1218,1079"
40.38405084609985,mouse_move,"1218,1079"
40.39122247695923,mouse_move,"1217,1079"
40.71994137763977,mouse_move,"1216,1080"
40.72521162033081,mouse_move,"1214,1081"
40.73265361785889,mouse_move,"1213,1082"
40.73956823348999,mouse_move,"1212,1082"
40.746734619140625,mouse_move,"1210,1083"
40.75507187843323,mouse_move,"1209,1084"
40.76071000099182,mouse_move,"1209,1084"
40.76808953285217,mouse_move,"1208,1085"
40.774636030197144,mouse_move,"1207,1085"
40.78246831893921,mouse_move,"1207,1085"
40.78947591781616,mouse_move,"1207,1085"
40.81824994087219,mouse_move,"1206,1085"
40.85317587852478,mouse_move,"1205,1085"
40.86041593551636,mouse_move,"1204,1085"
40.867696046829224,mouse_move,"1202,1085"
40.87513041496277,mouse_move,"1200,1085"
40.881837129592896,mouse_move,"1199,1085"
40.88888239860535,mouse_move,"1197,1086"
40.896077156066895,mouse_move,"1196,1086"
40.903658866882324,mouse_move,"1194,1086"
40.91101932525635,mouse_move,"1191,1086"
40.91817235946655,mouse_move,"1189,1086"
40.92473030090332,mouse_move,"1186,1086"
40.931302547454834,mouse_move,"1182,1086"
40.939542293548584,mouse_move,"1179,1086"
40.94578528404236,mouse_move,"1176,1086"
40.95307636260986,mouse_move,"1172,1086"
40.959800720214844,mouse_move,"1168,1086"
40.967835664749146,mouse_move,"1164,1086"
40.974332332611084,mouse_move,"1159,1086"
40.98089289665222,mouse_move,"1156,1086"
40.98916530609131,mouse_move,"1151,1086"
40.99616312980652,mouse_move,"1145,1086"
41.00338959693909,mouse_move,"1140,1086"
41.00985860824585,mouse_move,"1136,1086"
41.01788544654846,mouse_move,"1133,1086"
41.02446246147156,mouse_move,"1130,1086"
41.03041100502014,mouse_move,"1125,1086"
41.03894066810608,mouse_move,"1118,1086"
41.04582381248474,mouse_move,"1113,1086"
41.05275058746338,mouse_move,"1109,1086"
41.05953621864319,mouse_move,"1106,1086"
41.06647205352783,mouse_move,"1103,1086"
41.07454299926758,mouse_move,"1100,1086"
41.081201791763306,mouse_move,"1098,1086"
41.08794856071472,mouse_move,"1096,1086"
41.09613084793091,mouse_move,"1094,1086"
41.10239934921265,mouse_move,"1093,1086"
41.110203981399536,mouse_move,"1092,1086"
41.11646246910095,mouse_move,"1091,1086"
41.124730587005615,mouse_move,"1090,1086"
41.13084936141968,mouse_move,"1084,1084"
43.35537314414978,key_press,Key.enter
45.495522260665894,key_press,Key.ctrl_l
45.996482372283936,key_press,Key.ctrl_l
46.01011085510254,key_press,'\x03'
3.3154807090759277,mouse_move,"1431,1082"
3.329730749130249,mouse_move,"1431,1082"
3.3435583114624023,mouse_move,"1432,1082"
3.350170373916626,mouse_move,"1433,1083"
3.3789420127868652,mouse_move,"1434,1083"
3.508587598800659,mouse_move,"1434,1083"
3.5226097106933594,mouse_move,"1434,1083"
3.544265031814575,mouse_move,"1433,1084"
3.5656418800354004,mouse_move,"1432,1084"
3.5869288444519043,mouse_move,"1432,1084"
3.615180253982544,mouse_move,"1431,1084"
3.7429654598236084,mouse_move,"1430,1084"
3.7865989208221436,mouse_move,"1430,1084"
3.8431150913238525,mouse_move,"1429,1084"
3.8938071727752686,mouse_move,"1428,1084"
4.121855974197388,mouse_move,"1427,1084"
4.155446767807007,mouse_move,"1427,1084"
4.184007406234741,mouse_move,"1427,1084"
4.190641403198242,mouse_move,"1427,1084"
11.164350986480713,key_press,Key.caps_lock
11.592919826507568,key_press,Key.caps_lock
12.279612302780151,key_press,Key.caps_lock
12.570577621459961,key_press,Key.caps_lock
14.240431308746338,mouse_move,"1427,1084"
14.24621295928955,mouse_move,"1426,1084"
14.254743337631226,mouse_move,"1425,1084"
14.259110927581787,mouse_move,"1424,1084"
14.267738103866577,mouse_move,"1423,1083"
14.273245573043823,mouse_move,"1423,1082"
14.288216590881348,mouse_move,"1423,1081"
14.295345306396484,mouse_move,"1423,1080"
14.302794456481934,mouse_move,"1423,1079"
14.310102701187134,mouse_move,"1423,1079"
14.317183494567871,mouse_move,"1423,1078"
14.323638439178467,mouse_move,"1424,1077"
14.331021308898926,mouse_move,"1425,1076"
14.338078260421753,mouse_move,"1425,1075"
14.346240282058716,mouse_move,"1426,1074"
14.353322744369507,mouse_move,"1427,1073"
14.36680793762207,mouse_move,"1427,1072"
14.374412298202515,mouse_move,"1429,1071"
14.381311416625977,mouse_move,"1429,1070"
14.388747692108154,mouse_move,"1429,1070"
14.39590334892273,mouse_move,"1429,1069"
14.402604341506958,mouse_move,"1429,1068"
14.410935163497925,mouse_move,"1429,1068"
14.424803495407104,mouse_move,"1429,1067"
14.434320449829102,mouse_move,"1429,1066"
14.43898892402649,mouse_move,"1428,1065"
14.446183919906616,mouse_move,"1425,1064"
14.453287124633789,mouse_move,"1421,1062"
14.460728406906128,mouse_move,"1419,1061"
14.4675133228302,mouse_move,"1416,1060"
14.474848985671997,mouse_move,"1415,1059"
14.482091426849365,mouse_move,"1414,1058"
14.495417356491089,mouse_move,"1414,1058"
14.503214836120605,mouse_move,"1415,1058"
14.50979495048523,mouse_move,"1416,1057"
14.517839193344116,mouse_move,"1418,1057"
14.524569034576416,mouse_move,"1419,1057"
14.53108024597168,mouse_move,"1419,1056"
14.53823184967041,mouse_move,"1421,1056"
14.553534746170044,mouse_move,"1422,1056"
14.56779408454895,mouse_move,"1422,1056"
14.574392557144165,mouse_move,"1423,1056"
14.589351892471313,mouse_move,"1424,1056"
14.595719814300537,mouse_move,"1424,1056"
14.610227584838867,mouse_move,"1425,1056"
14.616808891296387,mouse_move,"1426,1056"
14.624848365783691,mouse_move,"1427,1056"
14.630791187286377,mouse_move,"1428,1056"
14.63830852508545,mouse_move,"1429,1057"
14.645687341690063,mouse_move,"1430,1058"
14.653505802154541,mouse_move,"1431,1058"
14.660561561584473,mouse_move,"1431,1059"
14.666695833206177,mouse_move,"1432,1060"
14.674681663513184,mouse_move,"1433,1060"
14.68086576461792,mouse_move,"1433,1060"
14.688252449035645,mouse_move,"1433,1061"
14.695364475250244,mouse_move,"1434,1062"
14.710189580917358,mouse_move,"1435,1063"
14.724141359329224,mouse_move,"1436,1064"
14.730523824691772,mouse_move,"1436,1065"
14.737709522247314,mouse_move,"1436,1066"
14.751826047897339,mouse_move,"1436,1066"
14.759199380874634,mouse_move,"1437,1066"
14.766944169998169,mouse_move,"1437,1067"
14.774350643157959,mouse_move,"1438,1068"
14.80262279510498,mouse_move,"1438,1068"
14.809532165527344,mouse_move,"1438,1069"
14.817307233810425,mouse_move,"1438,1070"
14.823312282562256,mouse_move,"1438,1071"
14.850029468536377,mouse_move,"1438,1071"
14.87265133857727,mouse_move,"1438,1072"
14.888219356536865,mouse_move,"1438,1073"
14.895076751708984,mouse_move,"1438,1073"
14.901443243026733,mouse_move,"1438,1074"
14.909494161605835,mouse_move,"1438,1075"
14.915990829467773,mouse_move,"1437,1075"
14.9380464553833,mouse_move,"1437,1076"
14.958801984786987,mouse_move,"1437,1077"
15.001563549041748,mouse_move,"1437,1078"
15.022870302200317,mouse_move,"1437,1078"
15.036869287490845,mouse_move,"1437,1079"
15.04502272605896,mouse_move,"1437,1080"
15.051948070526123,mouse_move,"1436,1080"
15.058984756469727,mouse_move,"1436,1080"
15.064760208129883,mouse_move,"1435,1081"
15.080152750015259,mouse_move,"1434,1081"
15.08674669265747,mouse_move,"1434,1082"
15.09379243850708,mouse_move,"1434,1082"
15.100342035293579,mouse_move,"1433,1083"
15.159313678741455,mouse_move,"1433,1083"
15.173290014266968,mouse_move,"1432,1084"
15.178837060928345,mouse_move,"1432,1085"
15.1935453414917,mouse_move,"1432,1085"
15.207228899002075,mouse_move,"1432,1086"
15.229220628738403,mouse_move,"1432,1087"
15.236371517181396,mouse_move,"1432,1088"
15.243682384490967,mouse_move,"1432,1088"
15.250065803527832,mouse_move,"1432,1088"
15.27185320854187,mouse_move,"1433,1088"
15.287700176239014,mouse_move,"1433,1089"
15.293148756027222,mouse_move,"1434,1089"
15.307766199111938,mouse_move,"1434,1090"
15.314113855361938,mouse_move,"1435,1090"
15.3189377784729,key_press,'a'
15.564681053161621,key_press,'b'
15.820133447647095,key_press,'h'
16.096246004104614,key_press,'i'
16.335543870925903,key_press,'r'
16.557631969451904,key_press,'a'
16.94209337234497,key_press,'m'
17.1775541305542,key_press,'a'
17.494362354278564,key_press,'b'
17.736000061035156,key_press,'h'
17.985072374343872,key_press,'i'
18.22934651374817,key_press,'r'
18.471121788024902,key_press,'a'
18.828095197677612,key_press,'m'
19.450971603393555,key_press,Key.space
19.691949129104614,key_press,'a'
19.92469358444214,key_press,'b'
20.157149076461792,key_press,'h'
20.267862796783447,key_press,'i'
20.484134912490845,key_press,'r'
20.597639560699463,key_press,'a'
20.79095220565796,key_press,'m'
21.022307634353638,key_press,Key.space
22.06920576095581,key_press,Key.ctrl_l
22.33970284461975,key_press,'\x03'
5.7398834228515625,mouse_move,"1279,1076"
5.746988296508789,mouse_move,"1279,1077"
5.754042863845825,mouse_move,"1280,1077"
5.761075973510742,mouse_move,"1281,1078"
5.767954587936401,mouse_move,"1282,1078"
5.775064945220947,mouse_move,"1283,1079"
5.782099962234497,mouse_move,"1285,1080"
5.789100646972656,mouse_move,"1288,1082"
5.796393871307373,mouse_move,"1290,1082"
5.803912878036499,mouse_move,"1292,1083"
5.810999631881714,mouse_move,"1293,1083"
5.817998647689819,mouse_move,"1293,1084"
5.825418949127197,mouse_move,"1294,1084"
5.8399341106414795,mouse_move,"1294,1084"
5.847034215927124,mouse_move,"1294,1085"
5.85407018661499,mouse_move,"1293,1085"
5.861105680465698,mouse_move,"1292,1085"
5.868156909942627,mouse_move,"1291,1086"
5.87567400932312,mouse_move,"1288,1086"
5.8828301429748535,mouse_move,"1287,1086"
5.889830589294434,mouse_move,"1286,1086"
5.897138833999634,mouse_move,"1285,1086"
5.960589170455933,mouse_move,"1285,1086"
5.9674224853515625,mouse_move,"1286,1086"
5.988296031951904,mouse_move,"1287,1086"
6.003536939620972,mouse_move,"1288,1086"
6.024986267089844,mouse_move,"1288,1087"
6.031969785690308,mouse_move,"1289,1087"
6.045647859573364,mouse_move,"1289,1087"
6.052676439285278,mouse_move,"1289,1088"
6.088662385940552,mouse_move,"1290,1088"
6.138622045516968,mouse_move,"1291,1088"
6.159651756286621,mouse_move,"1291,1089"
6.174555540084839,mouse_move,"1292,1090"
6.180878400802612,mouse_move,"1293,1090"
6.188796043395996,mouse_move,"1294,1091"
6.202231168746948,mouse_move,"1294,1091"
6.209956645965576,mouse_move,"1294,1092"
6.224089622497559,mouse_move,"1295,1092"
6.238377809524536,mouse_move,"1295,1093"
6.2525410652160645,mouse_move,"1295,1093"
6.274184465408325,mouse_move,"1295,1094"
6.2811949253082275,mouse_move,"1295,1095"
6.294622421264648,mouse_move,"1295,1096"
6.301671028137207,mouse_move,"1295,1096"
6.309545040130615,mouse_move,"1295,1096"
6.3236846923828125,mouse_move,"1295,1097"
6.3306989669799805,mouse_move,"1295,1098"
6.359390020370483,mouse_move,"1296,1098"
6.366410732269287,mouse_move,"1296,1098"
6.380587100982666,mouse_move,"1296,1099"
6.387784957885742,mouse_move,"1297,1099"
6.394822359085083,mouse_move,"1298,1099"
6.408727169036865,mouse_move,"1299,1099"
6.422784328460693,mouse_move,"1299,1099"
6.480921030044556,mouse_move,"1299,1099"
6.4947710037231445,mouse_move,"1299,1099"
6.508026123046875,mouse_move,"1299,1098"
6.5155394077301025,mouse_move,"1299,1097"
6.522567272186279,mouse_move,"1299,1097"
6.530163049697876,mouse_move,"1299,1096"
6.537169456481934,mouse_move,"1299,1095"
6.543677568435669,mouse_move,"1299,1094"
6.55150580406189,mouse_move,"1299,1092"
6.558103084564209,mouse_move,"1299,1090"
6.5656163692474365,mouse_move,"1299,1089"
8.789663791656494,key_press,'h'
8.880608081817627,key_press,'i'
9.04609203338623,key_press,'g'
9.085062742233276,key_press,'h'
9.19774055480957,key_press,'g'
9.370028495788574,key_press,Key.space
11.194750547409058,key_press,'t'
11.374540090560913,key_press,'i'
11.826485872268677,key_press,'m'
11.920653104782104,key_press,'e'
11.941343784332275,key_press,'r'
12.067829370498657,key_press,Key.space
13.273325204849243,key_press,'i'
13.458680868148804,key_press,'s'
13.630098104476929,key_press,Key.space
14.925081014633179,key_press,'n'
15.110102891921997,key_press,'e'
15.854398250579834,key_press,Key.space
16.416854858398438,key_press,'a'
16.632533311843872,key_press,Key.space
17.24013066291809,mouse_move,"1298,1089"
17.24719214439392,mouse_move,"1297,1089"
17.26091432571411,mouse_move,"1297,1089"
17.29644465446472,mouse_move,"1296,1089"
17.317464113235474,mouse_move,"1295,1089"
17.331992387771606,mouse_move,"1294,1089"
17.338987827301025,mouse_move,"1294,1089"
17.347043991088867,mouse_move,"1293,1089"
17.35455298423767,mouse_move,"1293,1089"
17.36757206916809,mouse_move,"1292,1089"
17.375089645385742,mouse_move,"1292,1090"
17.38259983062744,mouse_move,"1292,1091"
17.397114753723145,mouse_move,"1292,1092"
17.41112756729126,mouse_move,"1292,1094"
17.41812777519226,mouse_move,"1293,1094"
17.425476789474487,mouse_move,"1293,1094"
17.431984901428223,mouse_move,"1294,1094"
17.43998646736145,mouse_move,"1295,1095"
17.446504592895508,mouse_move,"1296,1096"
17.475197315216064,mouse_move,"1296,1097"
17.48224115371704,key_press,'s'
17.491822719573975,key_press,'d'
17.52646255493164,key_press,'d'
17.60151171684265,key_press,'f'
17.7333025932312,key_press,'d'
17.74728560447693,key_press,'s'
17.75831890106201,key_press,'k'
17.767563819885254,key_press,'l'
17.837907075881958,key_press,'f'
17.872318506240845,key_press,'j'
17.932854413986206,key_press,'s'
17.953239679336548,key_press,'d'
17.97355079650879,key_press,'k'
18.038495302200317,key_press,'f'
18.220215559005737,key_press,Key.space
18.439987182617188,key_press,'s'
18.54129457473755,key_press,'f'
18.776923179626465,key_press,'d'
18.892184734344482,key_press,'f'
18.942954778671265,key_press,'h'
19.005249738693237,key_press,'s'
19.10849165916443,key_press,'f'
19.340031147003174,key_press,'f'
19.36505651473999,key_press,'j'
19.560097694396973,key_press,'n'
19.675973415374756,key_press,'e'
19.692031860351562,key_press,'w'
19.791414976119995,key_press,'r'
19.857664346694946,key_press,'h'
19.908222675323486,key_press,'e'
20.15343713760376,key_press,'v'
20.178661584854126,key_press,'i'
20.234264612197876,key_press,'s'
20.480148553848267,key_press,'j'
20.5149245262146,key_press,'s'
20.584953784942627,key_press,'j'
20.622742414474487,key_press,'f'
20.731651544570923,key_press,'s'
20.78527545928955,key_press,'b'
20.80109405517578,key_press,'g'
20.922549962997437,key_press,'g'
21.02736759185791,key_press,'r'
21.08229422569275,key_press,'k'
21.117553234100342,key_press,'g'
21.15229296684265,key_press,'g'
21.21840500831604,key_press,'e'
21.31430459022522,key_press,'f'
21.343196630477905,key_press,'j'
21.394025802612305,key_press,'s'
21.404052257537842,key_press,'l'
21.414936065673828,key_press,'d'
21.76876187324524,key_press,'v'
21.78016233444214,key_press,'i'
22.087580919265747,key_press,'n'
22.111506938934326,key_press,'v'
22.131842374801636,key_press,'s'
22.28352379798889,key_press,'s'
22.293267488479614,key_press,'d'
22.423463106155396,key_press,'f'
22.433687925338745,key_press,'k'
22.766170978546143,key_press,'e'
22.80630660057068,key_press,'o'
22.815333366394043,key_press,'p'
23.03250527381897,key_press,'j'
23.091647386550903,key_press,'f'
23.240312337875366,key_press,'n'
23.30813980102539,key_press,'r'
23.37405228614807,key_press,'r'
23.480330228805542,key_press,'g'
23.55592107772827,key_press,'h'
23.621395587921143,key_press,'i'
23.772037744522095,key_press,'c'
23.872740507125854,key_press,'n'
23.997960329055786,key_press,'v'
24.05789566040039,key_press,Key.space
24.406278133392334,key_press,'n'
24.45456051826477,key_press,'v'
24.510648012161255,key_press,'s'
24.581213235855103,key_press,'i'
24.625465869903564,key_press,'f'
24.645187616348267,key_press,'j'
25.002310276031494,key_press,Key.backspace
25.151243209838867,key_press,Key.backspace
25.30324363708496,key_press,Key.backspace
25.42936134338379,key_press,Key.backspace
25.76134490966797,key_press,Key.backspace
25.901426792144775,key_press,Key.backspace
26.158382177352905,key_press,'f'
26.168628692626953,key_press,'j'
26.3192400932312,key_press,'i'
26.369012117385864,key_press,'d'
26.500244140625,key_press,'v'
26.624492645263672,key_press,'n'
26.860836505889893,key_press,'o'
26.9307279586792,key_press,'d'
27.00160026550293,key_press,'f'
27.0577654838562,key_press,'j'
27.12752628326416,key_press,'s'
27.13654398918152,key_press,'d'
27.22867751121521,key_press,Key.space
27.237672567367554,key_press,'f'
27.50031590461731,key_press,Key.space
27.819336891174316,key_press,Key.backspace
27.993722915649414,key_press,Key.backspace
28.140398740768433,key_press,Key.backspace
28.29053497314453,key_press,Key.backspace
28.550429582595825,key_press,'h'
28.601378202438354,key_press,'v'
28.711693048477173,key_press,'i'
29.047648429870605,key_press,'d'
29.082427978515625,key_press,'j'
29.20850372314453,key_press,'b'
29.26959490776062,key_press,'g'
29.324065685272217,key_press,'o'
29.33365488052368,key_press,'a'
29.34416627883911,key_press,'u'
29.3662691116333,key_press,'r'
29.67133069038391,key_press,'e'
29.882204294204712,key_press,'r'
30.006994247436523,key_press,'e'
30.01727318763733,key_press,'a'
30.02729558944702,key_press,'s'
30.14246392250061,key_press,'p'
30.335170030593872,key_press,'s'
30.343677282333374,key_press,'r'
30.399319648742676,key_press,'k'
30.438647508621216,key_press,'g'
30.68033003807068,key_press,'b'
30.811168432235718,key_press,'n'
30.88047194480896,key_press,'b'
31.04784107208252,key_press,'i'
31.09171414375305,key_press,'a'
31.147045135498047,key_press,'f'
31.157761335372925,key_press,'d'
31.292723417282104,key_press,'g'
31.328216075897217,key_press,'j'
31.393102884292603,key_press,'d'
31.408129930496216,key_press,'s'
31.56893563270569,key_press,'v'
31.57926034927368,key_press,'n'
31.79243540763855,key_press,'d'
31.805442810058594,key_press,'s'
31.922106504440308,key_press,'v'
31.971745014190674,key_press,'j'
32.08640384674072,key_press,'s'
32.09694957733154,key_press,'d'
32.151692628860474,key_press,'i'
32.18446469306946,key_press,'j'
32.24756979942322,key_press,'f'
32.50266695022583,key_press,'g'
32.52774143218994,key_press,'j'
32.785109996795654,key_press,'g'
32.791916608810425,key_press,'o'
32.810561656951904,key_press,'h'
32.82033324241638,key_press,'i'
33.03030872344971,key_press,'j'
33.1270477771759,key_press,'e'
33.29173755645752,key_press,'r'
33.32192397117615,key_press,'k'
33.54242515563965,key_press,'d'
33.583269357681274,key_press,'l'
33.83056354522705,key_press,'n'
34.0414137840271,key_press,'b'
34.09588694572449,key_press,'n'
34.3773455619812,key_press,'c'
34.64884328842163,key_press,'m'
34.907636642456055,key_press,'j'
35.082602739334106,key_press,'f'
35.30175423622131,key_press,'b'
35.40899348258972,key_press,'g'
35.585493326187134,key_press,'p'
35.80665874481201,key_press,'a'
35.93853235244751,key_press,'j'
35.958921670913696,key_press,'s'
35.97898268699646,key_press,'d'
36.1387779712677,key_press,'g'
36.27128005027771,key_press,'n'
36.52655386924744,key_press,'n'
36.747742652893066,key_press,'f'
36.77241325378418,key_press,'f'
36.78292942047119,key_press,'k'
36.81049680709839,key_press,'k'
36.992999792099,key_press,'j'
37.07365107536316,key_press,'g'
37.291311264038086,key_press,'f'
37.31357789039612,key_press,'i'
37.577428340911865,key_press,'u'
37.59067630767822,key_press,'g'
37.79835224151611,key_press,'s'
37.82250189781189,key_press,'k'
38.05605387687683,key_press,'j'
38.09645652770996,key_press,'e'
38.450467586517334,key_press,'r'
38.48478293418884,key_press,'n'
38.78169298171997,key_press,'j'
38.87253665924072,key_press,'f'
39.0230028629303,key_press,'j'
39.066882371902466,key_press,'v'
39.25337266921997,key_press,'f'
39.26388764381409,key_press,'d'
39.29795479774475,key_press,'i'
39.31152892112732,key_press,'d'
39.33934664726257,key_press,'d'
39.48967003822327,key_press,'b'
39.580411195755005,key_press,'f'
39.58985257148743,key_press,'j'
39.59986758232117,key_press,'d'
39.71545124053955,key_press,'g'
39.79652428627014,key_press,'g'
39.8244686126709,key_press,'o'
39.83403944969177,key_press,'s'
40.056514739990234,key_press,'i'
40.09195017814636,key_press,'k'
40.107468605041504,key_press,'e'
40.11720037460327,key_press,'w'
40.20770335197449,key_press,'r'
40.46908926963806,key_press,'a'
40.49952793121338,key_press,'n'
40.58916258811951,key_press,'s'
40.62446093559265,key_press,'d'
40.72643971443176,key_press,'k'
40.79058241844177,key_press,'f'
40.992292165756226,key_press,'d'
41.00733757019043,key_press,'s'
41.17197299003601,key_press,'f'
41.18191719055176,key_press,'j'
41.423603534698486,key_press,'o'
41.83041572570801,key_press,Key.space
42.07895565032959,key_press,'k'
42.11382532119751,key_press,'j'
42.18469595909119,key_press,'v'
42.23947858810425,key_press,'i'
42.263946294784546,key_press,'s'
42.37350344657898,key_press,'v'
42.475823402404785,key_press,'s'
42.60065984725952,key_press,'k'
42.66586351394653,key_press,'n'
42.8880398273468,key_press,Key.space
43.188153982162476,key_press,Key.backspace
43.36718392372131,key_press,Key.backspace
43.50068640708923,key_press,Key.backspace
43.62547969818115,key_press,Key.backspace
43.76099443435669,key_press,'f'
43.86748719215393,key_press,'g'
43.8866446018219,key_press,'n'
44.03856825828552,key_press,'s'
44.047077655792236,key_press,'k'
44.16507172584534,key_press,'g'
44.1993408203125,key_press,'j'
44.27556610107422,key_press,'i'
44.30672812461853,key_press,'s'
44.41621661186218,key_press,'j'
44.472572326660156,key_press,'v'
44.557976722717285,key_press,'f'
44.6686053276062,key_press,'k'
44.843751192092896,key_press,'s'
45.060970306396484,key_press,Key.space
45.58243203163147,key_press,'j'
45.70689630508423,key_press,'k'
45.7175030708313,key_press,'l'
45.75794458389282,key_press,'l'
45.90457010269165,key_press,'j'
45.99346971511841,key_press,'s'
46.02359485626221,key_press,'k'
46.109683990478516,key_press,'g'
46.23043179512024,key_press,'e'
46.24069595336914,key_press,'5'
46.36052846908569,key_press,'t'
46.46681833267212,key_press,Key.space
46.48574662208557,key_press,'e'
46.78721237182617,key_press,Key.backspace
46.918445348739624,key_press,Key.backspace
47.04799723625183,key_press,Key.backspace
47.18837356567383,key_press,'s'
47.197376012802124,key_press,'f'
47.27671480178833,key_press,'g'
47.432833433151245,key_press,'j'
47.49767017364502,key_press,'v'
47.569011211395264,key_press,'n'
47.61918354034424,key_press,'s'
47.71906805038452,key_press,'i'
47.779528856277466,key_press,'v'
47.999531269073486,key_press,Key.backspace
48.12202763557434,key_press,Key.backspace
48.2356972694397,key_press,Key.backspace
48.38508701324463,key_press,'v'
48.522216796875,key_press,'d'
48.55235314369202,key_press,'k'
48.563172340393066,key_press,'f'
48.572744369506836,key_press,'j'
48.70880722999573,key_press,'b'
48.75410318374634,key_press,'f'
48.76313281059265,key_press,'d'
48.85415029525757,key_press,'v'
48.864537715911865,key_press,'h'
49.0101203918457,key_press,'n'
49.056631565093994,key_press,'f'
49.09075355529785,key_press,'i'
49.276713848114014,key_press,'n'
49.29600429534912,key_press,'g'
49.36706042289734,key_press,'a'
49.40085291862488,key_press,'e'
49.40688157081604,key_press,'r'
49.54414200782776,key_press,'m'
49.709144592285156,key_press,'f'
49.71825861930847,key_press,'i'
49.75316071510315,key_press,'f'
49.97101187705994,key_press,Key.backspace
50.10100793838501,key_press,Key.backspace
50.20792627334595,key_press,Key.backspace
50.40903306007385,key_press,'d'
50.41919136047363,key_press,'f'
50.45873427391052,key_press,Key.space
50.494070291519165,key_press,'v'
50.50903511047363,key_press,'j'
50.518943548202515,key_press,'k'
50.64579439163208,key_press,'s'
50.75117516517639,key_press,'n'
50.86690711975098,key_press,'i'
50.930843353271484,key_press,'n'
50.96083116531372,key_press,'g'
51.153220415115356,key_press,'g'
51.1936821937561,key_press,'k'
51.25916886329651,key_press,'s'
51.33433222770691,key_press,'n'
51.4551055431366,key_press,'s'
51.463513135910034,key_press,'i'
51.47364783287048,key_press,'a'
51.48453235626221,key_press,'d'
51.68982768058777,key_press,Key.space
51.86578011512756,key_press,'s'
51.915738582611084,key_press,'i'
51.97186613082886,key_press,'j'
52.09842276573181,key_press,'n'
52.10633134841919,key_press,'s'
52.11594200134277,key_press,'d'
52.28243803977966,key_press,'v'
52.35253667831421,key_press,'i'
52.380730628967285,key_press,'f'
52.48783206939697,key_press,'v'
52.4992139339447,key_press,'n'
52.603795289993286,key_press,'s'
52.61324763298035,key_press,'d'
52.689067363739014,key_press,Key.space
52.84088730812073,key_press,'s'
52.849953413009644,key_press,'d'
52.91942119598389,key_press,'i'
52.925719022750854,key_press,'o'
53.071401834487915,key_press,'a'
53.09205770492554,key_press,'n'
53.17614483833313,key_press,Key.space
53.19647669792175,key_press,'v'
53.287222385406494,key_press,'j'
53.405237913131714,key_press,'v'
53.41215491294861,key_press,Key.space
53.62350249290466,key_press,'v'
53.76266694068909,key_press,Key.space
53.809932708740234,key_press,'f'
53.816575050354004,key_press,'j'
53.924546241760254,key_press,'v'
53.9269118309021,key_press,Key.space
54.05321025848389,key_press,'f'
54.06267833709717,key_press,'o'
54.07276678085327,key_press,'d'
54.21419405937195,key_press,'v'
54.27346229553223,key_press,Key.space
54.374804973602295,key_press,'s'
54.38455581665039,key_press,'f'
54.39455556869507,key_press,'n'
54.47024154663086,key_press,'v'
54.564881801605225,key_press,'j'
54.585084199905396,key_press,'s'
54.62485933303833,key_press,'f'
54.71154308319092,key_press,Key.space
54.74056625366211,key_press,'v'
54.852811336517334,key_press,'a'
54.90719747543335,key_press,'s'
54.916983127593994,key_press,'j'
54.92229390144348,key_press,'d'
54.989094734191895,key_press,Key.space
54.999186754226685,key_press,'v'
55.109668493270874,key_press,'d'
55.1505811214447,key_press,'d'
55.16028618812561,key_press,'f'
55.25529193878174,key_press,'v'
55.35145974159241,key_press,'u'
55.36702036857605,key_press,'f'
55.432249546051025,key_press,'j'
55.491304874420166,key_press,'v'
55.55682063102722,key_press,'a'
55.582324504852295,key_press,'j'
55.608075857162476,key_press,'s'
55.707417011260986,key_press,'f'
55.84523558616638,key_press,'f'
55.85559415817261,key_press,'j'
55.86518931388855,key_press,'d'
55.95680904388428,key_press,'v'
56.06224465370178,key_press,'f'
56.098732233047485,key_press,'f'
56.14214754104614,key_press,'g'
56.15235710144043,key_press,'j'
56.17287611961365,key_press,Key.space
56.31382155418396,key_press,'j'
56.324331760406494,key_press,'e'
56.332860708236694,key_press,'r'
56.342350006103516,key_press,'k'
56.398409843444824,key_press,Key.space
56.419328451156616,key_press,'g'
56.52712607383728,key_press,'s'
56.534305572509766,key_press,'a'
56.54357862472534,key_press,'j'
56.63715696334839,key_press,'g'
56.68377351760864,key_press,Key.space
56.723352670669556,key_press,'s'
56.73762893676758,key_press,'a'
56.832170248031616,key_press,'k'
56.85718607902527,key_press,'j'
56.867692708969116,key_press,'g'
56.91778349876404,key_press,Key.space
56.95327830314636,key_press,'a'
57.031152963638306,key_press,'d'
57.54591107368469,key_press,Key.ctrl_l
57.73276615142822,key_press,'\x03'
1.5168800354003906,key_press,'a'
2.199028253555298,key_press,'b'
2.363145112991333,key_press,'h'
2.4586009979248047,key_press,'i'
2.6536200046539307,key_press,'r'
2.8016602993011475,key_press,'a'
2.9026436805725098,key_press,'m'
3.058866500854492,key_press,Key.space
3.2171196937561035,key_press,'i'
3.328504800796509,key_press,'s'
3.459305763244629,key_press,Key.space
3.6104073524475098,key_press,'a'
4.209065914154053,key_press,Key.space
5.193068265914917,key_press,'f'
5.613492250442505,key_press,Key.backspace
6.149835109710693,key_press,'g'
6.300173997879028,key_press,'g'
6.450200319290161,key_press,'o'
6.611464262008667,key_press,'o'
7.083437204360962,key_press,'d'
7.29413104057312,key_press,Key.space
7.602713108062744,key_press,'b'
7.7720465660095215,key_press,'i'
8.123488426208496,key_press,'y'
8.282955169677734,key_press,Key.space
8.368897914886475,key_press,'a'
8.50529170036316,key_press,'n'
8.617201805114746,key_press,'d'
8.760372877120972,key_press,Key.space
9.563498973846436,key_press,'h'
9.886651039123535,key_press,'i'
10.754050731658936,key_press,Key.backspace
11.010505676269531,key_press,'e'
11.178714275360107,key_press,Key.space
11.361919403076172,key_press,'i'
11.465883493423462,key_press,'s'
11.625056505203247,key_press,Key.space
11.977864503860474,key_press,'a'
12.185832262039185,key_press,Key.space
13.292658567428589,key_press,'i'
13.473761081695557,key_press,'n'
13.609031438827515,key_press,'n'
14.209338665008545,key_press,'o'
14.344487190246582,key_press,'c'
14.574970483779907,key_press,'e'
14.718340873718262,key_press,'n'
14.852581262588501,key_press,'t'
15.005457401275635,key_press,Key.space
15.458829641342163,key_press,'n'
15.570856094360352,key_press,'a'
15.708744287490845,key_press,'m'
16.172512769699097,key_press,'e'
16.42364740371704,key_press,Key.space
16.976707696914673,key_press,'a'
17.167144298553467,key_press,'n'
17.355191230773926,key_press,'d'
17.523986339569092,key_press,Key.space
18.289320707321167,key_press,'p'
18.6429500579834,key_press,'e'
18.843130350112915,key_press,'o'
18.949021577835083,key_press,'p'
19.21019458770752,key_press,'l'
19.442461490631104,key_press,'e'
19.58206605911255,key_press,Key.space
19.856493949890137,key_press,'l'
20.06315851211548,key_press,'i'
20.23741102218628,key_press,'k'
20.463889360427856,key_press,'e'
20.618208646774292,key_press,Key.space
21.118797302246094,key_press,'h'
21.28012442588806,key_press,'i'
21.50021004676819,key_press,'m'
21.72622799873352,key_press,Key.space
21.90286374092102,key_press,'s'
22.239632606506348,key_press,'o'
22.432042360305786,key_press,Key.space
22.609166383743286,key_press,'m'
22.82394313812256,key_press,'u'
23.41597867012024,key_press,'c'
23.53522777557373,key_press,'h'
23.708404064178467,key_press,Key.space
26.093852996826172,key_press,'a'
26.266406774520874,key_press,'n'
26.39367961883545,key_press,'d'
26.561023950576782,key_press,Key.space
27.5742449760437,key_press,'h'
27.86510181427002,key_press,'e'
28.165732383728027,key_press,Key.space
28.49140763282776,key_press,'l'
28.69653344154358,key_press,'o'
28.912132024765015,key_press,'v'
29.068572282791138,key_press,'e'
29.314544200897217,key_press,'s'
29.48263692855835,key_press,Key.space
29.947641611099243,key_press,Key.backspace
30.098960161209106,key_press,Key.backspace
30.27856683731079,key_press,Key.backspace
30.453481674194336,key_press,Key.backspace
30.64013361930847,key_press,Key.backspace
32.18133044242859,key_press,'l'
32.36262917518616,key_press,'i'
32.53645300865173,key_press,'k'
32.6581175327301,key_press,'e'
32.869956970214844,key_press,'s'
33.12595343589783,key_press,Key.space
33.55642819404602,key_press,'e'
34.20433783531189,key_press,'v'
34.38031840324402,key_press,'e'
34.57743692398071,key_press,'r'
35.00932765007019,key_press,'y'
36.012386322021484,key_press,'o'
36.21313810348511,key_press,'n'
36.66803288459778,key_press,'e'
36.82296943664551,key_press,Key.space
37.40912437438965,mouse_move,"1182,1094"
37.4453067779541,mouse_move,"1182,1094"
37.45228672027588,mouse_move,"1182,1094"
37.4587938785553,mouse_move,"1181,1094"
37.46630930900574,mouse_move,"1181,1093"
37.480326890945435,mouse_move,"1180,1093"
37.50134086608887,mouse_move,"1180,1093"
37.51641774177551,mouse_move,"1180,1093"
37.52292466163635,mouse_move,"1181,1092"
37.544583559036255,mouse_move,"1182,1092"
37.665897369384766,mouse_move,"1182,1092"
37.67242097854614,mouse_move,"1181,1092"
37.67944693565369,mouse_move,"1181,1092"
37.686976194381714,mouse_move,"1180,1092"
37.69452524185181,mouse_move,"1179,1092"
37.70052480697632,mouse_move,"1178,1092"
37.70807957649231,mouse_move,"1177,1092"
37.7156081199646,mouse_move,"1176,1092"
37.72213172912598,mouse_move,"1175,1092"
37.74366331100464,mouse_move,"1175,1091"
37.75817346572876,mouse_move,"1175,1091"
37.76468014717102,mouse_move,"1176,1091"
37.772204637527466,mouse_move,"1177,1091"
37.77921152114868,mouse_move,"1177,1091"
37.786237478256226,mouse_move,"1178,1090"
37.7933828830719,mouse_move,"1180,1089"
37.800372838974,mouse_move,"1180,1088"
37.80753946304321,mouse_move,"1181,1088"
37.815059423446655,mouse_move,"1183,1087"
37.82205677032471,mouse_move,"1184,1085"
37.82956385612488,mouse_move,"1185,1084"
37.83658742904663,mouse_move,"1187,1084"
37.843095779418945,mouse_move,"1187,1083"
37.85009551048279,mouse_move,"1189,1082"
37.872132778167725,mouse_move,"1190,1082"
37.87864065170288,mouse_move,"1190,1082"
37.920674562454224,mouse_move,"1191,1082"
37.929224252700806,mouse_move,"1192,1082"
37.950289726257324,mouse_move,"1192,1082"
37.964107513427734,mouse_move,"1192,1081"
37.97915291786194,mouse_move,"1191,1081"
37.98528170585632,mouse_move,"1189,1081"
37.992791414260864,mouse_move,"1186,1081"
37.999796867370605,mouse_move,"1183,1081"
38.00731301307678,mouse_move,"1180,1081"
38.01482701301575,mouse_move,"1176,1081"
38.02082681655884,mouse_move,"1172,1081"
38.028343200683594,mouse_move,"1167,1082"
38.036317110061646,mouse_move,"1164,1083"
38.042314529418945,mouse_move,"1161,1083"
38.050596475601196,mouse_move,"1159,1084"
38.05711483955383,mouse_move,"1156,1085"
38.0640766620636,mouse_move,"1156,1086"
38.071083068847656,mouse_move,"1155,1086"
38.12816405296326,mouse_move,"1155,1086"
38.14259934425354,mouse_move,"1155,1086"
38.17094397544861,mouse_move,"1155,1086"
38.17745780944824,mouse_move,"1156,1086"
38.185277462005615,mouse_move,"1157,1086"
38.192283153533936,mouse_move,"1158,1086"
38.19930720329285,mouse_move,"1160,1086"
38.206589460372925,mouse_move,"1162,1086"
38.21410417556763,mouse_move,"1165,1086"
38.22111511230469,mouse_move,"1167,1086"
38.22806191444397,mouse_move,"1168,1086"
38.234278202056885,mouse_move,"1169,1086"
38.242308139801025,mouse_move,"1171,1086"
38.24933075904846,mouse_move,"1172,1085"
38.25609588623047,mouse_move,"1173,1084"
38.26311635971069,mouse_move,"1175,1084"
38.2777783870697,mouse_move,"1175,1084"
38.292293548583984,mouse_move,"1176,1083"
38.298632860183716,mouse_move,"1177,1083"
38.32700037956238,mouse_move,"1178,1083"
38.349024295806885,mouse_move,"1178,1083"
38.35600662231445,mouse_move,"1179,1083"
38.36304044723511,mouse_move,"1180,1083"
38.37004041671753,mouse_move,"1180,1082"
38.377363204956055,mouse_move,"1181,1082"
38.38416337966919,mouse_move,"1183,1082"
38.39116454124451,mouse_move,"1183,1081"
38.39877796173096,mouse_move,"1183,1081"
38.40529203414917,mouse_move,"1184,1081"
38.41229724884033,mouse_move,"1185,1081"
38.42008996009827,mouse_move,"1185,1081"
38.52671575546265,mouse_move,"1185,1081"
38.53322458267212,mouse_move,"1185,1081"
38.548070430755615,mouse_move,"1185,1082"
38.55509543418884,mouse_move,"1184,1082"
38.562443017959595,mouse_move,"1184,1083"
38.56944942474365,mouse_move,"1184,1083"
38.5759596824646,mouse_move,"1182,1083"
38.58379054069519,mouse_move,"1181,1083"
38.591039419174194,mouse_move,"1181,1084"
38.59806489944458,mouse_move,"1179,1085"
38.60456967353821,mouse_move,"1177,1085"
38.611396074295044,mouse_move,"1177,1085"
38.61936688423157,mouse_move,"1175,1085"
38.62639927864075,mouse_move,"1174,1086"
38.63342761993408,mouse_move,"1172,1086"
38.640557289123535,mouse_move,"1171,1086"
38.64708876609802,mouse_move,"1171,1086"
38.65459990501404,mouse_move,"1170,1086"
38.73321771621704,mouse_move,"1170,1086"
38.74036979675293,mouse_move,"1170,1086"
38.754424810409546,mouse_move,"1171,1086"
38.782660484313965,mouse_move,"1172,1086"
38.78977036476135,mouse_move,"1172,1086"
38.85448884963989,mouse_move,"1173,1086"
38.89703989028931,mouse_move,"1174,1086"
38.96104311943054,mouse_move,"1175,1086"
39.09631299972534,mouse_move,"1175,1086"
39.10336780548096,mouse_move,"1175,1086"
39.11036562919617,mouse_move,"1176,1086"
39.1176221370697,mouse_move,"1178,1085"
39.12413311004639,mouse_move,"1179,1085"
39.132131576538086,mouse_move,"1180,1084"
39.13909316062927,mouse_move,"1182,1084"
39.14612698554993,mouse_move,"1185,1083"
39.153156042099,mouse_move,"1188,1083"
40.21491718292236,key_press,'t'
40.35633587837219,key_press,'h'
40.39625120162964,key_press,'a'
40.573566913604736,key_press,'t'
40.76793169975281,key_press,Key.space
41.13264727592468,key_press,'i'
41.29757332801819,key_press,'s'
41.48152232170105,key_press,Key.space
42.729761600494385,key_press,'f'
42.895901679992676,key_press,'o'
43.141357421875,key_press,'r'
43.31141424179077,key_press,Key.space
43.66549324989319,key_press,'t'
43.895859241485596,key_press,'o'
44.403656244277954,key_press,'d'
44.588782787323,key_press,'a'
44.819541931152344,key_press,'y'
44.990642786026,key_press,Key.space
45.57447600364685,key_press,Key.enter
45.73913884162903,key_press,Key.ctrl_l
45.91433143615723,key_press,'\x03'
26.164947271347046,mouse_move,"1184,1086"
26.171945810317993,mouse_move,"1210,1086"
26.179208278656006,mouse_move,"1237,1086"
26.185728788375854,mouse_move,"1268,1084"
26.193403959274292,mouse_move,"1300,1082"
26.20046305656433,mouse_move,"1331,1080"
26.207544326782227,mouse_move,"1356,1079"
26.21418595314026,mouse_move,"1381,1077"
26.221745491027832,mouse_move,"1399,1076"
26.228513479232788,mouse_move,"1414,1074"
26.235687494277954,mouse_move,"1429,1073"
26.24268674850464,mouse_move,"1441,1073"
26.249836206436157,mouse_move,"1449,1073"
26.256901502609253,mouse_move,"1458,1073"
26.264015436172485,mouse_move,"1466,1073"
26.271709203720093,mouse_move,"1471,1073"
26.27851915359497,mouse_move,"1477,1073"
26.285579442977905,mouse_move,"1480,1073"
26.293068408966064,mouse_move,"1484,1073"
26.29960012435913,mouse_move,"1487,1073"
26.30710768699646,mouse_move,"1488,1073"
26.314628839492798,mouse_move,"1489,1073"
26.321533203125,mouse_move,"1491,1074"
26.328770399093628,mouse_move,"1491,1074"
26.335801124572754,mouse_move,"1492,1074"
26.349926471710205,mouse_move,"1493,1074"
26.378965616226196,mouse_move,"1493,1074"
26.38547706604004,mouse_move,"1491,1076"
26.392476797103882,mouse_move,"1489,1078"
26.399765253067017,mouse_move,"1482,1080"
26.406837224960327,mouse_move,"1475,1082"
26.41334819793701,mouse_move,"1463,1088"
26.421353340148926,mouse_move,"1449,1092"
26.427701950073242,mouse_move,"1435,1096"
26.434805393218994,mouse_move,"1420,1100"
26.44180417060852,mouse_move,"1403,1103"
26.449466943740845,mouse_move,"1386,1107"
26.45676040649414,mouse_move,"1365,1110"
26.46376657485962,mouse_move,"1345,1115"
26.470799684524536,mouse_move,"1326,1118"
26.47818636894226,mouse_move,"1304,1121"
26.484758377075195,mouse_move,"1287,1124"
26.491758108139038,mouse_move,"1270,1127"
26.499496698379517,mouse_move,"1253,1129"
26.506563901901245,mouse_move,"1240,1131"
26.51356339454651,mouse_move,"1228,1133"
26.52117347717285,mouse_move,"1216,1135"
26.52724552154541,mouse_move,"1208,1136"
26.53476047515869,mouse_move,"1199,1137"
26.541760444641113,mouse_move,"1193,1138"
26.54932403564453,mouse_move,"1191,1139"
26.556474924087524,mouse_move,"1187,1139"
26.563475847244263,mouse_move,"1185,1140"
26.570053100585938,mouse_move,"1184,1141"
26.577776432037354,mouse_move,"1182,1142"
26.58430814743042,mouse_move,"1181,1142"
26.605989694595337,mouse_move,"1180,1142"
26.61349868774414,mouse_move,"1180,1143"
26.62050485610962,mouse_move,"1180,1144"
26.627644538879395,mouse_move,"1180,1145"
26.634364128112793,mouse_move,"1180,1148"
26.641364574432373,mouse_move,"1180,1150"
26.649322271347046,mouse_move,"1180,1151"
26.655619382858276,mouse_move,"1180,1154"
26.662620544433594,mouse_move,"1180,1156"
26.67036199569702,mouse_move,"1181,1157"
26.677465200424194,mouse_move,"1182,1159"
26.684783697128296,mouse_move,"1183,1162"
26.691099643707275,mouse_move,"1185,1165"
26.69861078262329,mouse_move,"1186,1166"
26.705636978149414,mouse_move,"1188,1168"
26.712071418762207,mouse_move,"1189,1169"
26.719592332839966,mouse_move,"1191,1171"
26.7272310256958,mouse_move,"1192,1171"
26.734264373779297,mouse_move,"1193,1173"
26.74126410484314,mouse_move,"1194,1174"
26.748548984527588,mouse_move,"1195,1174"
26.755574703216553,mouse_move,"1195,1175"
26.76932644844055,mouse_move,"1196,1175"
26.783596754074097,mouse_move,"1197,1176"
27.054293870925903,mouse_click,Button.left
27.777374744415283,mouse_move,"1190,1172"
27.78440022468567,mouse_move,"1179,1161"
27.791399478912354,mouse_move,"1166,1150"
27.797914028167725,mouse_move,"1151,1134"
27.805427074432373,mouse_move,"1134,1116"
27.812427043914795,mouse_move,"1118,1100"
27.819947481155396,mouse_move,"1097,1077"
27.826452255249023,mouse_move,"1079,1056"
27.83395767211914,mouse_move,"1058,1031"
27.840962886810303,mouse_move,"1038,1008"
27.848472118377686,mouse_move,"1019,984"
27.854979753494263,mouse_move,"999,962"
27.861982345581055,mouse_move,"977,936"
27.869497537612915,mouse_move,"950,907"
27.876941919326782,mouse_move,"929,882"
27.883454084396362,mouse_move,"903,856"
27.890589714050293,mouse_move,"875,824"
27.89811086654663,mouse_move,"851,796"
27.904623985290527,mouse_move,"821,763"
27.911629915237427,mouse_move,"789,736"
27.919145822525024,mouse_move,"756,703"
27.92624855041504,mouse_move,"724,673"
27.933250188827515,mouse_move,"689,644"
27.940343379974365,mouse_move,"651,618"
27.947852611541748,mouse_move,"611,593"
27.955366134643555,mouse_move,"571,573"
27.962364435195923,mouse_move,"529,556"
27.96941065788269,mouse_move,"485,543"
27.976497888565063,mouse_move,"435,531"
27.983516216278076,mouse_move,"386,524"
27.99053454399109,mouse_move,"337,520"
27.99777126312256,mouse_move,"289,518"
28.00528049468994,mouse_move,"242,518"
28.012279510498047,mouse_move,"203,519"
28.01931405067444,mouse_move,"158,523"
28.026822328567505,mouse_move,"123,525"
28.033327341079712,mouse_move,"94,529"
28.04034161567688,mouse_move,"76,530"
28.047849655151367,mouse_move,"61,531"
28.054362058639526,mouse_move,"49,533"
28.062361001968384,mouse_move,"39,534"
28.068928241729736,mouse_move,"32,535"
28.076445817947388,mouse_move,"27,535"
28.083468198776245,mouse_move,"24,535"
28.090474605560303,mouse_move,"22,536"
28.096988439559937,mouse_move,"21,536"
28.10449743270874,mouse_move,"19,537"
28.119020462036133,mouse_move,"19,537"
28.13253140449524,mouse_move,"19,538"
28.153874397277832,mouse_move,"18,538"
28.160874128341675,mouse_move,"18,539"
28.169384956359863,mouse_move,"18,540"
28.17589020729065,mouse_move,"18,541"
28.181894063949585,mouse_move,"18,542"
28.190403699874878,mouse_move,"18,544"
28.196672201156616,mouse_move,"18,546"
28.204180240631104,mouse_move,"20,548"
28.211179494857788,mouse_move,"21,550"
28.21869158744812,mouse_move,"23,553"
28.225208282470703,mouse_move,"26,554"
28.232203006744385,mouse_move,"29,557"
28.239412307739258,mouse_move,"32,560"
28.247146129608154,mouse_move,"36,562"
28.2541561126709,mouse_move,"41,566"
28.261162281036377,mouse_move,"47,568"
28.268208503723145,mouse_move,"54,570"
28.275755882263184,mouse_move,"65,573"
28.282061338424683,mouse_move,"75,576"
28.28957176208496,mouse_move,"85,577"
28.297078132629395,mouse_move,"96,579"
28.303584575653076,mouse_move,"107,581"
28.310590028762817,mouse_move,"119,581"
28.31809401512146,mouse_move,"131,581"
28.325607776641846,mouse_move,"142,581"
28.33260941505432,mouse_move,"156,581"
28.339704275131226,mouse_move,"169,580"
28.346779346466064,mouse_move,"181,579"
28.35328769683838,mouse_move,"193,576"
28.360371589660645,mouse_move,"206,574"
28.3683762550354,mouse_move,"217,571"
28.375401973724365,mouse_move,"232,567"
28.382402896881104,mouse_move,"246,563"
28.388874530792236,mouse_move,"258,559"
28.396799087524414,mouse_move,"270,553"
28.40349555015564,mouse_move,"280,550"
28.410501718521118,mouse_move,"291,546"
28.41796374320984,mouse_move,"300,542"
28.424482822418213,mouse_move,"309,539"
28.43247961997986,mouse_move,"314,537"
28.438801527023315,mouse_move,"318,535"
28.44631838798523,mouse_move,"324,533"
28.453820943832397,mouse_move,"327,532"
28.460830688476562,mouse_move,"330,531"
28.467339038848877,mouse_move,"331,531"
28.474448442459106,mouse_move,"333,530"
28.481456518173218,mouse_move,"335,529"
28.49613380432129,mouse_move,"335,529"
28.546293020248413,mouse_move,"336,529"
28.553292512893677,mouse_move,"336,530"
28.55981969833374,mouse_move,"337,531"
28.567336082458496,mouse_move,"337,535"
28.574634075164795,mouse_move,"337,538"
28.581640243530273,mouse_move,"338,542"
28.588715076446533,mouse_move,"338,547"
28.59622573852539,mouse_move,"338,554"
28.60322594642639,mouse_move,"339,559"
28.609734058380127,mouse_move,"340,566"
28.61724042892456,mouse_move,"340,573"
28.624701261520386,mouse_move,"341,580"
28.631701946258545,mouse_move,"341,587"
28.6382155418396,mouse_move,"342,592"
28.64572310447693,mouse_move,"342,599"
28.653238773345947,mouse_move,"342,606"
28.659799814224243,mouse_move,"344,613"
28.667274475097656,mouse_move,"344,619"
28.67327880859375,mouse_move,"345,628"
28.681912183761597,mouse_move,"346,637"
28.688427448272705,mouse_move,"347,645"
28.695937871932983,mouse_move,"347,654"
28.70344305038452,mouse_move,"347,662"
28.70944833755493,mouse_move,"348,671"
28.716954708099365,mouse_move,"348,679"
28.72446846961975,mouse_move,"350,684"
28.731471300125122,mouse_move,"350,691"
28.738516330718994,mouse_move,"350,695"
28.745744466781616,mouse_move,"351,699"
28.75219416618347,mouse_move,"351,701"
28.759926080703735,mouse_move,"351,703"
28.76706027984619,mouse_move,"351,704"
28.773629188537598,mouse_move,"351,704"
28.78126859664917,mouse_move,"351,705"
28.788395881652832,mouse_move,"351,706"
28.88808798789978,mouse_move,"351,707"
28.894606590270996,mouse_move,"351,709"
28.901601552963257,mouse_move,"351,713"
28.908856630325317,mouse_move,"350,719"
28.916765689849854,mouse_move,"348,726"
28.923274993896484,mouse_move,"347,735"
28.930279970169067,mouse_move,"346,744"
28.937347412109375,mouse_move,"344,751"
28.9444420337677,mouse_move,"342,761"
28.95244312286377,mouse_move,"341,771"
28.959306001663208,mouse_move,"339,785"
28.96630358695984,mouse_move,"338,796"
28.9738130569458,mouse_move,"337,810"
28.98032283782959,mouse_move,"335,820"
28.98756766319275,mouse_move,"334,830"
28.995074033737183,mouse_move,"334,840"
29.00140690803528,mouse_move,"333,846"
29.008846759796143,mouse_move,"332,853"
29.015926599502563,mouse_move,"332,858"
29.023427724838257,mouse_move,"331,860"
29.029832124710083,mouse_move,"331,861"
29.03734588623047,mouse_move,"331,862"
29.044079065322876,mouse_move,"331,863"
29.05223035812378,mouse_move,"331,863"
29.07258439064026,mouse_move,"331,864"
29.144489288330078,mouse_move,"331,864"
29.1514949798584,mouse_move,"331,863"
29.158679246902466,mouse_move,"332,859"
29.16595721244812,mouse_move,"333,852"
29.17231321334839,mouse_move,"337,841"
29.179836988449097,mouse_move,"339,828"
29.187342405319214,mouse_move,"341,814"
29.193342685699463,mouse_move,"344,798"
29.2016863822937,mouse_move,"348,781"
29.208744525909424,mouse_move,"351,762"
29.215251207351685,mouse_move,"356,736"
29.222251653671265,mouse_move,"362,715"
29.229363679885864,mouse_move,"367,695"
29.23666787147522,mouse_move,"370,678"
29.244175672531128,mouse_move,"374,661"
29.25118136405945,mouse_move,"377,646"
29.257689952850342,mouse_move,"379,633"
29.264782905578613,mouse_move,"382,622"
29.272054195404053,mouse_move,"384,615"
29.2790744304657,mouse_move,"386,608"
29.286582469940186,mouse_move,"387,603"
29.294089317321777,mouse_move,"387,600"
29.30109143257141,mouse_move,"387,598"
29.307605028152466,mouse_move,"387,598"
29.31512212753296,mouse_move,"387,597"
29.322126626968384,mouse_move,"387,596"
29.329642295837402,mouse_move,"387,595"
29.343653917312622,mouse_move,"388,595"
29.400737524032593,mouse_move,"388,595"
29.443260431289673,mouse_move,"388,594"
29.998883962631226,mouse_move,"388,583"
30.00539231300354,mouse_move,"388,564"
30.012396812438965,mouse_move,"388,546"
30.01991057395935,mouse_move,"388,528"
30.027425050735474,mouse_move,"388,510"
30.03393006324768,mouse_move,"388,495"
30.040947914123535,mouse_move,"388,482"
30.048459768295288,mouse_move,"388,472"
30.055975914001465,mouse_move,"388,462"
30.06197690963745,mouse_move,"387,456"
30.070000410079956,mouse_move,"387,453"
30.077516078948975,mouse_move,"387,449"
30.084540605545044,mouse_move,"387,447"
30.09154725074768,mouse_move,"386,446"
30.098058462142944,mouse_move,"386,444"
30.11257576942444,mouse_move,"386,443"
30.120091199874878,mouse_move,"386,443"
30.134103298187256,mouse_move,"385,443"
30.147626876831055,mouse_move,"384,443"
30.15513300895691,mouse_move,"384,443"
30.16213583946228,mouse_move,"382,443"
30.16965079307556,mouse_move,"381,443"
30.176157236099243,mouse_move,"380,444"
30.184170246124268,mouse_move,"378,445"
30.191182136535645,mouse_move,"377,446"
30.198704481124878,mouse_move,"376,448"
30.20520830154419,mouse_move,"374,451"
30.212212085723877,mouse_move,"371,455"
30.2197265625,mouse_move,"369,459"
30.226248025894165,mouse_move,"366,464"
30.233752489089966,mouse_move,"364,473"
30.240753650665283,mouse_move,"360,481"
30.24826717376709,mouse_move,"358,486"
30.254774808883667,mouse_move,"357,490"
30.261778831481934,mouse_move,"355,494"
30.26929497718811,mouse_move,"354,498"
30.275802850723267,mouse_move,"353,500"
30.28331208229065,mouse_move,"352,503"
30.290420532226562,mouse_move,"352,503"
30.297826766967773,mouse_move,"351,504"
30.30534267425537,mouse_move,"351,505"
30.326372146606445,mouse_move,"349,505"
30.539343118667603,mouse_click,Button.left
31.0452938079834,mouse_move,"356,517"
31.052292108535767,mouse_move,"368,536"
31.059799432754517,mouse_move,"383,559"
31.066314935684204,mouse_move,"401,589"
31.074338674545288,mouse_move,"422,623"
31.08085322380066,mouse_move,"443,657"
31.087372303009033,mouse_move,"463,687"
31.09488844871521,mouse_move,"482,720"
31.10189414024353,mouse_move,"500,750"
31.10941433906555,mouse_move,"518,780"
31.115930318832397,mouse_move,"533,807"
31.123435974121094,mouse_move,"543,829"
31.130446672439575,mouse_move,"553,848"
31.137967824935913,mouse_move,"562,868"
31.144476652145386,mouse_move,"569,881"
31.152482748031616,mouse_move,"575,892"
31.158994913101196,mouse_move,"580,903"
31.166511058807373,mouse_move,"584,912"
31.173511505126953,mouse_move,"586,919"
31.18053936958313,mouse_move,"590,925"
31.188060998916626,mouse_move,"591,928"
31.194572925567627,mouse_move,"593,934"
31.201579570770264,mouse_move,"595,940"
31.208751916885376,mouse_move,"596,945"
31.21625804901123,mouse_move,"597,952"
31.223260402679443,mouse_move,"600,959"
31.230779886245728,mouse_move,"602,967"
31.237297296524048,mouse_move,"603,974"
31.24481225013733,mouse_move,"605,982"
31.251810550689697,mouse_move,"606,989"
31.258317947387695,mouse_move,"607,993"
31.26582431793213,mouse_move,"608,997"
31.273326873779297,mouse_move,"609,1001"
31.27983832359314,mouse_move,"610,1004"
31.287349462509155,mouse_move,"610,1005"
31.29385471343994,mouse_move,"610,1007"
31.30185580253601,mouse_move,"610,1009"
31.308363437652588,mouse_move,"610,1010"
31.31587052345276,mouse_move,"610,1011"
31.32187056541443,mouse_move,"611,1012"
31.329378366470337,mouse_move,"611,1012"
31.336885690689087,mouse_move,"611,1013"
31.344396591186523,mouse_move,"612,1015"
31.35139298439026,mouse_move,"612,1018"
31.35889983177185,mouse_move,"612,1021"
31.365407943725586,mouse_move,"614,1025"
31.372407913208008,mouse_move,"614,1028"
31.379464626312256,mouse_move,"615,1032"
31.387014627456665,mouse_move,"615,1036"
31.39455270767212,mouse_move,"615,1039"
31.401565313339233,mouse_move,"616,1041"
31.40809416770935,mouse_move,"616,1043"
31.415647983551025,mouse_move,"617,1044"
31.42264723777771,mouse_move,"617,1044"
31.429176330566406,mouse_move,"617,1045"
31.465187549591064,mouse_move,"617,1045"
31.479204654693604,mouse_move,"617,1045"
31.48672890663147,mouse_move,"618,1045"
31.49372696876526,mouse_move,"619,1044"
31.501238346099854,mouse_move,"619,1043"
31.50774621963501,mouse_move,"620,1041"
31.515254259109497,mouse_move,"621,1039"
31.52225399017334,mouse_move,"622,1036"
31.529836893081665,mouse_move,"624,1033"
31.535993814468384,mouse_move,"626,1032"
31.54349446296692,mouse_move,"628,1029"
31.550501108169556,mouse_move,"629,1027"
31.558130741119385,mouse_move,"631,1024"
31.564391613006592,mouse_move,"632,1023"
31.57189917564392,mouse_move,"633,1022"
31.57926630973816,mouse_move,"634,1021"
31.586555004119873,mouse_move,"634,1020"
31.59355926513672,mouse_move,"634,1020"
31.6076762676239,mouse_move,"635,1020"
31.621948957443237,mouse_move,"635,1019"
31.93466353416443,mouse_click,Button.left
39.34371995925903,mouse_move,"635,1011"
39.350725173950195,mouse_move,"635,1001"
39.3572461605072,mouse_move,"633,988"
39.36475133895874,mouse_move,"632,973"
39.37175631523132,mouse_move,"632,958"
39.37886691093445,mouse_move,"631,944"
39.386378049850464,mouse_move,"631,929"
39.392378091812134,mouse_move,"628,913"
39.40041995048523,mouse_move,"628,896"
39.40693259239197,mouse_move,"628,881"
39.41443490982056,mouse_move,"628,866"
39.421435832977295,mouse_move,"628,855"
39.42894268035889,mouse_move,"628,841"
39.43545413017273,mouse_move,"626,828"
39.44345426559448,mouse_move,"626,818"
39.449960470199585,mouse_move,"626,806"
39.4574716091156,mouse_move,"626,796"
39.463974952697754,mouse_move,"626,786"
39.47097587585449,mouse_move,"626,778"
39.478487491607666,mouse_move,"626,769"
39.485628843307495,mouse_move,"626,761"
39.492629289627075,mouse_move,"626,756"
39.49964928627014,mouse_move,"626,749"
39.507166385650635,mouse_move,"626,745"
39.513671875,mouse_move,"626,740"
39.52068543434143,mouse_move,"626,736"
39.52819490432739,mouse_move,"626,732"
39.53570747375488,mouse_move,"626,727"
42.061363697052,mouse_move,"620,716"
42.0678768157959,mouse_move,"613,704"
42.07495737075806,mouse_move,"607,689"
42.08246874809265,mouse_move,"602,675"
42.089513063430786,mouse_move,"594,657"
42.09701991081238,mouse_move,"589,642"
42.10427379608154,mouse_move,"583,625"
42.111042737960815,mouse_move,"579,608"
42.118488788604736,mouse_move,"573,592"
42.12599778175354,mouse_move,"569,579"
42.13300681114197,mouse_move,"565,565"
42.13999390602112,mouse_move,"562,553"
42.14663219451904,mouse_move,"560,543"
42.153637647628784,mouse_move,"557,534"
42.16066861152649,mouse_move,"557,527"
42.168678522109985,mouse_move,"555,521"
42.175705432891846,mouse_move,"554,518"
42.182273387908936,mouse_move,"551,512"
69.15892934799194,key_press,Key.alt_l
69.37644863128662,key_press,Key.tab
71.18878555297852,key_press,Key.alt_l
71.49075937271118,key_press,Key.tab
71.86832594871521,key_press,Key.tab
72.90334057807922,mouse_move,"562,522"
72.91044116020203,mouse_move,"579,536"
72.91733503341675,mouse_move,"600,552"
72.92554235458374,mouse_move,"622,570"
72.93153738975525,mouse_move,"650,592"
72.93940329551697,mouse_move,"678,614"
72.94630360603333,mouse_move,"709,634"
72.9533097743988,mouse_move,"739,655"
72.96038913726807,mouse_move,"767,674"
72.96792602539062,mouse_move,"801,698"
72.97445893287659,mouse_move,"832,718"
72.98229122161865,mouse_move,"859,738"
72.98882412910461,mouse_move,"886,755"
72.9963366985321,mouse_move,"913,773"
73.00377535820007,mouse_move,"937,787"
73.01030540466309,mouse_move,"960,799"
73.01781344413757,mouse_move,"982,810"
73.0253221988678,mouse_move,"996,817"
73.03234028816223,mouse_move,"1008,822"
73.03983879089355,mouse_move,"1020,827"
73.04636549949646,mouse_move,"1032,831"
73.05336737632751,mouse_move,"1041,834"
73.06093621253967,mouse_move,"1050,836"
73.06809663772583,mouse_move,"1057,839"
73.07460689544678,mouse_move,"1064,840"
73.08261251449585,mouse_move,"1070,842"
73.08955645561218,mouse_move,"1074,844"
73.09661984443665,mouse_move,"1079,847"
73.10361909866333,mouse_move,"1083,849"
73.1109836101532,mouse_move,"1088,852"
73.11758208274841,mouse_move,"1092,855"
73.12459778785706,mouse_move,"1095,860"
73.131840467453,mouse_move,"1099,864"
73.1395971775055,mouse_move,"1101,870"
73.14678812026978,mouse_move,"1103,877"
73.15278697013855,mouse_move,"1106,884"
73.16131806373596,mouse_move,"1108,894"
73.16833066940308,mouse_move,"1112,905"
73.17476391792297,mouse_move,"1114,917"
73.1824746131897,mouse_move,"1116,930"
73.18962287902832,mouse_move,"1118,947"
73.19658470153809,mouse_move,"1119,965"
73.20358800888062,mouse_move,"1119,985"
73.2113790512085,mouse_move,"1119,1006"
73.21839332580566,mouse_move,"1119,1027"
73.22489809989929,mouse_move,"1119,1045"
73.23189997673035,mouse_move,"1116,1064"
73.23989367485046,mouse_move,"1114,1080"
73.24640226364136,mouse_move,"1112,1097"
73.2534008026123,mouse_move,"1106,1112"
73.26046943664551,mouse_move,"1102,1126"
73.26822400093079,mouse_move,"1098,1137"
73.27567172050476,mouse_move,"1093,1146"
73.28267645835876,mouse_move,"1088,1153"
73.2892553806305,mouse_move,"1083,1158"
73.29703903198242,mouse_move,"1080,1162"
73.30393719673157,mouse_move,"1077,1165"
73.31044483184814,mouse_move,"1075,1167"
73.31846809387207,mouse_move,"1073,1168"
73.3258855342865,mouse_move,"1072,1169"
73.33189034461975,mouse_move,"1070,1169"
73.33939385414124,mouse_move,"1069,1170"
73.34684920310974,mouse_move,"1069,1170"
73.35285425186157,mouse_move,"1068,1170"
73.36036348342896,mouse_move,"1068,1170"
73.36837577819824,mouse_move,"1067,1170"
73.37539553642273,mouse_move,"1067,1168"
73.38233375549316,mouse_move,"1065,1166"
73.3893654346466,mouse_move,"1064,1163"
73.39643168449402,mouse_move,"1062,1162"
73.40429306030273,mouse_move,"1061,1159"
73.41130042076111,mouse_move,"1059,1156"
73.41832971572876,mouse_move,"1058,1153"
73.42534112930298,mouse_move,"1057,1151"
73.43272185325623,mouse_move,"1057,1148"
73.43897795677185,mouse_move,"1055,1144"
73.44648838043213,mouse_move,"1054,1141"
73.45335841178894,mouse_move,"1053,1138"
73.46056723594666,mouse_move,"1052,1137"
73.46768188476562,mouse_move,"1051,1134"
73.4757068157196,mouse_move,"1050,1132"
73.48271322250366,mouse_move,"1049,1132"
73.48949122428894,mouse_move,"1049,1131"
73.49689960479736,mouse_move,"1049,1130"
73.50289630889893,mouse_move,"1049,1129"
73.51110172271729,mouse_move,"1049,1129"
73.51824879646301,mouse_move,"1048,1127"
73.5257580280304,mouse_move,"1047,1124"
73.53276491165161,mouse_move,"1047,1119"
73.53935432434082,mouse_move,"1045,1112"
78.10705161094666,mouse_move,"1045,1111"
78.11481475830078,mouse_move,"1048,1109"
78.12181949615479,mouse_move,"1052,1107"
78.12988758087158,mouse_move,"1056,1107"
78.13639831542969,mouse_move,"1060,1104"
78.14339780807495,mouse_move,"1064,1102"
78.15075874328613,mouse_move,"1070,1101"
78.15826725959778,mouse_move,"1072,1099"
78.165780544281,mouse_move,"1075,1099"
78.17177844047546,mouse_move,"1078,1099"
78.17928075790405,mouse_move,"1081,1098"
78.1867938041687,mouse_move,"1081,1097"
79.49358129501343,key_press,'h'
79.79392290115356,key_press,'e'
80.08580374717712,key_press,'l'
80.20581102371216,key_press,'l'
80.35213470458984,key_press,'o'
80.55745220184326,key_press,Key.space
81.1116213798523,key_press,'i'
81.3078203201294,key_press,Key.space
83.40966439247131,key_press,'a'
83.5540657043457,key_press,'m'
83.71612930297852,key_press,Key.space
84.26133751869202,key_press,'a'
84.47795057296753,key_press,'b'
84.66525936126709,key_press,'h'
84.751473903656,key_press,'i'
84.88697600364685,key_press,'r'
84.99355292320251,key_press,'a'
85.12723731994629,key_press,'m'
85.2889792919159,key_press,Key.space
85.6199471950531,key_press,'a'
86.68517470359802,key_press,Key.backspace
86.81633615493774,key_press,'s'
86.93585991859436,key_press,'o'
87.152587890625,key_press,Key.space
87.37150573730469,key_press,'i'
87.57779264450073,key_press,Key.space
87.93236637115479,key_press,'d'
88.41872906684875,key_press,'o'
88.62051510810852,key_press,'n'
88.85626864433289,key_press,'t'
88.9865779876709,key_press,Key.space
89.19860196113586,key_press,'n'
89.3908154964447,key_press,'e'
89.54186034202576,key_press,'e'
89.73021268844604,key_press,'d'
89.86281204223633,key_press,Key.space
90.05961656570435,key_press,'t'
90.19347524642944,key_press,'o'
90.41492033004761,key_press,Key.space
90.972576379776,key_press,'t'
91.14273047447205,key_press,'e'
91.36395287513733,key_press,'l'
91.49916458129883,key_press,'l'
91.70082759857178,key_press,Key.space
91.80276942253113,key_press,'a'
92.1374683380127,key_press,'g'
92.26729536056519,key_press,'a'
92.46342515945435,key_press,'i'
92.63509345054626,key_press,'n'
92.78078866004944,key_press,Key.space
94.73756980895996,key_press,'a'
94.96988797187805,key_press,'n'
95.2363076210022,key_press,'d'
95.24952554702759,key_press,'f'
95.893319606781,key_press,Key.space
96.07888746261597,key_press,'i'
96.2663083076477,key_press,Key.space
96.29134583473206,key_press,'a'
96.47353315353394,key_press,'m'
96.63785934448242,key_press,Key.space
97.40635752677917,key_press,'v'
97.59021496772766,key_press,'e'
97.71389389038086,key_press,'r'
97.9145245552063,key_press,'y'
98.13404583930969,key_press,Key.space
98.3056275844574,key_press,'a'
98.521075963974,key_press,'n'
98.89302659034729,key_press,'g'
99.05830574035645,key_press,'e'
99.20897698402405,key_press,'r'
99.33646178245544,key_press,Key.space
99.94191694259644,key_press,'p'
100.1031882762909,key_press,'e'
100.23125219345093,key_press,'r'
100.73415446281433,key_press,'r'
100.82780694961548,key_press,'o'
100.87841796875,key_press,'s'
101.13068413734436,key_press,'n'
101.29717636108398,key_press,Key.space
101.3502025604248,key_press,'a'
101.79670810699463,key_press,'n'
101.92739772796631,key_press,'d'
102.10810446739197,key_press,Key.space
103.62987112998962,key_press,'f'
103.79814910888672,key_press,'u'
104.0294280052185,key_press,'l'
104.15420413017273,key_press,'l'
104.3717451095581,key_press,Key.space
104.98269081115723,key_press,'e'
105.16801238059998,key_press,'n'
105.70089221000671,key_press,'j'
105.82584357261658,key_press,'o'
106.12773990631104,key_press,'y'
106.2802665233612,key_press,Key.space
109.17553329467773,key_press,'m'
109.3693413734436,key_press,'o'
109.50823712348938,key_press,'o'
109.69849729537964,key_press,'d'
109.84146809577942,key_press,Key.space
109.98859357833862,key_press,'a'
110.16620373725891,key_press,'n'
110.26332640647888,key_press,'d'
110.39886140823364,key_press,Key.space
111.51370763778687,key_press,'d'
112.34433102607727,key_press,'m'
112.48867106437683,key_press,'o'
112.96996402740479,key_press,'r'
113.10647130012512,key_press,'e'
113.66906309127808,key_press,'o'
113.89893054962158,key_press,'v'
114.03458333015442,key_press,'e'
114.19417786598206,key_press,'r'
114.30364990234375,key_press,Key.space
114.6067247390747,key_press,Key.backspace
114.75224447250366,key_press,Key.backspace
114.89184355735779,key_press,Key.backspace
115.03161191940308,key_press,Key.backspace
115.1514961719513,key_press,Key.backspace
115.36998391151428,key_press,Key.backspace
115.5249252319336,key_press,Key.backspace
115.66134738922119,key_press,Key.backspace
115.79735684394836,key_press,Key.backspace
115.90691709518433,key_press,Key.backspace
116.68221735954285,key_press,'t'
116.78297901153564,key_press,'h'
116.88354516029358,key_press,'e'
117.01895833015442,key_press,Key.space
118.22405219078064,key_press,'p'
118.77601456642151,key_press,'e'
118.9167115688324,key_press,'o'
119.03816151618958,key_press,'p'
119.29446291923523,key_press,'l'
119.45256900787354,key_press,'e'
119.64441847801208,key_press,Key.space
119.82087779045105,key_press,'a'
120.0396740436554,key_press,'r'
120.39883875846863,key_press,'o'
120.70590138435364,key_press,'u'
120.92027044296265,key_press,'n'
121.09017133712769,key_press,'g'
121.41744327545166,key_press,Key.backspace
121.81477546691895,key_press,'d'
121.98355412483215,key_press,Key.space
122.17609238624573,key_press,'m'
122.75774788856506,key_press,'e'
122.89259123802185,key_press,Key.space
124.03713417053223,key_press,'a'
124.28332567214966,key_press,'r'
124.45376777648926,key_press,'e'
124.63076734542847,key_press,Key.space
124.8109028339386,key_press,'s'
125.00415873527527,key_press,'o'
125.23079705238342,key_press,Key.space
125.39658212661743,key_press,'l'
125.61705040931702,key_press,'u'
126.0781877040863,key_press,'c'
126.28745007514954,key_press,'k'
126.66517949104309,key_press,'y'
126.86956310272217,key_press,Key.space
126.94213223457336,key_press,'a'
127.13293743133545,key_press,'n'
127.19250988960266,key_press,'d'
127.38870644569397,key_press,Key.space
127.79334354400635,key_press,'h'
127.98583316802979,key_press,'a'
128.19360613822937,key_press,'p'
128.30808877944946,key_press,'p'
128.75938892364502,key_press,'y'
129.02084136009216,key_press,Key.space
129.80354475975037,key_press,'b'
130.06233596801758,key_press,'e'
130.23252534866333,key_press,'a'
130.5291392803192,key_press,'c'
130.7411172389984,key_press,'u'
130.9114580154419,key_press,'s'
131.12660098075867,key_press,'e'
131.28726863861084,key_press,Key.space
131.55369400978088,key_press,'o'
131.88520288467407,key_press,'f'
132.03095269203186,key_press,Key.space
132.2314693927765,key_press,'m'
132.37724423408508,key_press,'e'
132.53254437446594,key_press,Key.space
134.15991377830505,key_press,'s'
134.53160119056702,key_press,'t'
134.68667101860046,key_press,'a'
135.10408544540405,key_press,'y'
135.30440711975098,key_press,'i'
135.47616839408875,key_press,'n'
135.68100500106812,key_press,'g'
135.79497647285461,key_press,Key.space
136.09361171722412,key_press,'t'
136.19708633422852,key_press,'h'
136.31738209724426,key_press,'e'
136.4392478466034,key_press,'r'
136.58838963508606,key_press,'e'
136.62412977218628,key_press,Key.space
140.28302431106567,key_press,'t'
140.45411777496338,key_press,'h'
140.5932333469391,key_press,'e'
140.78486680984497,key_press,Key.space
141.6730899810791,key_press,'t'
141.8731038570404,key_press,'h'
141.91363096237183,key_press,'i'
142.13271737098694,key_press,'n'
142.3380217552185,key_press,'g'
142.43312549591064,key_press,Key.space
142.84550070762634,key_press,'e'
143.21175026893616,key_press,'v'
143.32682490348816,key_press,'e'
143.52843117713928,key_press,'r'
143.81963086128235,key_press,'y'
144.10613918304443,key_press,'t'
144.24633288383484,key_press,'h'
144.34639024734497,key_press,'i'
144.54305863380432,key_press,'n'
144.6540026664734,key_press,'g'
144.76952576637268,key_press,Key.space
145.390700340271,key_press,'i'
145.58752703666687,key_press,Key.space
146.02491450309753,key_press,'t'
146.33854126930237,key_press,'o'
146.52995109558105,key_press,'l'
147.91072177886963,key_press,'d'
148.10145688056946,key_press,Key.space
148.31278944015503,key_press,'u'
148.48736453056335,key_press,Key.space
149.09734272956848,key_press,'k'
149.29488968849182,key_press,'n'
149.5182855129242,key_press,'o'
149.74652671813965,key_press,'w'
149.8793785572052,key_press,Key.space
150.09058904647827,key_press,'i'
150.22472143173218,key_press,'s'
150.39172625541687,key_press,Key.space
150.66255927085876,key_press,'f'
150.8034553527832,key_press,'a'
151.9982132911682,key_press,'e'
152.19898653030396,key_press,Key.space
152.25003933906555,key_press,'a'
152.45946526527405,key_press,'n'
152.52101230621338,key_press,'d'
152.725524187088,key_press,Key.space
153.2445306777954,key_press,'l'
153.44469594955444,key_press,'i'
153.68082571029663,key_press,'e'
153.97329306602478,key_press,'s'
154.21662139892578,key_press,Key.space
154.8611180782318,key_press,'a'
155.53659582138062,key_press,'n'
155.70187091827393,key_press,'o'
155.91227293014526,key_press,'t'
156.0633659362793,key_press,'h'
156.205961227417,key_press,'i'
156.41186809539795,key_press,'n'
156.58697414398193,key_press,'g'
156.71363925933838,key_press,Key.space
156.9027829170227,key_press,'i'
157.03980326652527,key_press,'s'
157.22034215927124,key_press,Key.space
157.6668257713318,key_press,'t'
157.84733128547668,key_press,'r'
158.14099383354187,key_press,'u'
158.25156950950623,key_press,'e'
158.45234274864197,key_press,Key.space
159.89723300933838,key_press,'s'
160.0747492313385,key_press,'i'
160.64114832878113,key_press,Key.backspace
161.0341293811798,key_press,'o'
161.27859091758728,key_press,Key.space
161.52049684524536,key_press,'i'
161.80171298980713,key_press,'t'
161.9491274356842,key_press,'s'
162.15976428985596,key_press,Key.space
162.9510850906372,key_press,'a'
163.1650881767273,key_press,Key.space
163.95334911346436,key_press,'s'
164.20497488975525,key_press,'e'
164.4841160774231,key_press,'c'
164.7411448955536,key_press,'r'
164.87093329429626,key_press,'e'
165.08601689338684,key_press,'t'
165.25777626037598,key_press,Key.space
165.8451247215271,key_press,'n'
166.22180724143982,key_press,Key.backspace
166.3777298927307,key_press,'b'
166.99251556396484,key_press,'e'
167.2083785533905,key_press,'t'
167.43992805480957,key_press,'w'
167.68053603172302,key_press,'e'
167.8559238910675,key_press,'e'
168.03960728645325,key_press,'n'
168.22693490982056,key_press,Key.space
168.8747522830963,key_press,'y'
169.93041706085205,key_press,'o'
170.13614559173584,key_press,'u'
170.36551761627197,key_press,Key.space
170.4667510986328,key_press,'a'
170.62272429466248,key_press,'n'
170.75297451019287,key_press,'d'
170.9008650779724,key_press,Key.space
171.150652885437,key_press,'m'
171.33166217803955,key_press,'e'
171.4916913509369,key_press,Key.space
171.948322057724,key_press,Key.enter
172.68135690689087,key_press,Key.ctrl_l
172.88770508766174,key_press,'\x03'
0.10034561157226562,mouse_move,"1144,1096"
0.19558978080749512,mouse_move,"1144,1095"
0.2762715816497803,mouse_move,"1144,1094"
2.604309558868408,mouse_move,"1144,1093"
4.1385698318481445,mouse_move,"1144,1093"
4.167881727218628,mouse_move,"1144,1093"
4.266249179840088,mouse_move,"1143,1093"
4.309633016586304,mouse_move,"1142,1093"
4.622937917709351,mouse_move,"1142,1093"
4.629936456680298,mouse_move,"1143,1093"
4.686660528182983,mouse_move,"1143,1093"
4.6937432289123535,mouse_move,"1143,1093"
4.715170621871948,mouse_move,"1144,1093"
4.828699588775635,mouse_move,"1145,1094"
4.878918409347534,mouse_move,"1145,1094"
5.177015781402588,mouse_move,"1145,1094"
5.206304550170898,mouse_move,"1145,1094"
5.212865352630615,mouse_move,"1145,1093"
5.226992607116699,mouse_move,"1145,1093"
5.290570974349976,mouse_move,"1144,1093"
5.391231536865234,mouse_move,"1144,1093"
5.896779537200928,mouse_move,"1144,1093"
5.9457292556762695,mouse_move,"1144,1093"
5.953692197799683,mouse_move,"1144,1093"
7.87472677230835,mouse_move,"1144,1092"
7.888696193695068,mouse_move,"1145,1092"
7.903069019317627,mouse_move,"1145,1091"
7.917471885681152,mouse_move,"1146,1091"
7.92398738861084,mouse_move,"1147,1090"
7.930993556976318,mouse_move,"1148,1090"
7.945375204086304,mouse_move,"1148,1089"
7.953086853027344,mouse_move,"1148,1089"
7.9600911140441895,mouse_move,"1149,1089"
7.967617034912109,mouse_move,"1149,1088"
7.974456071853638,mouse_move,"1150,1088"
7.9957802295684814,mouse_move,"1150,1088"
8.329557657241821,mouse_move,"1150,1088"
8.443530797958374,mouse_move,"1149,1088"
8.977123737335205,mouse_move,"1149,1088"
8.99161672592163,mouse_move,"1150,1087"
8.99869990348816,mouse_move,"1151,1086"
9.005997657775879,mouse_move,"1153,1085"
9.013086795806885,mouse_move,"1156,1084"
9.0200834274292,mouse_move,"1159,1083"
9.0272057056427,mouse_move,"1161,1081"
9.033886671066284,mouse_move,"1164,1080"
9.040958404541016,mouse_move,"1167,1079"
9.173139095306396,mouse_move,"1167,1078"
11.141144275665283,mouse_move,"1167,1077"
11.147532939910889,mouse_move,"1168,1075"
11.155203104019165,mouse_move,"1168,1073"
11.162352085113525,mouse_move,"1169,1072"
11.16894793510437,mouse_move,"1169,1072"
11.176090478897095,mouse_move,"1169,1071"
11.183120012283325,mouse_move,"1170,1070"
11.190157890319824,mouse_move,"1170,1070"
11.204933643341064,mouse_move,"1170,1069"
11.212008714675903,mouse_move,"1171,1069"
11.226077556610107,mouse_move,"1172,1069"
11.233152627944946,mouse_move,"1172,1069"
11.468417882919312,mouse_move,"1172,1069"
11.5003023147583,mouse_move,"1172,1068"
11.540783166885376,mouse_move,"1172,1067"
11.600903511047363,key_press,'p'
11.620883703231812,mouse_move,"1172,1067"
11.726315259933472,key_press,'a'
11.94489073753357,key_press,'r'
12.19670557975769,key_press,'d'
12.61686658859253,key_press,'h'
12.81371283531189,key_press,'i'
12.819713354110718,mouse_move,"1172,1065"
13.033540725708008,key_press,Key.space
13.229511976242065,key_press,'i'
13.47713327407837,key_press,'s'
13.746985912322998,key_press,Key.space
13.91239881515503,key_press,'d'
14.06341004371643,key_press,'d'
14.309079885482788,key_press,Key.space
14.316623210906982,mouse_move,"1173,1064"
14.535158395767212,key_press,Key.backspace
14.690838098526001,key_press,Key.backspace
14.806713104248047,key_press,Key.backspace
14.926578044891357,key_press,Key.backspace
15.293616533279419,mouse_move,"1174,1064"
15.388228178024292,mouse_move,"1174,1064"
15.445834636688232,mouse_move,"1175,1064"
15.505715131759644,key_press,'i'
15.548314809799194,mouse_move,"1176,1064"
15.573153972625732,mouse_move,"1176,1063"
15.588603973388672,mouse_move,"1176,1062"
15.650384187698364,key_press,'s'
15.723880052566528,mouse_move,"1175,1062"
15.726885080337524,key_press,Key.space
15.805545330047607,mouse_move,"1175,1063"
15.820451736450195,mouse_move,"1175,1063"
15.828627347946167,mouse_move,"1175,1064"
15.844449043273926,mouse_move,"1175,1067"
15.852628946304321,mouse_move,"1175,1067"
15.859825849533081,mouse_move,"1175,1069"
15.868339538574219,mouse_move,"1175,1070"
15.876085996627808,mouse_move,"1175,1071"
15.88463306427002,mouse_move,"1174,1071"
15.892630100250244,mouse_move,"1171,1071"
15.899909257888794,mouse_move,"1167,1070"
15.908174276351929,mouse_move,"1165,1068"
15.916196823120117,mouse_move,"1164,1066"
15.924212455749512,mouse_move,"1163,1062"
15.932633399963379,mouse_move,"1162,1061"
15.94063138961792,mouse_move,"1162,1059"
15.948632001876831,mouse_move,"1162,1057"
15.9561185836792,mouse_move,"1162,1055"
15.960098266601562,key_press,Key.space
15.964185953140259,mouse_move,"1162,1054"
15.972633838653564,mouse_move,"1162,1051"
16.006060361862183,key_press,'d'
16.012632846832275,mouse_move,"1162,1050"
16.020739316940308,mouse_move,"1163,1050"
16.02863335609436,mouse_move,"1165,1052"
16.035460710525513,mouse_move,"1167,1056"
16.044482707977295,mouse_move,"1169,1059"
16.068262338638306,mouse_move,"1170,1059"
16.092017650604248,mouse_move,"1171,1059"
16.2322518825531,key_press,'a'
16.392471075057983,key_press,Key.space
17.025845766067505,key_press,'g'
17.06881022453308,mouse_move,"1171,1059"
17.24656319618225,key_press,'o'
17.385343074798584,key_press,'o'
17.674834966659546,key_press,'d'
17.842252731323242,key_press,Key.space
18.26749324798584,key_press,'b'
18.814769506454468,key_press,'o'
18.935295820236206,key_press,'o'
19.100409030914307,mouse_move,"1171,1058"
19.116429328918457,mouse_move,"1171,1057"
19.12393808364868,mouse_move,"1171,1056"
19.14044952392578,mouse_move,"1171,1055"
19.148709774017334,mouse_move,"1171,1055"
19.16424536705017,mouse_move,"1171,1053"
19.180709838867188,mouse_move,"1171,1052"
19.188086986541748,mouse_move,"1171,1052"
19.247077226638794,key_press,'y'
19.276386260986328,mouse_move,"1171,1051"
19.420743703842163,mouse_move,"1172,1050"
19.444800853729248,mouse_move,"1172,1051"
19.456358432769775,key_press,Key.space
19.71597671508789,mouse_move,"1173,1051"
20.350011348724365,key_press,'r'
20.41032385826111,key_press,'e'
20.487138748168945,key_press,'h'
20.62231421470642,key_press,'t'
20.693222284317017,mouse_move,"1173,1052"
20.737393379211426,key_press,Key.space
20.903829336166382,key_press,'e'
21.24502444267273,key_press,Key.space
21.81025004386902,key_press,'f'
22.35691499710083,key_press,'j'
22.518488883972168,key_press,'d'
22.537601470947266,key_press,'j'
22.863424062728882,key_press,'g'
23.020312547683716,mouse_move,"1174,1053"
23.089805364608765,key_press,'g'
23.74857473373413,key_press,Key.backspace
24.626310348510742,key_press,'t'
24.726644277572632,key_press,'h'
24.874248504638672,key_press,'e'
25.40547800064087,key_press,Key.space
25.97820806503296,mouse_move,"1182,1052"
25.985238552093506,mouse_move,"1192,1049"
25.992236137390137,mouse_move,"1203,1047"
26.393617868423462,key_press,'p'
26.669170379638672,key_press,'r'
27.066819667816162,key_press,'o'
27.246273279190063,key_press,'e'
27.38279938697815,key_press,'p'
27.56335139274597,key_press,'l'
27.7738995552063,key_press,'e'
27.90224313735962,key_press,Key.space
28.14956307411194,key_press,'d'
28.374103307724,key_press,'t'
28.49457049369812,key_press,'h'
29.16338276863098,key_press,'e'
29.172351360321045,key_press,'w'
29.59417152404785,key_press,Key.space
29.976353406906128,key_press,'a'
30.282142400741577,key_press,'r'
30.482609510421753,key_press,'o'
30.702502965927124,key_press,'u'
30.905354976654053,key_press,'n'
30.992627143859863,key_press,'f'
31.143471240997314,key_press,Key.space
31.324891090393066,mouse_move,"1204,1047"
31.689858198165894,key_press,'m'
31.816247940063477,key_press,'e'
31.98588466644287,key_press,Key.space
32.528775691986084,key_press,'i'
32.69429612159729,key_press,'s'
32.87988877296448,key_press,Key.space
32.99557971954346,key_press,'a'
33.18124532699585,key_press,Key.space
33.64256048202515,key_press,Key.space
34.14534378051758,key_press,'b'
34.35563111305237,key_press,'o'
35.18575096130371,mouse_move,"1204,1047"
35.193262338638306,mouse_move,"1204,1048"
35.20764136314392,mouse_move,"1204,1048"
35.21466779708862,mouse_move,"1205,1049"
35.228219747543335,mouse_move,"1205,1050"
35.242735147476196,mouse_move,"1205,1051"
35.25012564659119,mouse_move,"1205,1051"
35.25726866722107,mouse_move,"1206,1051"
35.264296770095825,mouse_move,"1206,1052"
35.28554105758667,mouse_move,"1206,1053"
35.306392431259155,mouse_move,"1206,1053"
35.371424436569214,mouse_move,"1206,1053"
35.58566498756409,key_press,'y'
35.73272895812988,mouse_move,"1206,1053"
35.81248736381531,mouse_move,"1207,1053"
35.82911729812622,mouse_move,"1208,1053"
35.86808943748474,key_press,Key.space
36.55722713470459,mouse_move,"1208,1054"
36.665666818618774,key_press,'i'
36.90169072151184,key_press,'s'
37.04635500907898,key_press,Key.space
37.65665602684021,mouse_move,"1209,1054"
37.67044639587402,mouse_move,"1209,1054"
37.67725157737732,mouse_move,"1210,1054"
37.68476915359497,mouse_move,"1211,1054"
37.691771268844604,mouse_move,"1211,1054"
37.69908809661865,mouse_move,"1212,1054"
37.71260213851929,mouse_move,"1213,1054"
37.73472619056702,mouse_move,"1212,1054"
37.74273133277893,mouse_move,"1210,1054"
37.74976849555969,mouse_move,"1208,1054"
37.756463289260864,mouse_move,"1203,1054"
37.763431787490845,mouse_move,"1200,1054"
37.77107071876526,mouse_move,"1197,1054"
37.77781820297241,mouse_move,"1193,1053"
37.78438925743103,mouse_move,"1191,1051"
37.791388511657715,mouse_move,"1189,1050"
37.82156038284302,mouse_move,"1193,1048"
37.8285026550293,mouse_move,"1199,1045"
37.83485746383667,mouse_move,"1211,1043"
37.8554413318634,mouse_move,"1212,1042"
37.86244225502014,mouse_move,"1212,1042"
37.869566679000854,mouse_move,"1215,1041"
37.876715660095215,mouse_move,"1217,1040"
37.88375496864319,mouse_move,"1219,1039"
37.89076113700867,mouse_move,"1227,1039"
37.89778518676758,mouse_move,"1229,1038"
37.905476570129395,mouse_move,"1232,1038"
37.91167736053467,mouse_move,"1238,1037"
37.918763637542725,mouse_move,"1246,1037"
37.925811529159546,mouse_move,"1250,1036"
37.9333553314209,mouse_move,"1257,1034"
37.94036626815796,mouse_move,"1261,1034"
37.94781732559204,mouse_move,"1264,1034"
37.954334020614624,mouse_move,"1266,1033"
37.961333990097046,mouse_move,"1269,1033"
37.968605518341064,mouse_move,"1271,1033"
37.975725173950195,mouse_move,"1272,1033"
37.98363399505615,mouse_move,"1273,1033"
37.99063205718994,mouse_move,"1275,1033"
37.99764156341553,mouse_move,"1276,1033"
38.00064563751221,key_press,'d'
38.442511558532715,key_press,'o'
38.649476528167725,key_press,'n'
38.85014367103577,key_press,'k'
39.32539343833923,mouse_move,"1277,1033"
39.331443309783936,key_press,'e'
39.36445736885071,mouse_move,"1277,1031"
39.37245726585388,mouse_move,"1278,1031"
39.40519976615906,mouse_move,"1278,1030"
39.43663692474365,mouse_move,"1278,1029"
39.72455072402954,key_press,'y'
39.96442914009094,mouse_move,"1278,1028"
40.27270174026489,key_press,'s'
40.28177046775818,key_press,'d'
40.30739402770996,key_press,'y'
40.40863871574402,key_press,'f'
40.47684097290039,mouse_move,"1279,1028"
40.524606227874756,mouse_move,"1280,1028"
40.62911796569824,mouse_move,"1280,1028"
40.67688059806824,mouse_move,"1282,1028"
40.68133282661438,key_press,'f'
40.70043158531189,mouse_move,"1283,1028"
40.77645707130432,key_press,'s'
40.78045725822449,mouse_move,"1283,1028"
40.78696417808533,key_press,'d'
40.81695294380188,key_press,'h'
40.8694486618042,mouse_move,"1284,1028"
40.87245488166809,key_press,'f'
40.876554012298584,mouse_move,"1285,1028"
40.952701568603516,key_press,'s'
40.98063015937805,mouse_move,"1285,1027"
41.013237953186035,mouse_move,"1285,1026"
41.0332133769989,key_press,'f'
41.04473042488098,mouse_move,"1286,1026"
41.81325817108154,mouse_move,"1287,1025"
42.66951560974121,mouse_move,"1287,1024"
42.965312480926514,mouse_move,"1288,1024"
42.97306251525879,mouse_move,"1293,1023"
42.98106646537781,mouse_move,"1303,1015"
42.98910093307495,mouse_move,"1305,1013"
42.99739718437195,mouse_move,"1313,1010"
43.00509166717529,mouse_move,"1319,1007"
43.01309370994568,mouse_move,"1324,1007"
43.02128624916077,mouse_move,"1328,1007"
43.028730630874634,mouse_move,"1331,1007"
43.03724145889282,mouse_move,"1334,1007"
43.04525065422058,mouse_move,"1335,1007"
43.061012268066406,mouse_move,"1337,1007"
43.069289207458496,mouse_move,"1337,1007"
44.19047498703003,key_press,'t'
44.327258348464966,key_press,'h'
44.49980545043945,key_press,'e'
44.947569847106934,key_press,Key.space
45.221659660339355,mouse_move,"1338,1007"
45.488128662109375,key_press,'p'
45.745872020721436,key_press,'e'
45.91014552116394,key_press,'o'
46.122029542922974,key_press,'p'
46.333016872406006,key_press,'l'
46.463404178619385,key_press,'e'
46.63417601585388,key_press,Key.space
47.115007162094116,key_press,'i'
47.40579605102539,key_press,'d'
47.70185303688049,key_press,Key.space
48.08402729034424,key_press,'s'
48.419742822647095,key_press,'a'
48.45011258125305,key_press,'b'
48.75106477737427,key_press,Key.space
49.45305395126343,mouse_move,"1339,1007"
49.51716446876526,mouse_move,"1340,1007"
49.949249267578125,mouse_move,"1342,1006"
50.46898341178894,mouse_move,"1343,1006"
50.51772212982178,mouse_move,"1343,1006"
50.685189962387085,mouse_move,"1345,1006"
50.70147204399109,mouse_move,"1347,1006"
50.708975315093994,mouse_move,"1353,1005"
50.717071771621704,mouse_move,"1354,1005"
50.725473165512085,mouse_move,"1355,1004"
50.90933704376221,mouse_move,"1356,1004"
50.91684579849243,mouse_move,"1357,1004"
50.941218852996826,mouse_move,"1359,1004"
51.07666993141174,mouse_move,"1360,1004"
51.60566306114197,key_press,'a'
52.05791354179382,key_press,'b'
52.141080379486084,mouse_move,"1361,1003"
52.29881834983826,key_press,'h'
52.47372031211853,key_press,'i'
52.730061531066895,key_press,'r'
53.01614189147949,key_press,'a'
53.25288462638855,key_press,'m'
53.428075075149536,key_press,Key.space
54.008883476257324,mouse_move,"1361,1003"
54.01590967178345,mouse_move,"1362,1003"
54.02304434776306,mouse_move,"1363,1003"
54.08060693740845,mouse_move,"1363,1002"
54.08714938163757,mouse_move,"1364,999"
54.09417986869812,mouse_move,"1364,997"
54.10175347328186,mouse_move,"1364,994"
54.108962059020996,mouse_move,"1364,990"
54.11599636077881,mouse_move,"1364,988"
54.12299633026123,mouse_move,"1364,985"
54.1316282749176,mouse_move,"1363,983"
54.13813829421997,mouse_move,"1363,982"
54.14574337005615,mouse_move,"1362,980"
54.15176749229431,mouse_move,"1361,978"
54.15979337692261,mouse_move,"1361,977"
54.167309284210205,mouse_move,"1360,975"
54.17490077018738,mouse_move,"1360,974"
54.18124485015869,mouse_move,"1358,973"
54.1882700920105,mouse_move,"1357,973"
54.19622564315796,mouse_move,"1357,972"
54.20291066169739,mouse_move,"1357,971"
54.21742510795593,mouse_move,"1356,970"
54.23089909553528,mouse_move,"1355,970"
54.2379310131073,mouse_move,"1355,970"
54.25927400588989,mouse_move,"1355,969"
54.309404134750366,mouse_move,"1354,969"
54.316930294036865,mouse_move,"1354,969"
54.323975801467896,mouse_move,"1353,970"
54.330742835998535,mouse_move,"1352,972"
54.33828639984131,mouse_move,"1350,974"
54.34579658508301,mouse_move,"1349,975"
54.352710247039795,mouse_move,"1349,975"
54.36025428771973,mouse_move,"1347,975"
54.36677098274231,mouse_move,"1347,976"
54.38017153739929,mouse_move,"1346,977"
54.39341449737549,mouse_move,"1346,978"
54.42795729637146,mouse_move,"1343,979"
54.50182127952576,key_press,'h'
54.74930477142334,key_press,'a'
54.89577007293701,key_press,Key.backspace
55.32155132293701,key_press,'n'
55.45783472061157,key_press,'a'
55.62170743942261,mouse_move,"1343,979"
55.75541543960571,key_press,'d'
55.899864196777344,key_press,Key.space
56.273279666900635,key_press,'h'
56.46000003814697,key_press,'e'
56.64102840423584,key_press,Key.space
57.18914198875427,key_press,'i'
57.4691059589386,key_press,'d'
57.69794011116028,key_press,Key.space
58.287757873535156,key_press,'a'
58.51848602294922,key_press,Key.space
59.943938970565796,key_press,'a'
60.11965322494507,key_press,'m'
60.30636525154114,key_press,'a'
60.59776735305786,key_press,'c'
60.8583767414093,key_press,'o'
61.10031509399414,key_press,'n'
61.440890312194824,key_press,'g'
61.58112597465515,key_press,Key.space
61.94222974777222,key_press,'n'
62.0753071308136,key_press,'a'
62.22070384025574,key_press,'m'
62.35320019721985,key_press,'e'
62.55647921562195,key_press,Key.space
63.48061728477478,key_press,'h'
63.79320788383484,key_press,'e'
63.96089172363281,key_press,Key.space
64.1167345046997,key_press,'a'
64.38800430297852,key_press,'i'
64.50794219970703,key_press,'s'
64.68833231925964,key_press,Key.space
64.91429924964905,key_press,'d'
64.96720218658447,key_press,'s'
65.33197546005249,key_press,'d'
65.48678302764893,key_press,'o'
65.62738800048828,key_press,'s'
65.7917423248291,key_press,Key.space
65.99829816818237,key_press,'a'
66.57070183753967,key_press,'s'
66.78739809989929,key_press,'e'
67.10803031921387,key_press,'x'
67.35787677764893,mouse_move,"1343,979"
67.36552405357361,mouse_move,"1343,978"
67.38116574287415,mouse_move,"1343,977"
67.3890905380249,mouse_move,"1343,976"
67.39711403846741,mouse_move,"1343,975"
67.40550565719604,mouse_move,"1343,974"
67.41302847862244,mouse_move,"1344,972"
67.41420435905457,key_press,'y'
67.46182560920715,mouse_move,"1345,971"
67.50108742713928,mouse_move,"1345,970"
67.53319334983826,mouse_move,"1347,970"
67.54188013076782,mouse_move,"1347,970"
67.61008191108704,key_press,Key.space
68.68698620796204,key_press,Key.ctrl_l
68.97772431373596,key_press,'\x03'
0.06351566314697266,key_press,Key.alt_l
0.16107630729675293,key_press,Key.tab
2.159982919692993,key_press,Key.shift
2.2962594032287598,key_press,'A'
2.4610965251922607,key_press,'i'
2.7383317947387695,key_press,Key.space
3.769364356994629,mouse_move,"1269,1094"
3.776493787765503,mouse_move,"1231,1096"
3.7832629680633545,mouse_move,"1190,1098"
3.790287494659424,mouse_move,"1145,1100"
3.7977006435394287,mouse_move,"1097,1100"
3.8043925762176514,mouse_move,"1046,1102"
3.8113937377929688,mouse_move,"992,1102"
3.8186233043670654,mouse_move,"940,1105"
3.826235771179199,mouse_move,"889,1107"
3.8332669734954834,mouse_move,"838,1109"
3.8402678966522217,mouse_move,"793,1111"
3.8475406169891357,mouse_move,"745,1113"
3.855056047439575,mouse_move,"703,1118"
3.862056255340576,mouse_move,"665,1120"
3.8688437938690186,mouse_move,"626,1124"
3.875361680984497,mouse_move,"598,1125"
3.883389711380005,mouse_move,"570,1127"
3.8900861740112305,mouse_move,"550,1130"
3.897043228149414,mouse_move,"534,1131"
3.9040660858154297,mouse_move,"519,1134"
3.911780595779419,mouse_move,"507,1136"
3.9182896614074707,mouse_move,"497,1137"
3.925312042236328,mouse_move,"490,1138"
3.932589054107666,mouse_move,"482,1140"
3.939659833908081,mouse_move,"477,1140"
3.9471702575683594,mouse_move,"473,1142"
3.954202651977539,mouse_move,"470,1143"
3.961202621459961,mouse_move,"468,1144"
3.968502998352051,mouse_move,"464,1146"
3.975975513458252,mouse_move,"461,1148"
3.9819767475128174,mouse_move,"455,1151"
3.989607334136963,mouse_move,"450,1155"
3.997121810913086,mouse_move,"442,1159"
4.00414514541626,mouse_move,"433,1162"
4.0111494064331055,mouse_move,"423,1166"
4.01857328414917,mouse_move,"412,1170"
4.0256452560424805,mouse_move,"400,1173"
4.032154321670532,mouse_move,"388,1174"
4.039157390594482,mouse_move,"378,1176"
4.046746492385864,mouse_move,"370,1176"
4.053263187408447,mouse_move,"363,1176"
4.060334205627441,mouse_move,"359,1176"
4.067359685897827,mouse_move,"356,1176"
4.075289487838745,mouse_move,"353,1175"
4.082265853881836,mouse_move,"351,1174"
4.089422225952148,mouse_move,"349,1174"
4.096441268920898,mouse_move,"349,1173"
4.1039605140686035,mouse_move,"348,1173"
4.110771179199219,mouse_move,"348,1172"
4.138946294784546,mouse_move,"348,1172"
4.160466194152832,mouse_move,"348,1171"
4.166977405548096,mouse_move,"348,1169"
4.174998998641968,mouse_move,"349,1167"
4.181304693222046,mouse_move,"351,1163"
4.188528776168823,mouse_move,"353,1160"
4.195533752441406,mouse_move,"355,1155"
4.203015089035034,mouse_move,"357,1150"
4.210015773773193,mouse_move,"360,1146"
4.2174601554870605,mouse_move,"362,1142"
4.223942518234253,mouse_move,"365,1138"
4.231946229934692,mouse_move,"367,1135"
4.239025354385376,mouse_move,"371,1131"
4.245306968688965,mouse_move,"376,1127"
4.252426385879517,mouse_move,"379,1123"
4.259433269500732,mouse_move,"383,1121"
4.2669432163238525,mouse_move,"388,1118"
4.274156332015991,mouse_move,"390,1115"
4.281407594680786,mouse_move,"395,1113"
4.288422107696533,mouse_move,"396,1111"
4.2950568199157715,mouse_move,"399,1109"
4.3027894496917725,mouse_move,"401,1107"
4.309612989425659,mouse_move,"403,1106"
4.3171374797821045,mouse_move,"403,1106"
4.324084043502808,mouse_move,"404,1105"
4.331089496612549,mouse_move,"404,1104"
4.338397026062012,mouse_move,"405,1104"
4.3523499965667725,mouse_move,"405,1104"
4.359037160873413,mouse_move,"405,1104"
4.3945910930633545,mouse_move,"405,1104"
4.402330636978149,mouse_move,"405,1104"
4.415904521942139,mouse_move,"403,1103"
4.423918962478638,mouse_move,"403,1103"
4.4307873249053955,mouse_move,"401,1103"
4.437308073043823,mouse_move,"399,1103"
4.4453346729278564,mouse_move,"396,1103"
4.452108144760132,mouse_move,"392,1103"
4.459315299987793,mouse_move,"389,1103"
4.465859413146973,mouse_move,"387,1103"
4.473373174667358,mouse_move,"384,1102"
4.480030536651611,mouse_move,"381,1102"
4.487133502960205,mouse_move,"380,1102"
4.494156122207642,mouse_move,"377,1102"
4.5011560916900635,mouse_move,"376,1102"
4.509057283401489,mouse_move,"375,1102"
4.51622200012207,mouse_move,"373,1102"
4.523250579833984,mouse_move,"373,1102"
4.530386924743652,mouse_move,"372,1102"
4.537279367446899,mouse_move,"371,1102"
4.5443034172058105,mouse_move,"370,1102"
4.551907062530518,mouse_move,"370,1102"
4.558439016342163,mouse_move,"370,1103"
4.565331220626831,mouse_move,"369,1103"
4.579360246658325,mouse_move,"368,1103"
4.616008281707764,mouse_move,"368,1103"
4.707663536071777,mouse_move,"368,1103"
4.900094509124756,mouse_click,Button.left
6.123436212539673,key_press,Key.alt_l
6.2208263874053955,key_press,Key.tab
8.227837800979614,mouse_move,"377,1088"
8.235210418701172,mouse_move,"394,1069"
8.242543458938599,mouse_move,"415,1039"
8.249622821807861,mouse_move,"438,1005"
8.256138563156128,mouse_move,"461,971"
8.263772964477539,mouse_move,"491,933"
8.270780563354492,mouse_move,"519,886"
8.27828860282898,mouse_move,"549,842"
8.285091876983643,mouse_move,"579,797"
8.29259967803955,mouse_move,"609,756"
8.299488067626953,mouse_move,"638,715"
8.306785583496094,mouse_move,"667,680"
8.313822031021118,mouse_move,"692,649"
8.32090139389038,mouse_move,"717,617"
8.327972173690796,mouse_move,"738,595"
8.334548234939575,mouse_move,"756,573"
8.342547416687012,mouse_move,"772,557"
8.34894347190857,mouse_move,"787,544"
8.356318950653076,mouse_move,"800,532"
8.363486766815186,mouse_move,"811,523"
8.370364427566528,mouse_move,"820,516"
8.3775475025177,mouse_move,"829,510"
8.38465166091919,mouse_move,"835,505"
8.392429828643799,mouse_move,"842,501"
8.399435043334961,mouse_move,"848,499"
8.406463861465454,mouse_move,"854,495"
8.413943529129028,mouse_move,"857,494"
8.42093825340271,mouse_move,"860,494"
8.427327871322632,mouse_move,"864,493"
8.434837341308594,mouse_move,"867,492"
8.442361831665039,mouse_move,"870,491"
8.44936990737915,mouse_move,"872,491"
8.45639181137085,mouse_move,"875,491"
8.463413715362549,mouse_move,"878,489"
8.470807790756226,mouse_move,"880,489"
8.478048324584961,mouse_move,"883,488"
8.484704494476318,mouse_move,"886,487"
8.49221682548523,mouse_move,"888,486"
8.499221801757812,mouse_move,"889,484"
8.50658392906189,mouse_move,"892,483"
8.513784408569336,mouse_move,"894,480"
8.520835876464844,mouse_move,"896,478"
8.52834439277649,mouse_move,"899,474"
8.535196542739868,mouse_move,"901,470"
8.542199850082397,mouse_move,"906,462"
8.549380540847778,mouse_move,"910,453"
8.556471109390259,mouse_move,"914,444"
8.56398057937622,mouse_move,"916,432"
8.570977926254272,mouse_move,"919,422"
8.578487396240234,mouse_move,"922,412"
8.584985971450806,mouse_move,"924,401"
8.592491149902344,mouse_move,"927,388"
8.59949541091919,mouse_move,"928,376"
8.606659889221191,mouse_move,"931,364"
8.613703489303589,mouse_move,"932,352"
8.62070918083191,mouse_move,"932,341"
8.627830982208252,mouse_move,"933,332"
8.635346412658691,mouse_move,"935,323"
8.64234471321106,mouse_move,"935,317"
8.649455308914185,mouse_move,"935,311"
8.655959129333496,mouse_move,"935,306"
8.6634681224823,mouse_move,"935,302"
8.670467853546143,mouse_move,"936,299"
8.67749547958374,mouse_move,"936,295"
8.685002565383911,mouse_move,"937,291"
8.692519903182983,mouse_move,"937,288"
8.699524879455566,mouse_move,"937,286"
8.706029891967773,mouse_move,"937,284"
8.713541030883789,mouse_move,"937,283"
8.72090482711792,mouse_move,"937,281"
8.727418184280396,mouse_move,"937,279"
8.734928369522095,mouse_move,"937,279"
8.74243426322937,mouse_move,"937,278"
8.749449253082275,mouse_move,"937,277"
8.755956172943115,mouse_move,"937,276"
8.763473272323608,mouse_move,"937,276"
8.777517080307007,mouse_move,"937,274"
8.7845458984375,mouse_move,"937,274"
8.79154634475708,mouse_move,"937,272"
8.799585819244385,mouse_move,"935,270"
8.806046962738037,mouse_move,"934,269"
8.813556671142578,mouse_move,"932,266"
8.820669174194336,mouse_move,"930,262"
8.828181028366089,mouse_move,"928,259"
8.834685325622559,mouse_move,"927,256"
8.84218692779541,mouse_move,"925,253"
8.849191665649414,mouse_move,"924,251"
8.856696844100952,mouse_move,"922,248"
8.863212585449219,mouse_move,"921,245"
8.870211839675903,mouse_move,"920,243"
8.877273797988892,mouse_move,"919,241"
8.8847815990448,mouse_move,"918,239"
8.892288446426392,mouse_move,"918,237"
8.899294137954712,mouse_move,"917,235"
8.906801223754883,mouse_move,"917,234"
8.91384220123291,mouse_move,"916,232"
8.920847415924072,mouse_move,"915,231"
8.928362131118774,mouse_move,"915,231"
8.93487000465393,mouse_move,"915,230"
8.949379682540894,mouse_move,"915,229"
10.581395626068115,mouse_move,"910,229"
10.588582754135132,mouse_move,"903,229"
10.595623016357422,mouse_move,"896,229"
10.603651285171509,mouse_move,"889,229"
10.610473394393921,mouse_move,"881,229"
10.617684364318848,mouse_move,"874,229"
10.624215126037598,mouse_move,"867,229"
10.631785154342651,mouse_move,"859,229"
10.639185905456543,mouse_move,"852,229"
10.646213054656982,mouse_move,"847,228"
10.653242111206055,mouse_move,"842,228"
10.659683465957642,mouse_move,"836,227"
10.667347431182861,mouse_move,"831,227"
10.673738956451416,mouse_move,"827,227"
10.68074369430542,mouse_move,"823,226"
10.68867301940918,mouse_move,"820,226"
10.695704936981201,mouse_move,"817,225"
10.70322060585022,mouse_move,"814,225"
10.709450960159302,mouse_move,"813,225"
10.716567516326904,mouse_move,"811,225"
10.72368335723877,mouse_move,"809,225"
10.73068904876709,mouse_move,"809,225"
10.73821210861206,mouse_move,"808,225"
10.745160579681396,mouse_move,"807,225"
10.752663612365723,mouse_move,"807,225"
10.766873836517334,mouse_move,"806,225"
10.788289785385132,mouse_move,"805,225"
10.80256199836731,mouse_move,"805,225"
10.902462244033813,mouse_move,"805,225"
10.90855622291565,mouse_move,"806,225"
10.916562795639038,mouse_move,"809,225"
10.923096418380737,mouse_move,"814,225"
10.930357217788696,mouse_move,"819,226"
10.937380075454712,mouse_move,"826,226"
10.944791555404663,mouse_move,"833,228"
10.950797319412231,mouse_move,"840,229"
10.958309173583984,mouse_move,"849,229"
10.96556043624878,mouse_move,"857,229"
10.973191261291504,mouse_move,"864,230"
10.980348110198975,mouse_move,"871,231"
10.98746132850647,mouse_move,"878,232"
10.994495868682861,mouse_move,"883,232"
11.001493692398071,mouse_move,"887,232"
11.008259773254395,mouse_move,"890,232"
11.015949010848999,mouse_move,"892,232"
11.022459983825684,mouse_move,"895,232"
11.029466152191162,mouse_move,"896,233"
11.03731083869934,mouse_move,"897,233"
11.044339656829834,mouse_move,"898,233"
11.058579206466675,mouse_move,"898,234"
11.06564211845398,mouse_move,"899,234"
11.115413904190063,mouse_move,"899,234"
11.122413635253906,mouse_move,"898,234"
11.12997317314148,mouse_move,"897,235"
11.13614559173584,mouse_move,"896,235"
11.143409490585327,mouse_move,"894,236"
11.151089191436768,mouse_move,"893,236"
11.157597541809082,mouse_move,"891,237"
11.165106534957886,mouse_move,"889,237"
11.172420740127563,mouse_move,"887,238"
11.179546356201172,mouse_move,"885,238"
11.186580181121826,mouse_move,"882,238"
11.193605661392212,mouse_move,"880,239"
11.200927734375,mouse_move,"877,239"
11.207328796386719,mouse_move,"875,239"
11.215356349945068,mouse_move,"874,239"
11.222355842590332,mouse_move,"871,239"
11.228803396224976,mouse_move,"869,239"
11.236695051193237,mouse_move,"868,239"
11.243210792541504,mouse_move,"867,239"
11.250209331512451,mouse_move,"865,238"
11.25783658027649,mouse_move,"864,238"
11.265230178833008,mouse_move,"862,237"
11.272237062454224,mouse_move,"861,237"
11.279169082641602,mouse_move,"860,236"
11.286170244216919,mouse_move,"859,236"
11.300856113433838,mouse_move,"858,236"
11.32246208190918,mouse_move,"857,236"
11.378873348236084,mouse_move,"857,235"
11.521330118179321,mouse_move,"857,234"
12.06796669960022,mouse_move,"855,239"
12.07547378540039,mouse_move,"851,246"
12.082475185394287,mouse_move,"849,254"
12.090116024017334,mouse_move,"845,261"
12.097153663635254,mouse_move,"843,267"
12.10417890548706,mouse_move,"838,273"
12.111231803894043,mouse_move,"836,277"
12.11824369430542,mouse_move,"833,281"
12.124773740768433,mouse_move,"828,286"
12.132197618484497,mouse_move,"825,290"
12.139203786849976,mouse_move,"821,293"
12.146438837051392,mouse_move,"818,296"
12.153946161270142,mouse_move,"813,299"
12.160947561264038,mouse_move,"809,301"
12.168327808380127,mouse_move,"805,305"
12.175354242324829,mouse_move,"799,307"
12.182354927062988,mouse_move,"794,309"
12.189491271972656,mouse_move,"787,310"
12.197056531906128,mouse_move,"779,314"
12.204080581665039,mouse_move,"772,315"
12.210777044296265,mouse_move,"764,316"
12.217323064804077,mouse_move,"755,319"
12.22502326965332,mouse_move,"746,319"
12.232115268707275,mouse_move,"736,320"
12.238753080368042,mouse_move,"728,320"
12.246271848678589,mouse_move,"721,320"
12.25329875946045,mouse_move,"714,319"
12.260333061218262,mouse_move,"707,318"
12.267695665359497,mouse_move,"703,317"
12.274211406707764,mouse_move,"699,316"
12.281211614608765,mouse_move,"695,314"
12.28845477104187,mouse_move,"691,310"
12.295571088790894,mouse_move,"688,308"
12.303088426589966,mouse_move,"685,303"
12.310089349746704,mouse_move,"681,297"
12.31746244430542,mouse_move,"679,292"
12.323501586914062,mouse_move,"676,286"
12.331010341644287,mouse_move,"674,280"
12.338531017303467,mouse_move,"672,273"
12.345916032791138,mouse_move,"671,268"
12.352424621582031,mouse_move,"670,261"
12.359431266784668,mouse_move,"667,255"
12.367216348648071,mouse_move,"666,250"
12.374250888824463,mouse_move,"665,246"
12.381250619888306,mouse_move,"663,242"
12.38856029510498,mouse_move,"663,238"
12.395325899124146,mouse_move,"661,236"
12.402328491210938,mouse_move,"661,233"
12.410069942474365,mouse_move,"661,232"
12.416566371917725,mouse_move,"660,230"
12.424094676971436,mouse_move,"659,229"
12.431105136871338,mouse_move,"659,229"
12.438131332397461,mouse_move,"658,228"
12.445411205291748,mouse_move,"658,227"
12.459442377090454,mouse_move,"658,227"
12.4734046459198,mouse_move,"657,227"
12.495110988616943,mouse_move,"657,226"
12.538052558898926,mouse_move,"657,225"
12.559189319610596,mouse_move,"656,224"
12.573459386825562,mouse_move,"655,224"
12.580543279647827,mouse_move,"655,223"
12.587255477905273,mouse_move,"655,221"
12.594534873962402,mouse_move,"654,221"
12.601833820343018,mouse_move,"653,220"
12.608891010284424,mouse_move,"652,218"
12.623526334762573,mouse_move,"652,218"
12.629698038101196,mouse_move,"652,217"
12.637349605560303,mouse_move,"651,217"
12.65875768661499,mouse_move,"651,216"
12.686514854431152,mouse_move,"651,216"
12.69354248046875,mouse_move,"651,215"
12.70137071609497,mouse_move,"654,215"
12.708268165588379,mouse_move,"658,214"
12.715291976928711,mouse_move,"663,213"
12.722692012786865,mouse_move,"672,213"
12.730009317398071,mouse_move,"682,212"
12.736520051956177,mouse_move,"692,212"
12.743621826171875,mouse_move,"704,212"
12.750473260879517,mouse_move,"717,213"
12.758321523666382,mouse_move,"730,215"
12.764564752578735,mouse_move,"744,217"
12.772069215774536,mouse_move,"756,219"
12.779571533203125,mouse_move,"766,221"
12.786172151565552,mouse_move,"776,222"
12.793201684951782,mouse_move,"785,224"
12.800200939178467,mouse_move,"792,225"
12.807614803314209,mouse_move,"797,225"
12.815125465393066,mouse_move,"801,225"
12.822514772415161,mouse_move,"806,226"
12.828879594802856,mouse_move,"810,226"
12.836391925811768,mouse_move,"813,226"
12.84362268447876,mouse_move,"816,226"
12.850629091262817,mouse_move,"819,226"
12.857141256332397,mouse_move,"821,226"
12.864927291870117,mouse_move,"824,226"
12.871377944946289,mouse_move,"826,226"
12.878389120101929,mouse_move,"827,226"
12.886415719985962,mouse_move,"830,226"
12.893238067626953,mouse_move,"833,226"
12.899890899658203,mouse_move,"834,226"
12.907410144805908,mouse_move,"837,225"
12.914438724517822,mouse_move,"839,224"
12.921788930892944,mouse_move,"841,223"
12.928812742233276,mouse_move,"843,223"
12.935323238372803,mouse_move,"847,222"
12.943132400512695,mouse_move,"850,221"
12.949669599533081,mouse_move,"853,221"
12.956777811050415,mouse_move,"854,219"
12.964292287826538,mouse_move,"857,218"
12.971292972564697,mouse_move,"858,218"
12.978351593017578,mouse_move,"859,217"
12.985471725463867,mouse_move,"860,216"
12.992473840713501,mouse_move,"861,216"
12.99950623512268,mouse_move,"861,216"
13.013638496398926,mouse_move,"862,216"
13.312463760375977,mouse_move,"862,216"
14.007417678833008,mouse_move,"862,217"
14.014658451080322,mouse_move,"861,220"
14.020662307739258,mouse_move,"860,224"
14.029193639755249,mouse_move,"859,228"
14.036384105682373,mouse_move,"858,229"
14.04342007637024,mouse_move,"857,232"
14.050419092178345,mouse_move,"856,235"
14.057797908782959,mouse_move,"855,238"
14.06431531906128,mouse_move,"854,239"
14.072314023971558,mouse_move,"853,242"
14.079814195632935,mouse_move,"853,244"
14.086359024047852,mouse_move,"851,245"
14.093069076538086,mouse_move,"850,246"
14.100500583648682,mouse_move,"849,248"
14.108011484146118,mouse_move,"846,250"
14.115200519561768,mouse_move,"845,251"
14.12220573425293,mouse_move,"843,252"
14.129364013671875,mouse_move,"841,253"
14.136424541473389,mouse_move,"839,254"
14.143211841583252,mouse_move,"838,255"
14.150423526763916,mouse_move,"836,256"
14.157447338104248,mouse_move,"834,258"
14.16501259803772,mouse_move,"832,259"
14.172155618667603,mouse_move,"830,259"
14.17916202545166,mouse_move,"827,259"
14.186185598373413,mouse_move,"825,260"
14.193039894104004,mouse_move,"824,261"
14.200721502304077,mouse_move,"822,262"
14.207315444946289,mouse_move,"819,262"
14.215153694152832,mouse_move,"818,263"
14.222333908081055,mouse_move,"816,264"
14.22936487197876,mouse_move,"813,264"
14.23639726638794,mouse_move,"812,265"
14.243142127990723,mouse_move,"809,265"
14.250797033309937,mouse_move,"807,265"
14.257416486740112,mouse_move,"806,266"
14.264538764953613,mouse_move,"804,266"
14.272043228149414,mouse_move,"802,267"
14.279540538787842,mouse_move,"800,268"
14.286050081253052,mouse_move,"799,268"
14.29356050491333,mouse_move,"797,269"
14.300783157348633,mouse_move,"796,269"
14.307870864868164,mouse_move,"795,269"
14.314381837844849,mouse_move,"793,270"
14.322073698043823,mouse_move,"792,270"
14.328998804092407,mouse_move,"789,271"
14.336512327194214,mouse_move,"787,271"
14.343597888946533,mouse_move,"786,271"
14.350811958312988,mouse_move,"784,272"
14.357522010803223,mouse_move,"782,272"
14.364551782608032,mouse_move,"782,273"
14.37222146987915,mouse_move,"781,273"
14.37925410270691,mouse_move,"779,273"
14.386282444000244,mouse_move,"779,273"
14.393669605255127,mouse_move,"777,274"
14.400675296783447,mouse_move,"776,274"
14.407184362411499,mouse_move,"775,274"
14.41508936882019,mouse_move,"774,274"
14.42209506034851,mouse_move,"773,274"
14.428627252578735,mouse_move,"773,274"
14.43674635887146,mouse_move,"772,274"
14.443262815475464,mouse_move,"771,275"
14.450259923934937,mouse_move,"771,275"
14.457906484603882,mouse_move,"770,275"
14.46451711654663,mouse_move,"769,275"
14.472028255462646,mouse_move,"769,275"
14.493108034133911,mouse_move,"768,275"
14.929381608963013,mouse_move,"769,279"
14.936396360397339,mouse_move,"772,282"
14.943870067596436,mouse_move,"775,285"
14.9508695602417,mouse_move,"778,287"
14.95837926864624,mouse_move,"780,290"
14.965373277664185,mouse_move,"783,293"
14.972123146057129,mouse_move,"786,296"
14.979175090789795,mouse_move,"788,299"
14.98679494857788,mouse_move,"790,301"
14.993316888809204,mouse_move,"791,302"
15.001316547393799,mouse_move,"793,304"
15.007671594619751,mouse_move,"795,306"
15.015580415725708,mouse_move,"797,308"
15.022465467453003,mouse_move,"798,309"
15.029493808746338,mouse_move,"800,311"
15.036585330963135,mouse_move,"802,313"
15.043990135192871,mouse_move,"804,315"
15.050999164581299,mouse_move,"806,316"
15.058516025543213,mouse_move,"807,318"
15.064813137054443,mouse_move,"809,319"
15.07232141494751,mouse_move,"811,321"
15.079325437545776,mouse_move,"812,323"
15.086786270141602,mouse_move,"813,324"
15.093266725540161,mouse_move,"814,325"
15.100266933441162,mouse_move,"816,326"
15.107638120651245,mouse_move,"817,327"
15.115156412124634,mouse_move,"817,328"
15.122155666351318,mouse_move,"818,329"
15.136493921279907,mouse_move,"819,331"
15.14393424987793,mouse_move,"820,332"
15.150712966918945,mouse_move,"821,333"
15.158226490020752,mouse_move,"821,334"
15.164784669876099,mouse_move,"822,335"
15.172241449356079,mouse_move,"823,336"
15.179299354553223,mouse_move,"824,338"
15.186984300613403,mouse_move,"825,338"
15.193514823913574,mouse_move,"826,339"
15.200514554977417,mouse_move,"827,341"
15.20824122428894,mouse_move,"828,343"
15.215418338775635,mouse_move,"829,344"
15.222419023513794,mouse_move,"830,345"
15.229796409606934,mouse_move,"831,347"
15.236307382583618,mouse_move,"832,348"
15.24365496635437,mouse_move,"833,350"
15.25076699256897,mouse_move,"835,351"
15.258527040481567,mouse_move,"835,352"
15.265549898147583,mouse_move,"837,353"
15.27249789237976,mouse_move,"838,355"
15.279525518417358,mouse_move,"838,356"
15.286563396453857,mouse_move,"839,357"
15.294249534606934,mouse_move,"840,358"
15.301127433776855,mouse_move,"840,359"
15.30832576751709,mouse_move,"841,359"
15.315377473831177,mouse_move,"841,361"
15.322574377059937,mouse_move,"841,362"
15.329602241516113,mouse_move,"842,363"
15.337119340896606,mouse_move,"842,364"
15.343966245651245,mouse_move,"843,365"
15.350884914398193,mouse_move,"843,366"
15.357946634292603,mouse_move,"843,367"
15.365456819534302,mouse_move,"843,368"
15.37209701538086,mouse_move,"843,369"
15.3791184425354,mouse_move,"843,370"
15.386210441589355,mouse_move,"843,371"
15.39323902130127,mouse_move,"843,372"
15.401339769363403,mouse_move,"843,373"
15.40821123123169,mouse_move,"843,375"
15.415238618850708,mouse_move,"843,377"
15.422579050064087,mouse_move,"843,378"
15.429616451263428,mouse_move,"843,380"
15.4366295337677,mouse_move,"843,382"
15.443280696868896,mouse_move,"843,382"
15.45064663887024,mouse_move,"843,383"
15.458170890808105,mouse_move,"843,385"
15.46519660949707,mouse_move,"842,385"
15.472639799118042,mouse_move,"842,385"
15.479649305343628,mouse_move,"842,386"
15.486167430877686,mouse_move,"842,387"
15.507885456085205,mouse_move,"842,388"
15.515400648117065,mouse_move,"842,388"
15.522401571273804,mouse_move,"842,389"
15.536431789398193,mouse_move,"842,390"
15.543483972549438,mouse_move,"842,391"
15.551127910614014,mouse_move,"842,392"
15.557504892349243,mouse_move,"842,393"
15.572469234466553,mouse_move,"842,393"
15.586586236953735,mouse_move,"842,394"
15.594095706939697,mouse_move,"842,395"
15.644136905670166,mouse_move,"842,395"
15.65764856338501,mouse_move,"842,396"
15.665163040161133,mouse_move,"841,396"
15.672165155410767,mouse_move,"841,397"
15.679594278335571,mouse_move,"841,398"
15.686142444610596,mouse_move,"841,398"
15.69417142868042,mouse_move,"841,400"
15.701016902923584,mouse_move,"841,401"
15.707527160644531,mouse_move,"841,401"
15.722182512283325,mouse_move,"841,402"
15.743301630020142,mouse_move,"841,403"
15.786641359329224,mouse_move,"841,403"
15.807657241821289,mouse_move,"841,404"
15.822275400161743,mouse_move,"840,405"
15.829281091690063,mouse_move,"840,405"
15.836822509765625,mouse_move,"840,406"
15.84333872795105,mouse_move,"839,407"
15.850341320037842,mouse_move,"839,408"
15.85822319984436,mouse_move,"839,408"
15.865248680114746,mouse_move,"839,408"
15.872248411178589,mouse_move,"839,409"
15.879327058792114,mouse_move,"838,410"
15.88681173324585,mouse_move,"838,410"
15.893328666687012,mouse_move,"837,411"
15.900327444076538,mouse_move,"837,412"
15.90825080871582,mouse_move,"836,413"
15.915287017822266,mouse_move,"836,414"
15.922286033630371,mouse_move,"836,416"
15.929692029953003,mouse_move,"835,417"
15.937009334564209,mouse_move,"835,418"
15.943526268005371,mouse_move,"835,420"
15.950526714324951,mouse_move,"834,422"
15.958207845687866,mouse_move,"834,424"
15.96539044380188,mouse_move,"833,426"
15.97239637374878,mouse_move,"833,427"
15.979908227920532,mouse_move,"833,429"
15.98662281036377,mouse_move,"832,432"
15.99330759048462,mouse_move,"832,433"
16.001303911209106,mouse_move,"832,435"
16.008268117904663,mouse_move,"832,436"
16.015297412872314,mouse_move,"832,438"
16.022299766540527,mouse_move,"832,440"
16.029677391052246,mouse_move,"832,441"
16.036251068115234,mouse_move,"832,442"
16.044284105300903,mouse_move,"832,443"
16.050285577774048,mouse_move,"832,444"
16.058058977127075,mouse_move,"832,445"
16.06531810760498,mouse_move,"832,446"
16.072320222854614,mouse_move,"832,446"
16.079345703125,mouse_move,"832,447"
16.08625054359436,mouse_move,"832,448"
16.10120153427124,mouse_move,"833,448"
16.10828447341919,mouse_move,"833,450"
16.115371704101562,mouse_move,"833,450"
16.122371673583984,mouse_move,"833,451"
16.12969470024109,mouse_move,"835,451"
16.136377811431885,mouse_move,"835,452"
16.143409967422485,mouse_move,"836,453"
16.151277780532837,mouse_move,"837,454"
16.158288717269897,mouse_move,"838,454"
16.16531801223755,mouse_move,"839,454"
16.17251682281494,mouse_move,"841,455"
16.179450750350952,mouse_move,"841,456"
16.18625020980835,mouse_move,"843,456"
16.193280935287476,mouse_move,"843,457"
16.201279878616333,mouse_move,"844,457"
16.208258628845215,mouse_move,"845,457"
16.21532130241394,mouse_move,"845,457"
16.222321271896362,mouse_move,"846,457"
16.22967791557312,mouse_move,"846,458"
16.236086130142212,mouse_move,"847,458"
16.25775408744812,mouse_move,"848,458"
16.265236139297485,mouse_move,"848,459"
16.272234678268433,mouse_move,"849,459"
16.279655933380127,mouse_move,"850,459"
16.28617215156555,mouse_move,"851,459"
16.293200254440308,mouse_move,"853,459"
16.300848722457886,mouse_move,"853,459"
16.308216094970703,mouse_move,"855,459"
16.3152494430542,mouse_move,"857,459"
16.322248935699463,mouse_move,"859,459"
16.3296320438385,mouse_move,"861,459"
16.336611032485962,mouse_move,"862,459"
16.3441219329834,mouse_move,"865,459"
16.351134777069092,mouse_move,"868,459"
16.357959032058716,mouse_move,"871,458"
16.36547064781189,mouse_move,"873,458"
16.37247061729431,mouse_move,"874,458"
16.379114866256714,mouse_move,"876,458"
16.386155128479004,mouse_move,"876,457"
16.39323854446411,mouse_move,"877,457"
16.422322750091553,mouse_move,"878,457"
16.436864137649536,mouse_move,"878,457"
16.551138639450073,mouse_move,"879,457"
16.622374057769775,mouse_move,"879,456"
16.665308952331543,mouse_move,"880,456"
16.687225341796875,mouse_move,"880,456"
16.693555116653442,mouse_move,"880,455"
16.701343297958374,mouse_move,"880,454"
16.70835590362549,mouse_move,"881,454"
16.71538209915161,mouse_move,"882,453"
16.722872972488403,mouse_move,"882,452"
16.729954481124878,mouse_move,"883,451"
16.736473321914673,mouse_move,"883,450"
16.743573904037476,mouse_move,"884,448"
16.75089120864868,mouse_move,"885,447"
16.757972955703735,mouse_move,"886,446"
16.765286207199097,mouse_move,"887,444"
16.772324562072754,mouse_move,"887,444"
16.779996871948242,mouse_move,"888,442"
16.786518812179565,mouse_move,"889,441"
16.793932914733887,mouse_move,"890,440"
16.80143427848816,mouse_move,"890,439"
16.808443069458008,mouse_move,"890,438"
16.81546950340271,mouse_move,"891,438"
16.822274684906006,mouse_move,"892,437"
16.837120532989502,mouse_move,"892,436"
16.844210147857666,mouse_move,"892,435"
16.85145092010498,mouse_move,"893,434"
16.858461380004883,mouse_move,"894,433"
16.865490198135376,mouse_move,"894,433"
16.873077630996704,mouse_move,"895,433"
16.880080938339233,mouse_move,"895,432"
16.886590003967285,mouse_move,"896,431"
16.894348859786987,mouse_move,"897,430"
16.901353359222412,mouse_move,"897,429"
16.908870697021484,mouse_move,"898,428"
16.915816068649292,mouse_move,"898,427"
16.92232346534729,mouse_move,"900,427"
16.929832458496094,mouse_move,"901,426"
16.937376022338867,mouse_move,"901,424"
16.94378900527954,mouse_move,"902,424"
16.9507999420166,mouse_move,"902,423"
16.958315134048462,mouse_move,"903,422"
16.96528458595276,mouse_move,"904,422"
16.97238779067993,mouse_move,"904,421"
16.986650228500366,mouse_move,"904,421"
16.994457006454468,mouse_move,"905,421"
17.044426202774048,mouse_move,"906,421"
17.058945417404175,mouse_move,"906,420"
17.073163747787476,mouse_move,"906,419"
17.080164909362793,mouse_move,"907,418"
17.087384939193726,mouse_move,"908,418"
17.09454655647278,mouse_move,"909,418"
17.10154914855957,mouse_move,"909,417"
17.108909368515015,mouse_move,"910,416"
17.11623215675354,mouse_move,"911,416"
17.123255252838135,mouse_move,"911,415"
17.130342721939087,mouse_move,"912,413"
17.13677215576172,mouse_move,"914,413"
17.144282817840576,mouse_move,"915,412"
17.151280641555786,mouse_move,"916,410"
17.158355236053467,mouse_move,"917,409"
17.16576051712036,mouse_move,"918,409"
17.173166513442993,mouse_move,"918,407"
17.18038010597229,mouse_move,"919,407"
17.18734049797058,mouse_move,"920,406"
17.1943678855896,mouse_move,"920,406"
17.201852560043335,mouse_move,"921,405"
17.208361864089966,mouse_move,"921,405"
17.215390920639038,mouse_move,"921,404"
17.22326135635376,mouse_move,"922,404"
17.229918479919434,mouse_move,"922,404"
17.23740577697754,mouse_move,"923,403"
17.244433164596558,mouse_move,"923,402"
17.25187373161316,mouse_move,"925,401"
17.25851607322693,mouse_move,"926,401"
17.265543699264526,mouse_move,"926,401"
17.272544860839844,mouse_move,"927,400"
17.27985191345215,mouse_move,"928,400"
17.287104845046997,mouse_move,"928,399"
17.294623374938965,mouse_move,"929,399"
17.309043645858765,mouse_move,"930,399"
17.315635681152344,mouse_move,"931,398"
17.3231520652771,mouse_move,"931,397"
17.33015012741089,mouse_move,"932,397"
17.337093591690063,mouse_move,"933,396"
17.344621419906616,mouse_move,"933,396"
17.35162377357483,mouse_move,"934,396"
17.3590829372406,mouse_move,"935,395"
17.36560606956482,mouse_move,"936,395"
17.37334656715393,mouse_move,"936,395"
17.38035297393799,mouse_move,"937,394"
17.387380838394165,mouse_move,"938,394"
17.394290447235107,mouse_move,"938,394"
17.401297330856323,mouse_move,"939,393"
17.40836811065674,mouse_move,"940,393"
17.41563320159912,mouse_move,"941,393"
17.42341685295105,mouse_move,"942,392"
17.430416584014893,mouse_move,"943,392"
17.437907934188843,mouse_move,"944,391"
17.444247722625732,mouse_move,"945,391"
17.459280729293823,mouse_move,"946,391"
17.466261386871338,mouse_move,"946,391"
17.48051643371582,mouse_move,"947,391"
17.50848126411438,mouse_move,"948,391"
19.084655284881592,mouse_move,"943,392"
19.092267274856567,mouse_move,"935,394"
19.098776817321777,mouse_move,"926,396"
19.106804847717285,mouse_move,"915,399"
19.113751649856567,mouse_move,"905,400"
19.120756149291992,mouse_move,"893,401"
19.127780199050903,mouse_move,"883,403"
19.135181427001953,mouse_move,"873,404"
19.141185760498047,mouse_move,"864,405"
19.14969754219055,mouse_move,"854,406"
19.156685829162598,mouse_move,"847,406"
19.163667678833008,mouse_move,"840,407"
19.170668125152588,mouse_move,"834,407"
19.17796015739441,mouse_move,"830,407"
19.18551731109619,mouse_move,"825,407"
19.192514896392822,mouse_move,"821,407"
19.19974994659424,mouse_move,"817,407"
19.206823348999023,mouse_move,"815,407"
19.21384048461914,mouse_move,"812,407"
19.220845222473145,mouse_move,"809,407"
19.228357553482056,mouse_move,"808,407"
19.235289335250854,mouse_move,"805,406"
19.241252899169922,mouse_move,"803,405"
19.249769687652588,mouse_move,"801,405"
19.256868362426758,mouse_move,"799,404"
19.26293969154358,mouse_move,"798,404"
19.27055263519287,mouse_move,"797,403"
19.277590036392212,mouse_move,"795,403"
19.28460669517517,mouse_move,"793,403"
19.292516708374023,mouse_move,"793,402"
19.299357414245605,mouse_move,"791,402"
19.30645513534546,mouse_move,"789,402"
19.313744068145752,mouse_move,"788,402"
19.321073293685913,mouse_move,"786,402"
19.32758617401123,mouse_move,"784,401"
19.335613250732422,mouse_move,"782,401"
19.34261989593506,mouse_move,"779,401"
19.349932432174683,mouse_move,"778,401"
19.35640025138855,mouse_move,"775,401"
19.36442756652832,mouse_move,"772,401"
19.37042760848999,mouse_move,"771,401"
19.378265380859375,mouse_move,"769,401"
19.385845184326172,mouse_move,"767,401"
19.392353534698486,mouse_move,"765,401"
19.400027990341187,mouse_move,"763,401"
19.40654182434082,mouse_move,"760,401"
19.413572072982788,mouse_move,"759,401"
19.42176628112793,mouse_move,"757,401"
19.42829132080078,mouse_move,"756,401"
19.435832262039185,mouse_move,"754,401"
19.442911624908447,mouse_move,"752,401"
19.44891667366028,mouse_move,"751,401"
19.456425428390503,mouse_move,"750,401"
19.46402072906494,mouse_move,"749,400"
19.471320867538452,mouse_move,"748,400"
19.477846145629883,mouse_move,"747,400"
19.48543620109558,mouse_move,"746,400"
19.506571054458618,mouse_move,"746,400"
19.54283094406128,mouse_move,"745,399"
19.556533575057983,mouse_move,"744,398"
19.563565015792847,mouse_move,"742,395"
20.173904180526733,mouse_click,Button.left
21.183611631393433,mouse_move,"756,390"
21.191606760025024,mouse_move,"785,379"
21.198557376861572,mouse_move,"819,366"
21.20559024810791,mouse_move,"854,354"
21.212589025497437,mouse_move,"892,339"
21.21974515914917,mouse_move,"930,327"
21.22681450843811,mouse_move,"965,314"
21.23408794403076,mouse_move,"997,300"
21.241094827651978,mouse_move,"1025,289"
21.248634815216064,mouse_move,"1050,280"
21.25563097000122,mouse_move,"1072,272"
21.262296438217163,mouse_move,"1090,264"
21.269301176071167,mouse_move,"1104,259"
21.27663779258728,mouse_move,"1118,255"
21.283479690551758,mouse_move,"1131,250"
21.290481090545654,mouse_move,"1143,248"
21.297878742218018,mouse_move,"1157,245"
21.30539345741272,mouse_move,"1167,242"
21.312394380569458,mouse_move,"1179,241"
21.318893432617188,mouse_move,"1189,239"
21.326400756835938,mouse_move,"1201,237"
21.33342170715332,mouse_move,"1213,236"
21.339821100234985,mouse_move,"1223,235"
21.347353219985962,mouse_move,"1235,233"
21.354379892349243,mouse_move,"1247,232"
21.36227822303772,mouse_move,"1257,231"
21.36878538131714,mouse_move,"1265,230"
21.37628722190857,mouse_move,"1274,228"
21.38352918624878,mouse_move,"1281,228"
21.39052987098694,mouse_move,"1288,225"
21.58255958557129,mouse_click,Button.left
22.169625282287598,mouse_move,"1291,240"
22.17573833465576,mouse_move,"1297,262"
22.183266401290894,mouse_move,"1304,286"
22.1904354095459,mouse_move,"1313,314"
22.19794201850891,mouse_move,"1323,342"
22.20445680618286,mouse_move,"1330,369"
22.212458848953247,mouse_move,"1344,401"
22.219054698944092,mouse_move,"1355,429"
22.225630044937134,mouse_move,"1367,461"
22.23262333869934,mouse_move,"1382,496"
22.24017024040222,mouse_move,"1396,531"
22.247214794158936,mouse_move,"1414,573"
22.25473117828369,mouse_move,"1434,619"
22.2607364654541,mouse_move,"1453,671"
22.268250465393066,mouse_move,"1474,723"
22.275458097457886,mouse_move,"1495,771"
22.28325581550598,mouse_move,"1514,820"
22.289727926254272,mouse_move,"1531,862"
22.297245025634766,mouse_move,"1547,903"
22.304399251937866,mouse_move,"1559,938"
22.311412572860718,mouse_move,"1570,963"
22.318080186843872,mouse_move,"1575,979"
22.325597763061523,mouse_move,"1579,992"
22.33259892463684,mouse_move,"1583,1003"
22.33995509147644,mouse_move,"1586,1010"
22.34678292274475,mouse_move,"1588,1017"
22.354289770126343,mouse_move,"1589,1021"
22.361293077468872,mouse_move,"1590,1024"
22.368500471115112,mouse_move,"1591,1026"
22.3755841255188,mouse_move,"1592,1029"
22.382611989974976,mouse_move,"1593,1030"
22.389623641967773,mouse_move,"1593,1031"
22.396663427352905,mouse_move,"1593,1032"
22.403284311294556,mouse_move,"1593,1034"
22.417783498764038,mouse_move,"1593,1034"
22.425294399261475,mouse_move,"1593,1035"
22.432518482208252,mouse_move,"1593,1036"
22.43952441215515,mouse_move,"1593,1036"
22.446688890457153,mouse_move,"1593,1037"
22.453715324401855,mouse_move,"1593,1037"
22.46071720123291,mouse_move,"1592,1038"
22.468158960342407,mouse_move,"1591,1039"
22.474667072296143,mouse_move,"1590,1039"
22.48117685317993,mouse_move,"1588,1040"
22.48930335044861,mouse_move,"1585,1040"
22.49683141708374,mouse_move,"1583,1041"
22.503339529037476,mouse_move,"1580,1041"
22.510692358016968,mouse_move,"1575,1041"
22.517784357070923,mouse_move,"1572,1041"
22.52486491203308,mouse_move,"1567,1041"
22.53121018409729,mouse_move,"1565,1041"
22.538719177246094,mouse_move,"1561,1041"
22.545740842819214,mouse_move,"1557,1041"
22.553354740142822,mouse_move,"1553,1040"
22.560360193252563,mouse_move,"1551,1040"
22.567564487457275,mouse_move,"1547,1039"
22.57452154159546,mouse_move,"1544,1038"
22.581526279449463,mouse_move,"1542,1038"
22.588586807250977,mouse_move,"1540,1037"
22.59630012512207,mouse_move,"1537,1035"
22.603341579437256,mouse_move,"1534,1035"
22.609665632247925,mouse_move,"1532,1033"
22.616713762283325,mouse_move,"1530,1032"
22.623737335205078,mouse_move,"1528,1030"
22.630934476852417,mouse_move,"1526,1029"
22.6384494304657,mouse_move,"1525,1029"
22.646032571792603,mouse_move,"1524,1028"
22.652849912643433,mouse_move,"1523,1026"
22.659854412078857,mouse_move,"1521,1025"
22.667368412017822,mouse_move,"1521,1025"
22.673876523971558,mouse_move,"1520,1024"
22.681660413742065,mouse_move,"1519,1023"
22.6877121925354,mouse_move,"1518,1022"
22.695452213287354,mouse_move,"1518,1022"
22.702566623687744,mouse_move,"1517,1021"
22.716683626174927,mouse_move,"1516,1020"
22.723854303359985,mouse_move,"1516,1020"
22.73059320449829,mouse_move,"1516,1020"
22.737617254257202,mouse_move,"1516,1019"
22.745267391204834,mouse_move,"1515,1018"
22.752466440200806,mouse_move,"1514,1017"
22.75947380065918,mouse_move,"1514,1017"
22.766636610031128,mouse_move,"1513,1016"
22.773329496383667,mouse_move,"1512,1015"
22.780092000961304,mouse_move,"1511,1014"
22.7876079082489,mouse_move,"1511,1014"
22.79491686820984,mouse_move,"1510,1012"
22.801103353500366,mouse_move,"1510,1011"
22.809619903564453,mouse_move,"1508,1010"
22.815723657608032,mouse_move,"1507,1008"
22.823342323303223,mouse_move,"1506,1006"
22.830342769622803,mouse_move,"1505,1005"
22.837136268615723,mouse_move,"1504,1002"
22.84415364265442,mouse_move,"1503,1000"
22.851312160491943,mouse_move,"1502,999"
22.858357429504395,mouse_move,"1501,996"
22.866495370864868,mouse_move,"1500,993"
22.872493743896484,mouse_move,"1499,990"
22.88074016571045,mouse_move,"1498,988"
22.88802480697632,mouse_move,"1498,985"
22.894981861114502,mouse_move,"1498,982"
22.900789260864258,mouse_move,"1498,980"
22.90829873085022,mouse_move,"1498,978"
22.915390729904175,mouse_move,"1497,975"
22.923062562942505,mouse_move,"1497,974"
22.930302143096924,mouse_move,"1497,972"
22.93734383583069,mouse_move,"1497,971"
22.944681644439697,mouse_move,"1497,970"
22.95155167579651,mouse_move,"1497,969"
22.95856261253357,mouse_move,"1497,968"
22.965646266937256,mouse_move,"1497,968"
22.973047733306885,mouse_move,"1497,967"
22.98004961013794,mouse_move,"1497,966"
22.986563205718994,mouse_move,"1497,965"
22.993634700775146,mouse_move,"1498,965"
23.00162100791931,mouse_move,"1498,963"
23.008225679397583,mouse_move,"1498,963"
23.01573348045349,mouse_move,"1499,961"
23.022731065750122,mouse_move,"1499,959"
23.0302574634552,mouse_move,"1500,957"
23.037090301513672,mouse_move,"1502,953"
23.04360604286194,mouse_move,"1504,949"
23.050904273986816,mouse_move,"1506,946"
23.05860733985901,mouse_move,"1508,942"
23.065330505371094,mouse_move,"1510,936"
23.07283067703247,mouse_move,"1512,930"
23.079166650772095,mouse_move,"1514,925"
23.08668279647827,mouse_move,"1516,918"
23.093752145767212,mouse_move,"1516,913"
23.100760459899902,mouse_move,"1518,904"
23.108381986618042,mouse_move,"1521,895"
23.11551260948181,mouse_move,"1522,886"
23.12250566482544,mouse_move,"1523,879"
23.1289644241333,mouse_move,"1525,872"
23.136512994766235,mouse_move,"1526,865"
23.143500566482544,mouse_move,"1526,859"
23.150319576263428,mouse_move,"1526,854"
23.157352447509766,mouse_move,"1526,850"
23.164860248565674,mouse_move,"1526,846"
23.17116117477417,mouse_move,"1526,843"
23.179373502731323,mouse_move,"1526,841"
23.186402320861816,mouse_move,"1525,839"
23.193500518798828,mouse_move,"1524,837"
23.200124263763428,mouse_move,"1523,834"
23.207242965698242,mouse_move,"1521,833"
24.467435836791992,mouse_move,"1522,824"
24.47459626197815,mouse_move,"1524,810"
24.481112718582153,mouse_move,"1527,796"
24.488624334335327,mouse_move,"1530,783"
24.49585461616516,mouse_move,"1534,768"
24.503044605255127,mouse_move,"1538,752"
24.510050296783447,mouse_move,"1541,737"
24.51656174659729,mouse_move,"1545,720"
24.524369478225708,mouse_move,"1548,705"
24.530903816223145,mouse_move,"1552,690"
24.53835153579712,mouse_move,"1555,676"
24.545406818389893,mouse_move,"1559,663"
24.55282187461853,mouse_move,"1561,649"
24.559371948242188,mouse_move,"1563,637"
24.567326307296753,mouse_move,"1564,626"
24.573676109313965,mouse_move,"1567,614"
24.580682277679443,mouse_move,"1569,603"
24.587764501571655,mouse_move,"1571,593"
24.595541954040527,mouse_move,"1573,586"
24.602723598480225,mouse_move,"1574,579"
24.60972762107849,mouse_move,"1575,572"
24.616747617721558,mouse_move,"1576,566"
24.62348198890686,mouse_move,"1577,561"
24.630501985549927,mouse_move,"1580,555"
24.63757848739624,mouse_move,"1580,552"
24.644631147384644,mouse_move,"1582,548"
24.6526198387146,mouse_move,"1583,545"
24.659001111984253,mouse_move,"1583,541"
24.666186094284058,mouse_move,"1583,539"
24.673705339431763,mouse_move,"1584,537"
24.680703163146973,mouse_move,"1584,535"
24.68801975250244,mouse_move,"1584,534"
24.694456338882446,mouse_move,"1585,534"
24.702456951141357,mouse_move,"1585,533"
24.70881175994873,mouse_move,"1585,532"
24.71592664718628,mouse_move,"1585,531"
24.730443239212036,mouse_move,"1585,531"
24.744845867156982,mouse_move,"1586,530"
24.751845836639404,mouse_move,"1586,528"
24.75938081741333,mouse_move,"1586,526"
24.76648712158203,mouse_move,"1586,523"
24.77355670928955,mouse_move,"1585,519"
24.780439138412476,mouse_move,"1585,516"
24.787476778030396,mouse_move,"1585,512"
24.79452919960022,mouse_move,"1585,509"
24.801527738571167,mouse_move,"1585,507"
24.80846667289734,mouse_move,"1584,505"
24.81548523902893,mouse_move,"1584,502"
24.822486877441406,mouse_move,"1584,501"
24.830347061157227,mouse_move,"1583,499"
24.837383031845093,mouse_move,"1583,498"
24.844408750534058,mouse_move,"1583,497"
24.85159921646118,mouse_move,"1583,497"
24.872974395751953,mouse_move,"1583,496"
24.893588066101074,mouse_move,"1583,495"
24.908637523651123,mouse_move,"1582,495"
24.915679693222046,mouse_move,"1581,494"
24.922680377960205,mouse_move,"1579,492"
25.370393991470337,mouse_move,"1579,509"
25.377905130386353,mouse_move,"1579,536"
25.38475227355957,mouse_move,"1579,567"
25.39176654815674,mouse_move,"1580,598"
25.399871349334717,mouse_move,"1582,633"
25.406691312789917,mouse_move,"1585,662"
25.413207530975342,mouse_move,"1589,697"
25.420215606689453,mouse_move,"1595,730"
25.42772388458252,mouse_move,"1599,762"
25.434553861618042,mouse_move,"1602,788"
25.44173312187195,mouse_move,"1607,814"
25.44884181022644,mouse_move,"1607,835"
25.455894708633423,mouse_move,"1610,852"
25.462934732437134,mouse_move,"1612,868"
25.470736742019653,mouse_move,"1612,883"
25.477452516555786,mouse_move,"1613,897"
25.484474897384644,mouse_move,"1613,910"
25.492058038711548,mouse_move,"1613,920"
25.498565912246704,mouse_move,"1613,930"
25.506592988967896,mouse_move,"1613,937"
25.513527631759644,mouse_move,"1612,946"
25.520534992218018,mouse_move,"1610,954"
25.527870655059814,mouse_move,"1609,961"
25.53490376472473,mouse_move,"1607,969"
25.540904760360718,mouse_move,"1606,972"
25.54895257949829,mouse_move,"1603,978"
25.556275844573975,mouse_move,"1603,982"
25.56278085708618,mouse_move,"1600,988"
25.57052779197693,mouse_move,"1599,990"
25.57728409767151,mouse_move,"1597,993"
25.583805799484253,mouse_move,"1597,996"
25.591803073883057,mouse_move,"1596,999"
25.598195552825928,mouse_move,"1594,1001"
25.605833292007446,mouse_move,"1593,1003"
25.612528085708618,mouse_move,"1592,1006"
25.620073080062866,mouse_move,"1590,1009"
25.626650094985962,mouse_move,"1587,1012"
25.633755445480347,mouse_move,"1585,1014"
25.641754150390625,mouse_move,"1583,1017"
25.648770332336426,mouse_move,"1580,1019"
25.655259609222412,mouse_move,"1577,1022"
25.66257333755493,mouse_move,"1573,1025"
25.6698215007782,mouse_move,"1570,1028"
25.677016019821167,mouse_move,"1565,1031"
25.684528350830078,mouse_move,"1562,1034"
25.691532135009766,mouse_move,"1559,1037"
25.69799780845642,mouse_move,"1556,1042"
25.70552968978882,mouse_move,"1553,1044"
25.71253514289856,mouse_move,"1551,1046"
25.719604015350342,mouse_move,"1549,1049"
25.726285934448242,mouse_move,"1546,1051"
25.733911991119385,mouse_move,"1544,1053"
25.740490198135376,mouse_move,"1542,1055"
25.747551441192627,mouse_move,"1542,1055"
25.755300998687744,mouse_move,"1540,1056"
25.76255989074707,mouse_move,"1539,1057"
25.769585132598877,mouse_move,"1539,1057"
25.776617288589478,mouse_move,"1538,1057"
25.783690690994263,mouse_move,"1537,1058"
25.797365188598633,mouse_move,"1536,1059"
25.81216526031494,mouse_move,"1536,1059"
25.818868398666382,mouse_move,"1536,1060"
25.85379719734192,mouse_move,"1536,1060"
25.868927240371704,mouse_move,"1535,1060"
25.883461713790894,mouse_move,"1535,1061"
25.889909267425537,mouse_move,"1534,1061"
25.89743423461914,mouse_move,"1534,1062"
25.904459953308105,mouse_move,"1534,1062"
25.911751747131348,mouse_move,"1533,1063"
25.918346881866455,mouse_move,"1532,1065"
25.925861597061157,mouse_move,"1530,1067"
25.932862043380737,mouse_move,"1528,1070"
25.939680337905884,mouse_move,"1527,1073"
25.947863817214966,mouse_move,"1525,1077"
25.954466819763184,mouse_move,"1521,1081"
25.961474657058716,mouse_move,"1519,1086"
25.96859860420227,mouse_move,"1517,1088"
25.97610592842102,mouse_move,"1515,1092"
25.98266863822937,mouse_move,"1513,1095"
25.989675998687744,mouse_move,"1511,1099"
25.997178554534912,mouse_move,"1509,1103"
26.003689527511597,mouse_move,"1508,1106"
26.010690689086914,mouse_move,"1506,1108"
26.01879119873047,mouse_move,"1505,1111"
26.025912761688232,mouse_move,"1503,1112"
26.032418727874756,mouse_move,"1503,1114"
26.039424657821655,mouse_move,"1502,1116"
26.04647660255432,mouse_move,"1501,1116"
26.05397939682007,mouse_move,"1501,1117"
26.061495304107666,mouse_move,"1501,1118"
26.167530298233032,mouse_move,"1501,1118"
26.175036191940308,mouse_move,"1501,1118"
26.181036710739136,mouse_move,"1501,1116"
26.86775851249695,mouse_move,"1501,1116"
26.87478470802307,mouse_move,"1502,1116"
26.882498741149902,mouse_move,"1503,1117"
26.88950490951538,mouse_move,"1503,1118"
26.896544218063354,mouse_move,"1505,1119"
26.903441190719604,mouse_move,"1507,1121"
26.910703897476196,mouse_move,"1508,1122"
26.91782283782959,mouse_move,"1510,1123"
26.924833297729492,mouse_move,"1511,1123"
26.93230700492859,mouse_move,"1512,1124"
26.93881630897522,mouse_move,"1513,1125"
27.045799493789673,mouse_move,"1513,1126"
27.053287267684937,mouse_move,"1513,1126"
27.067432641983032,mouse_move,"1513,1127"
27.074496030807495,mouse_move,"1512,1128"
27.08195185661316,mouse_move,"1511,1128"
27.08894968032837,mouse_move,"1511,1129"
27.095464944839478,mouse_move,"1511,1130"
27.103425979614258,mouse_move,"1511,1131"
27.110604524612427,mouse_move,"1511,1131"
27.11701273918152,mouse_move,"1511,1132"
27.124791860580444,mouse_move,"1511,1133"
27.131791830062866,mouse_move,"1511,1134"
27.138941287994385,mouse_move,"1511,1135"
27.145458459854126,mouse_move,"1511,1136"
27.152459383010864,mouse_move,"1511,1138"
27.16031289100647,mouse_move,"1511,1139"
27.167548656463623,mouse_move,"1511,1140"
27.174063444137573,mouse_move,"1513,1142"
27.177064180374146,key_press,Key.shift
27.18159008026123,mouse_move,"1513,1143"
27.188583850860596,mouse_move,"1514,1144"
27.195642471313477,mouse_move,"1515,1146"
27.202658653259277,mouse_move,"1515,1147"
27.297410488128662,key_press,'A'
27.506717443466187,key_press,'i'
27.733237504959106,key_press,Key.space
27.92188262939453,key_press,'b'
28.069512367248535,key_press,'a'
28.227997064590454,key_press,'s'
28.433985471725464,key_press,'e'
28.68078088760376,key_press,'d'
28.82098913192749,key_press,Key.space
29.44270372390747,key_press,'k'
29.632850170135498,key_press,'e'
29.9337158203125,key_press,'y'
30.118311882019043,key_press,'s'
30.352229118347168,key_press,'t'
30.53176474571228,key_press,'r'
30.719226360321045,key_press,'o'
30.89973735809326,key_press,'k'
31.001566648483276,key_press,'e'
32.532065629959106,key_press,Key.space
32.68343472480774,key_press,'a'
32.905218839645386,key_press,'n'
33.015817642211914,key_press,'a'
33.28400921821594,key_press,'l'
33.836204290390015,key_press,'y'
34.06723141670227,key_press,'s'
34.23203206062317,key_press,'i'
34.34140634536743,key_press,'s'
34.54788637161255,key_press,Key.space
165.11321449279785,key_press,'u'
165.2217035293579,key_press,'s'
165.4024736881256,key_press,'e'
165.60208868980408,key_press,'s'
165.79378199577332,key_press,Key.space
166.32102990150452,key_press,'m'
166.42249083518982,key_press,'a'
166.7382926940918,key_press,'c'
166.8830759525299,key_press,'h'
167.0024540424347,key_press,'i'
167.20519852638245,key_press,'n'
167.3498339653015,key_press,'e'
167.4704532623291,key_press,Key.space
168.44126319885254,key_press,'l'
168.66790556907654,key_press,'e'
168.85815477371216,key_press,'a'
169.07836079597473,key_press,'r'
169.4249107837677,key_press,'n'
169.57448601722717,key_press,'i'
169.73166131973267,key_press,'n'
169.8264799118042,key_press,'g'
169.97032499313354,key_press,Key.space
176.58881330490112,key_press,'t'
176.72847771644592,key_press,'o'
176.89990520477295,key_press,Key.space
176.92316555976868,key_press,Key.space
176.96353316307068,key_press,'s'
177.27427077293396,key_press,'t'
177.4314787387848,key_press,'u'
177.84833455085754,key_press,'d'
178.04283142089844,key_press,'y'
178.24944496154785,key_press,Key.space
179.00750398635864,mouse_move,"1515,1147"
179.01253294944763,mouse_move,"1515,1148"
179.0262622833252,mouse_move,"1515,1149"
179.03326892852783,mouse_move,"1515,1150"
179.04082822799683,mouse_move,"1516,1150"
179.04833269119263,mouse_move,"1516,1151"
179.0552487373352,mouse_move,"1516,1152"
179.06233859062195,mouse_move,"1517,1153"
179.06939387321472,mouse_move,"1517,1154"
179.07659196853638,mouse_move,"1518,1156"
179.08370542526245,mouse_move,"1518,1156"
179.09081745147705,mouse_move,"1519,1157"
179.09817624092102,mouse_move,"1520,1158"
179.10518169403076,mouse_move,"1521,1160"
179.11169147491455,mouse_move,"1522,1161"
179.11946082115173,mouse_move,"1523,1163"
179.12641429901123,mouse_move,"1524,1163"
179.13342595100403,mouse_move,"1524,1165"
179.1548535823822,mouse_move,"1524,1165"
179.16236901283264,mouse_move,"1523,1165"
179.16959047317505,mouse_move,"1521,1166"
179.1765968799591,mouse_move,"1517,1167"
179.2213749885559,key_press,'h'
179.3674511909485,key_press,'o'
179.56833291053772,key_press,'w'
179.65765070915222,key_press,Key.space
179.9042568206787,key_press,'a'
180.1293134689331,key_press,Key.space
180.36559414863586,key_press,'p'
180.5318853855133,key_press,'e'
180.7166097164154,key_press,'r'
180.89799880981445,key_press,'s'
181.1033821105957,key_press,'o'
181.3056764602661,key_press,'j'
181.45593571662903,key_press,Key.space
182.15844106674194,key_press,'o'
182.32826566696167,key_press,'n'
182.4783639907837,key_press,Key.space
182.62822842597961,key_press,'a'
182.76497173309326,key_press,Key.space
182.94648027420044,key_press,'k'
183.23326086997986,key_press,'e'
183.49972200393677,key_press,'y'
183.8212652206421,key_press,'b'
184.09090924263,key_press,'o'
184.24008870124817,key_press,'a'
184.6965320110321,key_press,'d'
184.73233151435852,key_press,'f'
185.00692987442017,key_press,'d'
185.16896748542786,key_press,'.'
185.38884210586548,key_press,Key.space
186.13964295387268,key_press,Key.shift
186.24916005134583,key_press,'I'
186.56685972213745,key_press,'t'
186.63636231422424,key_press,Key.space
187.5718755722046,mouse_move,"1517,1167"
187.5788779258728,mouse_move,"1517,1167"
187.5867519378662,mouse_move,"1518,1167"
187.6074562072754,mouse_move,"1518,1166"
187.74249482154846,mouse_move,"1519,1166"
187.7505259513855,mouse_move,"1519,1166"
187.7643904685974,mouse_move,"1520,1166"
187.770991563797,mouse_move,"1522,1165"
187.77850794792175,mouse_move,"1522,1165"
187.78605246543884,mouse_move,"1523,1164"
187.79309940338135,mouse_move,"1525,1163"
187.79961466789246,mouse_move,"1527,1161"
187.80661630630493,mouse_move,"1529,1159"
187.8138406276703,mouse_move,"1529,1158"
187.82135558128357,mouse_move,"1531,1157"
187.82858514785767,mouse_move,"1532,1156"
187.83558678627014,mouse_move,"1533,1155"
187.8428874015808,mouse_move,"1534,1154"
187.85017132759094,mouse_move,"1535,1154"
187.86416864395142,mouse_move,"1536,1154"
187.87835550308228,mouse_move,"1536,1154"
187.89214873313904,mouse_move,"1536,1154"
187.89966535568237,mouse_move,"1537,1155"
187.9066662788391,mouse_move,"1538,1156"
187.9143636226654,mouse_move,"1538,1157"
187.9280285835266,mouse_move,"1540,1158"
187.9350082874298,mouse_move,"1541,1159"
188.1090338230133,key_press,'c'
188.22845602035522,key_press,'a'
188.41941475868225,key_press,'p'
188.9742157459259,key_press,'t'
189.14454460144043,key_press,'u'
189.28268551826477,key_press,'r'
189.78379774093628,key_press,'s'
190.01109075546265,key_press,Key.space
191.36017560958862,key_press,'g'
191.70059418678284,key_press,'f'
191.87136149406433,key_press,'='
192.2079529762268,key_press,'f'
192.33767247200012,key_press,'e'
192.50431776046753,key_press,'a'
192.82572722434998,key_press,'t'
193.09675860404968,key_press,'u'
193.20082879066467,key_press,'e'
193.77897810935974,key_press,'='
193.87816262245178,key_press,'r'
194.0038959980011,key_press,'e'
194.24986481666565,key_press,'s'
194.49221992492676,key_press,Key.space
195.34324645996094,mouse_move,"1542,1159"
195.34951066970825,mouse_move,"1542,1159"
195.35683226585388,mouse_move,"1542,1158"
195.3709626197815,mouse_move,"1543,1158"
195.3776295185089,mouse_move,"1544,1158"
195.38462281227112,mouse_move,"1544,1158"
195.39887595176697,mouse_move,"1545,1158"
195.41290712356567,mouse_move,"1546,1158"
195.42022275924683,mouse_move,"1547,1158"
195.42785048484802,mouse_move,"1547,1158"
199.20204162597656,key_press,Key.media_volume_up
199.7040412425995,key_press,Key.media_volume_up
199.79533624649048,key_press,Key.media_volume_up
199.82168126106262,key_press,'f'
199.88592791557312,key_press,Key.media_volume_up
199.9750247001648,key_press,Key.media_volume_up
200.0649812221527,key_press,Key.media_volume_up
200.15784764289856,key_press,Key.media_volume_up
200.24726557731628,key_press,Key.media_volume_up
200.33938002586365,key_press,Key.media_volume_up
200.42977166175842,key_press,Key.media_volume_up
200.5169699192047,key_press,Key.media_volume_up
200.60717105865479,key_press,Key.media_volume_up
200.69791102409363,key_press,Key.media_volume_up
200.7892119884491,key_press,Key.media_volume_up
200.87800431251526,key_press,Key.media_volume_up
200.96873354911804,key_press,Key.media_volume_up
201.05865383148193,key_press,Key.media_volume_up
201.1571009159088,key_press,Key.media_volume_up
201.2404079437256,key_press,Key.media_volume_up
201.3331356048584,key_press,Key.media_volume_up
201.42187452316284,key_press,Key.media_volume_up
201.5101671218872,key_press,Key.media_volume_up
201.60204005241394,key_press,Key.media_volume_up
201.6916196346283,key_press,Key.media_volume_up
201.78138756752014,key_press,Key.media_volume_up
201.8715579509735,key_press,Key.media_volume_up
201.9630160331726,key_press,Key.media_volume_up
202.05398678779602,key_press,Key.media_volume_up
202.14330124855042,key_press,Key.media_volume_up
202.23251175880432,key_press,Key.media_volume_up
202.3256709575653,key_press,Key.media_volume_up
202.41324019432068,key_press,Key.media_volume_up
202.50531101226807,key_press,Key.media_volume_up
202.59640383720398,key_press,Key.media_volume_up
202.6856632232666,key_press,Key.media_volume_up
202.77460885047913,key_press,Key.media_volume_up
202.8649926185608,key_press,Key.media_volume_up
202.95698285102844,key_press,Key.media_volume_up
203.04713892936707,key_press,Key.media_volume_up
203.1392650604248,key_press,Key.media_volume_up
203.2280285358429,key_press,Key.media_volume_up
203.3195128440857,key_press,Key.media_volume_up
203.4082067012787,key_press,Key.media_volume_up
203.49766564369202,key_press,Key.media_volume_up
203.58780193328857,key_press,Key.media_volume_up
203.67805767059326,key_press,Key.media_volume_up
203.76807236671448,key_press,Key.media_volume_up
203.86053109169006,key_press,Key.media_volume_up
203.94989204406738,key_press,Key.media_volume_up
204.03891038894653,key_press,Key.media_volume_up
204.13039803504944,key_press,Key.media_volume_up
204.22322130203247,key_press,Key.media_volume_up
204.3104910850525,key_press,Key.media_volume_up
204.4015851020813,key_press,Key.media_volume_up
204.49111557006836,key_press,Key.media_volume_up
204.58170914649963,key_press,Key.media_volume_up
204.67430233955383,key_press,Key.media_volume_up
204.7642786502838,key_press,Key.media_volume_up
204.85381603240967,key_press,Key.media_volume_up
204.94332027435303,key_press,Key.media_volume_up
205.03232431411743,key_press,Key.media_volume_up
205.1251039505005,key_press,Key.media_volume_up
205.21694111824036,key_press,Key.media_volume_up
205.30605626106262,key_press,Key.media_volume_up
251.35529732704163,key_press,'a'
251.47545194625854,key_press,'n'
251.67197585105896,key_press,'d'
251.83544063568115,key_press,Key.space
252.77476739883423,key_press,'t'
252.88119077682495,key_press,'i'
253.20154929161072,key_press,'e'
253.5727391242981,key_press,'m'
253.8097538948059,key_press,Key.space
254.28098249435425,key_press,'b'
254.4403898715973,key_press,'e'
254.62692499160767,key_press,'t'
254.82798528671265,key_press,'w'
255.0128355026245,key_press,'e'
255.16323852539062,key_press,'e'
255.32958602905273,key_press,'n'
255.47979259490967,key_press,Key.space
256.49456334114075,key_press,'k'
256.7049250602722,key_press,'e'
256.99521112442017,key_press,'y'
257.1712398529053,key_press,Key.space
257.51184034347534,key_press,'p'
257.7119381427765,key_press,'r'
257.85822463035583,key_press,'e'
258.1193518638611,key_press,'s'
258.5670144557953,key_press,'s'
259.0743021965027,key_press,'e'
259.28747391700745,key_press,'s'
259.5537779331207,key_press,'.'
259.804918050766,key_press,Key.space
262.08681416511536,key_press,'t'
262.2436180114746,key_press,'h'
262.3432471752167,key_press,'e'
262.5736565589905,key_press,'s'
262.7355933189392,key_press,'e'
262.9253680706024,key_press,Key.space
264.0553286075592,key_press,'p'
264.1644756793976,key_press,'a'
264.43679904937744,key_press,'t'
264.67648577690125,key_press,'t'
264.8228361606598,key_press,'e'
264.95244121551514,key_press,'r'
265.1628351211548,key_press,'b'
265.2689862251282,key_press,'s'
265.41872692108154,key_press,Key.space
265.9410116672516,key_press,'a'
266.1869442462921,key_press,'r'
266.3213839530945,key_press,'e'
266.41652631759644,key_press,Key.space
266.70397877693176,key_press,'u'
266.91047501564026,key_press,'n'
267.28623628616333,key_press,'i'
267.5262951850891,key_press,'q'
267.861923456192,key_press,'u'
267.98267793655396,key_press,'e'
268.1736207008362,key_press,Key.space
268.8463373184204,key_press,'t'
269.05685901641846,key_press,'o'
269.23726773262024,key_press,Key.space
269.34214067459106,key_press,'e'
269.5640904903412,key_press,'a'
269.9150388240814,key_press,'c'
270.1069116592407,key_press,'h'
270.29063391685486,key_press,Key.space
271.3748188018799,key_press,'u'
271.51624274253845,key_press,'a'
272.0290913581848,key_press,'s'
272.2348871231079,key_press,'e'
272.39363646507263,key_press,'r'
272.58065485954285,key_press,Key.space
273.6228015422821,key_press,'a'
273.7935688495636,key_press,'n'
273.9530155658722,key_press,'d'
274.0880253314972,key_press,Key.space
274.61099076271057,key_press,'c'
274.7668652534485,key_press,'a'
274.92296290397644,key_press,'n'
275.0698401927948,key_press,Key.space
275.5390360355377,key_press,'b'
275.70992517471313,key_press,'e'
275.8445072174072,key_press,Key.space
276.6080107688904,key_press,'f'
276.7070224285126,key_press,'o'
276.85980129241943,key_press,'r'
276.992062330246,key_press,Key.space
277.10520577430725,key_press,'a'
277.61022877693176,key_press,'i'
278.3580131530762,key_press,'u'
278.51400876045227,key_press,'t'
278.6399817466736,key_press,'h'
279.49574184417725,key_press,'e'
279.8242814540863,key_press,'n'
279.95215916633606,key_press,'i'
280.13384985923767,key_press,'c'
280.2505841255188,key_press,'a'
280.4258267879486,key_press,'t'
280.58088183403015,key_press,'i'
280.6566653251648,key_press,'o'
280.84741497039795,key_press,'n'
281.0073866844177,key_press,Key.space
281.23315691947937,key_press,'a'
281.3927698135376,key_press,'n'
281.5221223831177,key_press,'d'
281.68453454971313,key_press,Key.space
282.0062508583069,key_press,'b'
282.1312527656555,key_press,'e'
282.60172724723816,key_press,'h'
282.7158899307251,key_press,'a'
283.0118794441223,key_press,'v'
283.33274388313293,key_press,'i'
283.46049642562866,key_press,'o'
283.6798894405365,key_press,'u'
283.9712700843811,key_press,'r'
284.1457395553589,key_press,Key.space
284.92942929267883,key_press,'a'
285.2457230091095,key_press,'n'
285.4056656360626,key_press,'a'
285.57662177085876,key_press,'a'
285.742550611496,key_press,'l'
286.3382635116577,key_press,'t'
286.3790431022644,key_press,'y'
286.53898644447327,key_press,'s'
286.639342546463,key_press,'i'
286.76966524124146,key_press,'s'
287.0063228607178,key_press,Key.space
287.8303253650665,key_press,'i'
287.9969596862793,key_press,'t'
288.155464887619,key_press,Key.space
288.1848783493042,key_press,'a'
288.3547692298889,key_press,'i'
288.4397521018982,key_press,'s'
288.60548973083496,key_press,Key.space
289.21309661865234,key_press,'c'
289.4193420410156,key_press,'o'
289.56899070739746,key_press,'m'
289.7151927947998,key_press,'m'
289.9061527252197,key_press,'o'
290.10637307167053,key_press,'n'
290.3471200466156,key_press,'l'
290.79306149482727,key_press,'y'
290.99931621551514,key_press,Key.space
291.71096301078796,key_press,'u'
291.86244344711304,key_press,'s'
292.0190284252167,key_press,'e'
292.22741961479187,key_press,'d'
292.35924553871155,key_press,Key.space
292.53413224220276,key_press,'i'
292.80475759506226,key_press,Key.space
292.9903392791748,key_press,Key.space
293.2771863937378,key_press,'v'
293.6729109287262,key_press,'y'
293.8438913822174,key_press,'b'
294.13449144363403,key_press,'e'
294.2549912929535,key_press,'r'
294.43545842170715,key_press,'s'
294.60199427604675,key_press,'e'
294.87197852134705,key_press,'c'
295.22837829589844,key_press,'u'
295.437851190567,key_press,'t'
296.1012771129608,key_press,Key.backspace
296.2215242385864,key_press,'r'
296.3616569042206,key_press,'i'
296.6937515735626,key_press,'t'
296.8845865726471,key_press,'y'
297.08831310272217,key_press,Key.space
297.81515669822693,key_press,'f'
297.94153881073,key_press,'o'
298.0478594303131,key_press,'r'
298.2173562049866,key_press,Key.space
298.7991404533386,mouse_move,"1551,1158"
298.80714535713196,mouse_move,"1553,1158"
299.1021728515625,key_press,'c'
299.35736417770386,key_press,'o'
299.52561473846436,key_press,'n'
299.8108239173889,key_press,'d'
300.0295481681824,key_press,'i'
300.315682888031,key_press,'t'
300.4595594406128,key_press,'i'
300.5467128753662,key_press,'o'
300.7722840309143,key_press,'n'
301.0155220031738,key_press,'s'
301.89553451538086,key_press,'u'
302.12797689437866,key_press,'s'
302.24178075790405,key_press,Key.space
303.44020771980286,key_press,'u'
303.58114314079285,key_press,'s'
303.83565068244934,key_press,'e'
303.9980659484863,key_press,'r'
304.1897530555725,key_press,Key.space
304.6358630657196,key_press,'v'
304.76986598968506,key_press,'e'
304.88667488098145,key_press,'r'
305.1967227458954,key_press,'i'
305.53121185302734,key_press,'d'
305.56195187568665,key_press,'f'
305.6392447948456,key_press,'i'
305.9604892730713,key_press,'c'
306.14463901519775,key_press,'a'
306.3124485015869,key_press,'t'
306.4735429286957,key_press,'i'
306.5484802722931,key_press,'o'
306.7235882282257,key_press,'n'
306.8794150352478,key_press,Key.space
307.3372325897217,key_press,'a'
307.4813792705536,key_press,'n'
307.65689396858215,key_press,'d'
307.802419424057,key_press,Key.space
308.1893699169159,key_press,'f'
308.44481444358826,key_press,'a'
309.0600893497467,key_press,'u'
309.23750019073486,key_press,'r'
309.48859667778015,key_press,'d'
309.72623443603516,key_press,Key.space
311.08853006362915,key_press,'d'
311.244181394577,key_press,'e'
311.4997489452362,key_press,'c'
311.77646923065186,key_press,'t'
311.98636198043823,key_press,'e'
312.1719353199005,key_press,'e'
312.43868494033813,key_press,'c'
312.6513411998749,key_press,'t'
312.8369925022125,key_press,'i'
312.9318904876709,key_press,'o'
313.10830450057983,key_press,'n'
313.2677640914917,key_press,Key.space
313.53452706336975,key_press,Key.enter
314.2098972797394,mouse_move,"1553,1134"
314.21705174446106,mouse_move,"1555,1093"
314.2236120700836,mouse_move,"1560,1047"
314.23111724853516,mouse_move,"1562,993"
314.2381148338318,mouse_move,"1567,937"
314.24557614326477,mouse_move,"1571,879"
314.25278425216675,mouse_move,"1576,820"
314.25978803634644,mouse_move,"1583,768"
314.26710534095764,mouse_move,"1590,715"
314.27329540252686,mouse_move,"1596,673"
314.2808117866516,mouse_move,"1604,636"
314.28781056404114,mouse_move,"1610,606"
314.29535484313965,mouse_move,"1614,586"
314.301894903183,mouse_move,"1618,571"
314.30889415740967,mouse_move,"1621,559"
314.3166973590851,mouse_move,"1625,552"
314.32378673553467,mouse_move,"1630,546"
314.3313093185425,mouse_move,"1634,543"
314.338303565979,mouse_move,"1638,540"
314.34501004219055,mouse_move,"1642,540"
314.351521730423,mouse_move,"1648,541"
314.359521150589,mouse_move,"1657,543"
314.3664858341217,mouse_move,"1668,548"
314.37301325798035,mouse_move,"1680,554"
314.3809337615967,mouse_move,"1692,561"
314.387930393219,mouse_move,"1705,569"
314.3949477672577,mouse_move,"1716,578"
314.4015910625458,mouse_move,"1728,590"
314.4085955619812,mouse_move,"1741,601"
314.41624307632446,mouse_move,"1752,613"
314.42280435562134,mouse_move,"1763,626"
314.43049144744873,mouse_move,"1773,642"
314.4374969005585,mouse_move,"1783,661"
314.44451665878296,mouse_move,"1793,681"
314.4517984390259,mouse_move,"1804,709"
314.45887303352356,mouse_move,"1811,739"
314.46596813201904,mouse_move,"1819,770"
314.4731516838074,mouse_move,"1822,795"
314.4796624183655,mouse_move,"1826,827"
314.48666858673096,mouse_move,"1826,858"
314.49392461776733,mouse_move,"1826,885"
314.50169944763184,mouse_move,"1826,910"
314.50869965553284,mouse_move,"1822,936"
314.51526618003845,mouse_move,"1816,957"
314.5229477882385,mouse_move,"1811,980"
314.5298898220062,mouse_move,"1804,1001"
314.53689551353455,mouse_move,"1797,1019"
314.5439109802246,mouse_move,"1790,1035"
314.5513234138489,mouse_move,"1780,1049"
314.55832076072693,mouse_move,"1771,1063"
314.5658321380615,mouse_move,"1763,1073"
314.57217931747437,mouse_move,"1754,1084"
314.57968735694885,mouse_move,"1743,1092"
314.58672738075256,mouse_move,"1734,1100"
314.59342527389526,mouse_move,"1726,1107"
314.60100960731506,mouse_move,"1718,1113"
314.60800981521606,mouse_move,"1709,1117"
314.61552357673645,mouse_move,"1702,1122"
314.621951341629,mouse_move,"1696,1126"
314.6294574737549,mouse_move,"1689,1131"
314.6364631652832,mouse_move,"1681,1134"
314.6434769630432,mouse_move,"1675,1138"
314.6506242752075,mouse_move,"1669,1141"
314.65813159942627,mouse_move,"1662,1145"
314.66471099853516,mouse_move,"1656,1148"
314.67178177833557,mouse_move,"1649,1152"
314.6793065071106,mouse_move,"1642,1155"
314.68581438064575,mouse_move,"1636,1158"
314.69288969039917,mouse_move,"1631,1158"
314.70042634010315,mouse_move,"1624,1159"
314.7074327468872,mouse_move,"1617,1159"
314.7144556045532,mouse_move,"1612,1159"
314.72208189964294,mouse_move,"1607,1159"
314.7280867099762,mouse_move,"1601,1159"
314.7355978488922,mouse_move,"1598,1159"
314.74252438545227,mouse_move,"1594,1159"
314.74953031539917,mouse_move,"1590,1158"
314.757737159729,mouse_move,"1587,1158"
314.763831615448,mouse_move,"1583,1157"
314.77156376838684,mouse_move,"1581,1156"
314.7785623073578,mouse_move,"1578,1156"
314.7859938144684,mouse_move,"1576,1156"
314.79317808151245,mouse_move,"1574,1156"
314.7997450828552,mouse_move,"1573,1156"
314.80649042129517,mouse_move,"1571,1156"
314.8145241737366,mouse_move,"1571,1156"
314.8215756416321,mouse_move,"1570,1155"
314.82858967781067,mouse_move,"1569,1155"
314.8356034755707,mouse_move,"1567,1152"
315.1591818332672,key_press,Key.ctrl_l
315.34445571899414,key_press,'\x03'
39.18535017967224,mouse_move,"1466,605"
39.22250008583069,mouse_move,"1466,605"
39.385778188705444,mouse_move,"1465,605"
39.39893198013306,mouse_move,"1465,604"
39.44262480735779,mouse_move,"1465,603"
39.446139097213745,mouse_move,"1464,603"
39.4695942401886,mouse_move,"1464,603"
39.50241708755493,mouse_move,"1464,602"
39.51287245750427,mouse_move,"1464,602"
39.527199029922485,mouse_move,"1464,601"
39.53969120979309,mouse_move,"1465,601"
39.556267976760864,mouse_move,"1465,600"
39.563268184661865,mouse_move,"1465,600"
39.58418345451355,mouse_move,"1465,600"
39.5912127494812,mouse_move,"1465,599"
39.624473571777344,mouse_move,"1465,598"
39.65390110015869,mouse_move,"1465,598"
39.779541015625,mouse_move,"1466,598"
39.78962540626526,mouse_move,"1466,598"
39.78962540626526,mouse_move,"1467,598"
39.80841326713562,mouse_move,"1467,599"
39.82447171211243,mouse_move,"1468,599"
39.831859827041626,mouse_move,"1469,600"
40.295414209365845,mouse_move,"1477,593"
40.302573442459106,mouse_move,"1492,581"
40.33220887184143,mouse_move,"1571,535"
40.336215019226074,mouse_move,"1593,525"
40.346004247665405,mouse_move,"1615,516"
40.34899115562439,mouse_move,"1638,511"
40.35831379890442,mouse_move,"1659,505"
40.36747694015503,mouse_move,"1678,502"
40.37506365776062,mouse_move,"1695,501"
40.376140832901,mouse_move,"1711,501"
40.3845899105072,mouse_move,"1726,503"
40.39360499382019,mouse_move,"1742,505"
40.39863729476929,mouse_move,"1754,512"
40.40964889526367,mouse_move,"1766,520"
40.417255878448486,mouse_move,"1776,530"
40.42423057556152,mouse_move,"1784,539"
40.42688465118408,mouse_move,"1790,548"
40.438507080078125,mouse_move,"1796,559"
40.44483804702759,mouse_move,"1801,571"
40.44701385498047,mouse_move,"1804,583"
40.45853328704834,mouse_move,"1806,593"
40.46224641799927,mouse_move,"1808,607"
40.47400951385498,mouse_move,"1808,618"
40.47701907157898,mouse_move,"1806,630"
40.487932205200195,mouse_move,"1802,644"
40.49209380149841,mouse_move,"1798,658"
40.497437477111816,mouse_move,"1789,674"
40.50934624671936,mouse_move,"1779,688"
40.50934624671936,mouse_move,"1769,704"
40.52441334724426,mouse_move,"1752,723"
40.53059959411621,mouse_move,"1732,742"
40.53453755378723,mouse_move,"1710,762"
40.5428671836853,mouse_move,"1685,784"
40.54694938659668,mouse_move,"1655,802"
40.55956959724426,mouse_move,"1624,825"
40.563068866729736,mouse_move,"1588,844"
40.57301187515259,mouse_move,"1548,863"
40.57789349555969,mouse_move,"1513,880"
40.588802337646484,mouse_move,"1474,897"
40.595614433288574,mouse_move,"1442,909"
40.595614433288574,mouse_move,"1408,922"
40.60957074165344,mouse_move,"1380,929"
40.61116933822632,mouse_move,"1353,936"
40.62088704109192,mouse_move,"1330,941"
40.628143310546875,mouse_move,"1310,946"
40.63783526420593,mouse_move,"1295,947"
40.64436149597168,mouse_move,"1280,950"
40.647151470184326,mouse_move,"1266,948"
40.97956132888794,mouse_move,"1228,966"
41.018747091293335,mouse_move,"1182,992"
41.018747091293335,mouse_move,"998,1101"
41.020076751708984,mouse_move,"961,1125"
41.02924132347107,mouse_move,"931,1143"
41.03590416908264,mouse_move,"906,1162"
41.042389154434204,mouse_move,"883,1176"
41.04659390449524,mouse_move,"869,1186"
41.058576822280884,mouse_move,"856,1196"
41.064594984054565,mouse_move,"845,1206"
41.06730580329895,mouse_move,"837,1206"
41.07947492599487,mouse_move,"830,1207"
41.379278898239136,mouse_move,"832,1200"
41.39300751686096,mouse_move,"837,1201"
41.39489126205444,mouse_move,"844,1200"
41.40745162963867,mouse_move,"851,1200"
41.409184217453,mouse_move,"857,1199"
41.421980142593384,mouse_move,"864,1199"
41.426082134246826,mouse_move,"871,1198"
41.42939829826355,mouse_move,"878,1197"
41.44299507141113,mouse_move,"886,1195"
41.44536828994751,mouse_move,"892,1195"
41.456852436065674,mouse_move,"898,1193"
41.46415424346924,mouse_move,"904,1191"
41.46415424346924,mouse_move,"909,1190"
41.47747492790222,mouse_move,"915,1187"
41.48010206222534,mouse_move,"919,1186"
41.48768734931946,mouse_move,"924,1183"
41.49755597114563,mouse_move,"927,1182"
41.50021553039551,mouse_move,"930,1181"
41.514240026474,mouse_move,"932,1180"
41.51619052886963,mouse_move,"934,1179"
41.52671217918396,mouse_move,"935,1178"
41.530073165893555,mouse_move,"936,1177"
41.54259157180786,mouse_move,"937,1177"
41.54314851760864,mouse_move,"937,1177"
41.55697751045227,mouse_move,"938,1177"
41.5614128112793,mouse_move,"939,1177"
41.5784866809845,mouse_move,"939,1177"
41.59624218940735,mouse_move,"940,1176"
41.60425567626953,mouse_move,"941,1176"
41.60952186584473,mouse_move,"941,1175"
41.62016534805298,mouse_move,"943,1175"
41.62656593322754,mouse_move,"944,1175"
41.6285879611969,mouse_move,"945,1175"
41.63719034194946,mouse_move,"946,1174"
41.64346957206726,mouse_move,"947,1174"
41.65114641189575,mouse_move,"947,1173"
41.66302132606506,mouse_move,"948,1173"
41.66605591773987,mouse_move,"949,1173"
41.678284883499146,mouse_move,"950,1172"
41.68022894859314,mouse_move,"951,1172"
41.69219636917114,mouse_move,"952,1172"
41.69415998458862,mouse_move,"953,1172"
41.702279806137085,mouse_move,"953,1172"
41.727593421936035,mouse_move,"954,1172"
41.77765226364136,mouse_move,"955,1172"
41.82777214050293,mouse_move,"955,1172"
41.842158794403076,mouse_move,"956,1172"
42.071733474731445,mouse_click,Button.left
44.39537262916565,mouse_move,"940,1160"
44.40296936035156,mouse_move,"918,1140"
44.40749192237854,mouse_move,"894,1114"
44.41585159301758,mouse_move,"872,1094"
44.42336869239807,mouse_move,"849,1071"
44.42788600921631,mouse_move,"829,1049"
44.435253620147705,mouse_move,"803,1023"
44.435253620147705,mouse_move,"782,998"
44.45227813720703,mouse_move,"756,974"
44.45970916748047,mouse_move,"730,948"
44.466872692108154,mouse_move,"704,924"
44.47088050842285,mouse_move,"673,899"
44.48068690299988,mouse_move,"644,875"
44.48470592498779,mouse_move,"610,849"
44.49022626876831,mouse_move,"582,829"
44.497291803359985,mouse_move,"552,809"
44.50882005691528,mouse_move,"528,792"
44.51640868186951,mouse_move,"501,775"
44.51900887489319,mouse_move,"483,762"
44.53071689605713,mouse_move,"462,748"
44.53331899642944,mouse_move,"448,738"
44.54566717147827,mouse_move,"436,729"
44.54797840118408,mouse_move,"425,721"
44.55782699584961,mouse_move,"416,711"
44.56647706031799,mouse_move,"408,703"
44.57050323486328,mouse_move,"402,697"
44.577354431152344,mouse_move,"397,693"
44.584675788879395,mouse_move,"393,688"
44.59231615066528,mouse_move,"390,685"
44.5995306968689,mouse_move,"388,680"
44.60848522186279,mouse_move,"385,674"
44.80148410797119,mouse_move,"385,675"
44.805771827697754,mouse_move,"386,675"
44.814494371414185,mouse_move,"387,676"
44.82240009307861,mouse_move,"387,677"
44.83604168891907,mouse_move,"387,675"
44.839805126190186,mouse_move,"385,673"
44.84907269477844,mouse_move,"380,666"
44.85516691207886,mouse_move,"372,653"
44.864750623703,mouse_move,"365,638"
44.87182402610779,mouse_move,"352,617"
44.87901258468628,mouse_move,"339,591"
44.88586115837097,mouse_move,"325,559"
44.89424538612366,mouse_move,"311,527"
44.899784564971924,mouse_move,"295,494"
44.90826654434204,mouse_move,"278,455"
44.915708780288696,mouse_move,"263,423"
44.917123317718506,mouse_move,"249,388"
44.92875289916992,mouse_move,"235,359"
44.9356632232666,mouse_move,"224,331"
44.94307589530945,mouse_move,"216,309"
44.94931101799011,mouse_move,"208,291"
44.94931101799011,mouse_move,"203,277"
44.95874071121216,mouse_move,"199,266"
44.96602153778076,mouse_move,"195,256"
44.97486114501953,mouse_move,"191,250"
44.98370170593262,mouse_move,"190,246"
44.99073147773743,mouse_move,"188,242"
45.00030589103699,mouse_move,"187,240"
45.00653910636902,mouse_move,"186,239"
45.00653910636902,mouse_move,"186,237"
45.0223114490509,mouse_move,"186,236"
45.02331852912903,mouse_move,"186,236"
45.03472137451172,mouse_move,"186,235"
45.04016995429993,mouse_move,"186,234"
45.05125570297241,mouse_move,"185,234"
45.088876485824585,mouse_move,"184,234"
45.100708961486816,mouse_move,"184,234"
45.11068630218506,mouse_move,"184,234"
45.12313222885132,mouse_move,"183,235"
45.124512672424316,mouse_move,"182,237"
45.13400936126709,mouse_move,"181,241"
45.13694405555725,mouse_move,"181,246"
45.15005159378052,mouse_move,"181,253"
45.15252423286438,mouse_move,"181,260"
45.16638684272766,mouse_move,"181,270"
45.172192335128784,mouse_move,"183,280"
45.177440881729126,mouse_move,"184,290"
45.184070110321045,mouse_move,"186,301"
45.1922333240509,mouse_move,"188,312"
45.20000743865967,mouse_move,"189,323"
45.206743240356445,mouse_move,"190,331"
45.21472191810608,mouse_move,"192,341"
45.21673274040222,mouse_move,"193,350"
45.227227210998535,mouse_move,"194,357"
45.227227210998535,mouse_move,"194,364"
45.242881536483765,mouse_move,"195,368"
45.249409437179565,mouse_move,"195,371"
45.25559329986572,mouse_move,"195,373"
45.25890254974365,mouse_move,"196,376"
45.27112007141113,mouse_move,"196,377"
45.27884888648987,mouse_move,"196,378"
45.28421664237976,mouse_move,"196,379"
45.2930223941803,mouse_move,"196,380"
45.36281371116638,mouse_move,"196,380"
45.37145447731018,mouse_move,"196,378"
45.375741720199585,mouse_move,"196,374"
45.38470935821533,mouse_move,"195,371"
45.38760828971863,mouse_move,"195,364"
45.399497509002686,mouse_move,"194,357"
45.40160036087036,mouse_move,"193,348"
45.412806272506714,mouse_move,"191,340"
45.417301177978516,mouse_move,"191,331"
45.417301177978516,mouse_move,"190,323"
45.43208599090576,mouse_move,"189,314"
45.436158895492554,mouse_move,"189,307"
45.4494264125824,mouse_move,"189,302"
45.4494264125824,mouse_move,"189,297"
45.46405744552612,mouse_move,"189,294"
45.4671585559845,mouse_move,"189,292"
45.4671585559845,mouse_move,"189,291"
45.48273706436157,mouse_move,"189,290"
45.52721548080444,mouse_move,"188,290"
45.54296398162842,mouse_move,"187,290"
45.54296398162842,mouse_move,"187,291"
45.558786153793335,mouse_move,"186,291"
45.57470393180847,mouse_move,"186,292"
45.57470393180847,mouse_move,"185,293"
45.59241247177124,mouse_move,"184,295"
45.598406076431274,mouse_move,"184,297"
45.598406076431274,mouse_move,"183,300"
45.60701537132263,mouse_move,"182,303"
45.60701537132263,mouse_move,"180,308"
45.623199462890625,mouse_move,"178,313"
45.623199462890625,mouse_move,"176,319"
45.639240980148315,mouse_move,"175,324"
45.639240980148315,mouse_move,"174,329"
45.65597152709961,mouse_move,"174,333"
45.65758562088013,mouse_move,"173,337"
45.668845891952515,mouse_move,"173,341"
45.676923751831055,mouse_move,"173,343"
45.676923751831055,mouse_move,"172,345"
45.69093132019043,mouse_move,"172,347"
45.69846820831299,mouse_move,"172,347"
45.71252179145813,mouse_move,"172,348"
45.71828484535217,mouse_move,"172,349"
45.76906490325928,mouse_move,"172,350"
45.86212229728699,mouse_move,"171,349"
51.93485879898071,mouse_move,"171,354"
51.941784620285034,mouse_move,"173,363"
51.946449756622314,mouse_move,"173,372"
51.946449756622314,mouse_move,"175,380"
51.96066188812256,mouse_move,"175,390"
51.962923765182495,mouse_move,"175,400"
51.97564959526062,mouse_move,"177,411"
51.977044343948364,mouse_move,"177,419"
51.991482973098755,mouse_move,"177,427"
51.991482973098755,mouse_move,"177,434"
52.00448489189148,mouse_move,"177,441"
52.00820183753967,mouse_move,"177,446"
52.00820183753967,mouse_move,"176,452"
52.026137828826904,mouse_move,"174,459"
52.02887940406799,mouse_move,"173,464"
52.0400767326355,mouse_move,"172,470"
52.0450496673584,mouse_move,"172,475"
52.054908990859985,mouse_move,"170,482"
52.054908990859985,mouse_move,"169,487"
52.06408905982971,mouse_move,"167,492"
52.07507038116455,mouse_move,"166,495"
52.07818531990051,mouse_move,"165,499"
52.08775854110718,mouse_move,"164,503"
52.094324350357056,mouse_move,"162,506"
52.10405206680298,mouse_move,"161,509"
52.10405206680298,mouse_move,"160,511"
52.11842942237854,mouse_move,"158,514"
52.12609887123108,mouse_move,"157,516"
52.128825426101685,mouse_move,"156,518"
52.13530993461609,mouse_move,"156,519"
52.13530993461609,mouse_move,"155,521"
52.15059232711792,mouse_move,"155,522"
52.16056561470032,mouse_move,"154,522"
52.16774654388428,mouse_move,"154,523"
52.17050313949585,mouse_move,"153,524"
52.18246150016785,mouse_move,"153,525"
52.19831824302673,mouse_move,"153,525"
52.21435070037842,mouse_move,"153,525"
53.59680962562561,mouse_move,"153,525"
53.60014748573303,mouse_move,"153,523"
53.60529017448425,mouse_move,"153,520"
53.61262369155884,mouse_move,"153,518"
53.62037682533264,mouse_move,"153,515"
53.63068866729736,mouse_move,"154,513"
53.63367748260498,mouse_move,"154,512"
53.64569878578186,mouse_move,"155,509"
53.64569878578186,mouse_move,"155,508"
53.660200357437134,mouse_move,"156,507"
53.66351532936096,mouse_move,"156,505"
53.6704888343811,mouse_move,"156,504"
53.67790389060974,mouse_move,"156,504"
53.68355631828308,mouse_move,"157,503"
53.69605612754822,mouse_move,"157,502"
53.71272325515747,mouse_move,"157,502"
53.73982501029968,mouse_move,"157,501"
53.77666449546814,mouse_move,"157,500"
53.78773093223572,mouse_move,"157,499"
53.80364513397217,mouse_move,"157,499"
53.80493140220642,mouse_move,"157,498"
53.80493140220642,mouse_move,"157,497"
53.81972002983093,mouse_move,"157,497"
53.81972002983093,mouse_move,"158,497"
53.8357470035553,mouse_move,"158,496"
53.83989667892456,mouse_move,"158,495"
53.852662086486816,mouse_move,"158,494"
53.882612466812134,mouse_move,"159,494"
53.89159870147705,mouse_move,"159,493"
53.902573108673096,mouse_move,"159,492"
53.90396189689636,mouse_move,"159,492"
53.914454221725464,mouse_move,"160,491"
53.91786432266235,mouse_move,"160,490"
53.93053936958313,mouse_move,"160,489"
53.93997359275818,mouse_move,"160,489"
53.94992184638977,mouse_move,"160,488"
53.94992184638977,mouse_move,"160,487"
53.96331453323364,mouse_move,"160,487"
53.97832798957825,mouse_move,"161,486"
53.99415111541748,mouse_move,"161,485"
54.009888887405396,mouse_move,"161,484"
54.015122413635254,mouse_move,"162,484"
54.018311977386475,mouse_move,"162,484"
54.04732346534729,mouse_move,"162,483"
54.058008909225464,mouse_move,"162,482"
54.079882860183716,mouse_move,"162,482"
54.08591079711914,mouse_move,"162,481"
54.09368062019348,mouse_move,"162,480"
54.09969639778137,mouse_move,"163,480"
54.107468128204346,mouse_move,"163,479"
54.11549210548401,mouse_move,"163,478"
54.12151503562927,mouse_move,"164,477"
54.129539012908936,mouse_move,"164,476"
54.13555908203125,mouse_move,"164,475"
54.14433169364929,mouse_move,"164,474"
54.150349378585815,mouse_move,"164,473"
54.157373905181885,mouse_move,"164,472"
54.16540002822876,mouse_move,"165,470"
54.17116689682007,mouse_move,"165,469"
54.17920112609863,mouse_move,"165,468"
54.18496584892273,mouse_move,"165,466"
54.192999601364136,mouse_move,"165,465"
54.20078110694885,mouse_move,"166,464"
54.206963539123535,mouse_move,"166,463"
54.21089792251587,mouse_move,"166,462"
54.220601081848145,mouse_move,"167,461"
54.220601081848145,mouse_move,"167,460"
54.23224496841431,mouse_move,"167,459"
54.24068093299866,mouse_move,"167,459"
54.24999952316284,mouse_move,"168,458"
54.265095472335815,mouse_move,"168,456"
54.265095472335815,mouse_move,"168,456"
54.27964782714844,mouse_move,"168,455"
54.28188920021057,mouse_move,"169,454"
54.28188920021057,mouse_move,"169,453"
54.29676842689514,mouse_move,"170,452"
54.30219268798828,mouse_move,"170,451"
54.314000844955444,mouse_move,"170,451"
54.314000844955444,mouse_move,"171,450"
54.32906770706177,mouse_move,"171,449"
54.32957887649536,mouse_move,"171,448"
54.343523263931274,mouse_move,"171,448"
54.344640016555786,mouse_move,"171,448"
54.344640016555786,mouse_move,"171,447"
54.361831188201904,mouse_move,"171,446"
54.37667942047119,mouse_move,"172,446"
54.391876220703125,mouse_move,"172,446"
54.44199538230896,mouse_move,"173,445"
54.720308780670166,mouse_click,Button.left
56.90219044685364,mouse_move,"181,445"
56.90219044685364,mouse_move,"192,445"
56.918274879455566,mouse_move,"202,445"
56.92411780357361,mouse_move,"214,446"
56.93238973617554,mouse_move,"224,448"
56.941567182540894,mouse_move,"236,450"
56.94718527793884,mouse_move,"250,452"
56.950477600097656,mouse_move,"262,453"
56.95558023452759,mouse_move,"275,454"
56.96485090255737,mouse_move,"287,457"
56.96485090255737,mouse_move,"297,458"
56.9820351600647,mouse_move,"309,460"
56.98582148551941,mouse_move,"319,462"
56.99631714820862,mouse_move,"331,465"
56.99885129928589,mouse_move,"342,467"
56.99885129928589,mouse_move,"350,470"
57.01291012763977,mouse_move,"361,474"
57.021958112716675,mouse_move,"370,476"
57.03302597999573,mouse_move,"378,479"
57.034908056259155,mouse_move,"386,481"
57.04716920852661,mouse_move,"391,484"
57.04716920852661,mouse_move,"395,486"
57.06002879142761,mouse_move,"399,487"
57.063007831573486,mouse_move,"403,488"
57.075849533081055,mouse_move,"405,488"
57.075849533081055,mouse_move,"407,489"
57.075849533081055,mouse_move,"407,489"
57.09103965759277,mouse_move,"409,490"
57.09103965759277,mouse_move,"410,490"
57.112982988357544,mouse_move,"410,490"
57.1229043006897,mouse_move,"411,491"
57.139000415802,mouse_move,"412,491"
57.147655963897705,mouse_move,"412,491"
57.17706823348999,mouse_move,"412,491"
57.18723249435425,mouse_move,"413,491"
57.190871477127075,mouse_move,"414,489"
57.20322251319885,mouse_move,"415,488"
57.2064528465271,mouse_move,"415,486"
57.212754249572754,mouse_move,"416,483"
57.22031331062317,mouse_move,"416,481"
57.22031331062317,mouse_move,"417,478"
57.23530650138855,mouse_move,"418,474"
57.23530650138855,mouse_move,"418,471"
57.25323843955994,mouse_move,"418,469"
57.25323843955994,mouse_move,"418,465"
57.267597913742065,mouse_move,"418,462"
57.26906442642212,mouse_move,"418,461"
57.26906442642212,mouse_move,"418,458"
57.28362250328064,mouse_move,"418,457"
57.28362250328064,mouse_move,"418,457"
57.299789905548096,mouse_move,"419,456"
57.30792951583862,mouse_move,"419,455"
57.31720995903015,mouse_move,"419,455"
57.31907415390015,mouse_move,"419,454"
57.35420799255371,mouse_move,"419,453"
57.71585965156555,mouse_move,"419,455"
57.73296332359314,mouse_move,"417,457"
57.73296332359314,mouse_move,"415,461"
57.76692843437195,mouse_move,"408,470"
57.77988028526306,mouse_move,"407,472"
57.78122568130493,mouse_move,"407,474"
57.79480028152466,mouse_move,"406,476"
57.796892166137695,mouse_move,"404,477"
57.796892166137695,mouse_move,"403,479"
57.8149516582489,mouse_move,"401,481"
57.8149516582489,mouse_move,"400,483"
57.826762437820435,mouse_move,"399,485"
57.8349232673645,mouse_move,"398,488"
57.84343147277832,mouse_move,"396,490"
57.849191427230835,mouse_move,"394,493"
57.85850787162781,mouse_move,"392,495"
57.86501717567444,mouse_move,"390,498"
57.8715078830719,mouse_move,"389,501"
57.87623167037964,mouse_move,"388,503"
57.87623167037964,mouse_move,"386,505"
57.89180088043213,mouse_move,"385,506"
57.895790576934814,mouse_move,"384,507"
57.906492948532104,mouse_move,"384,508"
57.90850019454956,mouse_move,"384,508"
57.92252254486084,mouse_move,"383,509"
57.92252254486084,mouse_move,"383,510"
57.9311261177063,mouse_move,"382,511"
57.94938659667969,mouse_move,"381,511"
57.9552948474884,mouse_move,"381,512"
57.96997332572937,mouse_move,"381,512"
57.97700810432434,mouse_move,"381,513"
57.98636317253113,mouse_move,"380,513"
57.98636317253113,mouse_move,"380,513"
58.02509593963623,mouse_move,"380,514"
58.114447593688965,mouse_move,"380,514"
58.13206338882446,mouse_move,"380,511"
58.139732122421265,mouse_move,"381,507"
58.14976263046265,mouse_move,"382,502"
58.154173612594604,mouse_move,"384,496"
58.16403007507324,mouse_move,"388,487"
58.19356083869934,mouse_move,"398,463"
58.19644331932068,mouse_move,"401,459"
58.201576471328735,mouse_move,"404,454"
58.21082401275635,mouse_move,"406,451"
58.219016313552856,mouse_move,"408,447"
58.22523617744446,mouse_move,"410,443"
58.22985100746155,mouse_move,"413,437"
58.241084575653076,mouse_move,"415,433"
58.2498459815979,mouse_move,"417,429"
58.25713896751404,mouse_move,"419,427"
58.26315689086914,mouse_move,"420,424"
58.271180868148804,mouse_move,"422,421"
58.27745032310486,mouse_move,"423,418"
58.285473585128784,mouse_move,"424,414"
58.290993452072144,mouse_move,"425,411"
58.29902100563049,mouse_move,"427,409"
58.30679774284363,mouse_move,"428,406"
58.30880403518677,mouse_move,"428,404"
58.32072901725769,mouse_move,"429,402"
58.32725977897644,mouse_move,"429,400"
58.33530020713806,mouse_move,"430,397"
58.33896994590759,mouse_move,"432,395"
58.34909701347351,mouse_move,"433,394"
58.357006788253784,mouse_move,"434,391"
58.35866379737854,mouse_move,"435,389"
58.36902189254761,mouse_move,"436,386"
58.37246346473694,mouse_move,"436,385"
58.38481688499451,mouse_move,"438,382"
58.38591289520264,mouse_move,"439,379"
58.394649505615234,mouse_move,"440,375"
58.40073108673096,mouse_move,"442,373"
58.410826206207275,mouse_move,"444,369"
58.41903781890869,mouse_move,"445,366"
58.41903781890869,mouse_move,"447,363"
58.43246150016785,mouse_move,"449,359"
58.436678647994995,mouse_move,"450,357"
58.44939708709717,mouse_move,"450,356"
58.45587491989136,mouse_move,"452,353"
58.45587491989136,mouse_move,"452,352"
58.46545767784119,mouse_move,"452,352"
58.46545767784119,mouse_move,"452,351"
58.481412172317505,mouse_move,"453,350"
58.481412172317505,mouse_move,"454,349"
58.49746346473694,mouse_move,"454,349"
58.51352143287659,mouse_move,"454,348"
58.51641368865967,mouse_move,"455,346"
58.52839493751526,mouse_move,"456,345"
58.52839493751526,mouse_move,"456,343"
58.536858558654785,mouse_move,"458,341"
58.547168016433716,mouse_move,"458,340"
58.550209522247314,mouse_move,"460,338"
58.560296297073364,mouse_move,"460,336"
58.564862966537476,mouse_move,"461,336"
58.576191425323486,mouse_move,"462,334"
58.576191425323486,mouse_move,"463,333"
58.58902549743652,mouse_move,"463,333"
58.59335160255432,mouse_move,"463,332"
58.59335160255432,mouse_move,"464,332"
58.608147621154785,mouse_move,"464,331"
58.626315116882324,mouse_move,"465,330"
58.65026354789734,mouse_move,"465,330"
58.78468036651611,mouse_move,"465,330"
58.788060665130615,mouse_move,"465,330"
58.788060665130615,mouse_move,"464,330"
58.80315566062927,mouse_move,"464,330"
58.80315566062927,mouse_move,"464,330"
58.82008624076843,mouse_move,"462,331"
58.82225966453552,mouse_move,"460,332"
58.83304238319397,mouse_move,"459,334"
58.8358998298645,mouse_move,"456,336"
58.84297513961792,mouse_move,"454,338"
58.85201358795166,mouse_move,"451,341"
58.85595655441284,mouse_move,"449,344"
58.86573338508606,mouse_move,"447,347"
58.86573338508606,mouse_move,"445,350"
58.88244700431824,mouse_move,"443,352"
58.88699722290039,mouse_move,"441,355"
58.89863729476929,mouse_move,"438,361"
58.90005135536194,mouse_move,"434,365"
58.90683674812317,mouse_move,"431,369"
58.91536021232605,mouse_move,"429,372"
58.92256259918213,mouse_move,"427,375"
58.93146562576294,mouse_move,"425,378"
58.936638593673706,mouse_move,"424,379"
58.94745373725891,mouse_move,"422,380"
58.953360080718994,mouse_move,"421,381"
58.961418867111206,mouse_move,"420,383"
58.96781849861145,mouse_move,"420,383"
58.97009634971619,mouse_move,"419,383"
59.05083966255188,mouse_move,"419,383"
59.058197259902954,mouse_move,"421,379"
59.06410527229309,mouse_move,"424,371"
59.07318305969238,mouse_move,"427,361"
59.077388525009155,mouse_move,"432,350"
59.08909869194031,mouse_move,"438,340"
59.091092586517334,mouse_move,"443,329"
59.091092586517334,mouse_move,"448,318"
59.10608720779419,mouse_move,"454,308"
59.11251401901245,mouse_move,"458,296"
59.12064528465271,mouse_move,"463,285"
59.12702226638794,mouse_move,"468,275"
59.139015913009644,mouse_move,"472,266"
59.140535831451416,mouse_move,"476,258"
59.15207266807556,mouse_move,"478,254"
59.15207266807556,mouse_move,"479,251"
59.168192863464355,mouse_move,"480,250"
59.17235851287842,mouse_move,"480,249"
59.177042961120605,mouse_move,"480,248"
59.217812061309814,mouse_move,"480,249"
59.2199387550354,mouse_move,"477,252"
59.232051610946655,mouse_move,"475,253"
59.232051610946655,mouse_move,"473,256"
59.24091839790344,mouse_move,"471,259"
59.25116491317749,mouse_move,"468,262"
59.25545597076416,mouse_move,"466,268"
59.26516652107239,mouse_move,"464,273"
59.26959800720215,mouse_move,"461,278"
59.28180146217346,mouse_move,"459,282"
59.28180146217346,mouse_move,"455,286"
59.296316623687744,mouse_move,"452,289"
59.29784178733826,mouse_move,"449,293"
59.305577516555786,mouse_move,"447,297"
59.31241059303284,mouse_move,"444,302"
59.32198119163513,mouse_move,"441,306"
59.330973625183105,mouse_move,"439,310"
59.330973625183105,mouse_move,"435,316"
59.34426259994507,mouse_move,"432,322"
59.35146617889404,mouse_move,"429,328"
59.36032319068909,mouse_move,"426,333"
59.36032319068909,mouse_move,"424,339"
59.37301182746887,mouse_move,"422,342"
59.377102851867676,mouse_move,"421,346"
59.377102851867676,mouse_move,"419,347"
59.39290499687195,mouse_move,"417,350"
59.39764451980591,mouse_move,"416,352"
59.40763449668884,mouse_move,"416,353"
59.40763449668884,mouse_move,"416,353"
59.42697787284851,mouse_move,"416,354"
59.488585472106934,mouse_move,"416,354"
59.504610776901245,mouse_move,"416,353"
59.504610776901245,mouse_move,"416,350"
59.52027940750122,mouse_move,"416,346"
59.52027940750122,mouse_move,"418,342"
59.536062479019165,mouse_move,"421,338"
59.536062479019165,mouse_move,"423,334"
59.552876234054565,mouse_move,"425,330"
59.552876234054565,mouse_move,"427,327"
59.552876234054565,mouse_move,"428,323"
59.573018074035645,mouse_move,"430,320"
59.573018074035645,mouse_move,"432,317"
59.58352732658386,mouse_move,"433,316"
59.58352732658386,mouse_move,"435,314"
59.599369525909424,mouse_move,"436,313"
59.599369525909424,mouse_move,"437,312"
59.61535382270813,mouse_move,"437,311"
59.618163108825684,mouse_move,"438,310"
59.6315701007843,mouse_move,"439,309"
59.65340876579285,mouse_move,"439,309"
59.73020076751709,mouse_move,"440,309"
59.77787780761719,mouse_move,"441,309"
59.79536533355713,mouse_move,"441,308"
60.00861120223999,mouse_click,Button.left
60.19442296028137,mouse_click,Button.left
61.004738092422485,mouse_move,"433,301"
61.016093015670776,mouse_move,"416,289"
61.02624225616455,mouse_move,"399,276"
61.030763387680054,mouse_move,"378,260"
61.04108452796936,mouse_move,"357,244"
61.04842710494995,mouse_move,"332,225"
61.05567407608032,mouse_move,"310,207"
61.05740785598755,mouse_move,"285,186"
61.0688042640686,mouse_move,"261,169"
61.07506537437439,mouse_move,"240,153"
61.08461260795593,mouse_move,"219,140"
61.08693265914917,mouse_move,"196,125"
61.08693265914917,mouse_move,"178,112"
61.10204458236694,mouse_move,"162,104"
61.11140036582947,mouse_move,"145,93"
61.11834096908569,mouse_move,"131,85"
61.12272119522095,mouse_move,"117,76"
61.13245868682861,mouse_move,"107,69"
61.14069962501526,mouse_move,"96,64"
61.14945578575134,mouse_move,"85,59"
61.15581822395325,mouse_move,"78,55"
61.158347606658936,mouse_move,"72,52"
61.1662335395813,mouse_move,"66,48"
61.177252531051636,mouse_move,"61,46"
61.18183875083923,mouse_move,"57,44"
61.18722939491272,mouse_move,"55,42"
61.19568133354187,mouse_move,"52,41"
61.20179772377014,mouse_move,"50,41"
61.211819887161255,mouse_move,"50,40"
61.21382784843445,mouse_move,"49,40"
61.22789216041565,mouse_move,"47,40"
61.2311475276947,mouse_move,"47,40"
61.240683794021606,mouse_move,"46,40"
61.2488329410553,mouse_move,"45,40"
61.25621199607849,mouse_move,"45,39"
61.26048302650452,mouse_move,"44,39"
61.26626706123352,mouse_move,"43,39"
61.2751567363739,mouse_move,"42,39"
61.2751567363739,mouse_move,"42,39"
61.291311740875244,mouse_move,"41,39"
61.33916974067688,mouse_move,"40,39"
61.34541130065918,mouse_move,"40,39"
61.35651683807373,mouse_move,"40,42"
61.36036515235901,mouse_move,"39,46"
61.36541247367859,mouse_move,"39,49"
61.37582325935364,mouse_move,"39,56"
61.37582325935364,mouse_move,"39,64"
61.390459299087524,mouse_move,"40,71"
61.390459299087524,mouse_move,"41,78"
61.40307307243347,mouse_move,"42,84"
61.40307307243347,mouse_move,"45,91"
61.41888689994812,mouse_move,"46,95"
61.41888689994812,mouse_move,"47,98"
61.434956550598145,mouse_move,"47,100"
61.43800115585327,mouse_move,"47,102"
61.4449143409729,mouse_move,"47,103"
61.45648002624512,mouse_move,"47,104"
61.45648002624512,mouse_move,"47,105"
61.46856164932251,mouse_move,"47,105"
61.48247504234314,mouse_move,"48,105"
61.49822497367859,mouse_move,"48,106"
61.820467948913574,mouse_move,"48,106"
61.820467948913574,mouse_move,"47,102"
61.83187389373779,mouse_move,"46,99"
61.83788776397705,mouse_move,"44,95"
61.844075202941895,mouse_move,"43,92"
61.85170364379883,mouse_move,"42,89"
61.85715293884277,mouse_move,"41,88"
61.867488861083984,mouse_move,"40,85"
61.87056493759155,mouse_move,"40,83"
61.883631229400635,mouse_move,"40,82"
61.8863627910614,mouse_move,"39,81"
61.89462161064148,mouse_move,"39,79"
61.90061640739441,mouse_move,"38,79"
61.90061640739441,mouse_move,"38,79"
61.92135238647461,mouse_move,"38,78"
62.17467141151428,mouse_click,Button.left
62.758495569229126,mouse_move,"47,79"
62.762914419174194,mouse_move,"61,83"
62.77357339859009,mouse_move,"80,88"
62.77745532989502,mouse_move,"104,94"
62.788816928863525,mouse_move,"126,103"
62.788816928863525,mouse_move,"151,114"
62.788816928863525,mouse_move,"176,124"
62.809335470199585,mouse_move,"205,138"
62.809335470199585,mouse_move,"235,156"
62.82210826873779,mouse_move,"263,176"
62.826882123947144,mouse_move,"291,195"
62.836371421813965,mouse_move,"315,214"
62.84011888504028,mouse_move,"343,234"
62.85259413719177,mouse_move,"364,252"
62.85881567001343,mouse_move,"384,271"
62.86164164543152,mouse_move,"401,290"
62.868430614471436,mouse_move,"415,306"
62.8757061958313,mouse_move,"427,318"
62.88658142089844,mouse_move,"440,331"
62.8949990272522,mouse_move,"450,342"
62.90115690231323,mouse_move,"459,353"
62.90411829948425,mouse_move,"469,362"
62.91565299034119,mouse_move,"477,371"
62.91853141784668,mouse_move,"483,378"
62.93136215209961,mouse_move,"488,385"
62.934041023254395,mouse_move,"492,390"
62.934041023254395,mouse_move,"495,394"
62.94838309288025,mouse_move,"497,397"
62.95901131629944,mouse_move,"499,399"
62.96695017814636,mouse_move,"500,400"
62.96695017814636,mouse_move,"501,401"
62.98081302642822,mouse_move,"501,402"
62.98245859146118,mouse_move,"502,402"
62.99624443054199,mouse_move,"502,403"
63.012248277664185,mouse_move,"503,404"
63.08072757720947,mouse_move,"503,404"
63.087493658065796,mouse_move,"502,403"
63.094183921813965,mouse_move,"501,401"
63.10157227516174,mouse_move,"498,399"
63.10910749435425,mouse_move,"497,397"
63.11572217941284,mouse_move,"495,395"
63.123799085617065,mouse_move,"492,393"
63.12944149971008,mouse_move,"491,390"
63.13728404045105,mouse_move,"491,387"
63.14402461051941,mouse_move,"488,384"
63.14570093154907,mouse_move,"486,380"
63.15341567993164,mouse_move,"484,376"
63.162681341171265,mouse_move,"483,373"
63.171661138534546,mouse_move,"481,369"
63.180702447891235,mouse_move,"479,365"
63.187106132507324,mouse_move,"478,363"
63.189117431640625,key_press,Key.ctrl_l
63.193132638931274,mouse_move,"476,361"
63.20137166976929,mouse_move,"475,359"
63.20859169960022,mouse_move,"474,357"
63.212560176849365,mouse_move,"474,356"
63.216853618621826,mouse_move,"473,356"
63.233623027801514,mouse_move,"473,355"
63.233623027801514,mouse_move,"473,354"
63.25122928619385,mouse_move,"473,354"
63.371938943862915,mouse_move,"471,354"
63.38043737411499,mouse_move,"469,351"
63.58744502067566,mouse_click,Button.left
63.68377733230591,key_press,Key.ctrl_l
63.71663045883179,key_press,Key.ctrl_l
63.749425172805786,key_press,Key.ctrl_l
63.76758098602295,key_press,Key.ctrl_l
63.80830097198486,key_press,Key.ctrl_l
63.837095499038696,key_press,Key.ctrl_l
63.86100125312805,key_press,Key.ctrl_l
63.894238233566284,key_press,Key.ctrl_l
63.92644500732422,key_press,Key.ctrl_l
63.960206747055054,key_press,Key.ctrl_l
63.97306156158447,mouse_move,"469,348"
63.97306156158447,mouse_move,"469,345"
63.98882484436035,key_press,Key.ctrl_l
63.99153208732605,mouse_move,"470,342"
63.99153208732605,mouse_move,"471,339"
64.00500965118408,mouse_move,"471,337"
64.00701689720154,mouse_move,"472,334"
64.0167076587677,key_press,Key.ctrl_l
64.02083659172058,mouse_move,"473,333"
64.02315211296082,mouse_move,"473,332"
64.02315211296082,mouse_move,"474,330"
64.04028153419495,mouse_move,"474,330"
64.04830694198608,mouse_move,"474,329"
64.05032277107239,key_press,Key.ctrl_l
64.05539631843567,mouse_move,"474,328"
64.06013822555542,mouse_move,"474,328"
64.07012486457825,mouse_move,"474,328"
64.07731795310974,mouse_move,"474,327"
64.07731795310974,key_press,Key.ctrl_l
64.09126019477844,mouse_move,"474,326"
64.10055017471313,key_press,Key.ctrl_l
64.10055017471313,mouse_move,"475,325"
64.1181206703186,mouse_move,"475,323"
64.1254026889801,mouse_move,"475,322"
64.13062024116516,mouse_move,"476,320"
64.13560652732849,key_press,Key.ctrl_l
64.13560652732849,mouse_move,"477,317"
64.1477530002594,mouse_move,"478,315"
64.1477530002594,mouse_move,"479,313"
64.16237235069275,mouse_move,"479,311"
64.16457080841064,mouse_move,"479,309"
64.16457080841064,key_press,Key.ctrl_l
64.16457080841064,mouse_move,"480,309"
64.18321681022644,mouse_move,"480,308"
64.18654012680054,mouse_move,"480,307"
64.19420433044434,mouse_move,"480,307"
64.19420433044434,key_press,Key.ctrl_l
64.2037422657013,mouse_move,"481,306"
64.21250104904175,mouse_move,"481,305"
64.22652053833008,mouse_move,"481,303"
64.22652053833008,key_press,Key.ctrl_l
64.26073002815247,key_press,Key.ctrl_l
64.29122042655945,key_press,Key.ctrl_l
64.30776643753052,key_press,Key.ctrl_l
64.33960175514221,key_press,Key.ctrl_l
64.37928295135498,key_press,Key.ctrl_l
64.40844488143921,key_press,Key.ctrl_l
64.42457151412964,mouse_click,Button.left
64.43632888793945,key_press,Key.ctrl_l
64.46921443939209,key_press,Key.ctrl_l
64.50146126747131,key_press,Key.ctrl_l
64.53208327293396,key_press,Key.ctrl_l
64.5482439994812,key_press,Key.ctrl_l
64.58061742782593,key_press,Key.ctrl_l
64.61349654197693,key_press,Key.ctrl_l
64.64861726760864,key_press,Key.ctrl_l
64.68168902397156,key_press,Key.ctrl_l
64.71093821525574,key_press,Key.ctrl_l
64.72737073898315,key_press,Key.ctrl_l
64.76396679878235,key_press,Key.ctrl_l
64.79123616218567,key_press,Key.ctrl_l
64.82520961761475,key_press,Key.ctrl_l
64.85541081428528,key_press,Key.ctrl_l
64.89074444770813,key_press,Key.ctrl_l
64.91566276550293,mouse_move,"480,302"
64.92141723632812,key_press,Key.ctrl_l
64.93720555305481,mouse_move,"478,300"
64.93720555305481,mouse_move,"478,299"
64.95202493667603,key_press,Key.ctrl_l
64.95202493667603,mouse_move,"478,299"
64.95623111724854,mouse_move,"478,298"
64.98056387901306,mouse_move,"477,298"
64.98414754867554,mouse_move,"477,297"
64.99911141395569,mouse_move,"477,296"
65.01470446586609,mouse_move,"477,296"
65.01951622962952,mouse_move,"477,295"
65.03193235397339,mouse_move,"477,292"
65.03880858421326,mouse_move,"477,291"
65.04659461975098,mouse_move,"478,288"
65.04912328720093,mouse_move,"479,285"
65.05607676506042,mouse_move,"480,282"
65.06497716903687,mouse_move,"481,279"
65.06878900527954,mouse_move,"481,276"
65.08029675483704,mouse_move,"482,273"
65.08145904541016,mouse_move,"483,268"
65.09565901756287,mouse_move,"483,264"
65.09565901756287,mouse_move,"484,261"
65.09565901756287,mouse_move,"485,258"
65.11516666412354,mouse_move,"486,254"
65.11516666412354,mouse_move,"486,250"
65.12649774551392,mouse_move,"486,248"
65.13133764266968,mouse_move,"487,244"
65.14241981506348,mouse_move,"487,241"
65.14241981506348,mouse_move,"487,236"
65.15842962265015,mouse_move,"487,232"
65.16415739059448,mouse_move,"487,229"
65.17467403411865,mouse_move,"487,224"
65.1777548789978,mouse_move,"487,220"
65.1777548789978,mouse_move,"487,215"
65.19057321548462,mouse_move,"487,211"
65.19057321548462,mouse_move,"486,208"
65.20880842208862,mouse_move,"485,204"
65.21416211128235,mouse_move,"484,201"
65.22397184371948,mouse_move,"484,198"
65.23056316375732,mouse_move,"483,195"
65.23056316375732,mouse_move,"482,193"
65.2388391494751,mouse_move,"482,191"
65.2388391494751,mouse_move,"482,189"
65.25622844696045,mouse_move,"482,188"
65.26434922218323,mouse_move,"480,186"
65.27213883399963,mouse_move,"480,184"
65.27532649040222,mouse_move,"480,183"
65.28660869598389,mouse_move,"480,183"
65.28660869598389,mouse_move,"479,181"
65.29661822319031,mouse_move,"478,180"
65.30460977554321,mouse_move,"478,180"
65.30460977554321,mouse_move,"477,178"
65.32180857658386,mouse_move,"477,176"
65.32180857658386,mouse_move,"476,174"
65.33480668067932,mouse_move,"475,171"
65.33942198753357,mouse_move,"474,169"
65.35083436965942,mouse_move,"474,167"
65.35475754737854,mouse_move,"473,164"
65.36518239974976,mouse_move,"472,162"
65.36693096160889,mouse_move,"472,159"
65.36693096160889,mouse_move,"472,158"
65.38404130935669,mouse_move,"472,157"
65.38973832130432,mouse_move,"471,157"
65.39852523803711,mouse_move,"471,156"
65.4033260345459,mouse_move,"471,156"
65.47893786430359,mouse_move,"471,154"
65.48344039916992,mouse_move,"471,154"
65.93249154090881,mouse_click,Button.left
66.74205470085144,mouse_move,"471,153"
66.75632381439209,mouse_move,"471,152"
66.75632381439209,mouse_move,"471,151"
66.76652026176453,mouse_move,"471,151"
66.77394461631775,mouse_move,"471,151"
66.80367588996887,mouse_move,"471,150"
66.83573865890503,mouse_move,"470,149"
67.19623970985413,mouse_move,"470,156"
67.212242603302,mouse_move,"471,166"
67.212242603302,mouse_move,"473,178"
67.2248158454895,mouse_move,"475,190"
67.24074268341064,mouse_move,"478,220"
67.24371814727783,mouse_move,"479,234"
67.25184750556946,mouse_move,"482,249"
67.26340413093567,mouse_move,"483,262"
67.26804518699646,mouse_move,"485,276"
67.27360892295837,mouse_move,"486,287"
67.27360892295837,mouse_move,"486,299"
67.28985571861267,mouse_move,"487,311"
67.29209446907043,mouse_move,"487,319"
67.30394077301025,mouse_move,"489,328"
67.30394077301025,mouse_move,"489,335"
67.31398391723633,mouse_move,"490,340"
67.3223237991333,mouse_move,"490,344"
67.32903456687927,mouse_move,"490,348"
67.33570766448975,mouse_move,"490,350"
67.33570766448975,mouse_move,"490,353"
67.3544659614563,mouse_move,"490,355"
67.3544659614563,mouse_move,"490,356"
67.36796545982361,mouse_move,"490,357"
67.36796545982361,mouse_move,"490,358"
67.38357377052307,mouse_move,"490,359"
67.38763046264648,mouse_move,"490,360"
67.39257192611694,mouse_move,"490,361"
67.41902995109558,mouse_move,"490,361"
67.43372535705566,mouse_move,"490,362"
67.47859978675842,mouse_move,"490,363"
67.56915020942688,mouse_move,"490,363"
67.57594084739685,mouse_move,"490,361"
67.58032202720642,mouse_move,"490,360"
67.58645367622375,mouse_move,"490,356"
67.59324145317078,mouse_move,"490,351"
67.5988507270813,mouse_move,"491,346"
67.60991430282593,mouse_move,"492,339"
67.60991430282593,mouse_move,"492,334"
67.62418246269226,mouse_move,"493,328"
67.62418246269226,mouse_move,"494,324"
67.63970828056335,mouse_move,"494,321"
67.63970828056335,mouse_move,"495,318"
67.63970828056335,mouse_move,"496,314"
67.65750098228455,mouse_move,"496,312"
67.66822099685669,mouse_move,"496,311"
67.67338538169861,mouse_move,"497,310"
67.67338538169861,mouse_move,"497,309"
67.68718576431274,mouse_move,"497,309"
67.68718576431274,mouse_move,"497,308"
67.70314955711365,mouse_move,"497,307"
67.70537805557251,mouse_move,"497,307"
67.72003746032715,mouse_move,"497,306"
67.8683693408966,mouse_move,"497,306"
68.07579946517944,mouse_click,Button.left
68.31529259681702,mouse_click,Button.left
68.97273564338684,mouse_move,"485,303"
68.98590278625488,mouse_move,"468,296"
68.98590278625488,mouse_move,"445,284"
69.0018298625946,mouse_move,"416,272"
69.00677609443665,mouse_move,"387,259"
69.00677609443665,mouse_move,"355,245"
69.01899862289429,mouse_move,"324,233"
69.02534580230713,mouse_move,"292,219"
69.03357648849487,mouse_move,"263,205"
69.03963041305542,mouse_move,"234,192"
69.05205464363098,mouse_move,"211,182"
69.0534827709198,mouse_move,"189,171"
69.06540489196777,mouse_move,"171,164"
69.07305860519409,mouse_move,"155,158"
69.07674050331116,mouse_move,"143,153"
69.08384490013123,mouse_move,"133,149"
69.08384490013123,mouse_move,"124,145"
69.10210371017456,mouse_move,"117,142"
69.1043074131012,mouse_move,"111,140"
69.11555600166321,mouse_move,"107,138"
69.11945986747742,mouse_move,"104,137"
69.1286153793335,mouse_move,"101,136"
69.13093137741089,mouse_move,"100,135"
69.144522190094,mouse_move,"98,135"
69.14706301689148,mouse_move,"96,135"
69.1640043258667,mouse_move,"96,134"
69.17308759689331,mouse_move,"95,133"
69.17762207984924,mouse_move,"93,132"
69.18626928329468,mouse_move,"93,132"
69.19231748580933,mouse_move,"92,132"
69.19517755508423,mouse_move,"91,131"
69.20831036567688,mouse_move,"90,129"
69.20831036567688,mouse_move,"89,129"
69.20831036567688,mouse_move,"89,128"
69.22652196884155,mouse_move,"87,126"
69.23257565498352,mouse_move,"86,123"
69.2399549484253,mouse_move,"84,119"
69.24753260612488,mouse_move,"83,117"
69.25574135780334,mouse_move,"81,111"
69.26246500015259,mouse_move,"79,106"
69.27312803268433,mouse_move,"76,99"
69.27561807632446,mouse_move,"73,91"
69.27561807632446,mouse_move,"69,85"
69.2876615524292,mouse_move,"66,80"
69.2876615524292,mouse_move,"62,74"
69.30360674858093,mouse_move,"58,69"
69.31030941009521,mouse_move,"55,66"
69.32050585746765,mouse_move,"52,63"
69.3253321647644,mouse_move,"50,62"
69.33522653579712,mouse_move,"48,60"
69.33825087547302,mouse_move,"47,58"
69.35089635848999,mouse_move,"45,57"
69.3546576499939,mouse_move,"44,56"
69.36977076530457,mouse_move,"43,56"
69.70440292358398,mouse_click,Button.left
69.94777965545654,mouse_move,"43,56"
69.96204280853271,mouse_move,"43,58"
69.96782231330872,mouse_move,"43,58"
69.9762511253357,mouse_move,"43,59"
69.98062419891357,mouse_move,"43,60"
69.99398517608643,mouse_move,"43,61"
70.01212501525879,mouse_move,"43,61"
70.24853014945984,mouse_click,Button.left
70.52551245689392,mouse_move,"43,63"
70.5306830406189,mouse_move,"43,66"
70.53358507156372,mouse_move,"43,68"
70.5413818359375,mouse_move,"43,70"
70.5413818359375,mouse_move,"42,71"
70.5558295249939,mouse_move,"42,73"
70.5558295249939,mouse_move,"41,75"
70.57375454902649,mouse_move,"41,76"
70.57763743400574,mouse_move,"40,77"
70.58740043640137,mouse_move,"40,79"
70.59122729301453,mouse_move,"40,79"
70.60340738296509,mouse_move,"40,80"
70.60613012313843,mouse_move,"39,80"
70.60613012313843,mouse_move,"39,81"
70.62237000465393,mouse_move,"39,81"
70.63506603240967,mouse_move,"39,82"
70.84643006324768,mouse_click,Button.left
71.28129577636719,mouse_move,"43,86"
71.28709840774536,mouse_move,"52,94"
71.29380536079407,mouse_move,"61,102"
71.30140709877014,mouse_move,"71,111"
71.3081967830658,mouse_move,"82,122"
71.3081967830658,mouse_move,"94,132"
71.31918907165527,mouse_move,"105,143"
71.31918907165527,mouse_move,"116,154"
71.33488416671753,mouse_move,"126,165"
71.33488416671753,mouse_move,"137,176"
71.33488416671753,key_press,Key.ctrl_l
71.35190200805664,mouse_move,"148,187"
71.35829973220825,mouse_move,"159,198"
71.36645483970642,mouse_move,"170,209"
71.36645483970642,mouse_move,"182,222"
71.37960457801819,mouse_move,"193,233"
71.38230109214783,mouse_move,"204,242"
71.39036726951599,mouse_move,"214,252"
71.39799308776855,mouse_move,"223,260"
71.4064245223999,mouse_move,"234,269"
71.41375875473022,mouse_move,"242,277"
71.42364144325256,mouse_move,"251,285"
71.43095183372498,mouse_move,"260,293"
71.43095183372498,mouse_move,"270,301"
71.44582271575928,mouse_move,"277,307"
71.45177960395813,mouse_move,"285,314"
71.45177960395813,mouse_move,"293,320"
71.46289706230164,mouse_move,"299,325"
71.46289706230164,mouse_move,"303,329"
71.47991037368774,mouse_move,"309,333"
71.47991037368774,mouse_move,"312,337"
71.49541521072388,mouse_move,"315,339"
71.50178027153015,mouse_move,"318,341"
71.50997257232666,mouse_move,"320,344"
71.50997257232666,mouse_move,"321,346"
71.50997257232666,mouse_move,"323,346"
71.52535653114319,mouse_move,"324,347"
71.52535653114319,mouse_move,"325,348"
71.54503846168518,mouse_move,"325,348"
71.54634070396423,mouse_move,"325,349"
71.56058311462402,mouse_move,"326,349"
71.57991170883179,mouse_move,"326,349"
71.58905506134033,mouse_move,"327,349"
71.61251187324524,mouse_move,"327,350"
71.63726139068604,mouse_move,"327,350"
71.63726139068604,mouse_move,"327,348"
71.84736037254333,key_press,Key.ctrl_l
71.8713698387146,key_press,Key.ctrl_l
71.89511466026306,key_press,Key.ctrl_l
71.93184089660645,key_press,Key.ctrl_l
71.95948910713196,key_press,Key.ctrl_l
71.9966812133789,key_press,Key.ctrl_l
72.01210141181946,key_press,'\x1a'
72.40599298477173,key_press,'\x1a'
74.07706189155579,key_press,'\x1a'
74.85535717010498,key_press,'\x1a'
75.17785215377808,key_press,'\x1a'
75.5631890296936,key_press,'\x1a'
76.07242703437805,key_press,'\x1a'
77.82202363014221,key_press,Key.ctrl_l
78.00905728340149,key_press,'\x1a'
78.46559071540833,key_press,'\x1a'
78.87063407897949,key_press,'\x1a'
79.28971481323242,mouse_move,"329,360"
79.29727792739868,mouse_move,"333,377"
79.30359530448914,mouse_move,"338,394"
79.32627582550049,mouse_move,"354,462"
79.32894659042358,mouse_move,"359,489"
79.33748745918274,mouse_move,"364,515"
79.34704899787903,mouse_move,"370,541"
79.34704899787903,mouse_move,"378,566"
79.35832285881042,mouse_move,"383,589"
79.36620616912842,mouse_move,"388,612"
79.37371778488159,mouse_move,"395,636"
79.37819314002991,mouse_move,"398,655"
79.38972473144531,mouse_move,"403,675"
79.39602327346802,mouse_move,"407,692"
79.39602327346802,mouse_move,"410,706"
79.40976428985596,mouse_move,"412,719"
79.41613101959229,mouse_move,"415,730"
79.42281079292297,key_press,Key.ctrl_l
79.42281079292297,mouse_move,"418,740"
79.42636466026306,mouse_move,"420,749"
79.43744087219238,mouse_move,"421,754"
79.44631123542786,mouse_move,"422,760"
79.4540638923645,mouse_move,"422,762"
79.45816040039062,mouse_move,"422,765"
79.46808934211731,mouse_move,"423,767"
79.47051572799683,mouse_move,"423,768"
79.4781141281128,mouse_move,"423,770"
79.49615550041199,mouse_move,"423,772"
79.50283241271973,mouse_move,"423,772"
79.5169312953949,mouse_move,"423,773"
79.51938557624817,mouse_move,"423,774"
79.53247690200806,mouse_move,"423,774"
79.53629517555237,mouse_move,"423,776"
79.54669380187988,mouse_move,"423,777"
79.54829335212708,mouse_move,"422,777"
79.55618572235107,mouse_move,"421,778"
79.56597447395325,mouse_move,"420,779"
79.6018614768982,mouse_move,"420,780"
79.63637137413025,mouse_move,"420,780"
79.64772152900696,mouse_move,"420,779"
79.65992093086243,mouse_move,"419,778"
79.66612505912781,mouse_move,"419,777"
79.67606401443481,mouse_move,"419,775"
79.68208503723145,mouse_move,"418,774"
79.68597316741943,mouse_move,"418,772"
79.69316148757935,mouse_move,"418,770"
79.69617748260498,mouse_move,"418,769"
79.707937002182,mouse_move,"418,767"
79.71608448028564,mouse_move,"418,764"
79.72401237487793,mouse_move,"418,763"
79.72601962089539,mouse_move,"418,761"
79.73640847206116,mouse_move,"418,760"
79.7461576461792,mouse_move,"418,757"
79.74672222137451,mouse_move,"418,755"
79.75972390174866,mouse_move,"418,754"
79.76607155799866,mouse_move,"418,751"
79.77133822441101,mouse_move,"418,750"
79.77610063552856,mouse_move,"418,749"
79.78715682029724,mouse_move,"418,747"
79.79591155052185,mouse_move,"418,746"
79.80322217941284,mouse_move,"418,744"
79.80741453170776,mouse_move,"419,742"
79.81602191925049,mouse_move,"419,741"
79.82214093208313,mouse_move,"420,740"
79.82866287231445,mouse_move,"420,738"
79.83721280097961,mouse_move,"420,738"
79.83848285675049,mouse_move,"420,736"
79.85236883163452,mouse_move,"420,735"
79.8663067817688,mouse_move,"420,735"
79.92206621170044,key_press,Key.ctrl_l
79.93603491783142,mouse_move,"420,734"
79.9471800327301,key_press,Key.ctrl_l
79.98073244094849,key_press,Key.ctrl_l
80.01487851142883,key_press,Key.ctrl_l
80.04490613937378,key_press,Key.ctrl_l
80.07502293586731,key_press,Key.ctrl_l
80.09631609916687,key_press,Key.ctrl_l
80.13092947006226,key_press,Key.ctrl_l
80.15187525749207,mouse_click,Button.left
80.16039991378784,key_press,Key.ctrl_l
80.18882632255554,key_press,Key.ctrl_l
80.2247486114502,key_press,Key.ctrl_l
80.25450992584229,key_press,Key.ctrl_l
80.28467106819153,key_press,Key.ctrl_l
80.3132848739624,key_press,Key.ctrl_l
80.34579014778137,key_press,Key.ctrl_l
80.37078404426575,key_press,Key.ctrl_l
80.3944845199585,key_press,Key.ctrl_l
80.42813634872437,key_press,Key.ctrl_l
80.46280479431152,key_press,Key.ctrl_l
80.49234366416931,key_press,Key.ctrl_l
80.525057554245,key_press,Key.ctrl_l
80.55757594108582,key_press,Key.ctrl_l
80.57552170753479,key_press,Key.ctrl_l
80.60598230361938,key_press,Key.ctrl_l
80.6439836025238,key_press,Key.ctrl_l
80.67420792579651,key_press,Key.ctrl_l
80.70532298088074,key_press,Key.ctrl_l
80.73465037345886,key_press,Key.ctrl_l
80.76683068275452,key_press,Key.ctrl_l
80.78845000267029,key_press,Key.ctrl_l
80.81934952735901,key_press,Key.ctrl_l
80.8541464805603,key_press,Key.ctrl_l
80.88155102729797,key_press,Key.ctrl_l
80.91508865356445,key_press,Key.ctrl_l
80.93075561523438,mouse_move,"420,726"
80.94541788101196,mouse_move,"422,716"
80.94541788101196,key_press,Key.ctrl_l
80.95157837867737,mouse_move,"422,706"
80.95558738708496,mouse_move,"423,694"
80.96152472496033,mouse_move,"423,681"
80.97372722625732,key_press,Key.ctrl_l
80.99436855316162,mouse_move,"430,627"
80.9987359046936,mouse_move,"431,614"
81.0025224685669,key_press,Key.ctrl_l
81.0025224685669,mouse_move,"434,598"
81.00976991653442,mouse_move,"435,583"
81.0170066356659,mouse_move,"438,570"
81.02945232391357,mouse_move,"441,555"
81.03100204467773,key_press,Key.ctrl_l
81.03100204467773,mouse_move,"443,541"
81.0427598953247,mouse_move,"446,528"
81.0427598953247,mouse_move,"450,514"
81.05567264556885,mouse_move,"453,500"
81.05942606925964,mouse_move,"457,488"
81.05942606925964,key_press,Key.ctrl_l
81.07145571708679,mouse_move,"460,476"
81.07145571708679,mouse_move,"463,466"
81.08170652389526,mouse_move,"466,457"
81.08835363388062,mouse_move,"467,450"
81.08835363388062,key_press,Key.ctrl_l
81.08835363388062,mouse_move,"471,443"
81.10548639297485,mouse_move,"473,436"
81.10548639297485,mouse_move,"476,430"
81.1188702583313,mouse_move,"477,424"
81.12376761436462,key_press,Key.ctrl_l
81.12376761436462,mouse_move,"479,419"
81.13638687133789,mouse_move,"480,413"
81.13638687133789,mouse_move,"482,408"
81.15049338340759,mouse_move,"483,402"
81.1557309627533,key_press,Key.ctrl_l
81.1557309627533,mouse_move,"485,398"
81.15903997421265,mouse_move,"486,393"
81.1675477027893,mouse_move,"488,387"
81.1675477027893,mouse_move,"491,380"
81.1835675239563,mouse_move,"494,373"
81.1835675239563,key_press,Key.ctrl_l
81.19162154197693,mouse_move,"496,367"
81.1992781162262,mouse_move,"497,362"
81.1992781162262,mouse_move,"499,356"
81.21471691131592,mouse_move,"501,352"
81.21609926223755,key_press,Key.ctrl_l
81.21890211105347,mouse_move,"502,346"
81.21890211105347,mouse_move,"504,342"
81.23091959953308,mouse_move,"505,340"
81.2373616695404,mouse_move,"507,336"
81.24684500694275,key_press,Key.ctrl_l
81.24684500694275,mouse_move,"508,333"
81.25199294090271,mouse_move,"509,329"
81.2635326385498,mouse_move,"510,325"
81.2658360004425,mouse_move,"511,322"
81.27753901481628,key_press,Key.ctrl_l
81.27753901481628,mouse_move,"512,319"
81.28032779693604,mouse_move,"513,316"
81.28747940063477,mouse_move,"514,313"
81.29363465309143,mouse_move,"514,310"
81.29363465309143,mouse_move,"515,308"
81.29363465309143,key_press,Key.ctrl_l
81.3095965385437,mouse_move,"515,306"
81.3095965385437,mouse_move,"516,303"
81.32884979248047,mouse_move,"516,301"
81.32884979248047,mouse_move,"516,299"
81.32884979248047,key_press,Key.ctrl_l
81.34110569953918,mouse_move,"516,297"
81.34376788139343,mouse_move,"516,294"
81.35730242729187,mouse_move,"516,292"
81.3585205078125,mouse_move,"515,289"
81.365567445755,key_press,Key.ctrl_l
81.365567445755,mouse_move,"513,284"
81.37245392799377,mouse_move,"511,278"
81.37245392799377,mouse_move,"508,271"
81.38770699501038,mouse_move,"503,264"
81.39389824867249,key_press,Key.ctrl_l
81.39389824867249,mouse_move,"498,255"
81.40356802940369,mouse_move,"493,244"
81.40356802940369,mouse_move,"486,233"
81.41970896720886,mouse_move,"479,222"
81.41970896720886,key_press,Key.ctrl_l
81.41970896720886,mouse_move,"474,213"
81.41970896720886,mouse_move,"467,204"
81.43693232536316,mouse_move,"461,197"
81.44380927085876,mouse_move,"455,190"
81.45624661445618,mouse_move,"447,184"
81.45786142349243,key_press,Key.ctrl_l
81.45786142349243,mouse_move,"441,178"
81.4681704044342,mouse_move,"435,174"
81.4681704044342,mouse_move,"431,171"
81.4850344657898,mouse_move,"427,169"
81.48755121231079,key_press,Key.ctrl_l
81.49108743667603,mouse_move,"423,166"
81.49549126625061,mouse_move,"420,163"
81.50000953674316,mouse_move,"418,161"
81.5193612575531,key_press,Key.ctrl_l
81.54798984527588,key_press,Key.ctrl_l
81.58151340484619,key_press,Key.ctrl_l
81.59884572029114,key_press,Key.ctrl_l
81.63052153587341,key_press,Key.ctrl_l
81.66149735450745,key_press,Key.ctrl_l
81.69441509246826,key_press,Key.ctrl_l
81.72872138023376,key_press,Key.ctrl_l
81.75941610336304,key_press,Key.ctrl_l
81.7790298461914,key_press,Key.ctrl_l
81.8139967918396,key_press,Key.ctrl_l
81.84283113479614,key_press,Key.ctrl_l
81.8783802986145,key_press,Key.ctrl_l
81.88398694992065,mouse_move,"421,158"
81.88950252532959,mouse_move,"425,154"
81.89110517501831,mouse_move,"430,149"
81.90460109710693,mouse_move,"433,145"
81.90799617767334,key_press,Key.ctrl_l
81.90799617767334,mouse_move,"436,142"
81.91555118560791,mouse_move,"439,139"
81.92283487319946,mouse_move,"442,136"
81.92891263961792,mouse_move,"443,134"
81.93765139579773,key_press,Key.ctrl_l
81.93948554992676,mouse_move,"445,131"
81.94275259971619,mouse_move,"445,131"
81.95404529571533,mouse_move,"446,130"
81.95790457725525,mouse_move,"447,129"
81.96827745437622,key_press,Key.ctrl_l
81.96827745437622,mouse_move,"448,129"
81.96827745437622,mouse_move,"448,128"
81.9926688671112,mouse_move,"449,127"
81.9926688671112,key_press,Key.ctrl_l
82.00096130371094,mouse_move,"449,126"
82.01976490020752,mouse_move,"450,126"
82.01976490020752,key_press,Key.ctrl_l
82.05762100219727,key_press,Key.ctrl_l
82.06465125083923,mouse_move,"450,126"
82.07724499702454,mouse_move,"451,126"
82.08273315429688,mouse_move,"452,126"
82.08273315429688,key_press,Key.ctrl_l
82.09557890892029,mouse_move,"452,126"
82.09557890892029,mouse_move,"453,126"
82.11232495307922,mouse_move,"454,126"
82.11232495307922,key_press,Key.ctrl_l
82.11232495307922,mouse_move,"455,126"
82.12900447845459,mouse_move,"455,126"
82.14132070541382,mouse_move,"457,126"
82.14458680152893,mouse_move,"457,127"
82.14458680152893,key_press,Key.ctrl_l
82.15445852279663,mouse_move,"458,127"
82.16021132469177,mouse_move,"458,127"
82.16021132469177,mouse_move,"458,128"
82.17667436599731,mouse_move,"459,128"
82.17667436599731,key_press,Key.ctrl_l
82.18002891540527,mouse_move,"460,128"
82.19075322151184,mouse_move,"460,129"
82.19075322151184,mouse_move,"460,130"
82.19075322151184,mouse_move,"460,130"
82.20757460594177,key_press,Key.ctrl_l
82.21200251579285,mouse_move,"460,131"
82.22656035423279,mouse_move,"460,132"
82.22896194458008,mouse_move,"460,133"
82.23943448066711,key_press,Key.ctrl_l
82.23943448066711,mouse_move,"460,133"
82.24207901954651,mouse_move,"460,134"
82.2545759677887,key_press,Key.ctrl_l
82.28679466247559,key_press,Key.ctrl_l
82.32254385948181,key_press,Key.ctrl_l
82.35742831230164,key_press,Key.ctrl_l
82.38805222511292,key_press,Key.ctrl_l
82.41955780982971,key_press,Key.ctrl_l
82.44951462745667,key_press,Key.ctrl_l
82.46482515335083,mouse_click,Button.left
82.48231196403503,key_press,Key.ctrl_l
82.4962899684906,key_press,Key.ctrl_l
82.52880430221558,key_press,Key.ctrl_l
82.56134676933289,key_press,Key.ctrl_l
82.59440851211548,key_press,Key.ctrl_l
82.62729692459106,key_press,Key.ctrl_l
82.65842890739441,key_press,Key.ctrl_l
82.68909978866577,key_press,Key.ctrl_l
82.71596121788025,key_press,Key.ctrl_l
82.75099349021912,key_press,Key.ctrl_l
82.77517628669739,key_press,Key.ctrl_l
82.8084647655487,key_press,Key.ctrl_l
82.8400866985321,key_press,Key.ctrl_l
82.86429071426392,key_press,Key.ctrl_l
82.89659333229065,key_press,Key.ctrl_l
82.92986392974854,key_press,Key.ctrl_l
82.96007633209229,key_press,Key.ctrl_l
82.9757878780365,key_press,Key.ctrl_l
83.02005767822266,key_press,Key.ctrl_l
83.04940247535706,key_press,Key.ctrl_l
83.0796902179718,key_press,Key.ctrl_l
83.10917973518372,key_press,Key.ctrl_l
83.13960528373718,key_press,Key.ctrl_l
83.16843962669373,key_press,Key.ctrl_l
83.20076489448547,key_press,Key.ctrl_l
83.23017907142639,key_press,Key.ctrl_l
83.26236057281494,key_press,Key.ctrl_l
83.28371071815491,key_press,Key.ctrl_l
83.31006407737732,key_press,Key.ctrl_l
83.34724164009094,key_press,Key.ctrl_l
83.37853002548218,key_press,Key.ctrl_l
83.40788865089417,key_press,Key.ctrl_l
83.44281244277954,key_press,Key.ctrl_l
83.47314357757568,key_press,Key.ctrl_l
83.48914647102356,key_press,Key.ctrl_l
83.5230827331543,key_press,Key.ctrl_l
83.56020736694336,key_press,Key.ctrl_l
83.58652186393738,key_press,Key.ctrl_l
83.61698341369629,key_press,Key.ctrl_l
83.64857220649719,key_press,Key.ctrl_l
83.68228960037231,key_press,Key.ctrl_l
83.71233463287354,key_press,Key.ctrl_l
83.72842907905579,key_press,Key.ctrl_l
83.7692711353302,key_press,Key.ctrl_l
83.7971704006195,key_press,Key.ctrl_l
83.82521390914917,mouse_move,"460,137"
83.83061814308167,mouse_move,"460,142"
83.83061814308167,key_press,Key.ctrl_l
83.84061551094055,mouse_move,"460,146"
83.84061551094055,mouse_move,"460,150"
83.85088300704956,mouse_move,"459,155"
83.86099934577942,mouse_move,"459,159"
83.86099934577942,key_press,Key.ctrl_l
83.86099934577942,mouse_move,"458,164"
83.87238883972168,mouse_move,"457,169"
83.87238883972168,mouse_move,"457,173"
83.88956427574158,mouse_move,"456,178"
83.89109301567078,key_press,Key.ctrl_l
83.89109301567078,mouse_move,"455,182"
83.89109301567078,mouse_move,"455,186"
83.90980792045593,mouse_move,"453,189"
83.9128532409668,mouse_move,"453,192"
83.92011141777039,key_press,Key.ctrl_l
83.92011141777039,mouse_move,"453,195"
83.92617583274841,mouse_move,"452,198"
83.93846559524536,mouse_move,"452,199"
83.93846559524536,mouse_move,"451,201"
83.95230150222778,key_press,Key.ctrl_l
83.95230150222778,mouse_move,"451,203"
83.95844435691833,mouse_move,"450,204"
83.96810412406921,mouse_move,"450,205"
83.96810412406921,mouse_move,"449,207"
83.96810412406921,mouse_move,"449,207"
83.96810412406921,key_press,Key.ctrl_l
83.98768973350525,mouse_move,"449,209"
83.98768973350525,mouse_move,"449,211"
84.00263404846191,mouse_move,"448,211"
84.01023554801941,mouse_move,"448,213"
84.01023554801941,key_press,Key.ctrl_l
84.01737356185913,mouse_move,"448,214"
84.02026796340942,mouse_move,"448,215"
84.03237628936768,mouse_move,"447,217"
84.03237628936768,mouse_move,"447,217"
84.03237628936768,key_press,Key.ctrl_l
84.04447817802429,mouse_move,"446,219"
84.0498104095459,mouse_move,"445,222"
84.05562829971313,mouse_move,"445,223"
84.06403231620789,mouse_move,"444,225"
84.06879448890686,key_press,Key.ctrl_l
84.07436084747314,mouse_move,"442,229"
84.07981204986572,mouse_move,"442,232"
84.07981204986572,mouse_move,"441,236"
84.09555411338806,mouse_move,"439,241"
84.09555411338806,key_press,Key.ctrl_l
84.09555411338806,mouse_move,"438,248"
84.10868835449219,mouse_move,"435,255"
84.11139488220215,mouse_move,"434,264"
84.11950397491455,mouse_move,"432,270"
84.128173828125,mouse_move,"431,277"
84.128173828125,key_press,Key.ctrl_l
84.13467574119568,mouse_move,"430,284"
84.14393877983093,mouse_move,"427,289"
84.14590287208557,mouse_move,"426,295"
84.1588191986084,mouse_move,"425,298"
84.16311550140381,key_press,Key.ctrl_l
84.16512441635132,mouse_move,"424,301"
84.1731538772583,mouse_move,"424,305"
84.1806116104126,mouse_move,"424,309"
84.18807411193848,mouse_move,"423,312"
84.19197821617126,key_press,Key.ctrl_l
84.19398832321167,mouse_move,"423,314"
84.20201659202576,mouse_move,"423,317"
84.20892143249512,mouse_move,"423,319"
84.21645736694336,mouse_move,"422,321"
84.22265815734863,key_press,Key.ctrl_l
84.22265815734863,mouse_move,"422,324"
84.23083257675171,mouse_move,"422,326"
84.23792433738708,mouse_move,"422,328"
84.2450270652771,mouse_move,"421,330"
84.25226736068726,mouse_move,"421,333"
84.2532753944397,key_press,Key.ctrl_l
84.25836205482483,mouse_move,"421,334"
84.26497220993042,mouse_move,"421,337"
84.27301025390625,mouse_move,"420,339"
84.27301025390625,mouse_move,"420,341"
84.27301025390625,key_press,Key.ctrl_l
84.28472876548767,mouse_move,"420,343"
84.28472876548767,mouse_move,"420,345"
84.30070495605469,mouse_move,"420,345"
84.3087420463562,mouse_move,"420,346"
84.31390976905823,key_press,Key.ctrl_l
84.31552743911743,mouse_move,"420,347"
84.31854319572449,mouse_move,"420,348"
84.33176708221436,mouse_move,"419,349"
84.34003186225891,mouse_move,"419,350"
84.34003186225891,key_press,Key.ctrl_l
84.34883069992065,mouse_move,"419,350"
84.35350561141968,mouse_move,"419,351"
84.36648225784302,mouse_move,"419,352"
84.36789870262146,mouse_move,"419,352"
84.36789870262146,key_press,Key.ctrl_l
84.37907028198242,mouse_move,"418,354"
84.3819317817688,mouse_move,"418,355"
84.39748692512512,mouse_move,"418,355"
84.40321636199951,key_press,Key.ctrl_l
84.40321636199951,mouse_move,"418,356"
84.41037583351135,mouse_move,"418,357"
84.42562246322632,mouse_move,"418,358"
84.42562246322632,key_press,Key.ctrl_l
84.42562246322632,mouse_move,"418,358"
84.44140458106995,mouse_move,"418,359"
84.44140458106995,mouse_move,"418,360"
84.46128344535828,key_press,Key.ctrl_l
84.46128344535828,mouse_move,"418,360"
84.4729585647583,mouse_move,"417,362"
84.4729585647583,mouse_move,"417,363"
84.4729585647583,mouse_move,"416,364"
84.48985981941223,key_press,Key.ctrl_l
84.48985981941223,mouse_move,"415,366"
84.48985981941223,mouse_move,"415,369"
84.50447392463684,mouse_move,"414,370"
84.50447392463684,mouse_move,"414,373"
84.52045845985413,mouse_move,"414,375"
84.52045845985413,key_press,Key.ctrl_l
84.53018522262573,mouse_move,"414,377"
84.53652286529541,mouse_move,"413,380"
84.54316854476929,mouse_move,"412,383"
84.54617524147034,mouse_move,"411,386"
84.55366635322571,key_press,Key.ctrl_l
84.55490207672119,mouse_move,"410,388"
84.56120824813843,mouse_move,"409,390"
84.56757688522339,mouse_move,"408,392"
84.56757688522339,mouse_move,"408,393"
84.58371090888977,key_press,Key.ctrl_l
84.58639621734619,mouse_move,"408,395"
84.58756899833679,mouse_move,"407,396"
84.59962034225464,mouse_move,"407,396"
84.60199904441833,mouse_move,"407,397"
84.60199904441833,key_press,Key.ctrl_l
84.60199904441833,mouse_move,"407,398"
84.61550784111023,mouse_move,"407,399"
84.6358573436737,mouse_move,"406,399"
84.64187717437744,mouse_move,"405,401"
84.64388465881348,key_press,Key.ctrl_l
84.6475830078125,mouse_move,"405,402"
84.65153121948242,mouse_move,"404,403"
84.66329860687256,mouse_move,"404,404"
84.67073178291321,mouse_move,"404,405"
84.67251110076904,key_press,Key.ctrl_l
84.67916893959045,mouse_move,"403,407"
84.68646717071533,mouse_move,"402,408"
84.69165802001953,mouse_move,"402,409"
84.696781873703,mouse_move,"401,409"
84.696781873703,key_press,Key.ctrl_l
84.70663833618164,mouse_move,"401,410"
84.7138319015503,mouse_move,"401,411"
84.72834897041321,key_press,Key.ctrl_l
84.74475598335266,mouse_move,"401,411"
84.76193332672119,key_press,Key.ctrl_l
84.77530813217163,mouse_move,"401,412"
84.78153443336487,mouse_move,"401,413"
84.79139590263367,mouse_move,"400,414"
84.79139590263367,key_press,Key.ctrl_l
84.79430031776428,mouse_move,"399,414"
84.80743336677551,mouse_move,"398,416"
84.80859708786011,mouse_move,"398,417"
84.80859708786011,mouse_move,"397,418"
84.82353138923645,key_press,Key.ctrl_l
84.82806754112244,mouse_move,"396,420"
84.82806754112244,mouse_move,"395,422"
84.84301733970642,mouse_move,"395,422"
84.84439277648926,mouse_move,"395,424"
84.84439277648926,key_press,Key.ctrl_l
84.85645008087158,mouse_move,"395,424"
84.8620331287384,mouse_move,"394,425"
84.8711245059967,mouse_move,"394,426"
84.8763222694397,mouse_move,"393,427"
84.8808970451355,key_press,Key.ctrl_l
84.8808970451355,mouse_move,"393,427"
84.9023711681366,key_press,Key.ctrl_l
84.93552541732788,key_press,Key.ctrl_l
84.94922041893005,mouse_move,"393,428"
84.97250294685364,key_press,Key.ctrl_l
85.0024585723877,key_press,Key.ctrl_l
85.03034615516663,key_press,Key.ctrl_l
85.06275033950806,key_press,Key.ctrl_l
85.09446930885315,key_press,Key.ctrl_l
85.09446930885315,mouse_move,"393,428"
85.10998249053955,mouse_move,"393,427"
85.10998249053955,mouse_move,"393,426"
85.1249635219574,key_press,Key.ctrl_l
85.12691712379456,mouse_move,"393,425"
85.13166213035583,mouse_move,"394,421"
85.14108800888062,mouse_move,"395,417"
85.14108800888062,mouse_move,"396,411"
85.15306258201599,key_press,Key.ctrl_l
85.15306258201599,mouse_move,"397,403"
85.16208004951477,mouse_move,"400,394"
85.1630916595459,mouse_move,"402,380"
85.17629528045654,mouse_move,"406,368"
85.18446969985962,mouse_move,"410,355"
85.18446969985962,key_press,Key.ctrl_l
85.19221258163452,mouse_move,"415,341"
85.19591569900513,mouse_move,"420,327"
85.20525789260864,mouse_move,"426,312"
85.20525789260864,mouse_move,"430,297"
85.20525789260864,key_press,Key.ctrl_l
85.20525789260864,mouse_move,"434,283"
85.22101378440857,mouse_move,"437,271"
85.22785353660583,mouse_move,"440,261"
85.24038791656494,mouse_move,"443,253"
85.24450969696045,key_press,Key.ctrl_l
85.24450969696045,mouse_move,"444,249"
85.25519466400146,mouse_move,"445,246"
85.25519466400146,mouse_move,"446,244"
85.26910066604614,mouse_move,"446,242"
85.26910066604614,key_press,Key.ctrl_l
85.26910066604614,mouse_move,"446,242"
85.27899074554443,mouse_move,"446,241"
85.28500461578369,mouse_move,"446,240"
85.30101180076599,key_press,Key.ctrl_l
85.3171660900116,mouse_move,"446,239"
85.33309602737427,key_press,Key.ctrl_l
85.36757063865662,key_press,Key.ctrl_l
85.38176465034485,key_press,Key.ctrl_l
85.42169094085693,key_press,Key.ctrl_l
85.44797706604004,mouse_move,"446,239"
85.44797706604004,key_press,Key.ctrl_l
85.46206879615784,mouse_move,"446,241"
85.46631479263306,mouse_move,"446,244"
85.46631479263306,mouse_move,"445,249"
85.47872161865234,mouse_move,"444,254"
85.48433017730713,key_press,Key.ctrl_l
85.49852180480957,mouse_move,"437,270"
85.49852180480957,mouse_move,"436,279"
85.51082682609558,mouse_move,"434,284"
85.51312685012817,key_press,Key.ctrl_l
85.51312685012817,mouse_move,"433,291"
85.52539205551147,mouse_move,"430,297"
85.5291097164154,mouse_move,"429,303"
85.5291097164154,mouse_move,"428,308"
85.54386925697327,key_press,Key.ctrl_l
85.54386925697327,mouse_move,"427,312"
85.54781818389893,mouse_move,"425,317"
85.55848503112793,mouse_move,"424,320"
85.5635838508606,mouse_move,"423,324"
85.57598876953125,key_press,Key.ctrl_l
85.57598876953125,mouse_move,"422,327"
85.5784125328064,mouse_move,"422,329"
85.58895063400269,mouse_move,"421,332"
85.5941743850708,mouse_move,"420,335"
85.60485529899597,mouse_move,"420,338"
85.60485529899597,key_press,Key.ctrl_l
85.60485529899597,mouse_move,"420,339"
85.60485529899597,mouse_move,"419,343"
85.62099528312683,mouse_move,"419,345"
85.62099528312683,mouse_move,"419,347"
85.62099528312683,key_press,Key.ctrl_l
85.63962960243225,mouse_move,"419,349"
85.63962960243225,mouse_move,"418,351"
85.65303206443787,mouse_move,"418,353"
85.65303206443787,mouse_move,"418,355"
85.66368198394775,key_press,Key.ctrl_l
85.66900587081909,mouse_move,"417,357"
85.67163705825806,mouse_move,"417,359"
85.67163705825806,mouse_move,"416,362"
85.68642997741699,mouse_move,"416,365"
85.69182753562927,key_press,Key.ctrl_l
85.69182753562927,mouse_move,"415,368"
85.70065546035767,mouse_move,"415,370"
85.70607709884644,mouse_move,"414,374"
85.71787548065186,mouse_move,"413,377"
85.71933484077454,mouse_move,"413,379"
85.71933484077454,key_press,Key.ctrl_l
85.73264122009277,mouse_move,"412,383"
85.73389029502869,mouse_move,"411,386"
85.73389029502869,mouse_move,"410,390"
85.74976849555969,mouse_move,"409,393"
85.75628638267517,key_press,Key.ctrl_l
85.75628638267517,mouse_move,"409,395"
85.76586818695068,mouse_move,"408,398"
85.76586818695068,mouse_move,"408,401"
85.7825095653534,mouse_move,"408,403"
85.78472661972046,key_press,Key.ctrl_l
85.78472661972046,mouse_move,"408,405"
85.7964415550232,mouse_move,"408,408"
85.7964415550232,mouse_move,"408,409"
85.81224656105042,mouse_move,"408,411"
85.81545925140381,key_press,Key.ctrl_l
85.81656908988953,mouse_move,"407,413"
85.82020926475525,mouse_move,"407,413"
85.83055877685547,mouse_move,"407,415"
85.83055877685547,mouse_move,"407,416"
85.84416794776917,key_press,Key.ctrl_l
85.84416794776917,mouse_move,"407,418"
85.84416794776917,mouse_move,"407,421"
85.86025142669678,mouse_move,"407,421"
85.86396431922913,mouse_move,"407,423"
85.87608575820923,mouse_move,"406,425"
85.87608575820923,key_press,Key.ctrl_l
85.88112592697144,mouse_move,"406,425"
85.88112592697144,mouse_move,"406,427"
85.89303731918335,mouse_move,"406,428"
85.89303731918335,key_press,Key.ctrl_l
85.90870141983032,mouse_move,"406,428"
85.92702746391296,key_press,Key.ctrl_l
85.96393966674805,key_press,Key.ctrl_l
85.97284817695618,mouse_move,"406,428"
85.98839807510376,mouse_move,"406,428"
85.98839807510376,key_press,Key.ctrl_l
85.98839807510376,mouse_move,"408,426"
86.0044298171997,mouse_move,"409,421"
86.00643658638,mouse_move,"413,413"
86.01564359664917,mouse_move,"418,403"
86.02519154548645,mouse_move,"423,392"
86.02519154548645,key_press,Key.ctrl_l
86.02927756309509,mouse_move,"427,382"
86.03622603416443,mouse_move,"432,374"
86.03622603416443,mouse_move,"436,365"
86.05393075942993,mouse_move,"439,358"
86.05635094642639,key_press,Key.ctrl_l
86.05635094642639,mouse_move,"442,351"
86.06949472427368,mouse_move,"446,345"
86.07080006599426,mouse_move,"448,338"
86.07979106903076,mouse_move,"450,332"
86.08543157577515,key_press,Key.ctrl_l
86.08938717842102,mouse_move,"453,328"
86.09178042411804,mouse_move,"455,322"
86.10454249382019,mouse_move,"456,319"
86.10683965682983,mouse_move,"457,317"
86.11663341522217,key_press,Key.ctrl_l
86.11805868148804,mouse_move,"458,314"
86.11924529075623,mouse_move,"458,312"
86.13360571861267,mouse_move,"458,312"
86.13360571861267,mouse_move,"459,310"
86.14731812477112,key_press,Key.ctrl_l
86.14731812477112,mouse_move,"459,309"
86.16510581970215,key_press,Key.ctrl_l
86.16510581970215,mouse_move,"460,309"
86.20639610290527,key_press,Key.ctrl_l
86.21076130867004,mouse_move,"460,308"
86.21355724334717,mouse_move,"460,307"
86.22094440460205,mouse_move,"461,306"
86.22780871391296,mouse_move,"462,304"
86.23515844345093,key_press,Key.ctrl_l
86.23515844345093,mouse_move,"462,301"
86.24464559555054,mouse_move,"462,299"
86.24464559555054,mouse_move,"463,297"
86.26203799247742,mouse_move,"464,294"
86.26939916610718,mouse_move,"467,291"
86.26939916610718,key_press,Key.ctrl_l
86.27365732192993,mouse_move,"468,289"
86.2817931175232,mouse_move,"469,287"
86.28956079483032,mouse_move,"471,285"
86.2952880859375,mouse_move,"472,282"
86.2952880859375,key_press,Key.ctrl_l
86.30535626411438,mouse_move,"473,280"
86.30847477912903,mouse_move,"474,279"
86.30847477912903,mouse_move,"475,277"
86.32122445106506,mouse_move,"476,276"
86.328458070755,key_press,Key.ctrl_l
86.3304214477539,mouse_move,"476,275"
86.33722686767578,mouse_move,"476,274"
86.34307909011841,mouse_move,"476,272"
86.35471224784851,mouse_move,"476,272"
86.35628724098206,key_press,Key.ctrl_l
86.36924719810486,mouse_move,"477,272"
86.36924719810486,mouse_move,"477,271"
86.38728046417236,key_press,Key.ctrl_l
86.38728046417236,mouse_move,"477,270"
86.41677570343018,key_press,Key.ctrl_l
86.41677570343018,mouse_move,"478,270"
86.42044186592102,mouse_move,"478,268"
86.4346718788147,mouse_move,"479,266"
86.44284248352051,key_press,Key.ctrl_l
86.44845461845398,mouse_move,"479,266"
86.45062947273254,mouse_move,"479,265"
86.46761560440063,key_press,Key.ctrl_l
86.49803853034973,key_press,Key.ctrl_l
86.52791905403137,key_press,Key.ctrl_l
86.56438517570496,key_press,Key.ctrl_l
87.39849472045898,mouse_move,"479,267"
87.41982817649841,mouse_move,"478,281"
87.42569303512573,mouse_move,"476,291"
87.43103814125061,mouse_move,"474,302"
87.4344048500061,mouse_move,"473,310"
87.44438219070435,mouse_move,"473,320"
87.44828128814697,mouse_move,"472,329"
87.45723104476929,mouse_move,"472,337"
87.46687054634094,mouse_move,"471,344"
87.47555494308472,mouse_move,"471,351"
87.47606611251831,mouse_move,"470,358"
87.48931860923767,mouse_move,"470,363"
87.48931860923767,mouse_move,"469,369"
87.48931860923767,mouse_move,"469,372"
87.50647974014282,mouse_move,"469,376"
87.51304030418396,mouse_move,"468,380"
87.52091956138611,mouse_move,"468,384"
87.53130435943604,mouse_move,"468,386"
87.53939366340637,mouse_move,"467,389"
87.53939366340637,mouse_move,"467,393"
87.55286884307861,mouse_move,"467,396"
87.56078934669495,mouse_move,"466,400"
87.56701374053955,mouse_move,"465,407"
87.5727744102478,mouse_move,"464,411"
87.57647228240967,mouse_move,"464,415"
87.5876669883728,mouse_move,"463,420"
87.59098172187805,mouse_move,"462,423"
87.60294723510742,mouse_move,"462,425"
87.60294723510742,mouse_move,"462,428"
87.61767888069153,mouse_move,"462,430"
87.61933588981628,mouse_move,"461,431"
87.63212490081787,mouse_move,"461,432"
87.63358807563782,mouse_move,"461,433"
87.7117166519165,mouse_move,"461,433"
87.72009301185608,mouse_move,"461,432"
87.72758221626282,mouse_move,"461,432"
87.72758221626282,mouse_move,"461,430"
87.7458713054657,mouse_move,"461,429"
87.7458713054657,mouse_move,"461,429"
87.76086139678955,mouse_move,"461,427"
87.76774287223816,mouse_move,"462,426"
87.77587962150574,mouse_move,"462,426"
87.7805688381195,mouse_move,"462,425"
87.7805688381195,mouse_move,"462,424"
87.79531478881836,mouse_move,"463,423"
87.80272769927979,mouse_move,"463,422"
87.80916404724121,mouse_move,"463,421"
87.81219434738159,mouse_move,"464,420"
87.82180333137512,mouse_move,"464,418"
87.82572722434998,mouse_move,"464,416"
87.83784008026123,mouse_move,"464,414"
87.84538316726685,mouse_move,"464,412"
87.84947466850281,mouse_move,"464,411"
87.85889673233032,mouse_move,"464,409"
87.86592411994934,mouse_move,"464,409"
87.86971235275269,mouse_move,"465,408"
87.86971235275269,mouse_move,"465,407"
88.0029878616333,mouse_move,"465,406"
88.20913529396057,mouse_click,Button.left
88.38617825508118,mouse_click,Button.left
89.18703317642212,key_press,Key.ctrl_l
89.99058556556702,key_press,Key.ctrl_l
91.44514584541321,mouse_click,Button.left
166.89489197731018,key_press,Key.ctrl_l
167.65248084068298,key_press,Key.ctrl_l
172.71514654159546,mouse_move,"481,411"
172.71514654159546,mouse_move,"506,422"
172.73105359077454,mouse_move,"538,436"
172.73105359077454,mouse_move,"570,450"
172.73105359077454,mouse_move,"609,467"
172.75112175941467,mouse_move,"644,482"
172.75112175941467,mouse_move,"680,498"
172.76272988319397,mouse_move,"716,515"
172.76272988319397,mouse_move,"751,532"
172.78021240234375,mouse_move,"781,548"
172.78021240234375,mouse_move,"813,564"
172.79448437690735,mouse_move,"839,577"
172.79448437690735,mouse_move,"865,588"
172.79448437690735,mouse_move,"890,599"
172.81238555908203,mouse_move,"909,608"
172.81238555908203,mouse_move,"931,619"
172.82648158073425,mouse_move,"947,624"
172.82648158073425,mouse_move,"964,630"
172.8425590991974,mouse_move,"979,634"
172.8425590991974,mouse_move,"996,637"
172.85819911956787,mouse_move,"1010,640"
172.85819911956787,mouse_move,"1024,640"
172.8716013431549,mouse_move,"1039,640"
172.8741157054901,mouse_move,"1054,640"
172.8741157054901,mouse_move,"1069,639"
172.8901970386505,mouse_move,"1086,638"
172.8901970386505,mouse_move,"1103,635"
172.90595769882202,mouse_move,"1121,634"
172.90595769882202,mouse_move,"1142,631"
172.92200255393982,mouse_move,"1165,628"
172.92200255393982,mouse_move,"1190,624"
172.92200255393982,mouse_move,"1216,621"
172.93769240379333,mouse_move,"1244,619"
172.93769240379333,mouse_move,"1272,617"
172.95333909988403,mouse_move,"1300,615"
172.95333909988403,mouse_move,"1334,615"
172.9719569683075,mouse_move,"1366,616"
172.9719569683075,mouse_move,"1395,620"
172.98567366600037,mouse_move,"1418,625"
172.99032735824585,mouse_move,"1439,633"
173.0012173652649,mouse_move,"1459,643"
173.0012173652649,mouse_move,"1476,656"
173.0012173652649,mouse_move,"1489,668"
173.0165536403656,mouse_move,"1499,681"
173.0165536403656,mouse_move,"1507,695"
173.03226900100708,mouse_move,"1514,708"
173.03226900100708,mouse_move,"1519,724"
173.04833936691284,mouse_move,"1524,738"
173.04833936691284,mouse_move,"1528,751"
173.06424260139465,mouse_move,"1529,763"
173.06424260139465,mouse_move,"1532,773"
173.06424260139465,mouse_move,"1533,782"
173.08021998405457,mouse_move,"1533,789"
173.09057021141052,mouse_move,"1533,796"
173.0959448814392,mouse_move,"1534,799"
173.0959448814392,mouse_move,"1534,803"
173.11494278907776,mouse_move,"1534,806"
173.1218934059143,mouse_move,"1534,807"
173.12757873535156,mouse_move,"1534,809"
173.13302564620972,mouse_move,"1534,810"
173.14356660842896,mouse_move,"1534,810"
173.16681599617004,mouse_move,"1534,810"
173.1770269870758,mouse_move,"1534,810"
173.1770269870758,mouse_move,"1537,808"
173.19092869758606,mouse_move,"1539,803"
173.19695568084717,mouse_move,"1543,795"
173.20715618133545,mouse_move,"1548,785"
173.20715618133545,mouse_move,"1554,774"
173.2169966697693,mouse_move,"1560,762"
173.22691869735718,mouse_move,"1567,749"
173.22691869735718,mouse_move,"1576,733"
173.24060773849487,mouse_move,"1584,719"
173.247065782547,mouse_move,"1591,706"
173.25646662712097,mouse_move,"1598,692"
173.25646662712097,mouse_move,"1605,679"
173.27015161514282,mouse_move,"1609,670"
173.27678799629211,mouse_move,"1614,661"
173.27678799629211,mouse_move,"1619,654"
173.28647994995117,mouse_move,"1624,646"
173.29642581939697,mouse_move,"1627,642"
173.30657625198364,mouse_move,"1631,636"
173.30657625198364,mouse_move,"1634,632"
173.31807136535645,mouse_move,"1636,629"
173.32651138305664,mouse_move,"1638,626"
173.33411836624146,mouse_move,"1640,624"
173.33674025535583,mouse_move,"1640,623"
173.34718894958496,mouse_move,"1641,622"
173.35666275024414,mouse_move,"1642,621"
173.36375260353088,mouse_move,"1643,621"
173.36676383018494,mouse_move,"1643,621"
173.37669706344604,mouse_move,"1644,620"
173.38156628608704,mouse_move,"1645,619"
173.38692116737366,mouse_move,"1645,619"
173.39842557907104,mouse_move,"1646,619"
173.40666699409485,mouse_move,"1648,619"
173.41250205039978,mouse_move,"1650,619"
173.41676568984985,mouse_move,"1653,619"
173.42672896385193,mouse_move,"1656,620"
173.4284749031067,mouse_move,"1660,622"
173.43699550628662,mouse_move,"1665,624"
173.4475221633911,mouse_move,"1671,627"
173.4475221633911,mouse_move,"1677,630"
173.4600167274475,mouse_move,"1681,632"
173.46661233901978,mouse_move,"1687,638"
173.47696661949158,mouse_move,"1692,643"
173.47696661949158,mouse_move,"1696,647"
173.491863489151,mouse_move,"1699,652"
173.497008562088,mouse_move,"1703,656"
173.497008562088,mouse_move,"1706,660"
173.5090410709381,mouse_move,"1708,663"
173.51704835891724,mouse_move,"1711,666"
173.52691984176636,mouse_move,"1712,668"
173.52691984176636,mouse_move,"1712,668"
173.54024720191956,mouse_move,"1713,669"
173.5477557182312,mouse_move,"1713,670"
173.55560851097107,mouse_move,"1714,671"
173.58734726905823,mouse_move,"1714,671"
173.59677648544312,mouse_move,"1714,672"
173.60275077819824,mouse_move,"1714,673"
173.60693883895874,mouse_move,"1714,673"
173.62011218070984,mouse_move,"1714,675"
173.63455057144165,mouse_move,"1714,677"
173.63705611228943,mouse_move,"1713,679"
173.6476345062256,mouse_move,"1712,681"
173.65020108222961,mouse_move,"1710,683"
173.6569185256958,mouse_move,"1708,685"
173.66701245307922,mouse_move,"1706,686"
173.67711734771729,mouse_move,"1702,690"
173.6819531917572,mouse_move,"1696,692"
173.68670225143433,mouse_move,"1692,693"
173.6980528831482,mouse_move,"1688,695"
173.6980528831482,mouse_move,"1683,695"
173.70704245567322,mouse_move,"1679,697"
173.716717004776,mouse_move,"1676,697"
173.72711539268494,mouse_move,"1673,698"
173.72955441474915,mouse_move,"1671,698"
173.7370617389679,mouse_move,"1670,698"
173.74789190292358,mouse_move,"1669,698"
173.74789190292358,mouse_move,"1668,699"
173.76950979232788,mouse_move,"1668,699"
174.12695860862732,mouse_click,Button.left
174.35321712493896,mouse_click,Button.left
175.27534174919128,mouse_move,"1675,705"
175.2952175140381,mouse_move,"1689,715"
175.29722380638123,mouse_move,"1703,724"
175.30697393417358,mouse_move,"1719,735"
175.31043481826782,mouse_move,"1736,746"
175.32294750213623,mouse_move,"1753,756"
175.32294750213623,mouse_move,"1770,767"
175.33867120742798,mouse_move,"1784,775"
175.33867120742798,mouse_move,"1798,782"
175.3522970676422,mouse_move,"1810,789"
175.35430335998535,mouse_move,"1821,796"
175.35430335998535,mouse_move,"1832,800"
175.36998057365417,mouse_move,"1840,804"
175.37655329704285,mouse_move,"1848,807"
175.38790941238403,mouse_move,"1857,810"
175.38790941238403,mouse_move,"1864,812"
175.40107989311218,mouse_move,"1871,815"
175.40308666229248,mouse_move,"1878,816"
175.41677927970886,mouse_move,"1885,818"
175.4201123714447,mouse_move,"1892,821"
175.43099880218506,mouse_move,"1900,823"
175.43273973464966,mouse_move,"1905,827"
175.43273973464966,mouse_move,"1911,830"
175.450177192688,mouse_move,"1917,834"
175.450177192688,mouse_move,"1920,836"
175.46634364128113,mouse_move,"1922,839"
175.4737536907196,mouse_move,"1922,842"
175.48014163970947,mouse_move,"1921,844"
175.48736906051636,mouse_move,"1919,846"
175.49110198020935,mouse_move,"1920,847"
175.49591755867004,mouse_move,"1920,849"
175.49591755867004,mouse_move,"1920,850"
175.5115578174591,mouse_move,"1919,851"
175.5304582118988,mouse_move,"1919,853"
175.54479098320007,mouse_move,"1918,853"
175.5503339767456,mouse_move,"1918,853"
175.5588767528534,mouse_move,"1916,853"
175.565279006958,mouse_move,"1915,853"
175.56728386878967,mouse_move,"1914,853"
175.57459568977356,mouse_move,"1911,852"
175.5853259563446,mouse_move,"1909,852"
175.59069299697876,mouse_move,"1906,850"
175.59069299697876,mouse_move,"1903,848"
175.60633993148804,mouse_move,"1900,846"
175.60633993148804,mouse_move,"1897,843"
175.6219778060913,mouse_move,"1894,839"
175.6239857673645,mouse_move,"1891,837"
175.63768887519836,mouse_move,"1889,834"
175.63768887519836,mouse_move,"1886,831"
175.65063858032227,mouse_move,"1885,829"
175.65338826179504,mouse_move,"1884,828"
175.65338826179504,mouse_move,"1883,827"
175.6693549156189,mouse_move,"1882,825"
175.6693549156189,mouse_move,"1882,825"
175.6850070953369,mouse_move,"1882,825"
175.69380950927734,mouse_move,"1882,824"
175.70102500915527,mouse_move,"1881,823"
175.7168664932251,mouse_move,"1880,823"
175.73271083831787,mouse_move,"1880,822"
175.73271083831787,mouse_move,"1880,821"
175.75092148780823,mouse_move,"1880,820"
175.75092148780823,mouse_move,"1880,819"
175.7641577720642,mouse_move,"1879,818"
175.7641577720642,mouse_move,"1879,816"
175.7798113822937,mouse_move,"1879,814"
175.7798113822937,mouse_move,"1878,811"
175.7798113822937,mouse_move,"1877,809"
175.79544949531555,mouse_move,"1876,806"
175.79544949531555,mouse_move,"1876,804"
175.81117129325867,mouse_move,"1875,803"
175.81117129325867,mouse_move,"1874,801"
175.82720351219177,mouse_move,"1873,798"
175.82720351219177,mouse_move,"1873,798"
175.84319257736206,mouse_move,"1872,796"
175.85101342201233,mouse_move,"1871,795"
175.85101342201233,mouse_move,"1871,795"
175.85926604270935,mouse_move,"1871,793"
175.8753035068512,mouse_move,"1871,792"
175.89098572731018,mouse_move,"1870,792"
175.90677404403687,mouse_move,"1870,791"
175.9610800743103,mouse_move,"1870,790"
176.19838643074036,mouse_click,Button.left
176.63660287857056,mouse_move,"1862,790"
176.6521351337433,mouse_move,"1848,787"
176.6521351337433,mouse_move,"1833,786"
176.66796278953552,mouse_move,"1817,783"
176.66796278953552,mouse_move,"1800,779"
176.68379974365234,mouse_move,"1778,774"
176.68763494491577,mouse_move,"1750,765"
176.68763494491577,mouse_move,"1723,758"
176.69959139823914,mouse_move,"1692,748"
176.69959139823914,mouse_move,"1657,734"
176.71971893310547,mouse_move,"1621,717"
176.72572565078735,mouse_move,"1583,700"
176.73119378089905,mouse_move,"1540,677"
176.73119378089905,mouse_move,"1494,654"
176.7470304965973,mouse_move,"1448,631"
176.75471806526184,mouse_move,"1395,605"
176.76272416114807,mouse_move,"1342,578"
176.76272416114807,mouse_move,"1286,552"
176.77553606033325,mouse_move,"1234,530"
176.78255939483643,mouse_move,"1175,506"
176.78255939483643,mouse_move,"1127,487"
176.794273853302,mouse_move,"1079,469"
176.80513763427734,mouse_move,"1037,451"
176.81024479866028,mouse_move,"996,438"
176.81024479866028,mouse_move,"960,424"
176.825945854187,mouse_move,"932,412"
176.825945854187,mouse_move,"910,402"
176.83578395843506,mouse_move,"891,393"
176.8419225215912,mouse_move,"877,386"
176.85244464874268,mouse_move,"864,379"
176.85802912712097,mouse_move,"855,372"
176.85802912712097,mouse_move,"848,367"
176.873694896698,mouse_move,"842,364"
176.87827730178833,mouse_move,"836,359"
176.8896734714508,mouse_move,"832,357"
176.8896734714508,mouse_move,"830,354"
176.9056522846222,mouse_move,"828,353"
176.9056522846222,mouse_move,"826,352"
176.92158246040344,mouse_move,"826,352"
176.94532561302185,mouse_move,"825,351"
177.03310346603394,mouse_move,"825,351"
177.03310346603394,mouse_move,"825,351"
177.03310346603394,mouse_move,"828,351"
177.0527205467224,mouse_move,"833,351"
177.0527205467224,mouse_move,"840,351"
177.06465435028076,mouse_move,"850,351"
177.06465435028076,mouse_move,"863,350"
177.08463859558105,mouse_move,"880,348"
177.09069657325745,mouse_move,"898,345"
177.0966718196869,mouse_move,"924,342"
177.10283732414246,mouse_move,"957,336"
177.11237931251526,mouse_move,"993,330"
177.11237931251526,mouse_move,"1033,322"
177.12104630470276,mouse_move,"1072,316"
177.1281168460846,mouse_move,"1116,305"
177.1281168460846,mouse_move,"1156,296"
177.14413356781006,mouse_move,"1199,288"
177.15256690979004,mouse_move,"1240,277"
177.15991401672363,mouse_move,"1281,264"
177.16960954666138,mouse_move,"1315,254"
177.17558026313782,mouse_move,"1350,239"
177.18182635307312,mouse_move,"1378,230"
177.19122910499573,mouse_move,"1397,221"
177.19122910499573,mouse_move,"1415,213"
177.20603156089783,mouse_move,"1432,204"
177.21209859848022,mouse_move,"1444,197"
177.21817183494568,mouse_move,"1453,191"
177.2229368686676,mouse_move,"1461,186"
177.2229368686676,mouse_move,"1467,179"
177.2386543750763,mouse_move,"1471,176"
177.2386543750763,mouse_move,"1476,172"
177.2544231414795,mouse_move,"1479,167"
177.2544231414795,mouse_move,"1482,164"
177.27009749412537,mouse_move,"1484,160"
177.27009749412537,mouse_move,"1486,158"
177.27009749412537,mouse_move,"1486,155"
177.29100704193115,mouse_move,"1486,151"
177.29100704193115,mouse_move,"1485,147"
177.30203199386597,mouse_move,"1481,140"
177.30203199386597,mouse_move,"1476,135"
177.31798601150513,mouse_move,"1470,128"
177.31798601150513,mouse_move,"1461,121"
177.33377194404602,mouse_move,"1448,113"
177.33377194404602,mouse_move,"1435,106"
177.33377194404602,mouse_move,"1417,98"
177.35249829292297,mouse_move,"1392,90"
177.35249829292297,mouse_move,"1368,81"
177.36585068702698,mouse_move,"1341,76"
177.36585068702698,mouse_move,"1313,66"
177.38151168823242,mouse_move,"1287,61"
177.38151168823242,mouse_move,"1257,53"
177.3973388671875,mouse_move,"1223,46"
177.3973388671875,mouse_move,"1197,40"
177.4131681919098,mouse_move,"1168,37"
177.4131681919098,mouse_move,"1142,33"
177.4131681919098,mouse_move,"1117,30"
177.42902421951294,mouse_move,"1092,28"
177.42902421951294,mouse_move,"1070,27"
177.44502592086792,mouse_move,"1054,27"
177.45252895355225,mouse_move,"1037,25"
177.46114110946655,mouse_move,"1024,25"
177.46114110946655,mouse_move,"1011,25"
177.47678661346436,mouse_move,"999,26"
177.47678661346436,mouse_move,"989,26"
177.47678661346436,mouse_move,"979,26"
177.4927315711975,mouse_move,"969,26"
177.4927315711975,mouse_move,"962,27"
177.50843954086304,mouse_move,"956,28"
177.50843954086304,mouse_move,"949,29"
177.52411365509033,mouse_move,"944,29"
177.52411365509033,mouse_move,"940,30"
177.54024171829224,mouse_move,"936,31"
177.54024171829224,mouse_move,"933,31"
177.55609583854675,mouse_move,"930,32"
177.55609583854675,mouse_move,"927,33"
177.55609583854675,mouse_move,"923,34"
177.57194209098816,mouse_move,"921,34"
177.57194209098816,mouse_move,"918,35"
177.58789992332458,mouse_move,"914,37"
177.58789992332458,mouse_move,"911,38"
177.6035578250885,mouse_move,"908,38"
177.6035578250885,mouse_move,"906,39"
177.6196105480194,mouse_move,"903,41"
177.6196105480194,mouse_move,"901,42"
177.6196105480194,mouse_move,"899,43"
177.63538336753845,mouse_move,"898,44"
177.63538336753845,mouse_move,"897,46"
177.65257453918457,mouse_move,"895,46"
177.65257453918457,mouse_move,"894,47"
177.6667823791504,mouse_move,"892,49"
177.6667823791504,mouse_move,"889,51"
177.68276476860046,mouse_move,"887,53"
177.68276476860046,mouse_move,"883,56"
177.6985113620758,mouse_move,"880,59"
177.6985113620758,mouse_move,"877,63"
177.6985113620758,mouse_move,"873,66"
177.71444368362427,mouse_move,"870,69"
177.71444368362427,mouse_move,"865,75"
177.73026132583618,mouse_move,"862,78"
177.73026132583618,mouse_move,"857,83"
177.74634385108948,mouse_move,"855,87"
177.75263047218323,mouse_move,"852,90"
177.7620975971222,mouse_move,"850,91"
177.7620975971222,mouse_move,"848,94"
177.7620975971222,mouse_move,"847,95"
177.7779188156128,mouse_move,"846,96"
177.7779188156128,mouse_move,"846,96"
177.7939329147339,mouse_move,"846,97"
177.7939329147339,mouse_move,"845,97"
177.8099935054779,mouse_move,"845,98"
177.84165239334106,mouse_move,"844,98"
177.96975255012512,mouse_move,"844,97"
177.98565196990967,mouse_move,"844,97"
177.98565196990967,mouse_move,"844,96"
178.0016884803772,mouse_move,"844,95"
178.0178782939911,mouse_move,"845,94"
178.0178782939911,mouse_move,"845,93"
178.03334665298462,mouse_move,"845,92"
178.03334665298462,mouse_move,"845,91"
178.03334665298462,mouse_move,"845,91"
178.05350136756897,mouse_move,"845,90"
178.05350136756897,mouse_move,"845,89"
178.0817666053772,mouse_move,"845,89"
178.0817666053772,mouse_move,"845,88"
178.09745121002197,mouse_move,"845,87"
178.09745121002197,mouse_move,"845,86"
178.11333894729614,mouse_move,"845,86"
178.11333894729614,mouse_move,"845,85"
178.11333894729614,mouse_move,"846,85"
178.12918949127197,mouse_move,"846,84"
178.12918949127197,mouse_move,"846,84"
178.15376734733582,mouse_move,"846,83"
178.16133642196655,mouse_move,"846,82"
178.16133642196655,mouse_move,"846,81"
178.17732286453247,mouse_move,"847,81"
178.17732286453247,mouse_move,"847,79"
178.17732286453247,mouse_move,"847,79"
178.19325375556946,mouse_move,"847,77"
178.19325375556946,mouse_move,"847,75"
178.2093346118927,mouse_move,"847,74"
178.2093346118927,mouse_move,"847,72"
178.22539615631104,mouse_move,"847,72"
178.22539615631104,mouse_move,"847,71"
178.24132704734802,mouse_move,"847,70"
178.24132704734802,mouse_move,"847,69"
178.25368404388428,mouse_move,"848,68"
178.36824584007263,mouse_move,"848,68"
178.3848466873169,mouse_move,"847,68"
178.40060019493103,mouse_move,"847,68"
178.40060019493103,mouse_move,"846,68"
178.6617729663849,mouse_click,Button.left
178.89189195632935,mouse_move,"846,72"
178.89189195632935,mouse_move,"847,79"
178.907532453537,mouse_move,"849,85"
178.907532453537,mouse_move,"851,90"
178.92319631576538,mouse_move,"851,94"
178.92319631576538,mouse_move,"853,98"
178.93883657455444,mouse_move,"853,101"
178.93883657455444,mouse_move,"854,103"
178.9487121105194,mouse_move,"854,106"
178.95440340042114,mouse_move,"855,108"
178.96691131591797,mouse_move,"855,109"
178.97209429740906,mouse_move,"855,109"
178.97209429740906,mouse_move,"856,110"
178.98574352264404,mouse_move,"856,111"
178.98574352264404,mouse_move,"856,111"
179.07413458824158,mouse_move,"856,112"
179.19132351875305,mouse_move,"857,112"
179.2069821357727,mouse_move,"857,113"
179.22308254241943,mouse_move,"857,114"
179.24519276618958,mouse_move,"857,114"
179.25222635269165,mouse_move,"857,115"
179.25992631912231,mouse_move,"857,116"
179.25992631912231,mouse_move,"857,117"
179.2707757949829,mouse_move,"858,119"
179.2707757949829,mouse_move,"858,119"
179.2868115901947,mouse_move,"858,121"
179.2942054271698,mouse_move,"859,122"
179.30256533622742,mouse_move,"859,122"
179.30256533622742,mouse_move,"859,123"
179.30256533622742,mouse_move,"859,124"
179.3182978630066,mouse_move,"859,125"
179.33402109146118,mouse_move,"859,125"
179.41313767433167,mouse_move,"860,126"
179.46093201637268,mouse_move,"860,127"
179.4927840232849,mouse_move,"860,128"
179.4927840232849,mouse_move,"861,130"
179.50875735282898,mouse_move,"861,132"
179.50875735282898,mouse_move,"861,135"
179.50875735282898,mouse_move,"861,138"
179.52443289756775,mouse_move,"862,141"
179.53687047958374,mouse_move,"863,143"
179.5403687953949,mouse_move,"864,147"
179.5403687953949,mouse_move,"865,151"
179.55633163452148,mouse_move,"866,154"
179.55633163452148,mouse_move,"868,158"
179.57197999954224,mouse_move,"869,162"
179.57197999954224,mouse_move,"872,166"
179.57197999954224,mouse_move,"875,169"
179.58768153190613,mouse_move,"877,172"
179.58768153190613,mouse_move,"881,175"
179.60347247123718,mouse_move,"883,178"
179.60347247123718,mouse_move,"885,179"
179.61914443969727,mouse_move,"888,182"
179.61914443969727,mouse_move,"890,184"
179.6351444721222,mouse_move,"892,186"
179.6351444721222,mouse_move,"894,187"
179.65112781524658,mouse_move,"895,189"
179.65550756454468,mouse_move,"896,190"
179.65550756454468,mouse_move,"897,191"
179.66684770584106,mouse_move,"898,191"
179.66684770584106,mouse_move,"898,192"
179.68256068229675,mouse_move,"898,192"
179.68256068229675,mouse_move,"899,193"
179.79597663879395,mouse_move,"900,193"
179.81167268753052,mouse_move,"901,193"
179.8273344039917,mouse_move,"901,193"
179.84317922592163,mouse_move,"901,193"
179.85536003112793,mouse_move,"902,192"
179.8593020439148,mouse_move,"902,191"
179.87462663650513,mouse_move,"903,191"
179.87462663650513,mouse_move,"903,191"
179.89072489738464,mouse_move,"903,190"
179.90682435035706,mouse_move,"903,189"
179.90682435035706,mouse_move,"903,188"
179.92246985435486,mouse_move,"903,188"
179.93833899497986,mouse_move,"903,187"
179.95549178123474,mouse_move,"903,186"
179.9698486328125,mouse_move,"903,186"
179.9698486328125,mouse_move,"903,185"
179.98590517044067,mouse_move,"903,184"
179.98590517044067,mouse_move,"903,183"
180.00154161453247,mouse_move,"903,183"
180.00154161453247,mouse_move,"903,181"
180.01736068725586,mouse_move,"903,180"
180.01736068725586,mouse_move,"903,178"
180.03308391571045,mouse_move,"903,176"
180.03308391571045,mouse_move,"903,175"
180.048819065094,mouse_move,"903,172"
180.0553593635559,mouse_move,"903,169"
180.0553593635559,mouse_move,"903,167"
180.06479477882385,mouse_move,"903,164"
180.06479477882385,mouse_move,"903,160"
180.08046317100525,mouse_move,"902,156"
180.08046317100525,mouse_move,"901,153"
180.09619426727295,mouse_move,"901,150"
180.09619426727295,mouse_move,"900,147"
180.1120457649231,mouse_move,"899,144"
180.1120457649231,mouse_move,"898,143"
180.1278166770935,mouse_move,"898,141"
180.1278166770935,mouse_move,"898,140"
180.1278166770935,mouse_move,"897,140"
180.143474817276,mouse_move,"897,139"
180.15956926345825,mouse_move,"896,139"
180.15956926345825,mouse_move,"896,138"
180.19104170799255,mouse_move,"896,137"
180.27186751365662,mouse_move,"896,137"
180.30512690544128,mouse_move,"896,138"
180.30512690544128,mouse_move,"896,138"
180.32079339027405,mouse_move,"895,138"
180.33688855171204,mouse_move,"894,139"
180.35265493392944,mouse_move,"893,139"
180.35602068901062,mouse_move,"891,139"
180.3685212135315,mouse_move,"889,139"
180.3685212135315,mouse_move,"883,139"
180.3685212135315,mouse_move,"875,139"
180.38432669639587,mouse_move,"866,136"
180.38432669639587,mouse_move,"854,133"
180.400043964386,mouse_move,"841,132"
180.400043964386,mouse_move,"827,129"
180.41603350639343,mouse_move,"812,127"
180.41603350639343,mouse_move,"795,124"
180.43187832832336,mouse_move,"779,122"
180.43187832832336,mouse_move,"762,120"
180.44783854484558,mouse_move,"745,118"
180.44783854484558,mouse_move,"730,116"
180.45595407485962,mouse_move,"717,113"
180.46389079093933,mouse_move,"703,110"
180.46389079093933,mouse_move,"691,109"
180.4796416759491,mouse_move,"682,106"
180.4796416759491,mouse_move,"675,104"
180.4954812526703,mouse_move,"670,102"
180.4954812526703,mouse_move,"667,101"
180.51131772994995,mouse_move,"665,100"
180.51131772994995,mouse_move,"662,99"
180.51131772994995,mouse_move,"662,98"
180.54281067848206,mouse_move,"662,97"
180.54281067848206,mouse_move,"666,96"
180.55852842330933,mouse_move,"673,92"
180.55852842330933,mouse_move,"685,88"
180.57423210144043,mouse_move,"699,84"
180.57423210144043,mouse_move,"716,80"
180.58988499641418,mouse_move,"738,73"
180.59738206863403,mouse_move,"764,68"
180.59939169883728,mouse_move,"790,63"
180.6055645942688,mouse_move,"823,57"
180.6055645942688,mouse_move,"859,53"
180.62120246887207,mouse_move,"892,47"
180.62120246887207,mouse_move,"934,43"
180.63721585273743,mouse_move,"972,41"
180.63721585273743,mouse_move,"1017,37"
180.65288591384888,mouse_move,"1058,37"
180.65627598762512,mouse_move,"1103,35"
180.66879844665527,mouse_move,"1147,35"
180.66879844665527,mouse_move,"1195,32"
180.66879844665527,mouse_move,"1236,32"
180.6844871044159,mouse_move,"1280,32"
180.6844871044159,mouse_move,"1317,32"
180.70230913162231,mouse_move,"1351,32"
180.7105574607849,mouse_move,"1382,32"
180.71814799308777,mouse_move,"1403,32"
180.72417902946472,mouse_move,"1425,29"
180.7321093082428,mouse_move,"1442,28"
180.7321093082428,mouse_move,"1457,25"
180.7321093082428,mouse_move,"1470,24"
180.75086545944214,mouse_move,"1482,21"
180.75632977485657,mouse_move,"1494,17"
180.7636203765869,mouse_move,"1505,13"
180.7636203765869,mouse_move,"1515,8"
180.78165650367737,mouse_move,"1526,3"
180.7836720943451,mouse_move,"1537,-3"
180.7957513332367,mouse_move,"1549,-8"
180.79914259910583,mouse_move,"1560,-7"
180.79914259910583,mouse_move,"1571,-8"
180.81146693229675,mouse_move,"1580,-8"
180.81146693229675,mouse_move,"1588,-8"
180.82713794708252,mouse_move,"1597,-6"
180.82713794708252,mouse_move,"1604,-7"
180.8430953025818,mouse_move,"1607,-2"
180.8430953025818,mouse_move,"1612,-4"
180.85902309417725,mouse_move,"1613,-1"
180.86751651763916,mouse_move,"1614,-1"
180.87479400634766,mouse_move,"1616,-1"
180.87680792808533,mouse_move,"1616,-1"
180.87680792808533,mouse_move,"1616,0"
180.8924913406372,mouse_move,"1617,0"
180.8924913406372,mouse_move,"1617,0"
180.9061689376831,mouse_move,"1618,0"
180.92209458351135,mouse_move,"1619,0"
180.92686080932617,mouse_move,"1619,-1"
180.93804717063904,mouse_move,"1621,0"
180.93804717063904,mouse_move,"1625,-1"
180.93804717063904,mouse_move,"1627,0"
180.95615649223328,mouse_move,"1630,0"
180.95615649223328,mouse_move,"1633,-1"
180.97109746932983,mouse_move,"1636,0"
180.97533226013184,mouse_move,"1639,0"
180.98516631126404,mouse_move,"1642,0"
180.98963832855225,mouse_move,"1643,0"
181.00081944465637,mouse_move,"1645,0"
181.00443077087402,mouse_move,"1646,0"
181.01646280288696,mouse_move,"1646,0"
181.02402210235596,mouse_move,"1647,0"
181.03518772125244,mouse_move,"1648,0"
181.03518772125244,mouse_move,"1649,0"
181.05206656455994,mouse_move,"1650,1"
181.05611634254456,mouse_move,"1652,1"
181.06343245506287,mouse_move,"1654,1"
181.07258462905884,mouse_move,"1658,1"
181.07906293869019,mouse_move,"1661,2"
181.07906293869019,mouse_move,"1664,2"
181.09508967399597,mouse_move,"1665,3"
181.0970995426178,mouse_move,"1667,3"
181.10462355613708,mouse_move,"1668,3"
181.11072421073914,mouse_move,"1668,4"
181.13061475753784,mouse_move,"1669,4"
181.14260053634644,mouse_move,"1669,5"
181.14260053634644,mouse_move,"1669,5"
181.15826845169067,mouse_move,"1669,8"
181.16027641296387,mouse_move,"1666,11"
181.1695544719696,mouse_move,"1663,18"
181.17671871185303,mouse_move,"1653,27"
181.18701124191284,mouse_move,"1642,38"
181.1903350353241,mouse_move,"1628,50"
181.1903350353241,mouse_move,"1610,63"
181.20608711242676,mouse_move,"1589,81"
181.20608711242676,mouse_move,"1562,96"
181.22173690795898,mouse_move,"1535,113"
181.22173690795898,mouse_move,"1506,127"
181.23763728141785,mouse_move,"1480,142"
181.23763728141785,mouse_move,"1451,153"
181.23763728141785,mouse_move,"1427,162"
181.25611019134521,mouse_move,"1402,171"
181.25611019134521,mouse_move,"1376,176"
181.2692084312439,mouse_move,"1356,181"
181.2692084312439,mouse_move,"1336,185"
181.28488898277283,mouse_move,"1316,188"
181.28488898277283,mouse_move,"1300,191"
181.3008635044098,mouse_move,"1286,193"
181.3008635044098,mouse_move,"1274,194"
181.3008635044098,mouse_move,"1263,195"
181.31692457199097,mouse_move,"1253,195"
181.31692457199097,mouse_move,"1244,195"
181.33287167549133,mouse_move,"1239,195"
181.33287167549133,mouse_move,"1234,195"
181.34864687919617,mouse_move,"1231,194"
181.35625886917114,mouse_move,"1228,194"
181.3646366596222,mouse_move,"1225,193"
181.37127375602722,mouse_move,"1224,193"
181.37127375602722,mouse_move,"1222,192"
181.3803870677948,mouse_move,"1221,192"
181.39642572402954,mouse_move,"1221,192"
181.44579243659973,mouse_move,"1221,191"
181.52366161346436,mouse_move,"1220,191"
181.55675172805786,mouse_move,"1220,190"
181.57126331329346,mouse_move,"1219,190"
181.60305905342102,mouse_move,"1218,190"
181.6191804409027,mouse_move,"1218,190"
181.6348361968994,mouse_move,"1218,190"
181.6348361968994,mouse_move,"1216,190"
181.6348361968994,mouse_move,"1215,190"
181.65688157081604,mouse_move,"1212,190"
181.65688157081604,mouse_move,"1209,189"
181.66677141189575,mouse_move,"1207,189"
181.66677141189575,mouse_move,"1204,188"
181.68289065361023,mouse_move,"1201,188"
181.68289065361023,mouse_move,"1198,187"
181.69861483573914,mouse_move,"1197,187"
181.69861483573914,mouse_move,"1196,187"
181.69861483573914,mouse_move,"1195,187"
181.7147033214569,mouse_move,"1194,187"
181.73048043251038,mouse_move,"1193,187"
182.2717363834381,mouse_move,"1220,196"
182.28753471374512,mouse_move,"1268,214"
182.28753471374512,mouse_move,"1326,234"
182.30345273017883,mouse_move,"1384,256"
182.30345273017883,mouse_move,"1446,275"
182.30345273017883,mouse_move,"1500,294"
182.3192262649536,mouse_move,"1551,311"
182.3192262649536,mouse_move,"1598,322"
182.33503532409668,mouse_move,"1638,330"
182.33503532409668,mouse_move,"1674,336"
182.35115599632263,mouse_move,"1707,340"
182.35742950439453,mouse_move,"1739,344"
182.36693501472473,mouse_move,"1763,344"
182.36693501472473,mouse_move,"1787,344"
182.38302755355835,mouse_move,"1805,343"
182.38302755355835,mouse_move,"1823,342"
182.38302755355835,mouse_move,"1840,340"
182.39908051490784,mouse_move,"1859,338"
182.39908051490784,mouse_move,"1875,335"
182.41503500938416,mouse_move,"1889,332"
182.41503500938416,mouse_move,"1904,329"
182.43098855018616,mouse_move,"1916,327"
182.43098855018616,mouse_move,"1928,324"
182.44495749473572,mouse_move,"1928,322"
182.45067167282104,mouse_move,"1927,320"
182.46089839935303,mouse_move,"1927,318"
182.46797823905945,mouse_move,"1923,317"
182.4740982055664,mouse_move,"1924,315"
182.4815285205841,mouse_move,"1922,315"
182.48562622070312,mouse_move,"1922,314"
182.4923837184906,mouse_move,"1920,313"
182.5034635066986,mouse_move,"1921,313"
182.51019525527954,mouse_move,"1920,312"
182.52228498458862,mouse_move,"1919,311"
182.52874493598938,mouse_move,"1919,310"
182.53430199623108,mouse_move,"1918,308"
182.54591703414917,mouse_move,"1916,305"
182.55303025245667,mouse_move,"1913,303"
182.55949139595032,mouse_move,"1909,299"
182.56460285186768,mouse_move,"1901,296"
182.57061529159546,mouse_move,"1894,291"
182.57870745658875,mouse_move,"1883,287"
182.58867835998535,mouse_move,"1874,283"
182.59504747390747,mouse_move,"1864,279"
182.60110902786255,mouse_move,"1855,274"
182.6070008277893,mouse_move,"1846,270"
182.61301255226135,mouse_move,"1837,266"
182.6248321533203,mouse_move,"1828,264"
182.63123893737793,mouse_move,"1821,261"
182.637300491333,mouse_move,"1814,260"
182.6434030532837,mouse_move,"1807,259"
182.64910507202148,mouse_move,"1802,258"
182.65748953819275,mouse_move,"1796,257"
182.6677601337433,mouse_move,"1791,256"
182.67378878593445,mouse_move,"1787,256"
182.67990016937256,mouse_move,"1783,255"
182.68592023849487,mouse_move,"1778,253"
182.69191026687622,mouse_move,"1774,253"
182.6981966495514,mouse_move,"1771,252"
182.71022844314575,mouse_move,"1769,252"
182.7162537574768,mouse_move,"1766,251"
182.72231483459473,mouse_move,"1763,250"
182.72844576835632,mouse_move,"1761,249"
182.7351577281952,mouse_move,"1760,247"
182.74058365821838,mouse_move,"1758,246"
182.75272345542908,mouse_move,"1756,245"
182.75882720947266,mouse_move,"1755,245"
182.76487684249878,mouse_move,"1754,243"
182.77085876464844,mouse_move,"1753,242"
182.77704119682312,mouse_move,"1752,241"
182.78656816482544,mouse_move,"1752,240"
182.79514908790588,mouse_move,"1750,239"
182.80128479003906,mouse_move,"1750,236"
182.80731868743896,mouse_move,"1749,232"
182.8133668899536,mouse_move,"1749,228"
182.81935453414917,mouse_move,"1748,223"
182.83134841918945,mouse_move,"1748,218"
182.83767199516296,mouse_move,"1748,213"
182.84374356269836,mouse_move,"1747,206"
182.84974312782288,mouse_move,"1746,200"
182.8574035167694,mouse_move,"1746,195"
182.86182022094727,mouse_move,"1746,192"
182.8737518787384,mouse_move,"1746,189"
182.88021659851074,mouse_move,"1745,187"
182.88627815246582,mouse_move,"1745,186"
182.89232659339905,mouse_move,"1745,185"
182.89833688735962,mouse_move,"1745,183"
182.91631031036377,mouse_move,"1745,183"
182.95901823043823,mouse_move,"1745,182"
183.08008217811584,mouse_move,"1745,182"
183.08648586273193,mouse_move,"1745,182"
183.09218621253967,mouse_move,"1745,183"
183.0986623764038,mouse_move,"1745,185"
183.104350566864,mouse_move,"1744,187"
183.11075901985168,mouse_move,"1744,191"
183.12252616882324,mouse_move,"1744,195"
183.1285915374756,mouse_move,"1743,198"
183.13498425483704,mouse_move,"1743,202"
183.14092445373535,mouse_move,"1742,205"
183.14691996574402,mouse_move,"1742,208"
183.15781545639038,mouse_move,"1742,209"
183.16540265083313,mouse_move,"1741,210"
183.17140555381775,mouse_move,"1741,211"
183.17749047279358,mouse_move,"1741,211"
183.18352484703064,mouse_move,"1741,212"
183.1896529197693,mouse_move,"1741,213"
184.27284693717957,mouse_move,"1740,217"
184.27284693717957,mouse_move,"1737,223"
184.27284693717957,mouse_move,"1735,229"
184.28865957260132,mouse_move,"1733,234"
184.28865957260132,mouse_move,"1730,239"
184.30436491966248,mouse_move,"1726,244"
184.30436491966248,mouse_move,"1723,249"
184.32046175003052,mouse_move,"1720,253"
184.32046175003052,mouse_move,"1715,256"
184.33614921569824,mouse_move,"1712,261"
184.33614921569824,mouse_move,"1709,264"
184.35179901123047,mouse_move,"1705,267"
184.35414624214172,mouse_move,"1700,270"
184.36065006256104,mouse_move,"1696,273"
184.37053847312927,mouse_move,"1691,275"
184.37053847312927,mouse_move,"1685,277"
184.38367652893066,mouse_move,"1679,279"
184.38367652893066,mouse_move,"1674,279"
184.39967703819275,mouse_move,"1669,281"
184.39967703819275,mouse_move,"1663,281"
184.41589283943176,mouse_move,"1660,282"
184.41589283943176,mouse_move,"1654,282"
184.41589283943176,mouse_move,"1652,282"
184.4318995475769,mouse_move,"1648,283"
184.4318995475769,mouse_move,"1644,283"
184.45177030563354,mouse_move,"1643,283"
184.45177030563354,mouse_move,"1640,283"
184.46581721305847,mouse_move,"1638,283"
184.46706986427307,mouse_move,"1638,283"
184.48016619682312,mouse_move,"1637,283"
184.48016619682312,mouse_move,"1636,283"
184.49600672721863,mouse_move,"1635,283"
184.49600672721863,mouse_move,"1635,283"
184.5154640674591,mouse_move,"1634,283"
184.66004633903503,mouse_move,"1634,282"
185.20634961128235,mouse_click,Button.left
185.9908790588379,mouse_move,"1629,284"
186.00686812400818,mouse_move,"1622,289"
186.00686812400818,mouse_move,"1613,294"
186.0225372314453,mouse_move,"1605,299"
186.0225372314453,mouse_move,"1596,306"
186.03884768486023,mouse_move,"1587,311"
186.03884768486023,mouse_move,"1576,316"
186.03884768486023,mouse_move,"1566,323"
186.05489253997803,mouse_move,"1555,327"
186.06350827217102,mouse_move,"1543,332"
186.07054615020752,mouse_move,"1531,336"
186.07054615020752,mouse_move,"1517,340"
186.0866162776947,mouse_move,"1504,345"
186.0866162776947,mouse_move,"1490,347"
186.10238790512085,mouse_move,"1477,349"
186.10238790512085,mouse_move,"1462,349"
186.11849164962769,mouse_move,"1448,349"
186.11849164962769,mouse_move,"1434,349"
186.11849164962769,mouse_move,"1420,348"
186.13719654083252,mouse_move,"1407,347"
186.13719654083252,mouse_move,"1396,343"
186.1504089832306,mouse_move,"1384,339"
186.1504089832306,mouse_move,"1375,335"
186.1665096282959,mouse_move,"1366,329"
186.1665096282959,mouse_move,"1357,322"
186.18243718147278,mouse_move,"1350,313"
186.18243718147278,mouse_move,"1344,304"
186.18243718147278,mouse_move,"1337,291"
186.19854187965393,mouse_move,"1333,278"
186.19854187965393,mouse_move,"1329,262"
186.21693110466003,mouse_move,"1324,241"
186.21693110466003,mouse_move,"1322,216"
186.23043179512024,mouse_move,"1322,189"
186.23043179512024,mouse_move,"1323,164"
186.2463538646698,mouse_move,"1325,139"
186.2504472732544,mouse_move,"1328,120"
186.2504472732544,mouse_move,"1332,105"
186.26349067687988,mouse_move,"1337,91"
186.26349067687988,mouse_move,"1343,79"
186.2787103652954,mouse_move,"1348,69"
186.2787103652954,mouse_move,"1353,62"
186.29360008239746,mouse_move,"1359,54"
186.58069777488708,mouse_move,"1379,47"
186.58069777488708,mouse_move,"1413,37"
186.59504866600037,mouse_move,"1451,24"
186.59504866600037,mouse_move,"1498,13"
186.59504866600037,mouse_move,"1552,1"
186.61082077026367,mouse_move,"1609,-13"
186.61082077026367,mouse_move,"1665,-12"
186.62686920166016,mouse_move,"1718,-9"
186.62686920166016,mouse_move,"1771,-9"
186.64453315734863,mouse_move,"1821,-9"
186.6474690437317,mouse_move,"1864,-9"
186.65865445137024,mouse_move,"1894,-6"
186.66340804100037,mouse_move,"1923,-5"
186.66340804100037,mouse_move,"1939,-3"
186.67429900169373,mouse_move,"1932,-3"
186.67429900169373,mouse_move,"1931,-1"
186.69016075134277,mouse_move,"1926,-1"
186.69016075134277,mouse_move,"1924,-1"
186.70593428611755,mouse_move,"1925,-1"
186.70593428611755,mouse_move,"1923,-1"
186.72167372703552,mouse_move,"1920,0"
186.72167372703552,mouse_move,"1921,0"
186.72167372703552,mouse_move,"1921,-1"
186.74002075195312,mouse_move,"1919,0"
186.74002075195312,mouse_move,"1920,0"
186.75331497192383,mouse_move,"1920,0"
186.77205991744995,mouse_move,"1919,0"
186.77205991744995,mouse_move,"1920,0"
186.80134415626526,mouse_move,"1920,0"
186.88275146484375,mouse_move,"1919,0"
186.88275146484375,mouse_move,"1918,0"
186.89844250679016,mouse_move,"1918,0"
186.89844250679016,mouse_move,"1916,0"
186.91502618789673,mouse_move,"1915,0"
186.91502618789673,mouse_move,"1913,0"
186.93010187149048,mouse_move,"1911,0"
186.93010187149048,mouse_move,"1910,0"
186.93010187149048,mouse_move,"1907,0"
186.94597554206848,mouse_move,"1905,0"
186.94597554206848,mouse_move,"1904,0"
186.96415376663208,mouse_move,"1903,0"
186.96415376663208,mouse_move,"1901,1"
186.97899460792542,mouse_move,"1901,1"
186.97899460792542,mouse_move,"1900,1"
186.97899460792542,mouse_move,"1899,2"
186.99349999427795,mouse_move,"1899,2"
186.99349999427795,mouse_move,"1898,3"
187.0091495513916,mouse_move,"1897,3"
187.02530646324158,mouse_move,"1896,3"
187.06438302993774,mouse_move,"1896,3"
187.07209658622742,mouse_move,"1896,4"
187.08793711662292,mouse_move,"1896,5"
187.10390734672546,mouse_move,"1895,5"
187.10390734672546,mouse_move,"1895,6"
187.12071299552917,mouse_move,"1895,6"
187.12213039398193,mouse_move,"1895,7"
187.135657787323,mouse_move,"1895,8"
187.135657787323,mouse_move,"1895,8"
187.15132451057434,mouse_move,"1894,9"
187.16723251342773,mouse_move,"1894,10"
187.16723251342773,mouse_move,"1894,11"
187.1828808784485,mouse_move,"1894,11"
187.19916367530823,mouse_move,"1894,12"
187.2328381538391,mouse_move,"1894,12"
187.2328381538391,mouse_move,"1895,12"
187.44128513336182,mouse_click,Button.left
187.9830687046051,mouse_move,"1892,16"
187.99877762794495,mouse_move,"1888,20"
187.99877762794495,mouse_move,"1881,26"
188.0146815776825,mouse_move,"1875,31"
188.0146815776825,mouse_move,"1869,36"
188.03039360046387,mouse_move,"1863,41"
188.03039360046387,mouse_move,"1857,45"
188.0468111038208,mouse_move,"1852,49"
188.0538215637207,mouse_move,"1846,53"
188.05789971351624,mouse_move,"1840,56"
188.06634163856506,mouse_move,"1834,58"
188.07562613487244,mouse_move,"1829,61"
188.0824751853943,mouse_move,"1824,64"
188.0895118713379,mouse_move,"1820,65"
188.09600853919983,mouse_move,"1818,66"
188.10302233695984,mouse_move,"1815,67"
188.11025142669678,mouse_move,"1812,68"
188.1180717945099,mouse_move,"1811,68"
188.12454748153687,mouse_move,"1810,68"
188.13216066360474,mouse_move,"1808,68"
188.13869643211365,mouse_move,"1808,68"
188.1457016468048,mouse_move,"1807,68"
188.1676790714264,mouse_move,"1806,68"
188.18110823631287,mouse_move,"1805,68"
188.22469997406006,mouse_move,"1805,68"
188.22519159317017,mouse_move,"1805,68"
188.24039506912231,mouse_move,"1805,68"
188.2671914100647,mouse_move,"1805,66"
188.274427652359,mouse_move,"1805,66"
188.28155779838562,mouse_move,"1806,63"
188.28861141204834,mouse_move,"1808,61"
188.29600286483765,mouse_move,"1811,58"
188.30222821235657,mouse_move,"1813,56"
188.30997490882874,mouse_move,"1814,54"
188.3169813156128,mouse_move,"1816,51"
188.3244194984436,mouse_move,"1818,49"
188.33131456375122,mouse_move,"1820,47"
188.33837699890137,mouse_move,"1822,46"
188.34568858146667,mouse_move,"1823,44"
188.35274410247803,mouse_move,"1824,43"
188.3547239303589,mouse_move,"1825,42"
188.36694478988647,mouse_move,"1825,42"
188.37391901016235,mouse_move,"1826,41"
188.3808295726776,mouse_move,"1827,40"
188.3972086906433,mouse_move,"1828,40"
188.43106293678284,mouse_move,"1828,39"
188.44502973556519,mouse_move,"1828,39"
188.4805998802185,mouse_move,"1828,38"
188.50636053085327,mouse_move,"1828,38"
188.5161542892456,mouse_move,"1828,37"
188.52298069000244,mouse_move,"1828,36"
188.5304627418518,mouse_move,"1828,35"
188.53675842285156,mouse_move,"1828,34"
188.542818069458,mouse_move,"1828,32"
188.542818069458,mouse_move,"1828,32"
188.55864834785461,mouse_move,"1828,30"
188.55864834785461,mouse_move,"1828,30"
188.56758189201355,mouse_move,"1828,29"
188.57566046714783,mouse_move,"1828,29"
188.5915195941925,mouse_move,"1828,28"
188.5915195941925,mouse_move,"1828,27"
188.6070156097412,mouse_move,"1828,27"
188.62157773971558,mouse_move,"1828,25"
188.63745212554932,mouse_move,"1828,24"
188.63745212554932,mouse_move,"1828,24"
188.67024278640747,mouse_move,"1828,23"
188.70107746124268,mouse_move,"1827,23"
188.76563477516174,mouse_move,"1827,21"
190.42709279060364,mouse_click,Button.left
192.31633949279785,mouse_click,Button.left
193.5674500465393,mouse_move,"1819,29"
193.58488178253174,mouse_move,"1808,40"
193.59188079833984,mouse_move,"1795,52"
193.5978808403015,mouse_move,"1781,64"
193.5978808403015,mouse_move,"1766,76"
193.6124849319458,mouse_move,"1751,87"
193.61966919898987,mouse_move,"1734,100"
193.62754440307617,mouse_move,"1717,111"
193.63452410697937,mouse_move,"1700,122"
193.6416141986847,mouse_move,"1686,130"
193.64881324768066,mouse_move,"1670,139"
193.65586876869202,mouse_move,"1654,148"
193.65909385681152,mouse_move,"1640,153"
193.6693389415741,mouse_move,"1626,159"
193.6693389415741,mouse_move,"1612,164"
193.6792094707489,mouse_move,"1599,168"
193.6875936985016,mouse_move,"1587,172"
193.6875936985016,mouse_move,"1575,176"
193.7021734714508,mouse_move,"1563,179"
193.7021734714508,mouse_move,"1552,183"
193.71650648117065,mouse_move,"1542,186"
193.71650648117065,mouse_move,"1531,188"
193.7324230670929,mouse_move,"1521,191"
193.7324230670929,mouse_move,"1512,193"
193.74827909469604,mouse_move,"1502,196"
193.74827909469604,mouse_move,"1493,197"
193.74827909469604,mouse_move,"1486,199"
193.76745462417603,mouse_move,"1479,201"
193.76745462417603,mouse_move,"1474,202"
193.7834026813507,mouse_move,"1468,203"
193.79117560386658,mouse_move,"1461,204"
193.79818153381348,mouse_move,"1457,205"
193.80118083953857,mouse_move,"1452,206"
193.80118083953857,mouse_move,"1448,207"
193.81693363189697,mouse_move,"1443,208"
193.81693363189697,mouse_move,"1439,208"
193.83261251449585,mouse_move,"1435,209"
193.83261251449585,mouse_move,"1432,210"
193.83261251449585,mouse_move,"1430,210"
193.8486785888672,mouse_move,"1428,211"
193.8486785888672,mouse_move,"1427,211"
193.86606001853943,mouse_move,"1427,211"
193.86606001853943,mouse_move,"1426,211"
193.89743828773499,mouse_move,"1425,211"
193.9574589729309,mouse_move,"1425,211"
193.97352766990662,mouse_move,"1425,211"
193.97989797592163,mouse_move,"1426,211"
193.99040055274963,mouse_move,"1428,211"
193.99687266349792,mouse_move,"1430,210"
194.00388050079346,mouse_move,"1431,210"
194.01188158988953,mouse_move,"1434,210"
194.01934671401978,mouse_move,"1436,210"
194.01934671401978,mouse_move,"1438,209"
194.01934671401978,mouse_move,"1441,209"
194.03686690330505,mouse_move,"1443,209"
194.03686690330505,mouse_move,"1445,209"
194.05077528953552,mouse_move,"1448,209"
194.05077528953552,mouse_move,"1451,209"
194.06672048568726,mouse_move,"1452,209"
194.06672048568726,mouse_move,"1455,209"
194.08280730247498,mouse_move,"1456,209"
194.08280730247498,mouse_move,"1459,209"
194.08280730247498,mouse_move,"1462,209"
194.09854292869568,mouse_move,"1463,209"
194.09854292869568,mouse_move,"1465,208"
194.11830019950867,mouse_move,"1467,208"
194.12530612945557,mouse_move,"1469,207"
194.12930583953857,mouse_move,"1471,207"
194.12930583953857,mouse_move,"1473,207"
194.146826505661,mouse_move,"1475,207"
194.15093517303467,mouse_move,"1476,207"
194.15093517303467,mouse_move,"1477,207"
194.161527633667,mouse_move,"1477,207"
194.161527633667,mouse_move,"1478,207"
194.1799738407135,mouse_move,"1479,207"
194.22477746009827,mouse_move,"1480,207"
194.38188767433167,mouse_move,"1480,207"
194.38188767433167,mouse_move,"1479,207"
194.39721846580505,mouse_move,"1478,207"
194.4001441001892,mouse_move,"1475,207"
194.4001441001892,mouse_move,"1471,207"
194.41643023490906,mouse_move,"1466,207"
194.41643023490906,mouse_move,"1461,207"
194.4305808544159,mouse_move,"1454,205"
194.43810105323792,mouse_move,"1447,204"
194.445654630661,mouse_move,"1440,204"
194.45265889167786,mouse_move,"1433,203"
194.45666003227234,mouse_move,"1426,202"
194.45666003227234,mouse_move,"1419,201"
194.47416162490845,mouse_move,"1412,198"
194.48019814491272,mouse_move,"1406,197"
194.488299369812,mouse_move,"1401,197"
194.488299369812,mouse_move,"1397,196"
194.488299369812,mouse_move,"1394,196"
194.50501489639282,mouse_move,"1391,195"
194.51540780067444,mouse_move,"1389,195"
194.5201485157013,mouse_move,"1389,195"
194.5201485157013,mouse_move,"1388,195"
194.537677526474,mouse_move,"1387,195"
194.537677526474,mouse_move,"1386,195"
194.55976629257202,mouse_move,"1386,195"
194.5713381767273,mouse_move,"1385,195"
194.61652159690857,mouse_move,"1384,195"
194.63034749031067,mouse_move,"1384,195"
194.63034749031067,mouse_move,"1383,195"
194.63034749031067,mouse_move,"1382,195"
194.64877343177795,mouse_move,"1381,195"
194.64877343177795,mouse_move,"1380,196"
194.66660618782043,mouse_move,"1379,196"
194.67304301261902,mouse_move,"1378,196"
194.68012475967407,mouse_move,"1375,196"
194.68012475967407,mouse_move,"1373,197"
194.69069623947144,mouse_move,"1373,197"
194.69069623947144,mouse_move,"1371,197"
194.70856833457947,mouse_move,"1369,197"
194.70856833457947,mouse_move,"1369,197"
194.72265911102295,mouse_move,"1368,198"
194.72265911102295,mouse_move,"1367,198"
194.72265911102295,mouse_move,"1367,198"
194.76613879203796,mouse_move,"1366,198"
194.7872166633606,mouse_move,"1365,199"
194.83228874206543,mouse_move,"1365,200"
194.8638129234314,mouse_move,"1365,200"
194.91063809394836,mouse_move,"1365,202"
194.91063809394836,mouse_move,"1366,202"
194.92641830444336,mouse_move,"1366,203"
194.92641830444336,mouse_move,"1367,204"
194.94507312774658,mouse_move,"1368,205"
194.94649958610535,mouse_move,"1369,206"
194.9581174850464,mouse_move,"1370,206"
194.9581174850464,mouse_move,"1372,206"
194.97392678260803,mouse_move,"1373,207"
194.9799861907959,mouse_move,"1375,208"
194.9799861907959,mouse_move,"1377,209"
194.99523043632507,mouse_move,"1380,210"
195.00225377082825,mouse_move,"1382,211"
195.00325059890747,mouse_move,"1386,212"
195.00325059890747,mouse_move,"1390,213"
195.01894164085388,mouse_move,"1394,214"
195.01894164085388,mouse_move,"1398,214"
195.03744101524353,mouse_move,"1403,216"
195.03744101524353,mouse_move,"1407,216"
195.0506522655487,mouse_move,"1410,217"
195.0506522655487,mouse_move,"1413,217"
195.06642699241638,mouse_move,"1417,218"
195.06642699241638,mouse_move,"1419,218"
195.08011651039124,mouse_move,"1421,219"
195.08212399482727,mouse_move,"1423,219"
195.08212399482727,mouse_move,"1424,219"
195.1023473739624,mouse_move,"1426,219"
195.11007618904114,mouse_move,"1429,219"
195.1130726337433,mouse_move,"1430,219"
195.1130726337433,mouse_move,"1432,219"
195.12903356552124,mouse_move,"1434,219"
195.12903356552124,mouse_move,"1435,219"
195.14469575881958,mouse_move,"1436,219"
195.14680647850037,mouse_move,"1437,219"
195.14680647850037,mouse_move,"1439,219"
195.16054940223694,mouse_move,"1441,219"
195.16054940223694,mouse_move,"1442,219"
195.1802110671997,mouse_move,"1444,219"
195.1802110671997,mouse_move,"1445,219"
195.1952667236328,mouse_move,"1446,219"
195.2022716999054,mouse_move,"1448,219"
195.2092740535736,mouse_move,"1448,219"
195.216717004776,mouse_move,"1449,218"
195.2228434085846,mouse_move,"1450,218"
195.2228434085846,mouse_move,"1451,218"
195.2228434085846,mouse_move,"1452,218"
195.23875904083252,mouse_move,"1454,218"
195.23875904083252,mouse_move,"1455,217"
195.2589454650879,mouse_move,"1458,217"
195.2589454650879,mouse_move,"1460,217"
195.2704291343689,mouse_move,"1460,217"
195.2804446220398,mouse_move,"1462,217"
195.28617477416992,mouse_move,"1463,217"
195.28617477416992,mouse_move,"1463,217"
195.30316281318665,mouse_move,"1464,217"
195.32418751716614,mouse_move,"1465,217"
195.36293053627014,mouse_move,"1465,217"
195.38089299201965,mouse_move,"1466,217"
195.39488697052002,mouse_move,"1468,217"
195.39488697052002,mouse_move,"1468,217"
195.39488697052002,mouse_move,"1470,217"
195.41332912445068,mouse_move,"1471,217"
195.41332912445068,mouse_move,"1473,217"
195.43118357658386,mouse_move,"1475,217"
195.4381878376007,mouse_move,"1476,217"
195.44118881225586,mouse_move,"1479,217"
195.44118881225586,mouse_move,"1481,217"
195.45716905593872,mouse_move,"1483,217"
195.45716905593872,mouse_move,"1487,217"
195.47327280044556,mouse_move,"1493,217"
195.65984678268433,mouse_click,Button.left
196.17493605613708,mouse_move,"1474,209"
196.18096280097961,mouse_move,"1446,198"
196.18906903266907,mouse_move,"1420,185"
196.19613003730774,mouse_move,"1391,171"
196.20313048362732,mouse_move,"1362,158"
196.20613074302673,mouse_move,"1333,144"
196.21775102615356,mouse_move,"1310,132"
196.22377276420593,mouse_move,"1285,121"
196.22377276420593,mouse_move,"1262,109"
196.2377061843872,mouse_move,"1240,99"
196.2377061843872,mouse_move,"1221,89"
196.25342345237732,mouse_move,"1202,79"
196.25744533538818,mouse_move,"1188,71"
196.25744533538818,mouse_move,"1172,62"
196.2693977355957,mouse_move,"1159,55"
196.2693977355957,mouse_move,"1147,47"
196.28905582427979,mouse_move,"1136,39"
196.2960615158081,mouse_move,"1125,32"
196.30306124687195,mouse_move,"1116,26"
196.31012725830078,mouse_move,"1105,19"
196.31712818145752,mouse_move,"1098,13"
196.31813025474548,mouse_move,"1089,8"
196.33218598365784,mouse_move,"1080,1"
196.3374216556549,mouse_move,"1072,-5"
196.34333205223083,mouse_move,"1064,-5"
196.35338687896729,mouse_move,"1057,-5"
196.36014652252197,mouse_move,"1051,-5"
196.36728262901306,mouse_move,"1043,-5"
196.37484073638916,mouse_move,"1037,-4"
196.37484073638916,mouse_move,"1030,-3"
196.38863229751587,mouse_move,"1026,-3"
196.39623713493347,mouse_move,"1020,-2"
196.39724016189575,mouse_move,"1016,-2"
196.39724016189575,mouse_move,"1013,-1"
196.41784644126892,mouse_move,"1010,-1"
196.4243688583374,mouse_move,"1007,-1"
196.42537593841553,mouse_move,"1003,0"
196.42537593841553,mouse_move,"1002,0"
196.4414610862732,mouse_move,"1001,0"
196.4414610862732,mouse_move,"999,0"
196.45759057998657,mouse_move,"998,0"
196.45759057998657,mouse_move,"997,1"
196.47363758087158,mouse_move,"996,2"
196.48209309577942,mouse_move,"995,3"
196.48882699012756,mouse_move,"994,6"
196.49439096450806,mouse_move,"993,9"
196.50354170799255,mouse_move,"993,12"
196.510174036026,mouse_move,"992,15"
196.51260375976562,mouse_move,"991,19"
196.52511644363403,mouse_move,"990,22"
196.53211951255798,mouse_move,"989,24"
196.53929257392883,mouse_move,"989,27"
196.54573225975037,mouse_move,"988,29"
196.54925417900085,mouse_move,"988,30"
196.56012773513794,mouse_move,"987,31"
196.57497644424438,mouse_move,"987,32"
196.61070919036865,mouse_move,"987,32"
196.6178319454193,mouse_move,"987,33"
196.62483859062195,mouse_move,"988,33"
196.6318380832672,mouse_move,"989,33"
196.64670372009277,mouse_move,"989,33"
196.65356159210205,mouse_move,"990,33"
196.6604232788086,mouse_move,"991,33"
196.6604232788086,mouse_move,"992,32"
196.6745388507843,mouse_move,"994,32"
196.68254470825195,mouse_move,"995,31"
196.68254470825195,mouse_move,"996,31"
196.69060516357422,mouse_move,"997,30"
196.69060516357422,mouse_move,"998,29"
196.7086112499237,mouse_move,"1001,28"
196.7086112499237,mouse_move,"1003,27"
196.72511267662048,mouse_move,"1005,26"
196.73256039619446,mouse_move,"1007,24"
196.73859357833862,mouse_move,"1009,23"
196.74655389785767,mouse_move,"1011,21"
196.753559589386,mouse_move,"1012,20"
196.7608287334442,mouse_move,"1012,20"
196.76826071739197,mouse_move,"1013,19"
196.77456521987915,mouse_move,"1014,19"
196.7795708179474,mouse_move,"1015,18"
196.80403637886047,mouse_move,"1015,17"
197.69225311279297,mouse_click,Button.left
198.57154536247253,mouse_move,"1028,17"
198.57725644111633,mouse_move,"1048,17"
198.58863401412964,mouse_move,"1076,17"
198.59582686424255,mouse_move,"1110,17"
198.603280544281,mouse_move,"1141,18"
198.61028504371643,mouse_move,"1179,18"
198.61375331878662,mouse_move,"1217,20"
198.6203293800354,mouse_move,"1252,22"
198.6320595741272,mouse_move,"1286,24"
198.63821482658386,mouse_move,"1317,24"
198.64449954032898,mouse_move,"1349,26"
198.6520175933838,mouse_move,"1373,26"
198.65634441375732,mouse_move,"1394,28"
198.66756129264832,mouse_move,"1415,28"
198.67433786392212,mouse_move,"1435,28"
198.68039298057556,mouse_move,"1453,28"
198.68635773658752,mouse_move,"1470,28"
198.69631505012512,mouse_move,"1487,28"
198.70269060134888,mouse_move,"1505,27"
198.70968985557556,mouse_move,"1520,27"
198.7169005870819,mouse_move,"1536,27"
198.72290802001953,mouse_move,"1551,27"
198.72879338264465,mouse_move,"1564,27"
198.73474168777466,mouse_move,"1579,26"
198.74071550369263,mouse_move,"1591,26"
198.74681782722473,mouse_move,"1603,26"
198.7592260837555,mouse_move,"1613,25"
198.76515817642212,mouse_move,"1623,25"
198.77403163909912,mouse_move,"1632,23"
198.7790343761444,mouse_move,"1640,23"
198.78347897529602,mouse_move,"1647,23"
198.7949981689453,mouse_move,"1654,22"
198.8028347492218,mouse_move,"1659,22"
198.809734582901,mouse_move,"1666,21"
198.81512784957886,mouse_move,"1671,21"
198.82386016845703,mouse_move,"1680,21"
198.8311424255371,mouse_move,"1688,21"
198.83825588226318,mouse_move,"1695,21"
198.8452537059784,mouse_move,"1702,21"
198.85243606567383,mouse_move,"1709,22"
198.8586778640747,mouse_move,"1718,25"
198.8633885383606,mouse_move,"1726,29"
198.87396383285522,mouse_move,"1734,32"
198.88074851036072,mouse_move,"1741,35"
198.88798594474792,mouse_move,"1749,40"
198.8920385837555,mouse_move,"1754,42"
198.89846777915955,mouse_move,"1760,46"
198.90506172180176,mouse_move,"1764,49"
198.9167263507843,mouse_move,"1769,51"
198.92334389686584,mouse_move,"1774,53"
198.92917847633362,mouse_move,"1777,56"
198.9377405643463,mouse_move,"1782,57"
198.94155859947205,mouse_move,"1786,58"
198.9474446773529,mouse_move,"1790,59"
198.95893239974976,mouse_move,"1795,59"
198.96547746658325,mouse_move,"1799,59"
198.9718918800354,mouse_move,"1805,58"
198.97790813446045,mouse_move,"1810,56"
198.9836940765381,mouse_move,"1818,52"
198.99144291877747,mouse_move,"1823,50"
199.00213432312012,mouse_move,"1828,46"
199.00821495056152,mouse_move,"1832,43"
199.01420950889587,mouse_move,"1835,40"
199.0199315547943,mouse_move,"1838,38"
199.02592396736145,mouse_move,"1841,37"
199.0316677093506,mouse_move,"1842,35"
199.044171333313,mouse_move,"1844,33"
199.05017113685608,mouse_move,"1844,32"
199.05631279945374,mouse_move,"1845,31"
199.06244587898254,mouse_move,"1846,30"
199.06810116767883,mouse_move,"1846,29"
199.08031129837036,mouse_move,"1846,27"
199.0863265991211,mouse_move,"1846,26"
199.0943741798401,mouse_move,"1845,26"
199.09844779968262,mouse_move,"1845,24"
199.10450887680054,mouse_move,"1843,23"
199.11131310462952,mouse_move,"1843,22"
199.12271237373352,mouse_move,"1841,22"
199.1296193599701,mouse_move,"1841,21"
199.13523840904236,mouse_move,"1840,21"
199.14132809638977,mouse_move,"1839,19"
199.15141487121582,mouse_move,"1837,19"
199.15791058540344,mouse_move,"1836,19"
199.1657977104187,mouse_move,"1835,17"
199.1718258857727,mouse_move,"1833,16"
199.17773747444153,mouse_move,"1832,16"
199.18390011787415,mouse_move,"1831,15"
199.19140195846558,mouse_move,"1830,15"
199.20062637329102,mouse_move,"1829,15"
199.20810103416443,mouse_move,"1829,15"
199.22060537338257,mouse_move,"1828,14"
199.22644209861755,mouse_move,"1827,14"
199.25107431411743,mouse_move,"1827,14"
199.3379135131836,mouse_move,"1827,11"
200.16062188148499,mouse_move,"1826,17"
200.17838501930237,mouse_move,"1824,24"
200.17838501930237,mouse_move,"1822,31"
200.19377040863037,mouse_move,"1819,40"
200.20015931129456,mouse_move,"1816,46"
200.20811772346497,mouse_move,"1813,53"
200.21511101722717,mouse_move,"1811,57"
200.22189950942993,mouse_move,"1809,63"
200.22896528244019,mouse_move,"1807,67"
200.2368884086609,mouse_move,"1804,71"
200.2429530620575,mouse_move,"1802,74"
200.25100183486938,mouse_move,"1799,77"
200.25400614738464,mouse_move,"1797,80"
200.2646942138672,mouse_move,"1795,83"
200.272212266922,mouse_move,"1792,85"
200.27894735336304,mouse_move,"1789,86"
200.28638076782227,mouse_move,"1788,88"
200.29129552841187,mouse_move,"1785,90"
200.30086660385132,mouse_move,"1783,91"
200.30800604820251,mouse_move,"1780,93"
200.31574511528015,mouse_move,"1778,94"
200.32218980789185,mouse_move,"1776,95"
200.3269510269165,mouse_move,"1772,95"
200.33660244941711,mouse_move,"1769,96"
200.34360814094543,mouse_move,"1768,96"
200.35067915916443,mouse_move,"1765,96"
200.35819745063782,mouse_move,"1762,97"
200.36520624160767,mouse_move,"1760,97"
200.37232732772827,mouse_move,"1756,98"
200.37933254241943,mouse_move,"1753,98"
200.38233923912048,mouse_move,"1750,99"
200.38233923912048,mouse_move,"1748,99"
200.39842987060547,mouse_move,"1745,100"
200.39842987060547,mouse_move,"1743,100"
200.41436409950256,mouse_move,"1741,100"
200.41436409950256,mouse_move,"1739,101"
200.41436409950256,mouse_move,"1738,101"
200.43008017539978,mouse_move,"1738,101"
200.43008017539978,mouse_move,"1737,101"
200.45090556144714,mouse_move,"1736,101"
200.45691084861755,mouse_move,"1735,101"
200.45691084861755,mouse_move,"1735,101"
200.47824931144714,mouse_move,"1734,101"
200.5045416355133,mouse_move,"1733,101"
200.58134293556213,mouse_move,"1733,102"
200.58134293556213,mouse_move,"1732,104"
200.58134293556213,mouse_move,"1732,107"
200.59745264053345,mouse_move,"1732,111"
200.59745264053345,mouse_move,"1732,116"
200.6140537261963,mouse_move,"1735,123"
200.62179350852966,mouse_move,"1736,132"
200.62894868850708,mouse_move,"1740,142"
200.63231825828552,mouse_move,"1744,153"
200.64249515533447,mouse_move,"1748,165"
200.64506888389587,mouse_move,"1752,175"
200.64506888389587,mouse_move,"1753,185"
200.66559147834778,mouse_move,"1756,194"
200.67176127433777,mouse_move,"1758,198"
200.6757607460022,mouse_move,"1759,202"
200.6757607460022,mouse_move,"1759,205"
200.6917805671692,mouse_move,"1760,208"
200.69446873664856,mouse_move,"1760,209"
200.70775651931763,mouse_move,"1760,210"
200.7100682258606,mouse_move,"1760,211"
200.7100682258606,mouse_move,"1760,211"
200.72352147102356,mouse_move,"1760,212"
200.7395567893982,mouse_move,"1760,213"
200.75823736190796,mouse_move,"1760,213"
200.80122137069702,mouse_move,"1760,214"
200.80122137069702,mouse_move,"1760,214"
200.81657481193542,mouse_move,"1758,214"
200.83248114585876,mouse_move,"1758,214"
200.83248114585876,mouse_move,"1756,214"
200.84815168380737,mouse_move,"1756,214"
200.84815168380737,mouse_move,"1755,214"
200.8654842376709,mouse_move,"1754,214"
200.87249088287354,mouse_move,"1752,214"
200.87949109077454,mouse_move,"1752,214"
200.88690876960754,mouse_move,"1751,213"
200.90155363082886,mouse_move,"1750,212"
200.92171001434326,mouse_move,"1750,212"
200.95132684707642,mouse_move,"1749,212"
200.96930480003357,mouse_move,"1749,212"
200.96930480003357,mouse_move,"1748,212"
200.9833116531372,mouse_move,"1748,211"
200.99507451057434,mouse_move,"1747,211"
200.99907636642456,mouse_move,"1747,210"
200.99907636642456,mouse_move,"1746,209"
201.01506733894348,mouse_move,"1745,209"
201.0221073627472,mouse_move,"1745,208"
201.0221073627472,mouse_move,"1744,206"
201.0304718017578,mouse_move,"1743,206"
201.0304718017578,mouse_move,"1742,204"
201.04915690422058,mouse_move,"1742,202"
201.04915690422058,mouse_move,"1741,200"
201.06215262413025,mouse_move,"1740,198"
201.06215262413025,mouse_move,"1740,197"
201.07932710647583,mouse_move,"1740,195"
201.07932710647583,mouse_move,"1739,193"
201.09404468536377,mouse_move,"1738,191"
201.1017198562622,mouse_move,"1738,190"
201.10872220993042,mouse_move,"1738,187"
201.11272144317627,mouse_move,"1737,184"
201.11272144317627,mouse_move,"1737,183"
201.12990307807922,mouse_move,"1736,180"
201.12990307807922,mouse_move,"1736,177"
201.14434576034546,mouse_move,"1735,175"
201.14434576034546,mouse_move,"1735,173"
201.14434576034546,mouse_move,"1734,171"
201.16003799438477,mouse_move,"1734,171"
201.16003799438477,mouse_move,"1733,170"
201.1758153438568,mouse_move,"1733,169"
201.1758153438568,mouse_move,"1732,169"
201.19433975219727,mouse_move,"1732,168"
201.20135927200317,mouse_move,"1731,168"
201.208425283432,mouse_move,"1729,167"
201.21591758728027,mouse_move,"1729,167"
201.22292399406433,mouse_move,"1727,166"
201.22292399406433,mouse_move,"1725,166"
201.22292399406433,mouse_move,"1723,166"
201.24088859558105,mouse_move,"1721,166"
201.24088859558105,mouse_move,"1720,166"
201.25453543663025,mouse_move,"1719,166"
201.25453543663025,mouse_move,"1716,166"
201.27057075500488,mouse_move,"1716,166"
201.28611874580383,mouse_move,"1715,166"
201.2953062057495,mouse_move,"1714,166"
201.3229079246521,mouse_move,"1715,166"
201.3305859565735,mouse_move,"1718,165"
201.33158612251282,mouse_move,"1724,163"
201.33158612251282,mouse_move,"1731,161"
201.3472695350647,mouse_move,"1742,157"
201.3472695350647,mouse_move,"1756,153"
201.3629071712494,mouse_move,"1769,147"
201.3629071712494,mouse_move,"1783,143"
201.38012623786926,mouse_move,"1795,139"
201.3872525691986,mouse_move,"1807,134"
201.39425921440125,mouse_move,"1820,128"
201.4017779827118,mouse_move,"1830,124"
201.40828561782837,mouse_move,"1841,119"
201.41585493087769,mouse_move,"1848,116"
201.4228594303131,mouse_move,"1854,113"
201.42986035346985,mouse_move,"1858,111"
201.4374852180481,mouse_move,"1862,110"
201.4408848285675,mouse_move,"1864,109"
201.4408848285675,mouse_move,"1866,108"
201.45692491531372,mouse_move,"1867,108"
201.45692491531372,mouse_move,"1868,107"
201.4730041027069,mouse_move,"1869,107"
202.0207998752594,mouse_click,Button.left
202.6348216533661,mouse_move,"1864,112"
202.64087510108948,mouse_move,"1853,122"
202.64586973190308,mouse_move,"1842,133"
202.654296875,mouse_move,"1828,145"
202.65950059890747,mouse_move,"1813,156"
202.66997051239014,mouse_move,"1792,170"
202.6761085987091,mouse_move,"1770,182"
202.68374013900757,mouse_move,"1746,197"
202.6907455921173,mouse_move,"1717,213"
202.69807028770447,mouse_move,"1687,228"
202.70518350601196,mouse_move,"1654,245"
202.7125039100647,mouse_move,"1622,261"
202.71910405158997,mouse_move,"1590,275"
202.7260127067566,mouse_move,"1554,289"
202.733012676239,mouse_move,"1520,302"
202.74109387397766,mouse_move,"1483,310"
202.74809408187866,mouse_move,"1452,319"
202.7550563812256,mouse_move,"1416,328"
202.7618327140808,mouse_move,"1385,335"
202.76917243003845,mouse_move,"1353,339"
202.7761194705963,mouse_move,"1320,345"
202.78067636489868,mouse_move,"1288,349"
202.7913761138916,mouse_move,"1253,353"
202.79843735694885,mouse_move,"1221,354"
202.80499863624573,mouse_move,"1190,356"
202.81107759475708,mouse_move,"1159,356"
202.81714725494385,mouse_move,"1128,358"
202.82275557518005,mouse_move,"1100,358"
202.83392095565796,mouse_move,"1072,360"
202.84050250053406,mouse_move,"1047,361"
202.84679555892944,mouse_move,"1020,361"
202.85522890090942,mouse_move,"995,363"
202.86242985725403,mouse_move,"969,367"
202.86943531036377,mouse_move,"951,368"
202.87643480300903,mouse_move,"930,369"
202.88427257537842,mouse_move,"904,375"
202.890478849411,mouse_move,"881,380"
202.89762258529663,mouse_move,"862,383"
202.90474200248718,mouse_move,"846,387"
202.91206765174866,mouse_move,"833,391"
202.9190685749054,mouse_move,"821,395"
202.92675065994263,mouse_move,"812,399"
202.93375515937805,mouse_move,"804,402"
202.9407560825348,mouse_move,"797,406"
202.94805932044983,mouse_move,"791,411"
202.95505952835083,mouse_move,"787,414"
202.96218466758728,mouse_move,"783,419"
202.96958351135254,mouse_move,"781,423"
202.9725890159607,mouse_move,"779,428"
202.9725890159607,mouse_move,"778,435"
202.98829126358032,mouse_move,"778,444"
202.99853324890137,mouse_move,"778,452"
202.99853324890137,mouse_move,"782,464"
203.01139116287231,mouse_move,"788,478"
203.01139116287231,mouse_move,"795,494"
203.01139116287231,mouse_move,"807,510"
203.02982330322266,mouse_move,"823,531"
203.02982330322266,mouse_move,"841,553"
203.0433304309845,mouse_move,"860,578"
203.0433304309845,mouse_move,"885,601"
203.0624761581421,mouse_move,"907,619"
203.06960940361023,mouse_move,"931,638"
203.07661175727844,mouse_move,"958,653"
203.08431267738342,mouse_move,"984,669"
203.09125971794128,mouse_move,"1013,680"
203.09620714187622,mouse_move,"1037,689"
203.10477876663208,mouse_move,"1065,698"
203.10941338539124,mouse_move,"1091,701"
203.10941338539124,mouse_move,"1117,705"
203.12682557106018,mouse_move,"1138,706"
203.12682557106018,mouse_move,"1162,706"
203.13856887817383,mouse_move,"1184,706"
203.14468693733215,mouse_move,"1208,706"
203.15578532218933,mouse_move,"1233,702"
203.15711522102356,mouse_move,"1255,701"
203.169775724411,mouse_move,"1277,698"
203.17683625221252,mouse_move,"1295,696"
203.18384075164795,mouse_move,"1314,695"
203.19084548950195,mouse_move,"1330,693"
203.19867539405823,mouse_move,"1349,692"
203.2057135105133,mouse_move,"1365,692"
203.21178150177002,mouse_move,"1377,692"
203.21877145767212,mouse_move,"1389,694"
203.2236008644104,mouse_move,"1396,697"
203.2294511795044,mouse_move,"1402,702"
203.2294511795044,mouse_move,"1408,710"
203.24820017814636,mouse_move,"1414,720"
203.25399613380432,mouse_move,"1418,731"
203.2602550983429,mouse_move,"1420,746"
203.2663700580597,mouse_move,"1420,766"
203.27711367607117,mouse_move,"1422,791"
203.2844295501709,mouse_move,"1422,815"
203.29122686386108,mouse_move,"1421,847"
203.2972331047058,mouse_move,"1417,882"
203.30304980278015,mouse_move,"1416,910"
203.31205654144287,mouse_move,"1416,941"
203.32007789611816,mouse_move,"1412,970"
203.3264389038086,mouse_move,"1410,998"
203.3325855731964,mouse_move,"1407,1020"
203.3413746356964,mouse_move,"1406,1037"
203.34483766555786,mouse_move,"1403,1054"
203.35156846046448,mouse_move,"1400,1066"
203.36238408088684,mouse_move,"1399,1077"
203.36993956565857,mouse_move,"1398,1086"
203.37573623657227,mouse_move,"1398,1093"
203.38413906097412,mouse_move,"1397,1097"
203.39107131958008,mouse_move,"1397,1099"
203.3985776901245,mouse_move,"1397,1101"
203.4052791595459,mouse_move,"1397,1103"
203.41268396377563,mouse_move,"1397,1103"
203.51953673362732,mouse_move,"1396,1104"
203.52733206748962,mouse_move,"1394,1104"
203.5332748889923,mouse_move,"1394,1104"
203.5385284423828,mouse_move,"1391,1104"
203.54488730430603,mouse_move,"1389,1103"
203.55088543891907,mouse_move,"1385,1102"
203.56312775611877,mouse_move,"1382,1101"
203.56945133209229,mouse_move,"1377,1100"
203.57564616203308,mouse_move,"1373,1099"
203.58153438568115,mouse_move,"1369,1097"
203.58735394477844,mouse_move,"1366,1096"
203.59868574142456,mouse_move,"1362,1094"
203.60529208183289,mouse_move,"1359,1094"
203.6128602027893,mouse_move,"1358,1093"
203.61941647529602,mouse_move,"1356,1092"
203.62650895118713,mouse_move,"1354,1091"
203.63013911247253,mouse_move,"1354,1090"
203.6478409767151,mouse_move,"1353,1090"
203.68447184562683,mouse_move,"1353,1089"
203.6911973953247,mouse_move,"1353,1088"
205.78763341903687,key_press,Key.shift
205.89839673042297,key_press,'A'
206.05323219299316,key_press,'I'
206.25432324409485,key_press,Key.space
207.64407968521118,key_press,'b'
207.71709561347961,key_press,'a'
207.88425850868225,key_press,'s'
208.19061827659607,key_press,'e'
208.44692945480347,key_press,'d'
208.92572355270386,key_press,Key.space
209.75424790382385,key_press,'k'
210.06629610061646,key_press,'e'
210.33440470695496,key_press,'y'
210.5489797592163,key_press,'s'
210.78804445266724,key_press,'t'
210.97423672676086,key_press,'r'
211.30275177955627,key_press,'o'
211.48981618881226,key_press,'k'
211.61005091667175,key_press,'e'
211.80026364326477,key_press,Key.space
211.9536623954773,key_press,'a'
212.1132161617279,key_press,'d'
212.1132161617279,key_press,'n'
212.23886442184448,key_press,'f'
212.36199402809143,key_press,'a'
212.42415857315063,key_press,'l'
213.05371928215027,mouse_move,"1353,1088"
213.061270236969,mouse_move,"1351,1087"
213.06654739379883,mouse_move,"1351,1087"
213.08150839805603,mouse_move,"1350,1086"
213.0881118774414,mouse_move,"1349,1086"
213.09800267219543,mouse_move,"1349,1085"
213.11685729026794,mouse_move,"1349,1085"
213.121643781662,mouse_move,"1349,1084"
213.13058710098267,mouse_move,"1348,1083"
213.1374740600586,mouse_move,"1348,1081"
213.1453573703766,mouse_move,"1346,1080"
213.15267658233643,mouse_move,"1343,1077"
213.1594865322113,mouse_move,"1340,1075"
213.16685032844543,key_press,'y'
213.31670093536377,key_press,'i'
213.42734742164612,key_press,'s'
213.58414673805237,key_press,'i'
213.6160991191864,key_press,'s'
213.81896996498108,key_press,Key.space
213.98893094062805,key_press,'i'
214.17179250717163,key_press,'s'
214.33173775672913,key_press,'e'
214.77032995224,key_press,'s'
214.99571299552917,key_press,Key.space
215.41081976890564,key_press,'m'
215.50400948524475,key_press,'a'
215.8528275489807,key_press,'c'
216.03638625144958,key_press,'h'
216.12642526626587,key_press,'i'
216.33988785743713,key_press,'n'
216.4225676059723,key_press,'e'
216.61659479141235,key_press,Key.space
216.91630220413208,key_press,'l'
217.1873800754547,key_press,'a'
217.319500207901,key_press,'w'
217.76669573783875,key_press,Key.backspace
217.97700190544128,key_press,'e'
218.14579606056213,key_press,'a'
218.40294814109802,key_press,'r'
218.64448618888855,key_press,'n'
218.7616584300995,key_press,'i'
218.93927884101868,key_press,'n'
219.9896433353424,key_press,'g'
220.17592215538025,key_press,Key.space
221.08502650260925,mouse_move,"1340,1074"
221.099858045578,mouse_move,"1340,1074"
221.10699009895325,mouse_move,"1339,1073"
221.11399674415588,mouse_move,"1339,1072"
221.1354854106903,mouse_move,"1339,1072"
221.14449048042297,mouse_move,"1338,1072"
221.17090773582458,mouse_move,"1338,1071"
221.18539237976074,mouse_move,"1338,1071"
221.18935823440552,mouse_move,"1338,1070"
221.22004866600037,mouse_move,"1338,1069"
221.24898099899292,mouse_move,"1337,1069"
225.36556673049927,key_press,'y'
225.8194441795349,key_press,Key.space
225.98955368995667,key_press,'s'
226.17622566223145,key_press,'t'
226.42643690109253,key_press,'u'
226.8316490650177,key_press,'d'
227.06588435173035,key_press,'y'
227.26873922348022,key_press,Key.space
227.6296272277832,key_press,Key.space
228.21573328971863,key_press,'h'
228.41064715385437,key_press,'o'
228.5973997116089,key_press,'w'
228.73203682899475,key_press,Key.space
228.85461735725403,key_press,'a'
228.97999334335327,key_press,Key.space
229.23820972442627,key_press,'a'
229.44141054153442,key_press,'p'
229.60059928894043,key_press,'e'
229.77537322044373,key_press,'r'
229.98772716522217,key_press,'s'
230.13751983642578,key_press,'i'
230.37123227119446,key_press,'n'
230.55460691452026,key_press,Key.space
231.4768409729004,key_press,'t'
231.65872311592102,key_press,'y'
231.95685386657715,key_press,'p'
232.082772731781,key_press,'e'
232.31632113456726,key_press,'s'
232.51989889144897,key_press,'a'
232.51989889144897,key_press,Key.space
233.11357641220093,key_press,'o'
233.31835627555847,key_press,'n'
233.48899030685425,key_press,Key.space
233.63164949417114,key_press,'a'
233.74899411201477,key_press,Key.space
233.98157906532288,key_press,'k'
234.19388723373413,key_press,'e'
234.58248805999756,key_press,'y'
234.8934669494629,key_press,'b'
235.1929361820221,key_press,'o'
235.3626573085785,key_press,'a'
235.87816786766052,key_press,'e'
236.1343333721161,key_press,'r'
236.38122129440308,key_press,'d'
236.56733584403992,key_press,Key.space
237.59268403053284,key_press,'i'
237.9162893295288,key_press,'t'
238.03195190429688,key_press,Key.space
238.30080676078796,key_press,'c'
238.46928644180298,key_press,'a'
238.67336773872375,key_press,'p'
239.2777214050293,key_press,'t'
239.6442186832428,key_press,'u'
240.20281434059143,key_press,'r'
240.21344876289368,key_press,'e'
240.6413996219635,key_press,'e'
240.8788242340088,key_press,'s'
241.0783565044403,key_press,Key.space
242.17592024803162,key_press,'f'
242.33034896850586,key_press,'e'
242.52274250984192,key_press,'a'
242.7230498790741,key_press,'t'
243.1917703151703,key_press,'u'
243.36088705062866,key_press,'e'
244.10161709785461,key_press,'e'
244.2865550518036,key_press,'s'
244.57280611991882,key_press,Key.space
245.43895626068115,key_press,'l'
245.7037868499756,key_press,'i'
245.91044092178345,key_press,'k'
246.01890325546265,key_press,'e'
246.2109935283661,key_press,Key.space
246.94551944732666,key_press,'t'
247.1291627883911,key_press,'y'
247.3781578540802,key_press,'p'
247.5504047870636,key_press,'i'
247.7532410621643,key_press,'n'
247.94146585464478,key_press,'g'
248.05092024803162,key_press,Key.space
248.48612141609192,key_press,'s'
248.72268915176392,key_press,'p'
248.8671522140503,key_press,'p'
249.03073143959045,key_press,'e'
249.28798651695251,key_press,'d'
249.64985489845276,key_press,Key.space
250.46616125106812,key_press,'k'
250.6305549144745,key_press,'e'
250.89806604385376,key_press,'y'
251.13841080665588,key_press,'b'
251.46527123451233,key_press,Key.space
252.39731001853943,key_press,'h'
252.5633156299591,key_press,'o'
252.8017885684967,key_press,'l'
253.1751971244812,key_press,'g'
253.55029273033142,key_press,'='
253.58203649520874,key_press,'d'
253.84868502616882,key_press,'d'
253.86756038665771,key_press,Key.space
254.06678795814514,key_press,'t'
254.3783359527588,key_press,'k'
254.58005142211914,key_press,'e'
254.7563500404358,key_press,Key.space
255.3502106666565,key_press,'a'
255.48908853530884,key_press,'n'
255.6460144519806,key_press,'d'
255.79998230934143,key_press,Key.space
256.6011703014374,key_press,'t'
256.78232884407043,key_press,'o'
256.9100384712219,key_press,'m'
257.100172996521,key_press,'e'
257.21056485176086,key_press,Key.space
258.2696852684021,key_press,'b'
258.9549632072449,mouse_move,"1338,1069"
258.9754648208618,key_press,'e'
259.1487855911255,key_press,'t'
259.35650992393494,key_press,'w'
259.70858216285706,key_press,'e'
259.9051773548126,key_press,'e'
260.16977310180664,key_press,'n'
260.4015471935272,key_press,Key.space
261.8175103664398,key_press,'p'
262.12135791778564,key_press,'r'
262.25458908081055,key_press,'e'
262.47693371772766,key_press,'s'
262.6748344898224,key_press,'s'
262.86800384521484,key_press,'e'
263.1146168708801,key_press,'s'
264.0395088195801,key_press,'.'
264.31587433815,key_press,Key.space
264.5830612182617,key_press,Key.shift
264.8444378376007,key_press,'T'
264.92721033096313,key_press,'h'
265.1289463043213,key_press,'e'
265.40108585357666,key_press,'s'
265.55414485931396,key_press,'e'
265.73899102211,key_press,Key.space
265.98028087615967,key_press,'p'
266.1152639389038,key_press,'a'
266.45944023132324,key_press,'t'
266.64571046829224,key_press,'t'
266.80337595939636,key_press,'e'
266.9376494884491,key_press,'r'
267.07839131355286,key_press,'n'
267.22141695022583,key_press,'s'
267.3948242664337,key_press,Key.space
267.5222592353821,key_press,'a'
267.7418737411499,key_press,'r'
267.90814423561096,key_press,'e'
268.0600018501282,key_press,Key.space
268.6265676021576,key_press,'u'
268.77398777008057,key_press,'n'
268.99211168289185,key_press,'i'
269.3002510070801,key_press,'q'
269.89511036872864,key_press,'u'
270.30228567123413,key_press,'e'
270.7682647705078,key_press,Key.backspace
271.09512543678284,key_press,'w'
271.36320662498474,key_press,Key.space
272.58847761154175,key_press,'t'
272.697007894516,key_press,'o'
272.9543926715851,key_press,Key.space
273.0357611179352,key_press,'e'
273.24723720550537,key_press,'a'
273.5488803386688,key_press,'c'
273.6813414096832,key_press,'h'
273.87996768951416,key_press,Key.space
275.16239047050476,key_press,'u'
275.2699701786041,key_press,'s'
275.4263958930969,key_press,'s'
275.49334263801575,key_press,'e'
275.5905559062958,key_press,'r'
275.78848147392273,key_press,Key.space
275.8788220882416,key_press,'a'
276.0863239765167,key_press,'d'
276.0963325500488,key_press,'b'
276.36512327194214,key_press,Key.space
276.5347375869751,key_press,'a'
276.8993411064148,key_press,'c'
277.06339383125305,key_press,'a'
277.2387628555298,key_press,'n'
277.404394865036,key_press,Key.space
277.6458070278168,key_press,'b'
277.8477449417114,key_press,'e'
278.0050115585327,key_press,Key.space
282.2632257938385,key_press,'u'
282.412228345871,key_press,'s'
282.59846544265747,key_press,'e'
282.8557586669922,key_press,'d'
283.04138135910034,key_press,Key.space
283.67499923706055,key_press,'f'
283.87872314453125,key_press,'o'
284.0222113132477,key_press,'r'
284.2832899093628,key_press,Key.space
284.95191264152527,key_press,'a'
285.22332406044006,key_press,'u'
285.53502774238586,key_press,'t'
285.6936523914337,key_press,'h'
285.82082533836365,key_press,'e'
285.9573223590851,key_press,'n'
286.25660037994385,key_press,'c'
286.4156816005707,key_press,'a'
286.8161675930023,key_press,'t'
286.9935519695282,key_press,'i'
287.14676332473755,key_press,'o'
287.77270007133484,key_press,Key.space
287.9574525356293,key_press,'a'
288.12855887413025,key_press,'n'
288.2923879623413,key_press,'d'
288.39440870285034,key_press,Key.space
288.7146017551422,key_press,'b'
289.27482771873474,key_press,'e'
289.5672619342804,key_press,'h'
289.6927559375763,key_press,'a'
290.34070920944214,key_press,'v'
290.72207713127136,key_press,'i'
290.9259452819824,key_press,'o'
291.1040072441101,key_press,'u'
291.462997674942,key_press,'e'
292.41005086898804,key_press,Key.space
292.8428041934967,key_press,'a'
293.05321979522705,key_press,'n'
293.1753532886505,key_press,'a'
293.3961749076843,key_press,'l'
294.0040774345398,key_press,'y'
294.178174495697,key_press,'s'
294.20654463768005,key_press,'i'
294.4078426361084,key_press,'s'
294.8618264198303,key_press,Key.space
295.65967750549316,key_press,'j'
295.9765989780426,key_press,'i'
296.1308720111847,key_press,'t'
296.2574210166931,key_press,Key.space
296.45877957344055,key_press,'i'
296.68126797676086,key_press,'s'
296.85643219947815,key_press,Key.space
297.37630820274353,key_press,'c'
297.8685631752014,key_press,'m'
298.0373616218567,key_press,'m'
298.17769622802734,key_press,'o'
298.39029693603516,key_press,'n'
298.6198434829712,key_press,'l'
299.0210916996002,key_press,'y'
299.45613956451416,key_press,Key.space
300.3524134159088,mouse_move,"1339,1070"
300.3609972000122,mouse_move,"1341,1072"
300.367769241333,mouse_move,"1344,1073"
300.37477827072144,mouse_move,"1346,1076"
300.38185572624207,mouse_move,"1348,1078"
300.38951683044434,mouse_move,"1349,1080"
300.3965861797333,mouse_move,"1350,1082"
300.40317392349243,mouse_move,"1352,1083"
300.41061425209045,mouse_move,"1352,1085"
300.41772651672363,mouse_move,"1352,1086"
300.424489736557,mouse_move,"1353,1086"
300.4343123435974,key_press,'u'
300.6137261390686,key_press,'s'
300.8034167289734,key_press,'e'
301.0265100002289,key_press,'d'
301.1628568172455,key_press,Key.space
301.38057041168213,key_press,'i'
301.55468010902405,key_press,'n'
301.75654578208923,key_press,Key.space
302.09762167930603,key_press,'v'
302.56873416900635,key_press,Key.backspace
302.7626864910126,key_press,'c'
302.9111866950989,key_press,'y'
303.2605450153351,key_press,'b'
303.52161598205566,key_press,'e'
303.62894082069397,key_press,'r'
303.8673629760742,key_press,'s'
304.0068030357361,key_press,'s'
304.02358961105347,key_press,'e'
304.30267429351807,key_press,'c'
304.815664768219,key_press,'u'
305.13414907455444,key_press,'r'
305.3790850639343,key_press,'i'
305.5822558403015,key_press,'t'
305.7905423641205,key_press,'y'
305.980078458786,key_press,Key.space
307.1668894290924,key_press,'f'
307.39460158348083,key_press,'o'
307.56090903282166,key_press,'r'
307.7215416431427,key_press,Key.space
308.42514204978943,key_press,'c'
308.56715083122253,key_press,'o'
308.7702729701996,key_press,'n'
309.0371308326721,key_press,'t'
309.2800076007843,key_press,'i'
309.499146938324,key_press,'n'
309.83543252944946,key_press,'o'
310.7374300956726,key_press,'u'
310.89488673210144,key_press,'s'
311.0876111984253,key_press,Key.space
312.18690729141235,key_press,'u'
312.36252999305725,key_press,'s'
312.52084970474243,key_press,'e'
312.67304515838623,key_press,'r'
312.84894275665283,key_press,Key.space
313.11250281333923,key_press,'v'
313.3317940235138,key_press,'r'
313.8185889720917,key_press,'e'
313.9372456073761,key_press,'r'
314.14866495132446,key_press,'i'
314.52813482284546,key_press,'f'
314.6770992279053,key_press,'i'
314.97275042533875,key_press,'c'
315.0747573375702,key_press,'a'
315.3362274169922,key_press,'t'
315.5277645587921,key_press,'i'
315.61310601234436,key_press,'o'
315.82760977745056,key_press,'n'
315.9802393913269,key_press,Key.space
316.61113476753235,mouse_move,"1353,1086"
316.6192047595978,mouse_move,"1353,1086"
316.63952016830444,key_press,'a'
316.8199932575226,key_press,'n'
316.9904055595398,key_press,'d'
317.1936032772064,key_press,Key.space
317.56488370895386,key_press,'f'
317.74783539772034,key_press,'a'
318.362681388855,key_press,'u'
318.56537532806396,key_press,'r'
318.88116335868835,key_press,'d'
319.14168524742126,key_press,Key.space
319.33244490623474,key_press,'d'
319.6854920387268,key_press,'e'
320.35104274749756,key_press,'t'
320.56639862060547,key_press,'e'
320.8584363460541,key_press,'c'
321.0814974308014,key_press,'t'
321.34858322143555,key_press,'i'
321.45752573013306,key_press,'o'
321.64883041381836,key_press,'n'
321.83942461013794,key_press,Key.space
322.58568501472473,key_press,'/'
322.9795322418213,key_press,'.'
323.2245726585388,key_press,Key.enter
323.85543632507324,key_press,Key.ctrl_l
324.13219571113586,key_press,'\x03'
8.489313840866089,key_press,Key.shift
8.801704406738281,key_press,'A'
8.910856008529663,key_press,'I'
9.221220016479492,key_press,Key.space
10.277604341506958,key_press,'b'
10.369585990905762,key_press,'a'
10.48144793510437,key_press,'s'
10.709188222885132,key_press,'r'
10.970088481903076,key_press,Key.space
10.98912525177002,key_press,Key.space
11.061277389526367,key_press,Key.space
11.238771438598633,key_press,'d'
11.69235634803772,key_press,'d'
12.007635354995728,key_press,Key.num_lock
12.177152872085571,key_press,Key.backspace
12.665489673614502,key_press,'r'
12.949488639831543,key_press,'e'
13.12514328956604,key_press,Key.backspace
13.397644281387329,key_press,Key.backspace
13.681069612503052,key_press,'e'
13.918288230895996,key_press,'d'
14.191150426864624,key_press,Key.space
14.733988523483276,key_press,'i'
14.929356813430786,key_press,Key.space
14.958958387374878,key_press,'s'
15.200433731079102,key_press,Key.space
15.275668382644653,key_press,'a'
17.871588230133057,key_press,Key.alt_l
17.95162534713745,key_press,Key.tab
18.605549812316895,key_press,Key.alt_l
18.710575819015503,key_press,Key.tab
18.93964457511902,key_press,Key.tab
19.238873958587646,key_press,Key.tab
20.08868432044983,mouse_move,"879,1075"
20.09480357170105,mouse_move,"862,1061"
20.10245132446289,mouse_move,"844,1044"
20.10245132446289,mouse_move,"818,1020"
20.111828088760376,mouse_move,"794,995"
20.111828088760376,mouse_move,"766,960"
20.129858016967773,mouse_move,"737,922"
20.129858016967773,mouse_move,"709,878"
20.143753051757812,mouse_move,"679,834"
20.143753051757812,mouse_move,"651,787"
20.143753051757812,mouse_move,"622,734"
20.15987801551819,mouse_move,"599,685"
20.15987801551819,mouse_move,"575,635"
20.177743434906006,mouse_move,"554,587"
20.177743434906006,mouse_move,"536,541"
20.194489002227783,mouse_move,"521,500"
20.201039791107178,mouse_move,"506,458"
20.205549716949463,mouse_move,"491,420"
20.205549716949463,mouse_move,"483,386"
20.22140121459961,mouse_move,"474,359"
20.22140121459961,mouse_move,"464,331"
20.22140121459961,mouse_move,"460,311"
20.2406644821167,mouse_move,"455,294"
20.2406644821167,mouse_move,"451,280"
20.25317645072937,mouse_move,"447,268"
20.25317645072937,mouse_move,"445,258"
20.268834590911865,mouse_move,"442,251"
20.268834590911865,mouse_move,"441,244"
20.284653425216675,mouse_move,"440,238"
20.284653425216675,mouse_move,"438,234"
20.300509929656982,mouse_move,"437,230"
20.30850100517273,mouse_move,"436,228"
20.31550145149231,mouse_move,"435,224"
20.31550145149231,mouse_move,"434,221"
20.31550145149231,mouse_move,"433,217"
20.331878185272217,mouse_move,"432,214"
20.331878185272217,mouse_move,"430,209"
20.347159147262573,mouse_move,"428,204"
20.347159147262573,mouse_move,"427,197"
20.36307668685913,mouse_move,"426,190"
20.36307668685913,mouse_move,"426,181"
20.379645347595215,mouse_move,"424,171"
20.379645347595215,mouse_move,"423,161"
20.379645347595215,mouse_move,"423,151"
20.401018619537354,mouse_move,"422,140"
20.407559394836426,mouse_move,"422,130"
20.414540767669678,mouse_move,"422,120"
20.422345638275146,mouse_move,"422,110"
20.4253511428833,mouse_move,"422,102"
20.4253511428833,mouse_move,"422,95"
20.44368314743042,mouse_move,"422,88"
20.44368314743042,mouse_move,"424,81"
20.456965446472168,mouse_move,"424,77"
20.456965446472168,mouse_move,"426,72"
20.456965446472168,mouse_move,"426,69"
20.4763445854187,mouse_move,"427,66"
20.4763445854187,mouse_move,"428,63"
20.488964319229126,mouse_move,"429,60"
20.488964319229126,mouse_move,"430,57"
20.504748344421387,mouse_move,"431,56"
20.504748344421387,mouse_move,"432,54"
20.522035837173462,mouse_move,"432,52"
20.52867031097412,mouse_move,"433,51"
20.53467583656311,mouse_move,"433,50"
20.53467583656311,mouse_move,"433,49"
20.550487518310547,mouse_move,"434,48"
20.570492267608643,mouse_move,"434,48"
20.582557439804077,mouse_move,"435,48"
20.658209323883057,mouse_move,"435,47"
20.658209323883057,mouse_move,"436,47"
20.6771023273468,mouse_move,"437,44"
20.6771023273468,mouse_move,"439,43"
20.69264006614685,mouse_move,"441,40"
20.69264006614685,mouse_move,"443,37"
20.707479000091553,mouse_move,"446,34"
20.713366508483887,mouse_move,"448,30"
20.713366508483887,mouse_move,"450,26"
20.72239923477173,mouse_move,"453,21"
20.72239923477173,mouse_move,"455,17"
20.742663383483887,mouse_move,"458,14"
20.749662160873413,mouse_move,"460,10"
20.752662420272827,mouse_move,"461,9"
20.752662420272827,mouse_move,"462,7"
20.768617868423462,mouse_move,"463,5"
20.768617868423462,mouse_move,"463,5"
20.78445863723755,mouse_move,"463,4"
20.78445863723755,mouse_move,"464,4"
20.802714586257935,mouse_move,"464,3"
20.89378833770752,mouse_move,"464,3"
20.909432888031006,mouse_move,"464,4"
21.119356632232666,mouse_click,Button.left
21.33507251739502,mouse_move,"465,7"
21.346903562545776,mouse_move,"467,11"
21.346903562545776,mouse_move,"468,15"
21.346903562545776,mouse_move,"471,19"
21.36274266242981,mouse_move,"472,22"
21.36274266242981,mouse_move,"474,26"
21.378849506378174,mouse_move,"476,29"
21.378849506378174,mouse_move,"477,31"
21.397645235061646,mouse_move,"479,35"
21.404709100723267,mouse_move,"480,37"
21.40870952606201,mouse_move,"481,40"
21.419434785842896,mouse_move,"481,42"
21.42657780647278,mouse_move,"482,42"
21.433676719665527,mouse_move,"482,43"
21.440746307373047,mouse_move,"483,44"
21.447805404663086,mouse_move,"483,44"
21.45496678352356,mouse_move,"483,45"
21.46198606491089,mouse_move,"484,45"
21.469080209732056,mouse_move,"484,46"
21.490208387374878,mouse_move,"484,46"
21.525896072387695,mouse_move,"484,47"
21.582304000854492,mouse_move,"485,47"
21.590490579605103,mouse_move,"486,48"
21.59654688835144,mouse_move,"486,48"
21.604140043258667,mouse_move,"487,50"
21.611671686172485,mouse_move,"489,50"
21.61883854866028,mouse_move,"489,50"
21.625836610794067,mouse_move,"490,51"
21.633020162582397,mouse_move,"491,52"
21.64009141921997,mouse_move,"492,52"
21.647127151489258,mouse_move,"493,52"
21.65419578552246,mouse_move,"493,52"
21.661339282989502,mouse_move,"494,52"
22.00212025642395,mouse_move,"496,53"
22.00914740562439,mouse_move,"500,55"
22.016223669052124,mouse_move,"504,57"
22.024309873580933,mouse_move,"510,61"
22.03130865097046,mouse_move,"516,66"
22.038307666778564,mouse_move,"522,70"
22.045307397842407,mouse_move,"530,77"
22.052308320999146,mouse_move,"538,83"
22.05930733680725,mouse_move,"545,91"
22.066876888275146,mouse_move,"553,99"
22.073954105377197,mouse_move,"559,105"
22.081047296524048,mouse_move,"567,113"
22.08804702758789,mouse_move,"575,120"
22.09511685371399,mouse_move,"581,125"
22.10220432281494,mouse_move,"587,130"
22.109313488006592,mouse_move,"591,133"
22.11649799346924,mouse_move,"596,137"
22.123521089553833,mouse_move,"597,138"
22.13060188293457,mouse_move,"600,140"
22.137617111206055,mouse_move,"602,141"
22.144681692123413,mouse_move,"603,143"
22.151684522628784,mouse_move,"603,143"
22.15968155860901,mouse_move,"604,144"
22.166682243347168,mouse_move,"605,144"
22.17368197441101,mouse_move,"606,144"
22.18816566467285,mouse_move,"606,144"
22.19535255432129,mouse_move,"607,144"
22.201428174972534,mouse_move,"608,144"
22.20950746536255,mouse_move,"609,143"
22.216509342193604,mouse_move,"610,140"
22.22360324859619,mouse_move,"613,136"
22.230675220489502,mouse_move,"617,130"
22.23797082901001,mouse_move,"620,124"
22.245017051696777,mouse_move,"624,117"
22.252118825912476,mouse_move,"629,110"
22.25946068763733,mouse_move,"633,101"
22.26097798347473,mouse_move,"638,95"
22.27319836616516,mouse_move,"641,87"
22.280198097229004,mouse_move,"644,82"
22.287426948547363,mouse_move,"646,76"
22.294406414031982,mouse_move,"647,72"
22.301842212677002,mouse_move,"648,69"
22.30686593055725,mouse_move,"650,67"
22.30686593055725,mouse_move,"650,65"
22.322564840316772,mouse_move,"650,63"
22.32457137107849,mouse_move,"651,62"
22.32457137107849,mouse_move,"651,60"
22.33840775489807,mouse_move,"652,60"
22.33840775489807,mouse_move,"652,58"
22.354071617126465,mouse_move,"653,58"
22.366087198257446,mouse_move,"653,56"
22.369755268096924,mouse_move,"653,55"
22.369755268096924,mouse_move,"654,55"
22.387460231781006,mouse_move,"654,54"
22.401572704315186,mouse_move,"654,53"
22.405436992645264,mouse_move,"654,53"
22.451754331588745,mouse_move,"654,52"
22.486568212509155,mouse_move,"654,51"
22.486568212509155,mouse_move,"654,51"
22.505630016326904,mouse_move,"655,49"
22.511760234832764,mouse_move,"655,46"
22.518615245819092,mouse_move,"656,44"
22.518615245819092,mouse_move,"657,41"
22.534300565719604,mouse_move,"657,39"
22.534300565719604,mouse_move,"659,35"
22.551098585128784,mouse_move,"660,32"
22.558207750320435,mouse_move,"661,30"
22.565208911895752,mouse_move,"662,26"
22.572458744049072,mouse_move,"662,23"
22.579527378082275,mouse_move,"663,20"
22.586688995361328,mouse_move,"664,19"
22.593675136566162,mouse_move,"665,16"
22.595675706863403,mouse_move,"666,14"
22.605708360671997,mouse_move,"666,14"
22.611406326293945,mouse_move,"666,13"
22.611406326293945,mouse_move,"666,12"
22.628820657730103,mouse_move,"667,12"
22.68171715736389,mouse_move,"667,11"
22.87943434715271,mouse_click,Button.left
23.0813307762146,mouse_move,"669,18"
23.09700584411621,mouse_move,"673,32"
23.106260061264038,mouse_move,"679,46"
23.1128146648407,mouse_move,"685,63"
23.12000870704651,mouse_move,"692,79"
23.128007650375366,mouse_move,"700,99"
23.135008096694946,mouse_move,"707,117"
23.14201021194458,mouse_move,"718,142"
23.143011569976807,mouse_move,"730,165"
23.155189752578735,mouse_move,"743,188"
23.16327452659607,mouse_move,"755,211"
23.16327452659607,mouse_move,"769,235"
23.17459750175476,mouse_move,"783,255"
23.17459750175476,mouse_move,"798,279"
23.19068932533264,mouse_move,"813,300"
23.19068932533264,mouse_move,"829,321"
23.19068932533264,mouse_move,"842,338"
23.206135272979736,mouse_move,"856,354"
23.21584987640381,mouse_move,"869,371"
23.224143981933594,mouse_move,"880,386"
23.23203206062317,mouse_move,"892,399"
23.240889072418213,mouse_move,"903,411"
23.247884035110474,mouse_move,"912,422"
23.254032373428345,mouse_move,"923,432"
23.254032373428345,mouse_move,"934,443"
23.267690420150757,mouse_move,"945,452"
23.267690420150757,mouse_move,"958,462"
23.283639192581177,mouse_move,"969,472"
23.283639192581177,mouse_move,"981,481"
23.296562910079956,mouse_move,"994,490"
23.301438093185425,mouse_move,"1006,499"
23.306285619735718,mouse_move,"1020,509"
23.31910276412964,mouse_move,"1034,517"
23.31910276412964,mouse_move,"1048,526"
23.331196069717407,mouse_move,"1062,534"
23.331196069717407,mouse_move,"1081,547"
23.34830951690674,mouse_move,"1100,556"
23.355239629745483,mouse_move,"1120,568"
23.3613760471344,mouse_move,"1139,578"
23.3613760471344,mouse_move,"1155,586"
23.3613760471344,mouse_move,"1171,593"
23.377037048339844,mouse_move,"1186,600"
23.377037048339844,mouse_move,"1202,609"
23.398293256759644,mouse_move,"1218,618"
23.40223479270935,mouse_move,"1232,625"
23.406367778778076,mouse_move,"1246,632"
23.4169499874115,mouse_move,"1258,639"
23.4169499874115,mouse_move,"1271,646"
23.43283176422119,mouse_move,"1283,654"
23.43283176422119,mouse_move,"1292,660"
23.43283176422119,mouse_move,"1302,668"
23.448518753051758,mouse_move,"1311,675"
23.448518753051758,mouse_move,"1317,683"
23.46425199508667,mouse_move,"1322,689"
23.46425199508667,mouse_move,"1326,693"
23.481892108917236,mouse_move,"1329,699"
23.481892108917236,mouse_move,"1331,704"
23.49566960334778,mouse_move,"1333,707"
23.49566960334778,mouse_move,"1333,711"
23.511500358581543,mouse_move,"1333,715"
23.511500358581543,mouse_move,"1333,718"
23.511500358581543,mouse_move,"1332,722"
23.527615785598755,mouse_move,"1328,728"
23.527615785598755,mouse_move,"1325,734"
23.546645164489746,mouse_move,"1319,739"
23.55472421646118,mouse_move,"1310,745"
23.561725616455078,mouse_move,"1299,752"
23.56472420692444,mouse_move,"1287,760"
23.56472420692444,mouse_move,"1271,769"
23.58046269416809,mouse_move,"1254,778"
23.58046269416809,mouse_move,"1239,785"
23.596511602401733,mouse_move,"1219,794"
23.596511602401733,mouse_move,"1199,804"
23.60688591003418,mouse_move,"1179,816"
23.61220121383667,mouse_move,"1161,823"
23.61220121383667,mouse_move,"1145,832"
23.62800407409668,mouse_move,"1126,842"
23.62800407409668,mouse_move,"1112,850"
23.64673948287964,mouse_move,"1098,858"
23.653738260269165,mouse_move,"1082,867"
23.660813570022583,mouse_move,"1068,874"
23.667813301086426,mouse_move,"1056,879"
23.67381501197815,mouse_move,"1045,885"
23.67381501197815,mouse_move,"1035,889"
23.689451932907104,mouse_move,"1026,894"
23.6951744556427,mouse_move,"1017,896"
23.70123791694641,mouse_move,"1008,899"
23.70686388015747,mouse_move,"999,900"
23.70686388015747,mouse_move,"992,901"
23.72112774848938,mouse_move,"985,901"
23.72112774848938,mouse_move,"977,899"
23.736809968948364,mouse_move,"969,896"
23.736809968948364,mouse_move,"960,890"
23.752904653549194,mouse_move,"951,882"
23.752904653549194,mouse_move,"941,871"
23.752904653549194,mouse_move,"931,857"
23.77476978302002,mouse_move,"923,841"
23.781769275665283,mouse_move,"912,816"
23.7847683429718,mouse_move,"898,787"
23.7847683429718,mouse_move,"889,759"
23.80048632621765,mouse_move,"880,728"
23.80693030357361,mouse_move,"874,695"
23.816580057144165,mouse_move,"866,662"
23.816580057144165,mouse_move,"862,629"
23.816580057144165,mouse_move,"858,594"
23.836119890213013,mouse_move,"858,557"
23.836119890213013,mouse_move,"858,522"
23.848153829574585,mouse_move,"859,488"
23.848153829574585,mouse_move,"863,452"
23.86389398574829,mouse_move,"869,416"
23.86389398574829,mouse_move,"877,383"
23.881094694137573,mouse_move,"883,350"
23.888752698898315,mouse_move,"890,320"
23.892754793167114,mouse_move,"898,289"
23.892754793167114,mouse_move,"907,265"
23.90862727165222,mouse_move,"913,244"
23.90862727165222,mouse_move,"919,228"
23.924262046813965,mouse_move,"924,213"
23.924262046813965,mouse_move,"930,199"
23.924262046813965,mouse_move,"935,187"
23.940126419067383,mouse_move,"941,175"
23.940126419067383,mouse_move,"947,166"
23.95577049255371,mouse_move,"952,157"
23.95577049255371,mouse_move,"959,148"
23.97141122817993,mouse_move,"965,140"
23.97141122817993,mouse_move,"972,132"
23.988330364227295,mouse_move,"978,126"
23.99533247947693,mouse_move,"982,122"
24.002334117889404,mouse_move,"985,119"
24.00701093673706,mouse_move,"988,114"
24.00701093673706,mouse_move,"991,112"
24.017972707748413,mouse_move,"993,110"
24.017972707748413,mouse_move,"995,108"
24.033682823181152,mouse_move,"997,105"
24.033682823181152,mouse_move,"1000,102"
24.049329042434692,mouse_move,"1003,99"
24.049329042434692,mouse_move,"1006,95"
24.066481828689575,mouse_move,"1010,90"
24.073508501052856,mouse_move,"1014,85"
24.080509901046753,mouse_move,"1019,79"
24.087616682052612,mouse_move,"1024,71"
24.095619916915894,mouse_move,"1028,65"
24.101617097854614,mouse_move,"1035,57"
24.109127044677734,mouse_move,"1043,50"
24.11212468147278,mouse_move,"1049,42"
24.11212468147278,mouse_move,"1055,34"
24.127955436706543,mouse_move,"1060,27"
24.127955436706543,mouse_move,"1067,18"
24.14365839958191,mouse_move,"1072,9"
24.14365839958191,mouse_move,"1077,1"
24.14365839958191,mouse_move,"1081,-6"
24.15945529937744,mouse_move,"1086,-8"
24.15945529937744,mouse_move,"1089,-6"
24.175227165222168,mouse_move,"1093,-6"
24.186835050582886,mouse_move,"1096,-4"
24.192896366119385,mouse_move,"1098,-4"
24.192896366119385,mouse_move,"1100,-3"
24.20828366279602,mouse_move,"1101,-3"
24.216286182403564,mouse_move,"1102,-1"
24.221283674240112,mouse_move,"1103,-2"
24.229308366775513,mouse_move,"1103,-1"
24.23702597618103,mouse_move,"1103,-1"
24.23702597618103,mouse_move,"1104,-1"
24.27179527282715,mouse_move,"1104,-1"
24.330766439437866,mouse_move,"1104,0"
24.409631967544556,mouse_move,"1104,0"
24.439926624298096,mouse_move,"1104,-1"
24.455754280090332,mouse_move,"1103,0"
24.471452236175537,mouse_move,"1101,0"
24.471452236175537,mouse_move,"1100,0"
24.471452236175537,mouse_move,"1098,2"
24.48716974258423,mouse_move,"1093,4"
24.48716974258423,mouse_move,"1087,7"
24.50758695602417,mouse_move,"1079,12"
24.50758695602417,mouse_move,"1069,19"
24.521851301193237,mouse_move,"1059,25"
24.528850555419922,mouse_move,"1050,33"
24.535852193832397,mouse_move,"1041,40"
24.543054342269897,mouse_move,"1030,48"
24.550157070159912,mouse_move,"1022,54"
24.557156562805176,mouse_move,"1015,59"
24.564155340194702,mouse_move,"1009,63"
24.567262172698975,mouse_move,"1005,67"
24.567262172698975,mouse_move,"1002,69"
24.58127236366272,mouse_move,"999,70"
24.58127236366272,mouse_move,"997,70"
24.597033977508545,mouse_move,"997,71"
24.612760305404663,mouse_move,"996,71"
24.659158945083618,mouse_move,"995,71"
24.659158945083618,mouse_move,"995,71"
24.674968242645264,mouse_move,"995,71"
24.674968242645264,mouse_move,"995,70"
24.690900564193726,mouse_move,"995,69"
24.690900564193726,mouse_move,"995,68"
24.706883907318115,mouse_move,"995,68"
24.707892656326294,mouse_move,"994,66"
24.707892656326294,mouse_move,"994,65"
24.72268033027649,mouse_move,"994,64"
24.72268033027649,mouse_move,"993,63"
24.73878836631775,mouse_move,"993,63"
24.73878836631775,mouse_move,"993,62"
24.756075859069824,mouse_move,"993,61"
24.764073848724365,mouse_move,"993,60"
24.768075466156006,mouse_move,"993,60"
24.768075466156006,mouse_move,"993,60"
24.78392243385315,mouse_move,"993,59"
24.78392243385315,mouse_move,"993,58"
24.79955220222473,mouse_move,"993,58"
24.81531047821045,mouse_move,"993,57"
24.81531047821045,mouse_move,"993,55"
24.830977201461792,mouse_move,"993,55"
24.830977201461792,mouse_move,"993,53"
24.848949670791626,mouse_move,"993,51"
24.8559513092041,mouse_move,"993,50"
24.86294984817505,mouse_move,"993,49"
24.86994957923889,mouse_move,"993,47"
24.876951217651367,mouse_move,"992,45"
24.876951217651367,mouse_move,"992,42"
24.876951217651367,mouse_move,"992,40"
24.892781496047974,mouse_move,"992,38"
24.892781496047974,mouse_move,"992,35"
24.908005237579346,mouse_move,"992,33"
24.908005237579346,mouse_move,"991,30"
24.923823833465576,mouse_move,"991,26"
24.923823833465576,mouse_move,"991,24"
24.939913272857666,mouse_move,"991,21"
24.939913272857666,mouse_move,"990,18"
24.95589303970337,mouse_move,"990,16"
24.95589303970337,mouse_move,"990,13"
24.95589303970337,mouse_move,"990,9"
24.977007627487183,mouse_move,"990,7"
24.9845187664032,mouse_move,"990,5"
24.98751950263977,mouse_move,"989,2"
24.994155406951904,mouse_move,"989,0"
25.003405570983887,mouse_move,"989,-1"
25.008069038391113,mouse_move,"989,-2"
25.019165515899658,mouse_move,"989,-1"
25.019165515899658,mouse_move,"989,-2"
25.019165515899658,mouse_move,"989,-3"
25.03486180305481,mouse_move,"989,-1"
25.03486180305481,mouse_move,"989,-1"
25.055838346481323,mouse_move,"989,-2"
25.062230110168457,mouse_move,"989,-3"
25.069319248199463,mouse_move,"989,-2"
25.07702898979187,mouse_move,"989,-1"
25.084028720855713,mouse_move,"989,-1"
25.091031074523926,mouse_move,"989,-1"
25.09631872177124,mouse_move,"989,-1"
25.112173318862915,mouse_move,"989,0"
25.4596688747406,mouse_move,"988,0"
25.4596688747406,mouse_move,"985,2"
25.475714921951294,mouse_move,"981,5"
25.479728937149048,mouse_move,"977,7"
25.487112998962402,mouse_move,"974,9"
25.487112998962402,mouse_move,"971,10"
25.504438638687134,mouse_move,"968,13"
25.510781049728394,mouse_move,"966,14"
25.5177800655365,mouse_move,"964,16"
25.524781942367554,mouse_move,"962,17"
25.53278422355652,mouse_move,"961,18"
25.539865970611572,mouse_move,"960,20"
25.546862602233887,mouse_move,"959,21"
25.553866863250732,mouse_move,"958,21"
25.56086301803589,mouse_move,"957,23"
25.568359375,mouse_move,"956,25"
25.570367574691772,mouse_move,"955,26"
25.580598831176758,mouse_move,"954,28"
25.580598831176758,mouse_move,"953,31"
25.59635043144226,mouse_move,"952,35"
25.59635043144226,mouse_move,"951,37"
25.608570337295532,mouse_move,"950,44"
25.612011671066284,mouse_move,"949,49"
25.612011671066284,mouse_move,"949,56"
25.631745100021362,mouse_move,"949,65"
25.639345169067383,mouse_move,"949,75"
25.643343448638916,mouse_move,"949,81"
25.643343448638916,mouse_move,"949,88"
25.659340620040894,mouse_move,"950,94"
25.659340620040894,mouse_move,"951,99"
25.674975633621216,mouse_move,"951,102"
25.674975633621216,mouse_move,"952,104"
25.674975633621216,mouse_move,"952,105"
25.690627336502075,mouse_move,"952,106"
25.690627336502075,mouse_move,"953,106"
25.7088885307312,mouse_move,"953,107"
25.770156621932983,mouse_move,"954,107"
25.80883550643921,mouse_move,"954,107"
25.81601333618164,mouse_move,"955,107"
25.81601333618164,mouse_move,"955,107"
25.83213472366333,mouse_move,"956,107"
25.83213472366333,mouse_move,"957,107"
25.85195541381836,mouse_move,"957,106"
25.859955310821533,mouse_move,"959,105"
25.861955881118774,mouse_move,"961,105"
25.861955881118774,mouse_move,"961,103"
25.877689123153687,mouse_move,"964,101"
25.877689123153687,mouse_move,"966,99"
25.893619775772095,mouse_move,"968,97"
25.893619775772095,mouse_move,"969,95"
25.90878939628601,mouse_move,"970,93"
25.90878939628601,mouse_move,"971,92"
25.90878939628601,mouse_move,"971,91"
25.924477338790894,mouse_move,"972,91"
25.924477338790894,mouse_move,"972,90"
25.945252656936646,mouse_move,"972,89"
25.959402799606323,mouse_move,"972,89"
25.971407651901245,mouse_move,"971,88"
25.987795114517212,mouse_move,"970,87"
25.987795114517212,mouse_move,"969,87"
25.987795114517212,mouse_move,"968,86"
26.00905203819275,mouse_move,"966,85"
26.00905203819275,mouse_move,"964,85"
26.01863718032837,mouse_move,"963,85"
26.01863718032837,mouse_move,"960,85"
26.03430461883545,mouse_move,"958,84"
26.03430461883545,mouse_move,"956,84"
26.05015540122986,mouse_move,"952,84"
26.05015540122986,mouse_move,"949,84"
26.065812349319458,mouse_move,"947,84"
26.072901725769043,mouse_move,"944,84"
26.07990050315857,mouse_move,"941,84"
26.07990050315857,mouse_move,"938,83"
26.07990050315857,mouse_move,"936,83"
26.095555067062378,mouse_move,"933,83"
26.10897469520569,mouse_move,"930,83"
26.111401081085205,mouse_move,"928,83"
26.111401081085205,mouse_move,"926,82"
26.127503395080566,mouse_move,"923,82"
26.127503395080566,mouse_move,"921,82"
26.143622398376465,mouse_move,"919,81"
26.143622398376465,mouse_move,"916,81"
26.143622398376465,mouse_move,"914,80"
26.16567039489746,mouse_move,"911,80"
26.172667264938354,mouse_move,"908,79"
26.179666757583618,mouse_move,"905,79"
26.186667680740356,mouse_move,"903,78"
26.189667463302612,mouse_move,"900,77"
26.189667463302612,mouse_move,"897,77"
26.205524682998657,mouse_move,"895,77"
26.20886468887329,mouse_move,"892,76"
26.22149658203125,mouse_move,"890,76"
26.22149658203125,mouse_move,"888,76"
26.23722004890442,mouse_move,"884,76"
26.23722004890442,mouse_move,"881,76"
26.23722004890442,mouse_move,"878,76"
26.252879858016968,mouse_move,"877,75"
26.252879858016968,mouse_move,"874,75"
26.26867175102234,mouse_move,"871,74"
26.26867175102234,mouse_move,"869,74"
26.286398887634277,mouse_move,"867,74"
26.293400049209595,mouse_move,"864,74"
26.29940629005432,mouse_move,"862,74"
26.29940629005432,mouse_move,"860,74"
26.315241813659668,mouse_move,"858,73"
26.315241813659668,mouse_move,"856,73"
26.315241813659668,mouse_move,"854,73"
26.330987691879272,mouse_move,"853,73"
26.330987691879272,mouse_move,"851,73"
26.346776962280273,mouse_move,"849,73"
26.346776962280273,mouse_move,"849,73"
26.362605094909668,mouse_move,"848,73"
26.362605094909668,mouse_move,"847,73"
26.37830877304077,mouse_move,"847,73"
26.37830877304077,mouse_move,"846,73"
26.37830877304077,mouse_move,"845,73"
26.40761971473694,mouse_move,"844,73"
26.409124851226807,mouse_move,"843,73"
26.409124851226807,mouse_move,"842,73"
26.424859285354614,mouse_move,"841,73"
26.424859285354614,mouse_move,"840,73"
26.440682888031006,mouse_move,"839,73"
26.440682888031006,mouse_move,"837,73"
26.456321716308594,mouse_move,"835,73"
26.456321716308594,mouse_move,"835,73"
26.472126245498657,mouse_move,"833,73"
26.472126245498657,mouse_move,"831,73"
26.472126245498657,mouse_move,"831,73"
26.491594791412354,mouse_move,"829,73"
26.491594791412354,mouse_move,"828,73"
26.507601976394653,mouse_move,"825,73"
26.515113830566406,mouse_move,"823,73"
26.522191762924194,mouse_move,"823,73"
26.52901530265808,mouse_move,"821,73"
26.53601861000061,mouse_move,"818,73"
26.543015480041504,mouse_move,"817,73"
26.550015926361084,mouse_move,"815,73"
26.557096242904663,mouse_move,"813,73"
26.5640971660614,mouse_move,"810,73"
26.571189403533936,mouse_move,"807,73"
26.577909231185913,mouse_move,"804,73"
26.58514380455017,mouse_move,"801,73"
26.592145204544067,mouse_move,"798,73"
26.599443197250366,mouse_move,"794,73"
26.606436252593994,mouse_move,"792,73"
26.613952159881592,mouse_move,"788,73"
26.62095308303833,mouse_move,"784,73"
26.62795400619507,mouse_move,"780,74"
26.62795400619507,mouse_move,"775,74"
26.62795400619507,mouse_move,"770,74"
26.64360213279724,mouse_move,"765,74"
26.64360213279724,mouse_move,"760,74"
26.659480333328247,mouse_move,"753,74"
26.6694016456604,mouse_move,"746,75"
26.675273895263672,mouse_move,"739,75"
26.675273895263672,mouse_move,"734,75"
26.691320180892944,mouse_move,"725,76"
26.691320180892944,mouse_move,"719,76"
26.691320180892944,mouse_move,"712,76"
26.708990335464478,mouse_move,"707,76"
26.708990335464478,mouse_move,"702,76"
26.727768421173096,mouse_move,"696,76"
26.73477005958557,mouse_move,"690,76"
26.736770391464233,mouse_move,"686,76"
26.748313665390015,mouse_move,"682,76"
26.754388093948364,mouse_move,"679,76"
26.754388093948364,mouse_move,"677,76"
26.76809859275818,mouse_move,"674,76"
26.76809859275818,mouse_move,"671,76"
26.7840735912323,mouse_move,"670,76"
26.790802001953125,mouse_move,"668,76"
26.79687476158142,mouse_move,"668,76"
26.800151586532593,mouse_move,"667,76"
26.8160560131073,mouse_move,"666,76"
27.348191738128662,mouse_move,"668,76"
27.368542671203613,mouse_move,"672,76"
27.37554097175598,mouse_move,"676,76"
27.382543087005615,mouse_move,"683,75"
27.389541149139404,mouse_move,"690,75"
27.3935387134552,mouse_move,"695,75"
27.3935387134552,mouse_move,"700,75"
27.40985941886902,mouse_move,"704,75"
27.40985941886902,mouse_move,"708,75"
27.425062894821167,mouse_move,"709,75"
27.425062894821167,mouse_move,"712,75"
27.425062894821167,mouse_move,"715,75"
27.446364402770996,mouse_move,"716,75"
27.446364402770996,mouse_move,"717,75"
27.456623077392578,mouse_move,"718,76"
27.456623077392578,mouse_move,"721,76"
27.47251319885254,mouse_move,"723,76"
27.47251319885254,mouse_move,"724,76"
27.48893117904663,mouse_move,"726,76"
27.495935916900635,mouse_move,"729,76"
27.50293803215027,mouse_move,"732,76"
27.509915828704834,mouse_move,"735,76"
27.509915828704834,mouse_move,"740,76"
27.525289297103882,mouse_move,"745,76"
27.525289297103882,mouse_move,"750,76"
27.534647941589355,mouse_move,"754,76"
27.534647941589355,mouse_move,"758,76"
27.55068349838257,mouse_move,"760,76"
27.55068349838257,mouse_move,"762,76"
27.56761622428894,mouse_move,"765,76"
27.574615716934204,mouse_move,"765,76"
27.581316471099854,mouse_move,"766,76"
27.5885066986084,mouse_move,"767,76"
27.59551239013672,mouse_move,"768,76"
27.612371683120728,mouse_move,"768,76"
27.630369424819946,mouse_move,"769,76"
27.643895626068115,mouse_move,"770,76"
27.643895626068115,mouse_move,"770,76"
27.65979838371277,mouse_move,"771,76"
27.65979838371277,mouse_move,"772,76"
27.65979838371277,mouse_move,"773,76"
27.675547122955322,mouse_move,"775,76"
27.695757150650024,mouse_move,"776,76"
27.702762603759766,mouse_move,"776,76"
27.716948986053467,mouse_move,"777,76"
29.286555290222168,mouse_move,"785,84"
29.286555290222168,mouse_move,"797,99"
29.300482988357544,mouse_move,"814,117"
29.300482988357544,mouse_move,"835,142"
29.313196659088135,mouse_move,"859,168"
29.31624698638916,mouse_move,"885,194"
29.31624698638916,mouse_move,"915,226"
29.332309246063232,mouse_move,"948,259"
29.332309246063232,mouse_move,"983,290"
29.35151696205139,mouse_move,"1016,323"
29.358583688735962,mouse_move,"1054,352"
29.361961364746094,mouse_move,"1089,378"
29.361961364746094,mouse_move,"1123,404"
29.379756212234497,mouse_move,"1154,427"
29.379756212234497,mouse_move,"1182,449"
29.39354133605957,mouse_move,"1210,468"
29.39354133605957,mouse_move,"1238,488"
29.39354133605957,mouse_move,"1261,503"
29.413299798965454,mouse_move,"1282,516"
29.413299798965454,mouse_move,"1301,528"
29.425400495529175,mouse_move,"1318,537"
29.425400495529175,mouse_move,"1331,544"
29.443450689315796,mouse_move,"1349,549"
29.451451301574707,mouse_move,"1364,555"
29.458449125289917,mouse_move,"1381,559"
29.46544909477234,mouse_move,"1398,563"
29.47133183479309,mouse_move,"1415,566"
29.47133183479309,mouse_move,"1430,568"
29.486966371536255,mouse_move,"1446,569"
29.4914493560791,mouse_move,"1461,570"
29.4914493560791,mouse_move,"1475,570"
29.50272011756897,mouse_move,"1488,572"
29.51325559616089,mouse_move,"1498,572"
29.518354892730713,mouse_move,"1508,571"
29.518354892730713,mouse_move,"1517,571"
29.53405785560608,mouse_move,"1527,570"
29.53405785560608,mouse_move,"1534,570"
29.55010747909546,mouse_move,"1539,570"
29.55010747909546,mouse_move,"1543,570"
29.565765142440796,mouse_move,"1545,570"
29.57273006439209,mouse_move,"1548,570"
29.57973575592041,mouse_move,"1549,570"
29.586813926696777,mouse_move,"1550,570"
29.593815326690674,mouse_move,"1551,571"
29.600881814956665,mouse_move,"1552,571"
29.607881546020508,mouse_move,"1552,575"
29.615832805633545,mouse_move,"1554,577"
29.622878074645996,mouse_move,"1554,584"
29.627206325531006,mouse_move,"1555,592"
29.627206325531006,mouse_move,"1555,599"
29.642803192138672,mouse_move,"1553,608"
29.642803192138672,mouse_move,"1552,617"
29.658610582351685,mouse_move,"1550,625"
29.658610582351685,mouse_move,"1547,631"
29.658610582351685,mouse_move,"1546,638"
29.67998743057251,mouse_move,"1543,644"
29.68699312210083,mouse_move,"1542,648"
29.689992427825928,mouse_move,"1540,650"
29.689992427825928,mouse_move,"1539,653"
29.70570135116577,mouse_move,"1538,654"
29.721495151519775,mouse_move,"1538,654"
29.721495151519775,mouse_move,"1537,654"
29.721495151519775,mouse_move,"1537,651"
29.741892099380493,mouse_move,"1537,645"
29.741892099380493,mouse_move,"1537,634"
29.757190942764282,mouse_move,"1538,621"
29.757190942764282,mouse_move,"1541,609"
29.76909065246582,mouse_move,"1545,592"
29.76909065246582,mouse_move,"1549,575"
29.786899089813232,mouse_move,"1554,558"
29.794275999069214,mouse_move,"1559,543"
29.799285650253296,mouse_move,"1563,531"
29.799285650253296,mouse_move,"1567,519"
29.81495976448059,mouse_move,"1571,512"
29.81495976448059,mouse_move,"1573,506"
29.81495976448059,mouse_move,"1574,502"
29.832141876220703,mouse_move,"1576,499"
29.832141876220703,mouse_move,"1576,498"
29.846856117248535,mouse_move,"1577,496"
29.846856117248535,mouse_move,"1577,495"
30.050045251846313,mouse_click,Button.left
30.58135986328125,mouse_move,"1570,501"
30.595065593719482,mouse_move,"1555,513"
30.602200031280518,mouse_move,"1536,530"
30.60882329940796,mouse_move,"1518,547"
30.615812063217163,mouse_move,"1496,565"
30.62281584739685,mouse_move,"1473,588"
30.63012194633484,mouse_move,"1448,612"
30.638014316558838,mouse_move,"1424,637"
30.64499306678772,mouse_move,"1401,660"
30.651599884033203,mouse_move,"1380,685"
30.658657550811768,mouse_move,"1360,707"
30.666247844696045,mouse_move,"1338,732"
30.67390537261963,mouse_move,"1323,753"
30.68020272254944,mouse_move,"1307,775"
30.687121152877808,mouse_move,"1292,793"
30.6952645778656,mouse_move,"1280,813"
30.70230007171631,mouse_move,"1271,832"
30.709277391433716,mouse_move,"1260,849"
30.7168185710907,mouse_move,"1252,870"
30.723912239074707,mouse_move,"1246,888"
30.73010516166687,mouse_move,"1242,905"
30.738066911697388,mouse_move,"1237,924"
30.745022296905518,mouse_move,"1234,943"
30.751649618148804,mouse_move,"1233,960"
30.75914692878723,mouse_move,"1233,976"
30.76540970802307,mouse_move,"1233,993"
30.773627758026123,mouse_move,"1233,1010"
30.78018832206726,mouse_move,"1235,1025"
30.785752058029175,mouse_move,"1239,1040"
30.79528045654297,mouse_move,"1244,1055"
30.802363634109497,mouse_move,"1251,1071"
30.809192419052124,mouse_move,"1258,1083"
30.81649899482727,mouse_move,"1266,1095"
30.820522785186768,mouse_move,"1276,1105"
30.8264377117157,mouse_move,"1284,1113"
30.837810277938843,mouse_move,"1291,1120"
30.8447847366333,mouse_move,"1301,1127"
30.850871324539185,mouse_move,"1308,1132"
30.856970071792603,mouse_move,"1317,1134"
30.86651349067688,mouse_move,"1324,1137"
30.87351965904236,mouse_move,"1331,1137"
30.880521535873413,mouse_move,"1339,1137"
30.888006925582886,mouse_move,"1345,1137"
30.893272161483765,mouse_move,"1352,1134"
30.901392221450806,mouse_move,"1358,1130"
30.906524181365967,mouse_move,"1364,1125"
30.91706371307373,mouse_move,"1369,1117"
30.923828840255737,mouse_move,"1374,1108"
30.93099069595337,mouse_move,"1378,1098"
30.93760347366333,mouse_move,"1382,1089"
30.94356870651245,mouse_move,"1386,1078"
30.94785451889038,mouse_move,"1388,1066"
30.959202766418457,mouse_move,"1391,1054"
30.966259479522705,mouse_move,"1394,1041"
30.97295069694519,mouse_move,"1395,1026"
30.97830629348755,mouse_move,"1395,1014"
30.98806858062744,mouse_move,"1396,1002"
30.995073795318604,mouse_move,"1396,992"
31.002086639404297,mouse_move,"1396,984"
31.008743047714233,mouse_move,"1396,977"
31.016321659088135,mouse_move,"1396,972"
31.02095103263855,mouse_move,"1396,968"
31.026935577392578,mouse_move,"1396,965"
31.038095951080322,mouse_move,"1396,964"
31.044970989227295,mouse_move,"1396,962"
31.052175283432007,mouse_move,"1396,962"
31.059204578399658,mouse_move,"1396,961"
31.063372135162354,mouse_move,"1396,959"
31.069332361221313,mouse_move,"1396,958"
31.08066201210022,mouse_move,"1394,956"
31.08771300315857,mouse_move,"1392,953"
31.093720197677612,mouse_move,"1390,951"
31.102442026138306,mouse_move,"1386,947"
31.109447240829468,mouse_move,"1380,941"
31.48754596710205,mouse_move,"1385,954"
31.494393348693848,mouse_move,"1392,969"
31.50256896018982,mouse_move,"1399,985"
31.506267309188843,mouse_move,"1404,998"
31.51762866973877,mouse_move,"1411,1012"
31.524535655975342,mouse_move,"1418,1025"
31.531615257263184,mouse_move,"1423,1037"
31.5386700630188,mouse_move,"1429,1047"
31.54583191871643,mouse_move,"1432,1056"
31.549833297729492,mouse_move,"1435,1063"
31.560126066207886,mouse_move,"1437,1069"
31.567060232162476,mouse_move,"1439,1072"
31.57359266281128,mouse_move,"1440,1076"
31.579320907592773,mouse_move,"1441,1077"
31.585090398788452,mouse_move,"1442,1079"
31.59121060371399,mouse_move,"1442,1080"
31.602783203125,mouse_move,"1442,1081"
31.60928750038147,mouse_move,"1443,1081"
31.616744995117188,mouse_move,"1443,1082"
31.621533155441284,mouse_move,"1443,1083"
31.639338970184326,mouse_move,"1444,1083"
31.653218030929565,mouse_move,"1444,1083"
31.730061054229736,mouse_move,"1444,1083"
31.74602222442627,mouse_move,"1445,1083"
31.753028392791748,mouse_move,"1445,1082"
31.760028839111328,mouse_move,"1446,1082"
31.767038583755493,mouse_move,"1447,1080"
31.774693727493286,mouse_move,"1447,1079"
31.77947235107422,mouse_move,"1447,1079"
31.785058975219727,mouse_move,"1447,1078"
31.791687965393066,mouse_move,"1448,1077"
31.810454607009888,mouse_move,"1448,1076"
31.82121992111206,mouse_move,"1449,1076"
31.827815055847168,mouse_move,"1449,1076"
31.924510717391968,mouse_move,"1449,1076"
31.93048095703125,mouse_move,"1448,1076"
31.937466382980347,mouse_move,"1447,1076"
31.943203687667847,mouse_move,"1444,1077"
31.949116945266724,mouse_move,"1441,1078"
31.960742712020874,mouse_move,"1437,1079"
31.9676775932312,mouse_move,"1432,1083"
31.974936962127686,mouse_move,"1424,1086"
31.98201632499695,mouse_move,"1417,1091"
31.98729658126831,mouse_move,"1409,1095"
31.992074012756348,mouse_move,"1400,1099"
32.00322413444519,mouse_move,"1392,1103"
32.010356187820435,mouse_move,"1383,1107"
32.01717686653137,mouse_move,"1378,1109"
32.02227711677551,mouse_move,"1370,1111"
32.0281126499176,mouse_move,"1361,1114"
32.03642773628235,mouse_move,"1355,1116"
32.04660511016846,mouse_move,"1350,1117"
32.052600622177124,mouse_move,"1343,1118"
32.058637619018555,mouse_move,"1339,1118"
32.06468915939331,mouse_move,"1335,1119"
32.07504177093506,mouse_move,"1332,1119"
32.08195519447327,mouse_move,"1330,1120"
32.08903384208679,mouse_move,"1327,1120"
32.09551119804382,mouse_move,"1326,1120"
32.101126194000244,mouse_move,"1326,1120"
32.10640239715576,mouse_move,"1325,1120"
32.12482976913452,mouse_move,"1324,1120"
32.13182592391968,mouse_move,"1324,1120"
32.13711142539978,mouse_move,"1324,1119"
32.14651870727539,mouse_move,"1324,1116"
32.15352511405945,mouse_move,"1326,1111"
32.16062641143799,mouse_move,"1330,1104"
32.16793966293335,mouse_move,"1336,1096"
32.175007343292236,mouse_move,"1343,1089"
32.18225574493408,mouse_move,"1349,1081"
32.189390897750854,mouse_move,"1357,1075"
32.195860385894775,mouse_move,"1364,1068"
32.20386719703674,mouse_move,"1372,1065"
32.21060657501221,mouse_move,"1378,1061"
32.21706748008728,mouse_move,"1382,1059"
32.22262382507324,mouse_move,"1384,1058"
32.22863245010376,mouse_move,"1387,1058"
32.23448610305786,mouse_move,"1389,1059"
32.24680042266846,mouse_move,"1391,1061"
32.2529079914093,mouse_move,"1393,1065"
32.25893807411194,mouse_move,"1394,1072"
32.26520657539368,mouse_move,"1395,1080"
32.27094388008118,mouse_move,"1395,1090"
32.28246331214905,mouse_move,"1395,1101"
32.28952956199646,mouse_move,"1394,1109"
32.295472145080566,mouse_move,"1391,1116"
32.30366349220276,mouse_move,"1389,1122"
32.31044864654541,mouse_move,"1387,1128"
32.317184925079346,mouse_move,"1384,1131"
32.32527804374695,mouse_move,"1380,1135"
32.33202052116394,mouse_move,"1378,1137"
32.33752369880676,mouse_move,"1375,1138"
32.343249559402466,mouse_move,"1372,1140"
32.3495032787323,mouse_move,"1368,1140"
32.361672163009644,mouse_move,"1366,1140"
32.36781191825867,mouse_move,"1363,1140"
32.37387466430664,mouse_move,"1361,1140"
32.37986397743225,mouse_move,"1360,1139"
32.38560438156128,mouse_move,"1359,1137"
32.39201331138611,mouse_move,"1359,1133"
32.40365409851074,mouse_move,"1358,1128"
32.41073703765869,mouse_move,"1358,1120"
32.41849207878113,mouse_move,"1359,1113"
32.42449402809143,mouse_move,"1362,1102"
32.431105852127075,mouse_move,"1365,1095"
32.43641948699951,mouse_move,"1368,1088"
32.44640016555786,mouse_move,"1371,1082"
32.45407581329346,mouse_move,"1374,1079"
32.46078300476074,mouse_move,"1377,1076"
32.46816396713257,mouse_move,"1379,1073"
32.47502040863037,mouse_move,"1381,1071"
32.48256731033325,mouse_move,"1382,1071"
32.489925146102905,mouse_move,"1383,1071"
32.49694561958313,mouse_move,"1384,1070"
32.53399062156677,mouse_move,"1384,1070"
32.53399062156677,mouse_move,"1384,1072"
32.55415987968445,mouse_move,"1382,1075"
32.56105065345764,mouse_move,"1379,1080"
32.567638635635376,mouse_move,"1375,1086"
32.575660943984985,mouse_move,"1372,1092"
32.58188509941101,mouse_move,"1368,1098"
32.58990287780762,mouse_move,"1364,1104"
32.59682512283325,mouse_move,"1359,1108"
32.60413312911987,mouse_move,"1355,1111"
32.610206842422485,mouse_move,"1352,1113"
32.61812496185303,mouse_move,"1349,1115"
32.62329936027527,mouse_move,"1346,1116"
32.6324200630188,mouse_move,"1345,1117"
32.63891959190369,mouse_move,"1344,1117"
32.64645767211914,mouse_move,"1343,1117"
32.65346384048462,mouse_move,"1343,1117"
32.66057062149048,mouse_move,"1343,1114"
32.66756772994995,mouse_move,"1343,1108"
32.67456841468811,mouse_move,"1344,1097"
32.678927421569824,mouse_move,"1348,1085"
32.689077615737915,mouse_move,"1354,1070"
32.69646596908569,mouse_move,"1361,1056"
32.70300054550171,mouse_move,"1369,1040"
32.709956407547,mouse_move,"1378,1026"
32.71785497665405,mouse_move,"1386,1015"
32.724560022354126,mouse_move,"1392,1009"
32.7315673828125,mouse_move,"1398,1004"
32.738582611083984,mouse_move,"1402,1002"
32.74632120132446,mouse_move,"1404,1001"
32.753326177597046,mouse_move,"1407,1001"
32.75652766227722,mouse_move,"1409,1004"
32.76256704330444,mouse_move,"1410,1009"
32.77506351470947,mouse_move,"1410,1019"
32.78113603591919,mouse_move,"1409,1030"
32.788045167922974,mouse_move,"1408,1043"
32.795249938964844,mouse_move,"1405,1058"
32.800304889678955,mouse_move,"1402,1075"
32.80985999107361,mouse_move,"1401,1090"
32.817551612854004,mouse_move,"1397,1104"
32.82471251487732,mouse_move,"1394,1114"
32.82906198501587,mouse_move,"1390,1124"
32.83529877662659,mouse_move,"1387,1133"
32.84134292602539,mouse_move,"1383,1139"
32.85283827781677,mouse_move,"1381,1143"
32.859904766082764,mouse_move,"1378,1148"
32.865642786026,mouse_move,"1376,1149"
32.87129616737366,mouse_move,"1374,1151"
32.87729072570801,mouse_move,"1371,1152"
32.89584493637085,mouse_move,"1370,1152"
32.90239477157593,mouse_move,"1368,1150"
32.90793561935425,mouse_move,"1366,1144"
32.91404151916504,mouse_move,"1364,1134"
32.920243978500366,mouse_move,"1365,1119"
32.926350116729736,mouse_move,"1368,1102"
32.94001269340515,mouse_move,"1371,1081"
32.94604682922363,mouse_move,"1378,1057"
32.95139813423157,mouse_move,"1385,1030"
32.960187673568726,mouse_move,"1393,1008"
32.96707844734192,mouse_move,"1400,993"
32.974446058273315,mouse_move,"1407,984"
32.98146867752075,mouse_move,"1412,976"
32.987435817718506,mouse_move,"1414,972"
32.99354672431946,mouse_move,"1415,970"
32.99963903427124,mouse_move,"1417,969"
33.005380630493164,mouse_move,"1419,969"
33.01687431335449,mouse_move,"1419,969"
33.023324966430664,mouse_move,"1421,974"
33.02992630004883,mouse_move,"1421,980"
33.035826444625854,mouse_move,"1421,989"
33.04185509681702,mouse_move,"1421,999"
33.04787564277649,mouse_move,"1418,1009"
33.05921125411987,mouse_move,"1416,1021"
33.06640911102295,mouse_move,"1412,1032"
33.07385802268982,mouse_move,"1409,1042"
33.0804238319397,mouse_move,"1407,1052"
33.08520531654358,mouse_move,"1403,1065"
33.09174132347107,mouse_move,"1400,1072"
33.10171413421631,mouse_move,"1397,1079"
33.10963678359985,mouse_move,"1396,1083"
33.116135120391846,mouse_move,"1394,1086"
33.12368965148926,mouse_move,"1393,1089"
33.13074541091919,mouse_move,"1392,1089"
33.13786697387695,mouse_move,"1392,1090"
33.14506196975708,mouse_move,"1392,1091"
33.168463706970215,mouse_move,"1392,1090"
33.181705474853516,mouse_move,"1394,1086"
33.19490313529968,mouse_move,"1397,1080"
33.20197248458862,mouse_move,"1404,1070"
33.20902681350708,mouse_move,"1411,1059"
33.21615147590637,mouse_move,"1417,1050"
33.223297119140625,mouse_move,"1424,1039"
33.2305121421814,mouse_move,"1430,1031"
33.23743939399719,mouse_move,"1435,1024"
33.24424076080322,mouse_move,"1438,1021"
33.248533725738525,mouse_move,"1441,1018"
33.254242181777954,mouse_move,"1442,1016"
33.266093730926514,mouse_move,"1443,1016"
33.284260988235474,mouse_move,"1443,1016"
33.290462255477905,mouse_move,"1442,1017"
33.296884298324585,mouse_move,"1440,1020"
33.30912184715271,mouse_move,"1436,1023"
33.315104246139526,mouse_move,"1431,1026"
33.32177233695984,mouse_move,"1424,1032"
33.32899594306946,mouse_move,"1416,1040"
33.3345263004303,mouse_move,"1411,1048"
33.344606161117554,mouse_move,"1404,1057"
33.35065412521362,mouse_move,"1398,1063"
33.35863184928894,mouse_move,"1394,1070"
33.36523628234863,mouse_move,"1391,1073"
33.373000144958496,mouse_move,"1390,1077"
33.37998700141907,mouse_move,"1389,1079"
33.38655614852905,mouse_move,"1388,1081"
33.3941752910614,mouse_move,"1388,1081"
33.418819427490234,mouse_move,"1388,1081"
33.43015909194946,mouse_move,"1389,1081"
33.43708276748657,mouse_move,"1393,1078"
33.4438259601593,mouse_move,"1398,1075"
33.45089316368103,mouse_move,"1405,1069"
33.457743883132935,mouse_move,"1410,1061"
33.46498250961304,mouse_move,"1415,1057"
33.47302508354187,mouse_move,"1418,1052"
33.479023694992065,mouse_move,"1421,1050"
33.486425161361694,mouse_move,"1422,1048"
33.49342966079712,mouse_move,"1422,1048"
33.50042915344238,mouse_move,"1422,1047"
33.519185066223145,mouse_move,"1422,1047"
33.52963709831238,mouse_move,"1422,1048"
33.53681468963623,mouse_move,"1418,1053"
33.54377365112305,mouse_move,"1411,1062"
33.55108451843262,mouse_move,"1405,1071"
33.55781960487366,mouse_move,"1397,1082"
33.56465268135071,mouse_move,"1389,1094"
33.571884632110596,mouse_move,"1381,1105"
33.578725814819336,mouse_move,"1373,1114"
33.584128618240356,mouse_move,"1368,1123"
33.59348130226135,mouse_move,"1363,1131"
33.60038638114929,mouse_move,"1358,1135"
33.60747456550598,mouse_move,"1356,1140"
33.61209154129028,mouse_move,"1355,1140"
33.61957931518555,mouse_move,"1355,1141"
33.648138761520386,mouse_move,"1356,1141"
33.65468382835388,mouse_move,"1359,1137"
33.660674810409546,mouse_move,"1367,1128"
33.666703939437866,mouse_move,"1378,1117"
33.679523944854736,mouse_move,"1391,1098"
33.68571615219116,mouse_move,"1406,1071"
33.69278621673584,mouse_move,"1420,1048"
33.6997857093811,mouse_move,"1434,1027"
33.70787715911865,mouse_move,"1445,1010"
33.714879751205444,mouse_move,"1450,1000"
33.72221064567566,mouse_move,"1454,992"
33.72776222229004,mouse_move,"1455,990"
33.733875036239624,mouse_move,"1456,988"
33.75755310058594,mouse_move,"1456,988"
33.76344084739685,mouse_move,"1454,989"
33.77051091194153,mouse_move,"1447,995"
33.77826642990112,mouse_move,"1436,1003"
33.78239154815674,mouse_move,"1425,1014"
33.791439056396484,mouse_move,"1415,1026"
33.79988098144531,mouse_move,"1400,1039"
33.80680727958679,mouse_move,"1391,1050"
33.814045429229736,mouse_move,"1381,1061"
33.82119870185852,mouse_move,"1373,1069"
33.82809638977051,mouse_move,"1367,1075"
33.835814237594604,mouse_move,"1364,1078"
33.84294581413269,mouse_move,"1362,1080"
33.849520683288574,mouse_move,"1362,1082"
33.876959800720215,mouse_move,"1362,1081"
33.89281630516052,mouse_move,"1367,1075"
33.90008521080017,mouse_move,"1375,1065"
33.90631556510925,mouse_move,"1387,1048"
33.914191484451294,mouse_move,"1402,1030"
33.921409130096436,mouse_move,"1421,1005"
33.9278461933136,mouse_move,"1437,984"
33.934845209121704,mouse_move,"1446,968"
33.94084930419922,mouse_move,"1453,957"
33.94737410545349,mouse_move,"1457,951"
33.95462203025818,mouse_move,"1459,948"
33.963801860809326,mouse_move,"1460,947"
33.976250648498535,mouse_move,"1459,948"
33.98302340507507,mouse_move,"1452,958"
33.98898959159851,mouse_move,"1438,977"
33.99712586402893,mouse_move,"1414,1011"
34.00728154182434,mouse_move,"1385,1052"
34.014371395111084,mouse_move,"1354,1096"
34.02101182937622,mouse_move,"1324,1143"
34.026533365249634,mouse_move,"1296,1187"
34.03116965293884,mouse_move,"1273,1221"
34.04251503944397,mouse_move,"1253,1227"
34.049527406692505,mouse_move,"1240,1216"
34.05522084236145,mouse_move,"1234,1209"
34.06127977371216,mouse_move,"1229,1206"
34.06741142272949,mouse_move,"1227,1202"
34.073323249816895,mouse_move,"1226,1200"
34.097617626190186,mouse_move,"1226,1199"
34.10371971130371,mouse_move,"1228,1196"
34.109781980514526,mouse_move,"1235,1188"
34.12026929855347,mouse_move,"1249,1169"
34.12813091278076,mouse_move,"1270,1139"
34.134201765060425,mouse_move,"1299,1101"
34.141358852386475,mouse_move,"1326,1057"
34.149409770965576,mouse_move,"1357,1013"
34.156487226486206,mouse_move,"1381,972"
34.163492918014526,mouse_move,"1402,939"
34.1715042591095,mouse_move,"1414,919"
34.17806935310364,mouse_move,"1420,908"
34.18495202064514,mouse_move,"1424,904"
34.18995690345764,mouse_move,"1424,901"
34.212963342666626,mouse_move,"1421,906"
34.22024393081665,mouse_move,"1410,917"
34.2259361743927,mouse_move,"1393,941"
34.23468732833862,mouse_move,"1372,974"
34.23841428756714,mouse_move,"1347,1006"
34.24913287162781,mouse_move,"1324,1040"
34.256016969680786,mouse_move,"1306,1067"
34.26303291320801,mouse_move,"1290,1091"
34.26853966712952,mouse_move,"1280,1105"
34.27435231208801,mouse_move,"1273,1114"
34.28344011306763,mouse_move,"1270,1119"
34.29156017303467,mouse_move,"1268,1121"
34.29855298995972,mouse_move,"1267,1122"
34.322264671325684,mouse_move,"1267,1120"
34.33415961265564,mouse_move,"1272,1109"
34.34214735031128,mouse_move,"1281,1093"
34.34819746017456,mouse_move,"1297,1064"
34.355066776275635,mouse_move,"1316,1027"
34.35966229438782,mouse_move,"1338,988"
34.37006974220276,mouse_move,"1355,952"
34.37748980522156,mouse_move,"1365,921"
34.38334536552429,mouse_move,"1373,899"
34.391706228256226,mouse_move,"1377,884"
34.395771503448486,mouse_move,"1380,875"
34.4015257358551,mouse_move,"1380,873"
34.413023710250854,mouse_move,"1380,870"
34.42019486427307,mouse_move,"1377,868"
34.42611622810364,mouse_move,"1370,868"
34.43406319618225,mouse_move,"1357,868"
34.439773082733154,mouse_move,"1341,868"
34.44417595863342,mouse_move,"1314,872"
34.45548415184021,mouse_move,"1281,880"
34.463359355926514,mouse_move,"1239,884"
34.47009801864624,mouse_move,"1193,890"
34.477282762527466,mouse_move,"1144,895"
34.48449921607971,mouse_move,"1093,897"
34.491867542266846,mouse_move,"1038,902"
34.49827694892883,mouse_move,"984,902"
34.504534006118774,mouse_move,"929,902"
34.510563373565674,mouse_move,"875,900"
34.51677417755127,mouse_move,"827,900"
34.52292990684509,mouse_move,"784,894"
34.53473496437073,mouse_move,"748,888"
34.54086422920227,mouse_move,"718,880"
34.54763174057007,mouse_move,"697,874"
34.553006410598755,mouse_move,"683,867"
34.55899405479431,mouse_move,"673,860"
34.565075159072876,mouse_move,"663,849"
34.57718276977539,mouse_move,"656,837"
34.584683418273926,mouse_move,"649,823"
34.59136486053467,mouse_move,"645,806"
34.596365213394165,mouse_move,"642,785"
34.601553440093994,mouse_move,"642,761"
34.613616943359375,mouse_move,"645,719"
34.62004256248474,mouse_move,"654,676"
34.62582755088806,mouse_move,"670,625"
34.6318576335907,mouse_move,"689,570"
34.63814616203308,mouse_move,"714,511"
34.64393973350525,mouse_move,"740,455"
34.65623426437378,mouse_move,"769,402"
34.66219472885132,mouse_move,"801,349"
34.66825222969055,mouse_move,"838,298"
34.67429518699646,mouse_move,"870,256"
34.68486762046814,mouse_move,"901,218"
34.69228196144104,mouse_move,"934,188"
34.69928026199341,mouse_move,"968,162"
34.70628619194031,mouse_move,"995,146"
34.711181640625,mouse_move,"1016,138"
34.7173228263855,mouse_move,"1030,137"
34.727867603302,mouse_move,"1040,140"
34.73527145385742,mouse_move,"1050,148"
34.74136710166931,mouse_move,"1054,167"
34.74829053878784,mouse_move,"1056,198"
34.75350475311279,mouse_move,"1055,247"
34.75951623916626,mouse_move,"1043,306"
34.771095514297485,mouse_move,"1025,380"
34.77712273597717,mouse_move,"1002,455"
34.78418183326721,mouse_move,"978,533"
34.79035019874573,mouse_move,"953,601"
34.79583191871643,mouse_move,"925,673"
34.80651140213013,mouse_move,"895,736"
34.81339979171753,mouse_move,"868,789"
34.821221590042114,mouse_move,"841,829"
34.826160192489624,mouse_move,"817,858"
34.832141399383545,mouse_move,"796,880"
34.83843994140625,mouse_move,"775,896"
34.84442734718323,mouse_move,"761,904"
34.85649347305298,mouse_move,"748,908"
34.86255884170532,mouse_move,"738,908"
34.86858582496643,mouse_move,"727,907"
34.87467551231384,mouse_move,"717,900"
34.8807110786438,mouse_move,"708,888"
34.892616987228394,mouse_move,"702,868"
34.8993866443634,mouse_move,"696,835"
34.90668964385986,mouse_move,"698,790"
34.91369295120239,mouse_move,"710,730"
34.92120051383972,mouse_move,"733,656"
34.92420554161072,mouse_move,"764,583"
34.93547582626343,mouse_move,"800,514"
34.941455364227295,mouse_move,"847,446"
34.94742012023926,mouse_move,"898,387"
34.953373432159424,mouse_move,"953,339"
34.9597327709198,mouse_move,"1017,304"
34.9714081287384,mouse_move,"1079,276"
34.97746753692627,mouse_move,"1133,262"
34.984039068222046,mouse_move,"1176,256"
34.99037504196167,mouse_move,"1192,256"
34.99601864814758,mouse_move,"1205,266"
35.00434613227844,mouse_move,"1209,285"
35.013872146606445,mouse_move,"1204,328"
35.0214900970459,mouse_move,"1184,396"
35.02775287628174,mouse_move,"1152,481"
35.03413224220276,mouse_move,"1113,576"
35.039440631866455,mouse_move,"1075,678"
35.049235582351685,mouse_move,"1034,774"
35.05648922920227,mouse_move,"996,867"
35.064305543899536,mouse_move,"958,949"
35.07139801979065,mouse_move,"924,1025"
35.07497525215149,mouse_move,"895,1084"
35.08109140396118,mouse_move,"875,1127"
35.092796325683594,mouse_move,"862,1153"
35.0992751121521,mouse_move,"855,1164"
35.105759382247925,mouse_move,"851,1169"
35.11134719848633,mouse_move,"851,1169"
35.12135577201843,mouse_move,"849,1167"
35.12353253364563,mouse_move,"849,1144"
35.135703325271606,mouse_move,"858,1081"
35.141745805740356,mouse_move,"880,971"
35.148377656936646,mouse_move,"912,820"
35.24489116668701,mouse_move,"841,937"
35.257272243499756,mouse_move,"768,1077"
35.26317644119263,mouse_move,"700,1227"
35.26935005187988,mouse_move,"642,1355"
35.27534341812134,mouse_move,"598,1347"
35.28139781951904,mouse_move,"567,1336"
35.293134689331055,mouse_move,"547,1316"
35.29957151412964,mouse_move,"536,1292"
35.30553364753723,mouse_move,"536,1266"
35.31172823905945,mouse_move,"542,1242"
35.31773543357849,mouse_move,"549,1213"
35.32345461845398,mouse_move,"561,1201"
35.335411071777344,mouse_move,"580,1186"
35.3424232006073,mouse_move,"615,1144"
35.34811449050903,mouse_move,"663,1067"
35.354496479034424,mouse_move,"721,973"
35.36062240600586,mouse_move,"789,859"
35.3662428855896,mouse_move,"855,745"
35.378485679626465,mouse_move,"914,632"
35.384644746780396,mouse_move,"967,538"
35.39320611953735,mouse_move,"1000,465"
35.39921259880066,mouse_move,"1022,413"
35.40431308746338,mouse_move,"1023,389"
35.41451048851013,mouse_move,"1019,378"
35.42176270484924,mouse_move,"1007,374"
35.42724061012268,mouse_move,"982,379"
35.43327856063843,mouse_move,"943,402"
35.4430091381073,mouse_move,"895,438"
35.44959759712219,mouse_move,"843,482"
35.457032680511475,mouse_move,"796,531"
35.463467597961426,mouse_move,"753,574"
35.46951150894165,mouse_move,"722,610"
35.47576975822449,mouse_move,"702,632"
35.481595516204834,mouse_move,"689,645"
35.48769474029541,mouse_move,"680,651"
35.49991321563721,mouse_move,"674,653"
35.50596618652344,mouse_move,"672,653"
35.51161575317383,mouse_move,"672,642"
35.51801872253418,mouse_move,"681,613"
35.524136781692505,mouse_move,"708,560"
35.53589963912964,mouse_move,"738,494"
35.5423538684845,mouse_move,"773,431"
35.54843544960022,mouse_move,"802,381"
35.55737519264221,mouse_move,"818,351"
35.563971281051636,mouse_move,"825,333"
35.566551208496094,mouse_move,"829,324"
35.57870864868164,mouse_move,"830,321"
35.58483958244324,mouse_move,"830,320"
35.59066677093506,mouse_move,"825,324"
35.597076177597046,mouse_move,"813,337"
35.603474378585815,mouse_move,"798,354"
35.614816665649414,mouse_move,"781,378"
35.621262550354004,mouse_move,"767,399"
35.62832570075989,mouse_move,"759,411"
35.63338756561279,mouse_move,"752,422"
35.63946747779846,mouse_move,"749,429"
35.65036201477051,mouse_move,"746,432"
35.65795016288757,mouse_move,"745,434"
35.671937704086304,mouse_move,"748,433"
35.679123878479004,mouse_move,"759,425"
35.68640398979187,mouse_move,"778,412"
35.69347524642944,mouse_move,"811,393"
35.700615644454956,mouse_move,"847,372"
35.70589303970337,mouse_move,"883,355"
35.71228265762329,mouse_move,"905,345"
35.718348026275635,mouse_move,"921,341"
35.72437310218811,mouse_move,"932,341"
35.73661494255066,mouse_move,"944,341"
35.742642402648926,mouse_move,"954,342"
35.74867391586304,mouse_move,"967,348"
35.75762486457825,mouse_move,"977,353"
35.76420569419861,mouse_move,"989,360"
35.771363496780396,mouse_move,"1000,364"
35.77939534187317,mouse_move,"1009,367"
35.78576922416687,mouse_move,"1015,370"
35.79256296157837,mouse_move,"1017,371"
35.79904389381409,mouse_move,"1019,372"
35.80376482009888,mouse_move,"1020,373"
35.81513047218323,mouse_move,"1020,376"
35.822235345840454,mouse_move,"1020,381"
35.82826542854309,mouse_move,"1013,396"
35.835628271102905,mouse_move,"999,420"
35.84184813499451,mouse_move,"982,458"
35.84616708755493,mouse_move,"967,497"
35.857600688934326,mouse_move,"957,534"
35.8647027015686,mouse_move,"949,571"
35.87019634246826,mouse_move,"944,594"
35.876137256622314,mouse_move,"942,607"
35.88666558265686,mouse_move,"941,619"
35.89367151260376,mouse_move,"941,624"
35.90098571777344,mouse_move,"941,628"
35.906991720199585,mouse_move,"941,630"
35.93686580657959,mouse_move,"941,630"
35.943100690841675,mouse_move,"942,627"
35.943100690841675,mouse_move,"946,622"
35.943100690841675,mouse_move,"954,612"
35.95828866958618,mouse_move,"967,601"
35.96903705596924,mouse_move,"984,585"
35.97982621192932,mouse_move,"1012,563"
35.986830711364746,mouse_move,"1037,544"
35.99334526062012,mouse_move,"1049,533"
36.000346183776855,mouse_move,"1058,525"
36.0037567615509,mouse_move,"1064,520"
36.0155508518219,mouse_move,"1067,518"
36.02250337600708,mouse_move,"1069,516"
36.03449296951294,mouse_move,"1070,516"
36.0421576499939,mouse_move,"1070,516"
36.04652261734009,mouse_move,"1071,520"
36.05788612365723,mouse_move,"1072,527"
36.064982414245605,mouse_move,"1072,536"
36.0720112323761,mouse_move,"1070,546"
36.0785698890686,mouse_move,"1069,559"
36.086647510528564,mouse_move,"1068,568"
36.094367027282715,mouse_move,"1067,577"
36.10037159919739,mouse_move,"1065,584"
36.108293294906616,mouse_move,"1063,592"
36.115158796310425,mouse_move,"1059,600"
36.12172555923462,mouse_move,"1054,606"
36.126662254333496,mouse_move,"1051,613"
36.13681101799011,mouse_move,"1047,617"
36.14388990402222,mouse_move,"1047,621"
36.15096974372864,mouse_move,"1047,623"
36.15737342834473,mouse_move,"1047,627"
36.16375422477722,mouse_move,"1051,634"
36.169108867645264,mouse_move,"1062,651"
36.179295778274536,mouse_move,"1081,668"
36.18639087677002,mouse_move,"1113,684"
36.19342017173767,mouse_move,"1150,692"
36.20106768608093,mouse_move,"1183,700"
36.20781421661377,mouse_move,"1206,703"
36.215818881988525,mouse_move,"1221,705"
36.22177743911743,mouse_move,"1231,706"
36.229225873947144,mouse_move,"1236,706"
36.23494553565979,mouse_move,"1243,706"
36.24100375175476,mouse_move,"1246,706"
36.246931314468384,mouse_move,"1251,706"
36.25821566581726,mouse_move,"1258,705"
36.26528739929199,mouse_move,"1271,705"
36.27135372161865,mouse_move,"1288,702"
36.27745056152344,mouse_move,"1314,700"
36.28348636627197,mouse_move,"1348,698"
36.28932738304138,mouse_move,"1378,693"
36.30068778991699,mouse_move,"1396,691"
36.30777359008789,mouse_move,"1408,689"
36.31439518928528,mouse_move,"1417,689"
36.32223701477051,mouse_move,"1422,688"
36.32874917984009,mouse_move,"1425,687"
36.33202362060547,mouse_move,"1426,687"
36.34358191490173,mouse_move,"1427,687"
36.35024929046631,mouse_move,"1428,687"
36.35627865791321,mouse_move,"1428,687"
36.361390590667725,mouse_move,"1428,687"
36.36744809150696,mouse_move,"1428,690"
36.37456274032593,mouse_move,"1428,698"
36.38574004173279,mouse_move,"1423,713"
36.39276671409607,mouse_move,"1417,736"
36.39914083480835,mouse_move,"1406,776"
36.40488147735596,mouse_move,"1391,824"
36.414634227752686,mouse_move,"1371,879"
36.42117238044739,mouse_move,"1350,931"
36.428767919540405,mouse_move,"1326,986"
36.43576407432556,mouse_move,"1305,1035"
36.44272232055664,mouse_move,"1282,1081"
36.45002484321594,mouse_move,"1263,1117"
36.45525121688843,mouse_move,"1247,1150"
36.46454691886902,mouse_move,"1231,1179"
36.47150015830994,mouse_move,"1221,1199"
36.477718353271484,mouse_move,"1216,1209"
36.483826637268066,mouse_move,"1214,1206"
36.48967432975769,mouse_move,"1213,1203"
36.495890378952026,mouse_move,"1212,1201"
36.50708818435669,mouse_move,"1212,1200"
36.525471210479736,mouse_move,"1212,1199"
36.531343936920166,mouse_move,"1215,1199"
36.54278612136841,mouse_move,"1220,1199"
36.54988408088684,mouse_move,"1228,1197"
36.556029081344604,mouse_move,"1240,1196"
36.562076807022095,mouse_move,"1254,1195"
36.567774057388306,mouse_move,"1267,1192"
36.57410264015198,mouse_move,"1279,1191"
36.58021545410156,mouse_move,"1291,1188"
36.59204649925232,mouse_move,"1300,1187"
36.59859585762024,mouse_move,"1305,1186"
36.60459089279175,mouse_move,"1308,1185"
36.61089205741882,mouse_move,"1311,1184"
36.616645097732544,mouse_move,"1311,1183"
36.622708320617676,mouse_move,"1312,1183"
36.63453769683838,mouse_move,"1313,1183"
36.64094281196594,mouse_move,"1313,1183"
36.663840770721436,mouse_move,"1316,1183"
36.67078423500061,mouse_move,"1320,1183"
36.6778609752655,mouse_move,"1326,1184"
36.685083627700806,mouse_move,"1333,1187"
36.69218063354492,mouse_move,"1344,1191"
36.69918179512024,mouse_move,"1353,1193"
36.706446409225464,mouse_move,"1363,1196"
36.713367223739624,mouse_move,"1373,1198"
36.72036695480347,mouse_move,"1380,1199"
36.7272686958313,mouse_move,"1389,1202"
36.73429608345032,mouse_move,"1393,1199"
36.74138116836548,mouse_move,"1397,1200"
36.74871373176575,mouse_move,"1398,1199"
36.75568985939026,mouse_move,"1400,1199"
36.76269865036011,mouse_move,"1401,1200"
36.76870369911194,mouse_move,"1401,1199"
36.77703666687012,mouse_move,"1402,1199"
36.78049969673157,mouse_move,"1404,1199"
36.78671169281006,mouse_move,"1408,1197"
36.79847192764282,mouse_move,"1414,1192"
36.804807901382446,mouse_move,"1421,1187"
36.810938358306885,mouse_move,"1430,1180"
36.81661105155945,mouse_move,"1438,1174"
36.82297992706299,mouse_move,"1447,1165"
36.82911133766174,mouse_move,"1455,1158"
36.84123992919922,mouse_move,"1461,1152"
36.84735298156738,mouse_move,"1466,1145"
36.85341191291809,mouse_move,"1471,1137"
36.8591423034668,mouse_move,"1475,1131"
36.87016010284424,mouse_move,"1478,1124"
36.87675929069519,mouse_move,"1481,1117"
36.884403467178345,mouse_move,"1484,1111"
36.8914840221405,mouse_move,"1487,1105"
36.89855694770813,mouse_move,"1489,1100"
36.90262007713318,mouse_move,"1490,1096"
36.908246755599976,mouse_move,"1492,1092"
36.919806241989136,mouse_move,"1493,1088"
36.92690062522888,mouse_move,"1494,1085"
36.932976722717285,mouse_move,"1494,1083"
36.9388689994812,mouse_move,"1494,1082"
36.94490575790405,mouse_move,"1494,1081"
36.96293330192566,mouse_move,"1494,1080"
36.96890354156494,mouse_move,"1494,1080"
36.97687244415283,mouse_move,"1494,1079"
36.98335242271423,mouse_move,"1493,1077"
36.9873571395874,mouse_move,"1489,1075"
36.99353528022766,mouse_move,"1482,1073"
37.005703926086426,mouse_move,"1475,1071"
37.01171112060547,mouse_move,"1464,1067"
37.01832342147827,mouse_move,"1454,1065"
37.02351927757263,mouse_move,"1444,1064"
37.02976155281067,mouse_move,"1434,1061"
37.03580570220947,mouse_move,"1423,1060"
37.04804754257202,mouse_move,"1413,1058"
37.05422878265381,mouse_move,"1403,1056"
37.06022310256958,mouse_move,"1396,1056"
37.06954598426819,mouse_move,"1392,1056"
37.07649207115173,mouse_move,"1389,1055"
37.08349800109863,mouse_move,"1388,1055"
37.09049868583679,mouse_move,"1387,1055"
37.101927280426025,mouse_move,"1387,1054"
37.10874390602112,mouse_move,"1387,1051"
37.11466026306152,mouse_move,"1390,1044"
37.1261773109436,mouse_move,"1398,1032"
37.1330726146698,mouse_move,"1408,1018"
37.14036154747009,mouse_move,"1417,1004"
37.14581799507141,mouse_move,"1427,989"
37.15141987800598,mouse_move,"1437,979"
37.15709471702576,mouse_move,"1443,971"
37.16881251335144,mouse_move,"1447,965"
37.17575001716614,mouse_move,"1448,963"
37.181509256362915,mouse_move,"1449,962"
37.204872608184814,mouse_move,"1448,963"
37.21188521385193,mouse_move,"1442,968"
37.21907830238342,mouse_move,"1434,976"
37.22483038902283,mouse_move,"1420,987"
37.2301766872406,mouse_move,"1404,1001"
37.23618149757385,mouse_move,"1384,1015"
37.247631788253784,mouse_move,"1365,1032"
37.2551326751709,mouse_move,"1350,1043"
37.26175570487976,mouse_move,"1340,1052"
37.26737070083618,mouse_move,"1332,1057"
37.274627923965454,mouse_move,"1328,1059"
37.278584241867065,mouse_move,"1326,1060"
37.29005837440491,mouse_move,"1325,1060"
37.31122088432312,mouse_move,"1325,1059"
37.31522488594055,mouse_move,"1326,1057"
37.32385778427124,mouse_move,"1331,1052"
37.3325629234314,mouse_move,"1337,1047"
37.3400444984436,mouse_move,"1344,1041"
37.34675598144531,mouse_move,"1353,1037"
37.35409450531006,mouse_move,"1361,1033"
37.36114978790283,mouse_move,"1368,1031"
37.36841535568237,mouse_move,"1375,1028"
37.375221252441406,mouse_move,"1379,1028"
37.381792068481445,mouse_move,"1380,1028"
37.389244556427,mouse_move,"1382,1028"
37.39630627632141,mouse_move,"1383,1028"
37.417853593826294,mouse_move,"1383,1028"
37.4238178730011,mouse_move,"1383,1029"
37.43235492706299,mouse_move,"1383,1029"
37.43874192237854,mouse_move,"1383,1031"
37.446077823638916,mouse_move,"1382,1032"
37.45346713066101,mouse_move,"1382,1033"
37.46006512641907,mouse_move,"1381,1033"
37.467894077301025,mouse_move,"1381,1034"
37.49538469314575,mouse_move,"1381,1034"
37.51353049278259,mouse_move,"1383,1034"
37.52487087249756,mouse_move,"1383,1034"
37.53198003768921,mouse_move,"1385,1034"
37.53894519805908,mouse_move,"1387,1034"
37.54607963562012,mouse_move,"1389,1034"
37.55316519737244,mouse_move,"1392,1034"
37.56041502952576,mouse_move,"1394,1035"
37.567240476608276,mouse_move,"1394,1035"
37.57479691505432,mouse_move,"1396,1036"
37.587464570999146,mouse_move,"1397,1036"
37.60568881034851,mouse_move,"1397,1037"
37.640036821365356,mouse_move,"1397,1038"
37.66037917137146,mouse_move,"1397,1038"
37.66037917137146,mouse_move,"1396,1039"
41.03330683708191,key_press,'k'
41.17968773841858,key_press,'e'
41.63065028190613,key_press,'y'
41.88234543800354,key_press,'s'
42.228394985198975,key_press,'t'
42.44716739654541,key_press,'o'
42.691436767578125,key_press,'k'
43.07157588005066,key_press,'e'
43.23642921447754,key_press,Key.space
43.440568685531616,key_press,'i'
43.56993103027344,key_press,'s'
43.708277463912964,key_press,Key.space
44.96310472488403,mouse_move,"1396,1039"
44.969276428222656,mouse_move,"1398,1039"
44.97493863105774,mouse_move,"1399,1039"
44.98278284072876,mouse_move,"1402,1039"
45.07290863990784,key_press,'s'
45.19334101676941,key_press,'u'
45.55016231536865,key_press,'s'
45.65961527824402,key_press,'e'
45.8481080532074,key_press,'s'
46.24477815628052,key_press,Key.enter
46.39418005943298,key_press,Key.enter
46.53718185424805,key_press,Key.enter
46.81460189819336,key_press,'u'
47.004650354385376,key_press,'s'
47.17740225791931,key_press,'e'
47.362404346466064,key_press,'s'
47.64593148231506,key_press,Key.space
48.01857590675354,key_press,'m'
48.11547780036926,key_press,'a'
48.5774667263031,key_press,'c'
48.74683141708374,key_press,'h'
48.878918170928955,key_press,'i'
49.01793670654297,key_press,'n'
49.181636095047,key_press,'c'
49.2984619140625,key_press,'a'
49.53993511199951,key_press,'i'
49.76708459854126,key_press,'n'
50.12856340408325,key_press,Key.space
50.56556463241577,key_press,'l'
50.816887617111206,key_press,'e'
50.994261741638184,key_press,'a'
51.18509912490845,key_press,'r'
51.3621027469635,key_press,'n'
51.53407406806946,key_press,'o'
51.69225835800171,key_press,'n'
51.862473011016846,key_press,'g'
51.972968101501465,key_press,Key.space
53.316527128219604,key_press,'t'
53.425631523132324,key_press,'o'
53.63491725921631,key_press,Key.space
53.864176750183105,key_press,'s'
54.33387494087219,key_press,'t'
54.69038271903992,key_press,'u'
55.14287209510803,key_press,'d'
55.331603050231934,key_press,'y'
55.6423921585083,key_press,Key.space
56.3787567615509,mouse_move,"1401,1039"
56.395423412323,mouse_move,"1401,1039"
56.40199565887451,mouse_move,"1399,1039"
56.408384799957275,mouse_move,"1397,1039"
56.45552968978882,key_press,'h'
56.596821308135986,key_press,'o'
56.90991759300232,key_press,Key.space
57.096271991729736,key_press,'w'
57.26832723617554,key_press,Key.space
57.926379919052124,key_press,'a'
58.20995497703552,key_press,Key.space
58.23707342147827,key_press,Key.space
58.440542221069336,key_press,'p'
58.618550539016724,key_press,'e'
58.692819595336914,key_press,'r'
58.91066527366638,key_press,'s'
59.00277280807495,key_press,'i'
59.223636865615845,key_press,'n'
59.38562726974487,key_press,Key.space
60.191855907440186,key_press,'t'
60.373424768447876,key_press,'y'
60.53684186935425,key_press,'p'
60.80670976638794,key_press,'e'
61.017523527145386,key_press,'s'
61.213059425354004,key_press,Key.space
61.412113189697266,key_press,'o'
61.745043992996216,key_press,Key.space
61.940054178237915,key_press,Key.space
62.03526210784912,key_press,'a'
62.2081356048584,key_press,Key.space
62.80246543884277,key_press,'k'
63.008941888809204,key_press,'e'
63.435351610183716,key_press,'y'
63.79933547973633,key_press,'b'
63.98709225654602,key_press,'o'
64.1436595916748,key_press,'a'
64.47013759613037,key_press,'r'
64.78123998641968,key_press,'d'
64.95079016685486,key_press,Key.space
67.08822774887085,key_press,'i'
67.35295081138611,key_press,'t'
67.50320434570312,key_press,Key.space
67.70522689819336,key_press,'c'
67.91242408752441,key_press,'a'
68.12840151786804,key_press,'p'
68.86795854568481,key_press,'t'
69.03474760055542,key_press,'u'
69.36398100852966,key_press,'r'
69.50600934028625,key_press,'e'
69.71401882171631,key_press,'s'
69.89404964447021,key_press,Key.space
70.81831240653992,key_press,'l'
71.02947664260864,key_press,'i'
71.20908403396606,key_press,'k'
71.33164429664612,key_press,'e'
71.48969054222107,key_press,Key.space
71.75792622566223,key_press,'t'
71.98818135261536,key_press,'y'
72.2242341041565,key_press,'p'
72.5962131023407,key_press,'i'
72.80489468574524,key_press,'n'
72.92419457435608,key_press,'g'
73.04917860031128,key_press,Key.space
73.64688348770142,key_press,'s'
73.86512660980225,key_press,'p'
74.12654280662537,key_press,'e'
74.28463435173035,key_press,'e'
74.50415396690369,key_press,'d'
74.62910103797913,key_press,Key.space
76.09880137443542,key_press,'k'
76.39266085624695,key_press,'e'
76.78731918334961,key_press,'y'
76.97436690330505,key_press,Key.space
77.51849412918091,key_press,'h'
77.71938300132751,key_press,'o'
77.97295331954956,key_press,'l'
78.33325457572937,key_press,'d'
78.45035576820374,key_press,Key.space
78.66183710098267,key_press,'t'
79.41036677360535,key_press,'i'
79.68186473846436,key_press,'k'
79.80303311347961,key_press,'e'
79.90898394584656,key_press,Key.space
80.16191816329956,key_press,'a'
80.83198642730713,key_press,'n'
80.95788860321045,key_press,'d'
81.12827229499817,key_press,Key.space
81.7384123802185,key_press,'t'
81.98654365539551,key_press,'i'
82.24182510375977,key_press,'m'
82.37984538078308,key_press,'e'
82.50512433052063,key_press,Key.space
83.20326519012451,key_press,'b'
83.44197916984558,key_press,'e'
83.67519688606262,key_press,'t'
83.93607950210571,key_press,'w'
84.11607837677002,key_press,'e'
84.28473806381226,key_press,'e'
84.49384045600891,key_press,'n'
84.67113304138184,key_press,Key.space
85.79717803001404,key_press,'k'
86.09865665435791,key_press,'e'
86.37787866592407,key_press,'y'
86.61354684829712,key_press,'p'
87.05023145675659,key_press,'r'
87.17641019821167,key_press,'e'
87.45148754119873,key_press,'s'
87.67549467086792,key_press,'s'
87.8710720539093,key_press,'e'
88.05162119865417,key_press,'s'
88.25123071670532,key_press,Key.space
88.92250657081604,key_press,'t'
89.11220836639404,key_press,'e'
89.35540008544922,key_press,'s'
89.56450629234314,key_press,'s'
89.5811779499054,key_press,'e'
89.81713604927063,key_press,Key.space
90.37303614616394,key_press,'p'
90.49384307861328,key_press,'a'
90.72238230705261,key_press,'t'
90.88541293144226,key_press,'t'
91.05623483657837,key_press,'e'
91.13021874427795,key_press,'r'
91.39120817184448,key_press,'n'
91.51831459999084,key_press,'s'
91.7129762172699,key_press,Key.space
92.06598353385925,key_press,'a'
92.27518773078918,key_press,'r'
92.41077256202698,key_press,'e'
92.60304164886475,key_press,Key.space
92.93260526657104,key_press,'u'
93.18373012542725,key_press,'n'
93.8708143234253,key_press,'i'
94.36222553253174,key_press,'q'
95.01865148544312,key_press,'u'
95.1430356502533,key_press,'e'
95.38095235824585,key_press,Key.space
96.62668466567993,key_press,'t'
96.80168867111206,key_press,'o'
96.98732995986938,key_press,Key.space
97.14481568336487,key_press,'e'
97.38826370239258,key_press,'a'
97.69232559204102,key_press,'c'
97.71483826637268,key_press,'c'
97.91443943977356,key_press,'h'
98.10218858718872,key_press,Key.space
99.93194222450256,key_press,'u'
100.06584477424622,key_press,'s'
100.29419589042664,key_press,'e'
100.45625352859497,key_press,'r'
100.69013285636902,key_press,Key.space
101.8290593624115,key_press,'a'
102.08202409744263,key_press,'n'
102.29875922203064,key_press,'d'
102.42049431800842,key_press,Key.space
102.96654963493347,key_press,'c'
103.12996983528137,key_press,'a'
103.33437252044678,key_press,'n'
103.48843550682068,key_press,Key.space
104.1276285648346,mouse_move,"1397,1039"
104.13028979301453,mouse_move,"1397,1039"
104.13732814788818,mouse_move,"1396,1041"
104.14841985702515,mouse_move,"1396,1043"
104.15493655204773,mouse_move,"1395,1043"
104.16180086135864,mouse_move,"1394,1045"
104.1697256565094,mouse_move,"1394,1046"
104.17613124847412,mouse_move,"1394,1046"
104.1841311454773,mouse_move,"1394,1047"
104.19114136695862,mouse_move,"1394,1048"
104.1986358165741,mouse_move,"1393,1048"
104.20464611053467,mouse_move,"1393,1048"
104.21054530143738,mouse_move,"1392,1048"
104.22672152519226,mouse_move,"1392,1048"
104.22871899604797,mouse_move,"1391,1048"
104.26252770423889,key_press,'b'
104.45570755004883,key_press,'e'
104.59764647483826,key_press,Key.space
104.94806218147278,key_press,'u'
105.06838369369507,key_press,'s'
105.255362033844,key_press,'e'
105.46009016036987,key_press,'d'
105.66023898124695,key_press,Key.space
106.87987279891968,key_press,'f'
107.0216498374939,key_press,'o'
107.1534035205841,key_press,'r'
107.30479836463928,key_press,Key.space
107.36372375488281,key_press,'a'
107.97203993797302,key_press,'u'
108.16526985168457,key_press,'t'
108.3014976978302,key_press,'h'
108.48351693153381,key_press,'e'
108.6895227432251,key_press,'n'
108.79899501800537,key_press,'a'
109.08116793632507,key_press,'c'
109.30327415466309,key_press,'a'
109.55633807182312,key_press,'t'
109.73970341682434,key_press,'i'
109.8335313796997,key_press,'o'
110.01925039291382,key_press,'m'
110.05083060264587,key_press,'n'
110.14772439002991,key_press,Key.space
110.77315783500671,mouse_move,"1391,1048"
110.7779529094696,mouse_move,"1391,1048"
110.79396271705627,mouse_move,"1392,1048"
110.80233836174011,mouse_move,"1393,1048"
110.80848336219788,mouse_move,"1393,1048"
110.82973504066467,mouse_move,"1394,1048"
110.94158101081848,mouse_move,"1394,1048"
110.95807957649231,mouse_move,"1394,1048"
110.9650764465332,mouse_move,"1393,1048"
110.97207736968994,mouse_move,"1392,1048"
110.98658776283264,mouse_move,"1392,1048"
110.98658776283264,mouse_move,"1392,1048"
111.00254011154175,mouse_move,"1391,1048"
111.05884981155396,mouse_move,"1391,1047"
111.08144330978394,mouse_move,"1391,1047"
111.08144330978394,mouse_move,"1390,1046"
111.10044193267822,mouse_move,"1389,1046"
111.10795593261719,mouse_move,"1389,1045"
111.11193490028381,mouse_move,"1389,1044"
111.12238836288452,mouse_move,"1388,1044"
111.12901329994202,mouse_move,"1387,1042"
111.23216724395752,key_press,'a'
111.39192914962769,key_press,'n'
111.64400219917297,key_press,'d'
111.81312298774719,key_press,Key.space
112.15856456756592,key_press,'b'
112.72568035125732,key_press,'e'
112.92535948753357,key_press,'h'
113.03414058685303,key_press,'a'
113.39832496643066,key_press,'v'
113.7386462688446,key_press,'u'
114.4961748123169,key_press,'i'
114.66335201263428,key_press,'o'
115.50326228141785,key_press,'r'
115.74237370491028,key_press,Key.space
117.06518220901489,key_press,'a'
117.28415846824646,key_press,'n'
117.43966746330261,key_press,'a'
117.66437458992004,key_press,'l'
118.26490807533264,mouse_click,Button.left
118.26790928840637,key_press,'y'
118.45337891578674,key_press,'s'
118.58050394058228,key_press,'i'
118.70541334152222,key_press,'s'
118.77035164833069,key_press,'i'
119.17523646354675,key_press,Key.space
119.9016227722168,key_press,'i'
120.12781882286072,key_press,'t'
120.23686194419861,key_press,Key.space
120.4114191532135,key_press,'i'
120.5088267326355,key_press,'s'
120.64296174049377,key_press,Key.space
121.18878102302551,key_press,'c'
121.39824628829956,key_press,'o'
121.58300828933716,key_press,'m'
121.71664547920227,key_press,'m'
121.86850690841675,key_press,'o'
122.04424238204956,key_press,'n'
122.20525193214417,key_press,'l'
122.63868641853333,key_press,'y'
122.87853837013245,key_press,Key.space
123.63238143920898,key_press,'u'
123.8066987991333,key_press,'s'
123.9772527217865,key_press,'e'
124.19074058532715,key_press,'d'
124.3026373386383,key_press,Key.space
125.79909610748291,key_press,'i'
126.20325136184692,key_press,'b'
126.39358234405518,key_press,Key.space
127.7066855430603,key_press,'v'
128.01873087882996,key_press,'c'
129.06117582321167,key_press,'c'
129.25278782844543,key_press,'y'
129.47348403930664,key_press,'b'
129.76940083503723,key_press,'d'
129.972909450531,key_press,'r'
130.06414079666138,key_press,'e'
130.1799771785736,key_press,Key.space
130.31619024276733,key_press,'s'
130.47476887702942,key_press,'e'
130.76494312286377,key_press,'d'
131.1595582962036,key_press,'c'
131.5696783065796,key_press,'u'
131.75480198860168,key_press,'t'
131.93045449256897,key_press,'i'
132.79229617118835,key_press,'t'
132.9938519001007,key_press,'y'
133.16027903556824,key_press,Key.space
133.35229921340942,key_press,'a'
133.8651316165924,key_press,'d'
134.01807832717896,key_press,'o'
134.1588122844696,key_press,'f'
134.3614776134491,key_press,'r'
134.3614776134491,key_press,'e'
134.39342761039734,key_press,Key.space
135.31935954093933,key_press,'c'
135.5195860862732,key_press,'o'
135.6816394329071,key_press,'n'
136.0458767414093,key_press,'n'
136.20619320869446,key_press,'y'
136.80031847953796,key_press,'t'
136.92564415931702,key_press,'i'
137.06059789657593,key_press,'o'
137.2699372768402,key_press,'n'
137.47836637496948,key_press,'u'
138.02026867866516,key_press,Key.backspace
138.210875749588,key_press,'i'
138.43179154396057,key_press,'u'
138.54991579055786,key_press,'s'
138.74238634109497,key_press,Key.space
140.3085741996765,key_press,'u'
140.42371249198914,key_press,'d'
141.10213160514832,key_press,'e'
141.22136425971985,key_press,'r'
141.41343235969543,key_press,Key.space
141.83430933952332,key_press,'v'
142.01400804519653,key_press,'e'
142.241632938385,key_press,'r'
142.6759557723999,key_press,'i'
142.81469821929932,key_press,'s'
142.93287253379822,key_press,'i'
143.20565533638,key_press,'c'
143.36505961418152,key_press,'a'
143.5830101966858,key_press,'t'
143.75387525558472,key_press,'i'
143.88567185401917,key_press,'o'
144.04972314834595,key_press,'n'
144.19153952598572,key_press,Key.space
144.79432678222656,key_press,'a'
144.92584228515625,key_press,'n'
145.0671739578247,key_press,'d'
145.22909593582153,key_press,Key.space
145.88789558410645,key_press,'f'
146.0423240661621,key_press,'a'
146.4555902481079,key_press,'u'
146.75607895851135,key_press,'r'
146.98833656311035,key_press,'d'
147.12875151634216,key_press,Key.space
147.81705498695374,key_press,'d'
147.97263050079346,key_press,'e'
148.26635456085205,key_press,'c'
148.5825319290161,key_press,'t'
148.7367775440216,key_press,'e'
149.0104215145111,key_press,'c'
149.23990154266357,key_press,'t'
149.49084210395813,key_press,'i'
149.56843042373657,key_press,'o'
149.81261157989502,key_press,'n'
149.95575785636902,key_press,Key.space
150.22488021850586,key_press,Key.ctrl_l
150.59638452529907,key_press,'\x03'
2.7062456607818604,key_press,Key.shift
2.8386621475219727,key_press,'A'
3.1854162216186523,key_press,'b'
3.378652811050415,key_press,'h'
3.430588960647583,key_press,'i'
3.5919854640960693,key_press,'r'
3.6887893676757812,key_press,'a'
3.8504979610443115,key_press,'m'
4.211137533187866,key_press,Key.shift
4.386327266693115,key_press,Key.space
4.635206937789917,key_press,'i'
4.764421224594116,key_press,'a'
4.910359859466553,key_press,Key.space
5.607351303100586,key_press,'a'
5.73506498336792,key_press,Key.space
6.416158199310303,mouse_move,"882,1104"
6.422452926635742,mouse_move,"882,1105"
6.4322381019592285,mouse_move,"882,1107"
6.438591003417969,mouse_move,"882,1108"
6.455303430557251,mouse_move,"882,1108"
6.744143486022949,key_press,'b'
6.851605415344238,key_press,'a'
7.076674938201904,key_press,'d'
7.332827806472778,key_press,Key.space
7.890085220336914,key_press,'b'
8.051444053649902,key_press,'o'
8.296091318130493,key_press,'y'
8.42430067062378,key_press,Key.space
8.601468801498413,key_press,'a'
8.762120485305786,key_press,Key.space
9.391690969467163,key_press,'a'
9.521260023117065,key_press,'n'
9.633034944534302,key_press,'d'
9.777592658996582,key_press,Key.space
10.282981395721436,key_press,'i'
10.510695457458496,key_press,'t'
11.048393964767456,key_press,Key.space
11.294444799423218,key_press,'i'
11.440688133239746,key_press,'s'
11.595624685287476,key_press,Key.space
12.653440952301025,key_press,'g'
13.013829469680786,key_press,'o'
13.216856002807617,key_press,'o'
13.751126766204834,key_press,'d'
13.917253017425537,key_press,Key.space
14.305443048477173,key_press,'b'
14.546147108078003,key_press,'o'
14.771446466445923,key_press,'y'
14.928321123123169,key_press,Key.space
15.052454233169556,key_press,'a'
15.279518604278564,key_press,'n'
15.736983060836792,key_press,'d'
15.881505489349365,key_press,Key.space
16.22809886932373,key_press,'n'
16.535040140151978,key_press,'o'
17.037580013275146,key_press,'o'
17.230748891830444,key_press,'n'
17.57179617881775,key_press,'e'
17.780517101287842,key_press,Key.space
18.056090831756592,key_press,'i'
18.411956787109375,key_press,'s'
18.62028694152832,key_press,Key.space
19.056790828704834,key_press,'g'
19.256776332855225,key_press,'o'
19.415300369262695,key_press,'o'
19.656864404678345,key_press,'n'
19.850874662399292,key_press,'a'
19.995213747024536,key_press,Key.space
20.74545192718506,key_press,'c'
20.870205879211426,key_press,'o'
21.059800148010254,key_press,'m'
21.21215319633484,key_press,'e'
21.3553466796875,key_press,Key.space
21.45021080970764,key_press,'a'
21.61316967010498,key_press,Key.space
22.653467893600464,key_press,'t'
22.764410734176636,key_press,'a'
22.95413827896118,key_press,'k'
23.086140871047974,key_press,'e'
23.334140062332153,key_press,Key.space
24.34518527984619,mouse_move,"882,1109"
24.364426374435425,mouse_move,"882,1110"
24.39464259147644,mouse_move,"882,1110"
24.39464259147644,mouse_move,"882,1111"
24.423805475234985,mouse_move,"882,1112"
24.457828521728516,mouse_move,"882,1112"
24.469951391220093,mouse_move,"881,1112"
24.482255220413208,mouse_move,"881,1112"
24.500351190567017,mouse_move,"880,1112"
24.567152738571167,mouse_move,"880,1112"
24.573229551315308,mouse_move,"880,1112"
24.57926058769226,mouse_move,"880,1111"
24.586349964141846,mouse_move,"881,1111"
24.593417406082153,mouse_move,"882,1111"
24.59784173965454,mouse_move,"882,1110"
24.609111547470093,mouse_move,"884,1109"
24.61689066886902,mouse_move,"886,1109"
24.623693227767944,mouse_move,"886,1108"
24.63078236579895,mouse_move,"887,1108"
24.63765573501587,mouse_move,"888,1107"
24.64512276649475,mouse_move,"889,1106"
24.65230703353882,mouse_move,"890,1106"
24.658767223358154,mouse_move,"891,1105"
24.663743019104004,mouse_move,"891,1103"
24.67371368408203,mouse_move,"892,1103"
24.680848598480225,mouse_move,"892,1102"
24.688069581985474,mouse_move,"893,1102"
24.694284200668335,mouse_move,"894,1101"
24.70230197906494,mouse_move,"894,1100"
24.70630955696106,mouse_move,"894,1100"
24.838011026382446,key_press,'f'
26.034146785736084,key_press,Key.backspace
26.18018364906311,key_press,'h'
26.342244148254395,key_press,'i'
26.709303379058838,key_press,'m'
26.918391942977905,key_press,Key.space
27.980480909347534,key_press,'f'
28.175620794296265,key_press,'r'
28.29964804649353,key_press,'o'
28.47634530067444,key_press,'m'
28.662463188171387,key_press,Key.space
29.017611026763916,key_press,'h'
29.428053379058838,key_press,'e'
29.540144681930542,key_press,'r'
29.71424388885498,key_press,'e'
29.919628143310547,key_press,Key.space
30.31559157371521,key_press,Key.enter
30.673272371292114,key_press,Key.ctrl_l
30.802407264709473,key_press,'\x03'
