timestamp,event_type,value
1.292829990386963,key_press,Key.alt_l
1.4008653163909912,key_press,Key.tab
2.781093120574951,key_press,'t'
2.9060914516448975,key_press,'h'
3.08825945854187,key_press,'i'
3.220961570739746,key_press,'s'
3.443544864654541,key_press,Key.space
3.909834384918213,key_press,Key.backspace
4.414324760437012,key_press,Key.backspace
4.443520784378052,key_press,Key.backspace
4.475323677062988,key_press,Key.backspace
4.504859447479248,key_press,Key.backspace
4.530858755111694,key_press,Key.backspace
4.562784433364868,key_press,Key.backspace
4.594505786895752,key_press,Key.backspace
4.630833864212036,key_press,Key.backspace
4.657695770263672,key_press,Key.backspace
4.691713571548462,key_press,Key.backspace
4.718883991241455,key_press,Key.backspace
4.749263048171997,key_press,Key.backspace
4.781448841094971,key_press,Key.backspace
4.797296524047852,key_press,Key.backspace
4.839156866073608,key_press,Key.backspace
4.859736680984497,key_press,Key.backspace
4.890594244003296,key_press,Key.backspace
4.922439813613892,key_press,Key.backspace
4.959765195846558,key_press,Key.backspace
4.984579801559448,key_press,Key.backspace
5.230826139450073,key_press,Key.backspace
5.385532379150391,key_press,Key.backspace
5.54112696647644,key_press,Key.backspace
6.335499048233032,key_press,'t'
6.500020503997803,key_press,'h'
6.641295909881592,key_press,'s'
6.645943880081177,key_press,'i'
6.893129587173462,key_press,Key.space
7.108040809631348,key_press,'i'
7.264271974563599,key_press,'s'
7.374900817871094,key_press,Key.space
7.538033962249756,key_press,'s'
7.750898361206055,key_press,'a'
8.700661182403564,key_press,Key.backspace
8.86186408996582,key_press,Key.backspace
9.267010927200317,key_press,Key.space
9.40960431098938,key_press,'a'
9.547194957733154,key_press,Key.space
11.19840121269226,mouse_move,"""1239,1084"""
11.207215070724487,mouse_move,"""1245,1074"""
11.209600687026978,mouse_move,"""1255,1068"""
11.221737146377563,mouse_move,"""1264,1060"""
11.22882866859436,mouse_move,"""1275,1052"""
11.236140251159668,mouse_move,"""1284,1045"""
11.242831230163574,mouse_move,"""1296,1040"""
11.249699592590332,mouse_move,"""1308,1034"""
11.256822109222412,mouse_move,"""1320,1030"""
11.264824867248535,mouse_move,"""1334,1025"""
11.27118730545044,mouse_move,"""1346,1021"""
11.278257369995117,mouse_move,"""1360,1018"""
11.283466815948486,mouse_move,"""1375,1014"""
11.292436838150024,mouse_move,"""1390,1011"""
11.295510053634644,mouse_move,"""1407,1008"""
11.307331085205078,mouse_move,"""1422,1006"""
11.313810110092163,mouse_move,"""1437,1003"""
11.319885492324829,mouse_move,"""1453,1000"""
11.32586121559143,mouse_move,"""1468,997"""
11.331840991973877,mouse_move,"""1481,995"""
11.338067531585693,mouse_move,"""1496,993"""
11.350223064422607,mouse_move,"""1510,993"""
11.356311321258545,mouse_move,"""1523,992"""
11.36434531211853,mouse_move,"""1533,991"""
11.371350288391113,mouse_move,"""1546,991"""
11.378350496292114,mouse_move,"""1558,989"""
11.385263919830322,mouse_move,"""1568,988"""
11.393347024917603,mouse_move,"""1580,988"""
11.39980673789978,mouse_move,"""1590,988"""
11.404840469360352,mouse_move,"""1603,988"""
11.410855054855347,mouse_move,"""1613,988"""
11.419927597045898,mouse_move,"""1622,988"""
11.428191184997559,mouse_move,"""1630,988"""
11.435210943222046,mouse_move,"""1637,988"""
11.441300868988037,mouse_move,"""1642,988"""
11.447360515594482,mouse_move,"""1646,989"""
11.453365087509155,mouse_move,"""1649,989"""
11.459393501281738,mouse_move,"""1651,989"""
11.471640348434448,mouse_move,"""1653,989"""
11.477706909179688,mouse_move,"""1654,989"""
11.483782768249512,mouse_move,"""1655,990"""
11.492726564407349,mouse_move,"""1655,990"""
11.507058382034302,mouse_move,"""1656,991"""
11.741796255111694,mouse_move,"""1647,992"""
11.74945330619812,mouse_move,"""1632,993"""
11.75677490234375,mouse_move,"""1615,997"""
11.76309609413147,mouse_move,"""1593,1002"""
11.770171403884888,mouse_move,"""1567,1007"""
11.777941942214966,mouse_move,"""1541,1012"""
11.78505277633667,mouse_move,"""1513,1020"""
11.79205584526062,mouse_move,"""1484,1025"""
11.79940676689148,mouse_move,"""1454,1033"""
11.806103706359863,mouse_move,"""1423,1040"""
11.814110279083252,mouse_move,"""1394,1046"""
11.821108341217041,mouse_move,"""1364,1051"""
11.828639030456543,mouse_move,"""1338,1057"""
11.835814237594604,mouse_move,"""1315,1060"""
11.84190559387207,mouse_move,"""1295,1065"""
11.848011255264282,mouse_move,"""1280,1067"""
11.854087114334106,mouse_move,"""1265,1070"""
11.860156774520874,mouse_move,"""1255,1073"""
11.872369766235352,mouse_move,"""1248,1074"""
11.878345727920532,mouse_move,"""1240,1076"""
11.884660005569458,mouse_move,"""1237,1076"""
11.890317678451538,mouse_move,"""1235,1077"""
11.896116495132446,mouse_move,"""1232,1077"""
11.907651901245117,mouse_move,"""1228,1078"""
12.15652346611023,mouse_click,Button.left
12.506818294525146,key_press,Key.ctrl_l
13.015975713729858,key_press,'\x03'
0.34044337272644043,key_press,Key.alt_l
0.5097436904907227,key_press,Key.tab
1.8324997425079346,key_press,'t'
1.9699232578277588,key_press,'h'
2.692011594772339,key_press,Key.backspace
3.207446813583374,key_press,Key.backspace
3.2235443592071533,key_press,Key.backspace
3.2554285526275635,key_press,Key.backspace
3.298231840133667,key_press,Key.backspace
3.316521644592285,key_press,Key.backspace
3.3486335277557373,key_press,Key.backspace
3.3802742958068848,key_press,Key.backspace
3.4098894596099854,key_press,Key.backspace
3.4420013427734375,key_press,Key.backspace
3.473491668701172,key_press,Key.backspace
3.511594295501709,key_press,Key.backspace
3.537393569946289,key_press,Key.backspace
3.567201852798462,key_press,Key.backspace
3.5988049507141113,key_press,Key.backspace
3.6322593688964844,key_press,Key.backspace
3.662407159805298,key_press,Key.backspace
3.6914613246917725,key_press,Key.backspace
3.858147144317627,key_press,Key.backspace
4.349899530410767,key_press,Key.backspace
4.389978647232056,key_press,Key.backspace
4.410236358642578,key_press,Key.backspace
5.770841360092163,key_press,'t'
5.893769979476929,key_press,'h'
5.989135026931763,key_press,'i'
6.041942119598389,key_press,'s'
6.223599910736084,key_press,Key.space
6.399609565734863,key_press,'i'
6.580219507217407,key_press,'s'
6.7226433753967285,key_press,Key.space
7.072718620300293,key_press,'a'
7.222996950149536,key_press,Key.space
7.910503387451172,key_press,'s'
8.085172891616821,key_press,'i'
8.254658937454224,key_press,'m'
8.428305387496948,key_press,'p'
8.451370477676392,key_press,'p'
8.592024564743042,key_press,'l'
8.76381778717041,key_press,'e'
8.91137957572937,key_press,Key.space
9.476091384887695,key_press,'p'
9.596385478973389,key_press,'a'
9.928232669830322,key_press,'r'
10.002052068710327,key_press,'a'
10.262256860733032,key_press,'p'
10.728891611099243,key_press,Key.backspace
11.026033878326416,key_press,'g'
11.166840314865112,key_press,'r'
11.283250093460083,key_press,'a'
11.472070455551147,key_press,'p'
11.744803190231323,key_press,'h'
12.009845733642578,key_press,Key.space
12.658975601196289,key_press,'t'
12.722931623458862,key_press,'h'
12.811890363693237,key_press,'a'
13.035647630691528,key_press,Key.space
13.254785060882568,key_press,'i'
13.505704879760742,key_press,Key.space
13.614503383636475,key_press,'a'
13.741674423217773,key_press,'m'
13.894644975662231,key_press,Key.space
14.348081350326538,key_press,'t'
14.534781455993652,key_press,'y'
14.724945068359375,key_press,'p'
14.895724773406982,key_press,'i'
15.150582551956177,key_press,'n'
15.395820140838623,key_press,'g'
15.518285751342773,key_press,Key.space
15.753492832183838,key_press,'c'
15.934881448745728,key_press,'o'
16.14228343963623,key_press,'n'
16.48049235343933,key_press,'t'
16.65064311027527,key_press,'i'
16.771729230880737,key_press,'o'
17.855051517486572,key_press,'n'
18.050668954849243,key_press,'i'
18.756457805633545,key_press,'o'
18.90553641319275,key_press,'s'
19.05005431175232,key_press,'l'
19.47201919555664,key_press,'y'
19.712307929992676,key_press,Key.space
20.659777641296387,key_press,'w'
20.83214569091797,key_press,'i'
21.177709817886353,key_press,'t'
21.28781032562256,key_press,'h'
21.765408277511597,key_press,'o'
21.94136667251587,key_press,'u'
22.050716638565063,key_press,'t'
22.20282554626465,key_press,Key.space
22.597156524658203,key_press,'s'
22.94130253791809,key_press,'t'
23.21005368232727,key_press,'o'
23.363480806350708,key_press,'p'
23.49173617362976,key_press,'p'
23.6915500164032,key_press,'i'
25.124012231826782,key_press,Key.backspace
25.43523907661438,key_press,'i'
25.61665630340576,key_press,'n'
25.797189950942993,key_press,'g'
25.912589073181152,key_press,Key.space
26.501055002212524,key_press,'a'
26.62829899787903,key_press,'n'
26.772330045700073,key_press,'s'
26.898441314697266,key_press,Key.space
27.503775119781494,key_press,'w'
27.661730766296387,key_press,'i'
27.941222429275513,key_press,'t'
28.099801063537598,key_press,'h'
28.644646883010864,key_press,'o'
28.88180899620056,key_press,'u'
29.19172167778015,key_press,'t'
29.323127269744873,key_press,Key.space
30.182207584381104,key_press,'t'
30.342570304870605,key_press,'h'
30.46742558479309,key_press,'i'
30.624611139297485,key_press,'n'
30.78426504135132,key_press,'k'
31.012848377227783,key_press,'i'
31.203126430511475,key_press,'n'
31.39550542831421,key_press,'g'
31.558239936828613,key_press,Key.space
32.1455454826355,key_press,'t'
32.247148275375366,key_press,'o'
32.39597725868225,key_press,'o'
32.58549404144287,key_press,Key.space
33.13411068916321,key_press,'m'
33.322936058044434,key_press,'u'
33.50417995452881,key_press,'c'
33.69467878341675,key_press,'h'
33.92521095275879,key_press,Key.space
34.97731423377991,key_press,'.'
35.211076498031616,key_press,Key.space
35.39592981338501,key_press,'i'
35.58129143714905,key_press,Key.space
35.81823396682739,key_press,'a'
35.96104598045349,key_press,'m'
36.18451809883118,key_press,Key.space
37.03815484046936,key_press,'f'
37.16464614868164,key_press,'o'
37.56894278526306,key_press,'c'
37.72042107582092,key_press,'u'
38.115477085113525,key_press,'s'
38.24162721633911,key_press,'i'
38.45058488845825,key_press,'n'
38.72208881378174,key_press,'g'
38.88320446014404,key_press,Key.space
39.816051721572876,key_press,'o'
40.0675733089447,key_press,'n'
40.26385283470154,key_press,Key.space
40.63528776168823,key_press,'t'
40.78656792640686,key_press,'y'
41.05679512023926,key_press,'p'
41.28820300102234,key_press,'i'
41.48859262466431,key_press,'n'
41.61552810668945,key_press,'g'
41.726982831954956,key_press,Key.space
41.897687673568726,key_press,'t'
41.95822548866272,key_press,'h'
42.07347846031189,key_press,'e'
42.22626876831055,key_press,Key.space
42.862812519073486,key_press,'x'
43.23861575126648,key_press,Key.backspace
43.35881471633911,key_press,'s'
43.68741250038147,key_press,'m'
43.86791205406189,key_press,'o'
43.989073514938354,key_press,'o'
44.29836392402649,key_press,'y'
44.70330834388733,key_press,Key.backspace
44.84367632865906,key_press,'t'
44.978142738342285,key_press,'l'
45.75604867935181,key_press,'y'
45.9631781578064,key_press,Key.space
46.633817195892334,key_press,'a'
46.75159502029419,key_press,'n'
46.98860740661621,key_press,'d'
47.063536405563354,key_press,Key.space
47.254491567611694,key_press,'m'
47.34736776351929,key_press,'a'
47.53620767593384,key_press,'i'
47.6616096496582,key_press,'n'
47.8969783782959,key_press,'t'
48.02603363990784,key_press,'a'
48.1768217086792,key_press,'i'
48.30210876464844,key_press,'n'
48.663283824920654,key_press,'i'
48.817245960235596,key_press,'n'
48.83668112754822,key_press,'n'
49.043373346328735,key_press,'g'
49.15282416343689,key_press,Key.space
49.851166009902954,key_press,'a'
50.33791637420654,key_press,Key.space
50.44127130508423,key_press,'s'
50.65894961357117,key_press,'t'
50.90983724594116,key_press,'e'
51.10715889930725,key_press,'a'
51.323630571365356,key_press,'d'
51.509472370147705,key_press,'y'
51.706852197647095,key_press,Key.space
52.5917010307312,key_press,'s'
52.843424558639526,key_press,'p'
52.98546743392944,key_press,'p'
53.128390312194824,key_press,'e'
53.35445547103882,key_press,'d'
53.546907901763916,key_press,Key.space
54.86369180679321,key_press,'w'
54.998114824295044,key_press,'h'
55.16743516921997,key_press,'i'
55.38806390762329,key_press,'l'
55.57365083694458,key_press,'e'
55.689916133880615,key_press,Key.space
56.04280138015747,key_press,'w'
56.4273464679718,key_press,'r'
56.92557382583618,key_press,'i'
57.14428949356079,key_press,'t'
57.30097937583923,key_press,'i'
57.52227330207825,key_press,'n'
57.84446382522583,key_press,'g'
57.967676877975464,key_press,Key.space
58.884525775909424,key_press,'e'
59.06571054458618,key_press,'a'
59.368826389312744,key_press,'c'
59.54404854774475,key_press,'h'
59.726096391677856,key_press,Key.space
59.92609214782715,key_press,'w'
60.18951344490051,key_press,'o'
60.39076066017151,key_press,'r'
60.59790062904358,key_press,'d'
60.78252673149109,key_press,Key.space
61.019609212875366,key_press,'a'
61.17373442649841,key_press,'n'
61.28822731971741,key_press,'d'
61.46143913269043,key_press,Key.space
62.00504660606384,key_press,'o'
62.225008964538574,key_press,'n'
62.47553205490112,key_press,'e'
62.786296367645264,key_press,Key.space
62.95426392555237,key_press,'a'
63.27300548553467,key_press,'f'
63.72607183456421,key_press,'t'
63.89651131629944,key_press,'e'
63.95547842979431,key_press,'r'
64.1756682395935,key_press,Key.space
64.50371789932251,key_press,'o'
64.75495862960815,key_press,'n'
65.05020809173584,key_press,'e'
65.20895791053772,key_press,Key.space
66.89954972267151,key_press,'t'
67.00381922721863,key_press,'h'
67.08577418327332,key_press,'e'
67.21497130393982,key_press,Key.space
67.61991858482361,key_press,'g'
67.80292892456055,key_press,'o'
67.89601945877075,key_press,'a'
68.05159544944763,key_press,'l'
68.30373620986938,key_press,Key.space
68.4950361251831,key_press,'i'
68.62705612182617,key_press,'s'
68.75419211387634,key_press,Key.space
69.06379103660583,key_press,'t'
69.25783562660217,key_press,'o'
69.4922935962677,key_press,Key.space
69.71632146835327,key_press,'k'
70.01725792884827,key_press,'e'
70.18111109733582,key_press,'e'
70.35123300552368,key_press,'p'
70.61409211158752,key_press,Key.space
71.36490797996521,key_press,'t'
71.69243717193604,key_press,'t'
71.76889657974243,key_press,'h'
71.89414548873901,key_press,'e'
72.02934193611145,key_press,Key.space
72.6163501739502,key_press,'t'
72.81046676635742,key_press,'y'
72.96317458152771,key_press,'p'
73.17602229118347,key_press,'i'
73.34898519515991,key_press,'n'
73.5058183670044,key_press,'g'
73.61080837249756,key_press,Key.space
73.87187170982361,key_press,'t'
73.9467990398407,key_press,'h'
74.06357860565186,key_press,'e'
74.22517657279968,key_press,Key.space
74.82717227935791,key_press,'r'
74.95774722099304,key_press,'e'
75.19360971450806,key_press,'p'
75.35630869865417,key_press,'r'
75.46211743354797,key_press,'e'
75.63192844390869,key_press,'s'
75.81680130958557,key_press,'e'
75.99791717529297,key_press,'n'
76.11723351478577,key_press,'t'
76.28691816329956,key_press,'s'
76.52059078216553,key_press,Key.space
78.69949388504028,key_press,'l'
78.97256255149841,key_press,'o'
79.27316784858704,key_press,'w'
79.42890548706055,key_press,Key.space
79.61169791221619,key_press,'a'
80.06780004501343,key_press,Key.backspace
80.42766857147217,key_press,'x'
80.82459688186646,key_press,Key.backspace
80.99538064002991,key_press,'c'
81.08365440368652,key_press,'o'
81.31826710700989,key_press,'n'
81.77271580696106,key_press,'g'
81.94253301620483,key_press,'i'
83.21205449104309,key_press,'n'
83.36445236206055,key_press,'i'
84.83677911758423,key_press,'v'
84.93197393417358,key_press,'a'
85.28098630905151,key_press,'t'
85.71813869476318,key_press,'i'
85.8703362941742,key_press,'v'
86.04282116889954,key_press,'e'
86.10802125930786,key_press,Key.space
87.11177968978882,key_press,'k'
87.53818821907043,key_press,'='
87.76882576942444,key_press,'l'
87.93560004234314,key_press,'o'
88.00137376785278,key_press,'a'
88.22399926185608,key_press,'d'
88.43381237983704,key_press,Key.space
89.48860716819763,key_press,'b'
89.59695625305176,key_press,'e'
89.93009829521179,key_press,'c'
90.10070967674255,key_press,'a'
90.3631579875946,key_press,'u'
90.48256063461304,key_press,'s'
90.63431692123413,key_press,'e'
90.81778383255005,key_press,Key.space
91.03549289703369,key_press,'t'
91.1467809677124,key_press,'h'
91.19701075553894,key_press,'e'
91.40292692184448,key_press,Key.space
92.25221729278564,key_press,'b'
92.35011553764343,key_press,'a'
92.84897923469543,key_press,'i'
93.0309464931488,key_press,'n'
93.20643186569214,key_press,Key.space
93.36169648170471,key_press,'i'
93.57810139656067,key_press,Key.space
94.17707204818726,key_press,'s'
94.60418105125427,key_press,'i'
94.78479838371277,key_press,'t'
94.95951652526855,key_press,Key.space
96.26163148880005,key_press,'u'
96.44152426719666,key_press,'n'
96.59956312179565,key_press,'d'
96.80015540122986,key_press,'e'
96.85406827926636,key_press,'r'
97.07583570480347,key_press,'s'
97.08950972557068,key_press,Key.space
97.27600121498108,key_press,'t'
97.44756770133972,key_press,'r'
97.69657135009766,key_press,'r'
97.9412350654602,key_press,'e'
98.33228826522827,key_press,Key.backspace
98.57310891151428,key_press,'s'
98.75491118431091,key_press,'s'
98.94072651863098,key_press,Key.space
99.59875679016113,key_press,'a'
99.74156928062439,key_press,'n'
99.86549115180969,key_press,'d'
99.9878761768341,key_press,Key.space
100.1949417591095,key_press,'t'
100.3340904712677,key_press,'h'
100.39002132415771,key_press,'e'
100.55068230628967,key_press,Key.space
100.94281244277954,key_press,'t'
101.18293833732605,key_press,'h'
101.361337184906,key_press,'o'
101.5466377735138,key_press,'u'
101.88031363487244,key_press,'g'
101.98813557624817,key_press,'h'
102.12038850784302,key_press,'t'
102.32355833053589,key_press,'s'
102.49376511573792,key_press,Key.space
103.61933517456055,key_press,'a'
103.8480818271637,key_press,'r'
103.94554615020752,key_press,'e'
104.06610083580017,key_press,Key.space
104.18462872505188,key_press,'s'
104.31690430641174,key_press,'i'
104.54343962669373,key_press,'m'
104.92046523094177,key_press,'l'
105.10570073127747,key_press,'e'
105.37658500671387,key_press,'a'
105.48920202255249,key_press,Key.space
105.81346774101257,key_press,'n'
106.18663740158081,key_press,'d'
106.33084177970886,key_press,Key.space
107.09814786911011,key_press,'e'
107.28575038909912,key_press,'a'
107.55679559707642,key_press,'s'
107.8494336605072,key_press,'y'
108.0836238861084,key_press,Key.space
110.24220108985901,key_press,'t'
110.33185386657715,key_press,'o'
110.52208113670349,key_press,Key.space
110.97393608093262,key_press,'e'
111.27448987960815,key_press,'x'
111.52547025680542,key_press,'p'
111.65520715713501,key_press,'r'
111.80219388008118,key_press,'e'
112.04098606109619,key_press,'s'
112.21992087364197,key_press,'s'
112.36734652519226,key_press,Key.space
112.58437275886536,key_press,'i'
112.8288094997406,key_press,Key.space
113.03834700584412,key_press,'m'
113.08485221862793,key_press,'a'
113.26869130134583,key_press,Key.space
113.68577194213867,key_press,'c'
114.06789231300354,key_press,'i'
114.24986219406128,key_press,'n'
114.65058374404907,key_press,'t'
115.0519118309021,key_press,'u'
115.25332880020142,key_press,'i'
115.43187499046326,key_press,'n'
115.72444319725037,key_press,'g'
115.85068798065186,key_press,Key.space
116.3003523349762,key_press,'o'
116.97330236434937,key_press,'='
117.38409686088562,key_press,'t'
117.51027584075928,key_press,'o'
117.7207522392273,key_press,Key.space
117.97288680076599,key_press,'t'
118.3492374420166,key_press,'p'
118.48774337768555,key_press,'e'
118.68577361106873,key_press,Key.space
120.56724762916565,key_press,'m'
120.71078562736511,key_press,'o'
120.9130642414093,key_press,'e'
120.94169569015503,key_press,'r'
121.07907891273499,key_press,Key.space
121.34824109077454,key_press,'s'
121.47678303718567,key_press,'e'
121.6483199596405,key_press,'n'
121.96411538124084,key_press,'t'
122.1141619682312,key_press,'e'
122.86837840080261,key_press,'n'
123.10456776618958,key_press,'c'
123.26974582672119,key_press,'e'
123.49431014060974,key_press,'s'
123.75092196464539,key_press,Key.space
124.48261380195618,key_press,'i'
124.64874315261841,key_press,'n'
124.8379430770874,key_press,Key.space
124.98873805999756,key_press,'a'
125.0388560295105,key_press,Key.space
125.72813105583191,key_press,'t'
125.8220682144165,key_press,'h'
125.9158627986908,key_press,'e'
126.06193590164185,key_press,Key.space
126.26995134353638,key_press,'s'
126.4413070678711,key_press,'a'
126.68427300453186,key_press,'m'
126.86411666870117,key_press,'e'
126.95361852645874,key_press,Key.space
127.19590544700623,key_press,'a'
127.61402750015259,key_press,Key.backspace
127.70695662498474,key_press,'w'
127.86528968811035,key_press,'a'
128.0857744216919,key_press,'r'
128.27792358398438,key_press,Key.space
129.45411491394043,key_press,'s'
129.6263301372528,key_press,'o'
129.81762218475342,key_press,Key.space
129.9075424671173,key_press,'e'
130.10800123214722,key_press,'t'
130.14354610443115,key_press,'b'
130.28319120407104,key_press,'a'
130.4111771583557,key_press,'e'
130.55157208442688,key_press,Key.space
130.8008794784546,key_press,'h'
130.82438158988953,key_press,'t'
130.96569108963013,key_press,'e'
131.0939130783081,key_press,Key.space
131.25501537322998,key_press,'s'
131.84274435043335,key_press,'t'
132.03551173210144,key_press,'y'
132.1992642879486,key_press,'p'
132.42537140846252,key_press,'i'
132.63396000862122,key_press,'n'
132.75369668006897,key_press,'g'
132.8864107131958,key_press,Key.space
134.25640964508057,key_press,'p'
134.62687468528748,key_press,'a'
135.20906281471252,key_press,'t'
135.37872767448425,key_press,'t'
135.58958506584167,key_press,'e'
135.665287733078,key_press,'r'
135.89706206321716,key_press,'a'
135.98259568214417,key_press,'n'
136.1989824771881,key_press,Key.space
136.4265375137329,key_press,'r'
136.5661747455597,key_press,'e'
136.7573254108429,key_press,'m'
136.812273979187,key_press,'a'
137.03694105148315,key_press,'i'
137.2257101535797,key_press,'n'
137.42275524139404,key_press,'d'
137.58577013015747,key_press,Key.space
138.27256655693054,key_press,'u'
138.4417691230774,key_press,'n'
138.61961007118225,key_press,'i'
138.89779472351074,key_press,'f'
139.08140921592712,key_press,'r'
139.20706248283386,key_press,'o'
139.46318459510803,key_press,'m'
139.70079374313354,key_press,Key.space
140.13954639434814,key_press,'a'
140.31802606582642,key_press,'n'
140.47977590560913,key_press,'d'
140.61394095420837,key_press,Key.space
140.8314826488495,key_press,'s'
141.05011224746704,key_press,'t'
141.25924968719482,key_press,'a'
141.55235886573792,key_press,'v'
141.72158336639404,key_press,'e'
141.80512261390686,key_press,'l'
142.0272388458252,key_press,Key.space
142.2978777885437,key_press,'t'
142.4930465221405,key_press,'h'
143.03411412239075,key_press,'r'
143.13004970550537,key_press,'o'
143.33087515830994,key_press,'u'
143.64151644706726,key_press,'g'
143.7421534061432,key_press,'h'
143.99887132644653,key_press,'o'
144.30201148986816,key_press,'u'
144.4567952156067,key_press,'t'
144.6045663356781,key_press,Key.space
146.47884798049927,key_press,'t'
146.6610164642334,key_press,'h'
146.7683355808258,key_press,'e'
147.00711178779602,key_press,Key.space
147.1917688846588,key_press,'s'
147.37500619888306,key_press,'e'
147.74343490600586,key_press,'s'
147.94102096557617,key_press,'s'
148.11665296554565,key_press,'i'
148.24181509017944,key_press,'o'
148.4445481300354,key_press,'n'
148.63028526306152,key_press,Key.space
149.36612248420715,key_press,'i'
149.5665144920349,key_press,Key.space
149.7229504585266,key_press,'a'
150.09179782867432,key_press,'m'
150.3484869003296,key_press,Key.space
150.62970113754272,key_press,'n'
150.79722428321838,key_press,'o'
150.99357056617737,key_press,'r'
151.10566878318787,key_press,'e'
151.11939024925232,key_press,Key.space
151.65681982040405,key_press,'r'
151.91258645057678,key_press,'t'
152.34884071350098,key_press,'='
152.69391083717346,key_press,'y'
152.92211031913757,key_press,'e'
153.6991639137268,key_press,'y'
153.92361760139465,key_press,'i'
154.12222981452942,key_press,'n'
154.28428983688354,key_press,'g'
154.40363812446594,key_press,Key.space
154.5460946559906,key_press,'t'
154.71396660804749,key_press,'o'
154.9051537513733,key_press,Key.space
154.99798035621643,key_press,'s'
155.1543288230896,key_press,'o'
155.3770215511322,key_press,'l'
155.59738683700562,key_press,'v'
155.74343585968018,key_press,'e'
155.86837911605835,key_press,Key.space
156.07468223571777,key_press,'a'
156.13231134414673,key_press,'n'
156.41472506523132,key_press,'y'
156.6607048511505,key_press,Key.space
159.2316174507141,key_press,'j'
159.31437301635742,key_press,'a'
159.37960195541382,key_press,'k'
159.43354511260986,key_press,'d'
159.54219365119934,key_press,'j'
159.58768153190613,key_press,'f'
160.12856197357178,key_press,Key.space
160.26950359344482,key_press,'j'
160.39452242851257,key_press,'b'
160.7264416217804,key_press,'c'
160.86061716079712,key_press,'d'
160.89409565925598,key_press,'i'
161.11230659484863,key_press,'n'
161.30951595306396,key_press,'d'
161.80246448516846,key_press,'u'
161.93109917640686,key_press,'s'
162.1544041633606,key_press,'t'
162.283367395401,key_press,'e'
162.49663376808167,key_press,'n'
162.64113974571228,key_press,'t'
162.77346181869507,key_press,Key.space
163.05059790611267,key_press,'d'
163.29579758644104,key_press,'a'
163.47004508972168,key_press,'t'
163.63017654418945,key_press,'a'
163.72518110275269,key_press,Key.space
163.85059189796448,key_press,'t'
163.9865915775299,key_press,'h'
164.1464719772339,key_press,'a'
164.4551019668579,key_press,Key.space
165.17730236053467,key_press,'c'
165.3061125278473,key_press,'a'
165.4564962387085,key_press,'n'
165.6022548675537,key_press,Key.space
165.91069221496582,key_press,'b'
166.01270985603333,key_press,'e'
166.60515809059143,key_press,Key.space
167.6517322063446,key_press,'u'
167.72367787361145,key_press,'s'
167.9105246067047,key_press,'e'
168.14242434501648,key_press,'d'
168.3307580947876,key_press,Key.space
168.50370979309082,key_press,'r'
168.61283707618713,key_press,'h'
168.91888403892517,key_press,'e'
169.7778046131134,key_press,Key.space
170.27186846733093,key_press,'r'
170.4045684337616,key_press,'e'
170.54025387763977,key_press,'p'
171.1486315727234,key_press,'r'
171.28585600852966,key_press,'e'
171.60106801986694,key_press,'s'
171.66586875915527,key_press,'e'
171.99531722068787,key_press,'t'
172.14505815505981,key_press,Key.space
172.77015852928162,key_press,'l'
172.9858546257019,key_press,'o'
173.2984495162964,key_press,'w'
173.47461771965027,key_press,Key.space
173.8295133113861,key_press,'c'
174.24112486839294,key_press,'i'
174.53234434127808,key_press,'n'
175.1090157032013,key_press,Key.backspace
175.20406293869019,key_press,'g'
175.38577389717102,key_press,'n'
175.56643390655518,key_press,'i'
176.7224464416504,key_press,'t'
176.88714146614075,key_press,'i'
177.0567762851715,key_press,'v'
177.19127941131592,key_press,'e'
177.22463989257812,key_press,Key.space
177.62808966636658,key_press,'l'
177.8683786392212,key_press,'a'
177.91147899627686,key_press,'i'
178.0979082584381,key_press,'d'
178.30180716514587,key_press,Key.space
178.66239953041077,key_press,Key.backspace
178.9552264213562,key_press,Key.backspace
179.81542372703552,key_press,'a'
179.96160888671875,key_press,'d'
180.1768720149994,key_press,'j'
180.19922852516174,key_press,'f'
180.22111773490906,key_press,'j'
180.42016792297363,key_press,'d'
180.53169178962708,key_press,'f'
180.60657119750977,key_press,'j'
180.95876812934875,key_press,Key.space
181.65947556495667,key_press,'a'
181.7761902809143,key_press,'o'
181.96342658996582,key_press,'n'
182.12854599952698,key_press,Key.space
182.3004367351532,key_press,'t'
182.34865832328796,key_press,'h'
182.38385653495789,key_press,'e'
182.55105209350586,key_press,Key.space
182.8803265094757,key_press,'a'
183.9800443649292,key_press,'-'
184.00465488433838,key_press,'-'
184.25424981117249,key_press,'m'
184.4733009338379,key_press,'n'
184.67555379867554,key_press,'c'
185.0506546497345,key_press,'h'
185.2564082145691,key_press,'i'
185.45795249938965,key_press,'n'
185.79162788391113,key_press,'v'
185.84892177581787,key_press,'e'
185.94933915138245,key_press,Key.space
186.88285303115845,key_press,'l'
187.04343461990356,key_press,'e'
187.22521471977234,key_press,'a'
187.5811939239502,key_press,'r'
187.6862759590149,key_press,'i'
187.86838006973267,key_press,'n'
188.4322075843811,key_press,'g'
188.4322075843811,key_press,'b'
188.7451615333557,key_press,Key.space
188.99138140678406,key_press,Key.space
189.42501068115234,key_press,'m'
189.67113947868347,key_press,'o'
189.79557871818542,key_press,'d'
189.96375679969788,key_press,'e'
190.08369302749634,key_press,'l'
190.54622530937195,key_press,Key.space
190.7502179145813,key_press,'i'
190.9874210357666,key_press,Key.space
191.0559446811676,key_press,'e'
191.23906755447388,key_press,'i'
191.47473692893982,key_press,'l'
191.6369330883026,key_press,'l'
191.7983000278473,key_press,Key.space
192.38088250160217,key_press,'c'
192.4809193611145,key_press,'o'
192.6676323413849,key_press,'n'
192.81841492652893,key_press,'t'
192.97318077087402,key_press,'i'
193.17621421813965,key_press,'n'
193.29955101013184,key_press,'e'
193.5370273590088,key_press,'u'
193.99096155166626,key_press,Key.space
195.09518003463745,key_press,'t'
195.29604029655457,key_press,'y'
195.43822193145752,key_press,'p'
195.61417055130005,key_press,'i'
195.81808519363403,key_press,'n'
195.95913815498352,key_press,'g'
196.25473356246948,key_press,'l'
196.47403621673584,key_press,'i'
196.74215650558472,key_press,'k'
196.8763518333435,key_press,'e'
197.05013394355774,key_press,Key.space
197.4527199268341,key_press,'w'
197.58474111557007,key_press,'i'
197.9514195919037,key_press,'t'
198.1183660030365,key_press,'h'
198.9412178993225,key_press,Key.space
199.5059232711792,key_press,'w'
199.61175441741943,key_press,'i'
199.81007432937622,key_press,'r'
199.8348274230957,key_press,'r'
200.1619246006012,key_press,'h'
200.3621962070465,key_press,'o'
200.58295512199402,key_press,'u'
200.84879612922668,key_press,'r'
201.01484727859497,key_press,Key.space
201.20593237876892,key_press,'t'
201.336519241333,key_press,'h'
201.48839211463928,key_press,'i'
201.52343940734863,key_press,'s'
201.78270411491394,key_press,Key.space
201.94172835350037,key_press,'a'
202.20919394493103,key_press,'d'
202.26530933380127,key_press,'n'
202.4656150341034,key_press,Key.space
204.3331253528595,key_press,'p'
204.65013360977173,key_press,'a'
205.0214548110962,key_press,'s'
205.17641973495483,key_press,'i'
205.380286693573,key_press,'e'
205.61332631111145,key_press,'s'
205.73471188545227,key_press,'e'
205.86600923538208,key_press,Key.space
205.97818446159363,key_press,'a'
206.10535645484924,key_press,'n'
206.1353404521942,key_press,'d'
206.33737063407898,key_press,Key.space
206.68306422233582,key_press,'w'
206.88322377204895,key_press,'i'
207.12833285331726,key_press,'t'
207.23821115493774,key_press,'h'
207.39778184890747,key_press,'o'
207.67950057983398,key_press,'t'
208.46113324165344,key_press,'='
208.6927890777588,key_press,'u'
208.8199098110199,key_press,'t'
209.05436730384827,key_press,'a'
209.1402313709259,key_press,Key.space
209.4050314426422,key_press,'n'
209.8690321445465,key_press,Key.space
211.2386758327484,key_press,'i'
211.44162249565125,key_press,'n'
211.82113766670227,key_press,'t'
211.97273540496826,key_press,'e'
212.15082168579102,key_press,'r'
212.31311798095703,key_press,'o'
212.97419619560242,key_press,'p'
213.1170608997345,key_press,'e'
213.27092266082764,key_press,'r'
213.55114889144897,key_press,'t'
213.68774008750916,key_press,'i'
213.83820509910583,key_press,'o'
214.05750513076782,key_press,'n'
214.23070454597473,key_press,Key.space
215.6045684814453,key_press,'s'
216.14705610275269,key_press,'t'
216.30103063583374,key_press,'a'
216.60728549957275,key_press,'t'
216.6543004512787,key_press,Key.space
217.0819947719574,key_press,'t'
217.20795392990112,key_press,'h'
217.32071805000305,key_press,'e'
217.4921600818634,key_press,Key.space
217.74106001853943,key_press,'s'
218.10874009132385,key_press,'s'
218.2232539653778,key_press,'j'
219.05151772499084,key_press,'t'
219.23121094703674,key_press,'e'
219.55679512023926,key_press,Key.space
219.80104398727417,key_press,Key.space
220.03437042236328,key_press,'c'
220.22309827804565,key_press,'a'
220.3338131904602,key_press,'n'
220.5082404613495,key_press,Key.space
220.70756888389587,key_press,'c'
220.95691394805908,key_press,'l'
221.06926345825195,key_press,'e'
221.28562378883362,key_press,'s'
221.39779591560364,key_press,'a'
221.53486609458923,key_press,'t'
221.7915358543396,key_press,'l'
221.9498176574707,key_press,'y'
222.1172375679016,key_press,Key.space
222.3480417728424,key_press,'u'
222.66096353530884,key_press,'s'
222.83221292495728,key_press,'e'
222.98665857315063,key_press,'r'
223.27174949645996,key_press,'a'
223.65005087852478,key_press,'s'
223.84941720962524,key_press,'t'
224.03040623664856,key_press,'a'
224.23679995536804,key_press,'n'
224.38516306877136,key_press,'d'
224.5260398387909,key_press,Key.space
224.84874820709229,key_press,'t'
224.9507086277008,key_press,'h'
225.11330699920654,key_press,'e'
225.2196753025055,key_press,Key.space
225.768901348114,key_press,'d'
226.1135540008545,key_press,'i'
226.34998750686646,key_press,'i'
227.08259415626526,key_press,'f'
227.42584013938904,key_press,'f'
227.66897439956665,key_press,'e'
227.7858350276947,key_press,'r'
227.9837727546692,key_press,'n'
228.0751178264618,key_press,'e'
228.36872601509094,key_press,'c'
228.4334921836853,key_press,'e'
228.62913417816162,key_press,Key.space
229.66095614433289,key_press,'s'
230.70732808113098,key_press,'b'
230.9475965499878,key_press,'e'
231.69107818603516,key_press,'t'
231.9087336063385,key_press,'w'
232.37082409858704,key_press,'n'
232.47618198394775,key_press,'n'
232.66710591316223,key_press,Key.space
232.9627058506012,key_press,'s'
233.44430828094482,key_press,'n'
233.6962857246399,key_press,'o'
233.8619270324707,key_press,'o'
234.02474236488342,key_press,'t'
234.1352882385254,key_press,'h'
234.32719349861145,key_press,'a'
234.38462209701538,key_press,Key.space
234.72215962409973,key_press,'t'
235.37874913215637,key_press,'y'
235.40650820732117,mouse_move,"""1239,1075"""
235.5862271785736,key_press,'p'
235.7564651966095,key_press,'u'
236.02197289466858,key_press,'b'
236.31913232803345,key_press,'d'
236.50496554374695,key_press,Key.space
236.78966808319092,key_press,'a'
236.98634219169617,key_press,'b'
237.12888932228088,key_press,'d'
237.25391292572021,key_press,'f'
237.33865475654602,key_press,Key.space
238.50919556617737,key_press,'i'
239.1502730846405,key_press,'r'
239.3508517742157,key_press,'r'
240.20701909065247,key_press,'e'
240.46322536468506,key_press,'g'
240.7319996356964,key_press,'u'
240.79107785224915,key_press,'a'
240.98766827583313,key_press,'l'
241.2849555015564,key_press,Key.space
242.3635494709015,mouse_move,"""1239,1075"""
242.37042903900146,mouse_move,"""1239,1075"""
242.37844157218933,mouse_move,"""1238,1075"""
242.38558769226074,mouse_move,"""1237,1073"""
242.39154934883118,mouse_move,"""1236,1072"""
242.39770984649658,mouse_move,"""1235,1071"""
242.40629386901855,mouse_move,"""1234,1070"""
242.413640499115,mouse_move,"""1233,1069"""
242.41664719581604,mouse_move,"""1233,1068"""
242.42810916900635,mouse_move,"""1233,1066"""
242.43418645858765,mouse_move,"""1233,1066"""
242.78391909599304,key_press,'t'
243.1031882762909,key_press,'y'
243.41256880760193,key_press,'p'
243.6502332687378,key_press,'i'
243.9079430103302,key_press,'n'
244.3335177898407,key_press,'g'
244.97769951820374,mouse_move,"""1232,1064"""
244.9901967048645,mouse_move,"""1232,1063"""
244.99709177017212,mouse_move,"""1229,1062"""
245.004784822464,mouse_move,"""1227,1060"""
245.01187753677368,mouse_move,"""1226,1058"""
245.0189106464386,mouse_move,"""1223,1057"""
245.02614164352417,mouse_move,"""1221,1054"""
245.03325366973877,mouse_move,"""1218,1052"""
245.0403368473053,mouse_move,"""1216,1050"""
245.04725074768066,mouse_move,"""1214,1047"""
245.05457091331482,mouse_move,"""1210,1041"""
245.06151366233826,mouse_move,"""1207,1037"""
245.06884050369263,mouse_move,"""1206,1033"""
245.07563424110413,mouse_move,"""1204,1029"""
245.08267879486084,mouse_move,"""1203,1026"""
245.090149641037,mouse_move,"""1201,1023"""
245.45728635787964,mouse_move,"""1190,1015"""
245.47417974472046,mouse_move,"""1176,1005"""
245.48131346702576,mouse_move,"""1162,995"""
245.4874837398529,mouse_move,"""1148,987"""
245.49534702301025,mouse_move,"""1136,978"""
245.50249004364014,mouse_move,"""1122,973"""
245.50998663902283,mouse_move,"""1108,966"""
245.51665425300598,mouse_move,"""1094,962"""
245.52383136749268,mouse_move,"""1081,956"""
245.5308849811554,mouse_move,"""1065,951"""
245.5378999710083,mouse_move,"""1050,944"""
245.54496026039124,mouse_move,"""1033,940"""
245.55203127861023,mouse_move,"""1015,932"""
245.56003999710083,mouse_move,"""997,924"""
245.5667462348938,mouse_move,"""975,916"""
245.57376146316528,mouse_move,"""949,901"""
245.58143663406372,mouse_move,"""926,889"""
245.58816194534302,mouse_move,"""905,873"""
245.59599590301514,mouse_move,"""885,853"""
245.6026635169983,mouse_move,"""866,834"""
246.0207884311676,mouse_move,"""858,825"""
246.02990126609802,mouse_move,"""850,811"""
246.03641939163208,mouse_move,"""841,795"""
246.04385685920715,mouse_move,"""828,777"""
246.0510013103485,mouse_move,"""814,754"""
246.05810379981995,mouse_move,"""801,728"""
246.0650191307068,mouse_move,"""784,695"""
246.07234811782837,mouse_move,"""771,666"""
246.07888388633728,mouse_move,"""755,637"""
246.08685207366943,mouse_move,"""744,609"""
246.0936861038208,mouse_move,"""732,577"""
246.10080409049988,mouse_move,"""724,555"""
246.10729956626892,mouse_move,"""717,535"""
246.1148645877838,mouse_move,"""712,519"""
246.12202262878418,mouse_move,"""708,506"""
246.1290500164032,mouse_move,"""705,494"""
246.13671708106995,mouse_move,"""702,483"""
246.1431121826172,mouse_move,"""700,473"""
246.15085625648499,mouse_move,"""697,463"""
246.15733575820923,mouse_move,"""696,454"""
246.16419672966003,mouse_move,"""695,445"""
246.1724500656128,mouse_move,"""694,438"""
246.17949390411377,mouse_move,"""694,432"""
246.1854968070984,mouse_move,"""694,425"""
248.37860822677612,key_press,'p'
248.50393414497375,key_press,'a'
248.89414834976196,key_press,'t'
249.13270664215088,key_press,'t'
249.28740215301514,key_press,'e'
249.43501472473145,key_press,'r'
249.63406658172607,key_press,'n'
249.67326998710632,key_press,'s'
249.91121006011963,key_press,Key.space
250.50115394592285,key_press,Key.enter
251.14664149284363,mouse_move,"""708,410"""
251.153657913208,mouse_move,"""730,389"""
251.1607208251953,mouse_move,"""754,364"""
251.1679322719574,mouse_move,"""783,337"""
251.17501306533813,mouse_move,"""815,304"""
251.18201303482056,mouse_move,"""846,272"""
251.18901252746582,mouse_move,"""878,230"""
251.1961317062378,mouse_move,"""907,189"""
251.2041940689087,mouse_move,"""934,152"""
251.2101604938507,mouse_move,"""958,114"""
251.2183973789215,mouse_move,"""979,81"""
251.22561931610107,mouse_move,"""997,51"""
251.2326202392578,mouse_move,"""1016,26"""
251.2396252155304,mouse_move,"""1029,9"""
251.24668645858765,mouse_move,"""1037,-4"""
251.46629929542542,mouse_click,Button.left
251.83678889274597,mouse_move,"""1032,16"""
251.8438103199005,mouse_move,"""1025,44"""
251.84995985031128,mouse_move,"""1015,74"""
251.85810828208923,mouse_move,"""1005,109"""
251.86573338508606,mouse_move,"""995,149"""
251.87274026870728,mouse_move,"""987,186"""
251.87931275367737,mouse_move,"""976,226"""
251.88543486595154,mouse_move,"""968,266"""
251.89169239997864,mouse_move,"""959,306"""
251.89768767356873,mouse_move,"""953,345"""
251.90823340415955,mouse_move,"""949,384"""
251.915700674057,mouse_move,"""945,423"""
251.92182326316833,mouse_move,"""941,458"""
251.92995500564575,mouse_move,"""941,492"""
251.9340374469757,mouse_move,"""941,526"""
251.94410228729248,mouse_move,"""944,562"""
251.95080089569092,mouse_move,"""947,591"""
251.95825266838074,mouse_move,"""953,617"""
251.96454501152039,mouse_move,"""959,641"""
251.97033166885376,mouse_move,"""967,660"""
251.97877073287964,mouse_move,"""974,675"""
251.98607301712036,mouse_move,"""981,689"""
251.99341440200806,mouse_move,"""989,701"""
252.0004222393036,mouse_move,"""999,712"""
252.00608587265015,mouse_move,"""1008,722"""
252.2500123977661,mouse_move,"""1011,740"""
252.25634717941284,mouse_move,"""1015,766"""
252.2633888721466,mouse_move,"""1020,792"""
252.27143573760986,mouse_move,"""1022,817"""
252.27838230133057,mouse_move,"""1025,843"""
252.28555130958557,mouse_move,"""1028,869"""
252.2923128604889,mouse_move,"""1032,891"""
252.2999610900879,mouse_move,"""1033,909"""
252.30449795722961,mouse_move,"""1034,926"""
252.3125307559967,mouse_move,"""1036,941"""
252.32056736946106,mouse_move,"""1037,953"""
252.32839965820312,mouse_move,"""1040,965"""
252.33489871025085,mouse_move,"""1042,975"""
252.340487241745,mouse_move,"""1046,986"""
252.34959197044373,mouse_move,"""1050,998"""
252.3543062210083,mouse_move,"""1056,1008"""
252.54613733291626,key_press,Key.ctrl_l
252.8843755722046,key_press,'\x03'
1.431248664855957,key_press,'h'
1.589684009552002,key_press,'i'
1.8550341129302979,key_press,Key.space
2.1582138538360596,key_press,'r'
2.2908082008361816,key_press,'a'
2.4620349407196045,key_press,Key.space
3.1582283973693848,key_press,'e'
3.3704137802124023,key_press,'l'
3.4836652278900146,key_press,'a'
3.737945079803467,key_press,Key.space
3.884032964706421,key_press,'v'
4.104979991912842,key_press,'u'
4.272829294204712,key_press,'n'
4.3827900886535645,key_press,'a'
4.561899900436401,key_press,'v'
4.772148132324219,key_press,Key.space
5.367615699768066,key_press,'a'
5.516130447387695,key_press,'n'
5.838745355606079,key_press,'d'
6.041717290878296,key_press,'h'
6.185667037963867,key_press,'a'
6.471677780151367,key_press,'r'
6.841301441192627,key_press,'u'
7.076315402984619,key_press,Key.space
7.3739635944366455,key_press,'b'
7.482813596725464,key_press,'a'
7.882513046264648,key_press,'g'
8.410012483596802,key_press,'u'
8.652223110198975,key_press,'n'
8.813260555267334,key_press,'a'
9.006691217422485,key_press,'a'
9.342682838439941,key_press,'r'
9.569225072860718,key_press,'u'
9.785939693450928,key_press,'a'
10.638648748397827,key_press,'r'
10.751410245895386,key_press,'a'
10.965320348739624,key_press,Key.space
11.63210678100586,mouse_move,"""783,1044"""
11.641911268234253,mouse_move,"""783,1045"""
11.878253698348999,key_press,'i'
12.023569583892822,key_press,'n'
12.744067907333374,key_press,'k'
12.847269773483276,key_press,'a'
12.954537153244019,key_press,Key.space
13.150825023651123,key_press,'e'
13.340742588043213,key_press,'m'
13.521937131881714,key_press,Key.space
13.83208417892456,key_press,'c'
13.960330486297607,key_press,'h'
14.134883880615234,key_press,'e'
14.310673952102661,key_press,'s'
14.523930072784424,key_press,'t'
14.721166133880615,key_press,'u'
14.91356086730957,key_press,'n'
14.997479915618896,key_press,'a'
15.243191957473755,key_press,'m'
15.358460187911987,key_press,'a'
15.549848556518555,key_press,Key.space
16.2160165309906,key_press,'a'
16.47515320777893,key_press,'n'
16.82719612121582,key_press,'d'
17.005074977874756,key_press,'h'
17.085073471069336,key_press,'a'
17.352924823760986,key_press,'r'
17.643463373184204,key_press,'u'
17.89921259880066,key_press,Key.space
18.114758729934692,key_press,'i'
18.324175357818604,key_press,'n'
18.60754632949829,key_press,'t'
18.773406505584717,key_press,'l'
19.31490993499756,key_press,'o'
19.578033685684204,key_press,Key.space
19.75930166244507,key_press,'a'
19.906240940093994,key_press,'n'
20.17568016052246,key_press,'d'
20.3537917137146,key_press,'h'
20.48183798789978,key_press,'a'
20.734807014465332,key_press,'r'
20.992846488952637,key_press,'u'
21.284453868865967,key_press,Key.space
21.514355421066284,key_press,'b'
21.67528247833252,key_press,'a'
22.45775556564331,key_press,'g'
22.606467962265015,key_press,'u'
22.791944980621338,key_press,'n'
22.943848609924316,key_press,'n'
23.04015016555786,key_press,'a'
23.40175700187683,key_press,'r'
23.63319158554077,key_press,'a'
23.948400259017944,key_press,Key.space
24.5454158782959,key_press,'a'
24.795673608779907,key_press,'n'
25.171359539031982,key_press,'d'
25.368661403656006,key_press,'h'
25.52350401878357,key_press,'a'
25.829161643981934,key_press,'r'
26.173439264297485,key_press,'u'
26.449788570404053,key_press,Key.space
26.95893669128418,key_press,'a'
27.05400276184082,key_press,'n'
27.99916911125183,key_press,'i'
28.22973608970642,key_press,Key.space
28.980197191238403,key_press,'a'
29.284878730773926,key_press,'d'
29.505492210388184,key_press,'u'
30.023264169692993,key_press,Key.backspace
30.23271632194519,key_press,'i'
30.330554008483887,key_press,'g'
30.449883460998535,key_press,'a'
30.619495391845703,key_press,Key.space
30.983426094055176,key_press,'a'
31.06817388534546,key_press,'n'
31.23258113861084,key_press,'i'
31.49214458465576,key_press,Key.space
31.73503088951111,key_press,'c'
31.883568048477173,key_press,'h'
32.0478515625,key_press,'e'
32.46312475204468,key_press,'p'
32.623671531677246,key_press,'p'
33.5942804813385,key_press,'u'
33.860960245132446,key_press,Key.space
35.22514224052429,key_press,'n'
35.915000438690186,key_press,'i'
36.170496463775635,key_press,Key.space
37.10427474975586,key_press,'k'
37.23294687271118,key_press,'a'
37.385170698165894,key_press,'n'
37.725863218307495,key_press,'t'
37.84924530982971,key_press,'a'
38.276514291763306,key_press,Key.space
38.89894080162048,mouse_move,"""783,1044"""
38.90673303604126,mouse_move,"""784,1044"""
38.913748264312744,mouse_move,"""785,1042"""
38.921602725982666,mouse_move,"""785,1041"""
38.92866635322571,mouse_move,"""785,1041"""
38.93080115318298,mouse_move,"""785,1040"""
38.93080115318298,mouse_move,"""787,1040"""
38.95001029968262,mouse_move,"""787,1039"""
39.35573649406433,key_press,'e'
39.63145160675049,key_press,'k'
39.79754185676575,key_press,'k'
40.08173370361328,key_press,'u'
40.542073249816895,key_press,'v'
40.628899574279785,key_press,'a'
40.89765548706055,key_press,Key.space
41.6208221912384,key_press,'e'
41.769296407699585,key_press,'e'
41.933011054992676,key_press,Key.space
42.47386837005615,key_press,'k'
42.60701322555542,key_press,'a'
42.91188907623291,key_press,'d'
43.26306509971619,key_press,'u'
43.52082896232605,key_press,Key.space
43.76829981803894,key_press,'n'
43.881081104278564,key_press,'a'
44.063254594802856,key_press,'k'
44.34865474700928,key_press,'u'
44.605684757232666,key_press,Key.space
44.786255836486816,key_press,'v'
44.91930651664734,key_press,'a'
45.23436236381531,key_press,'d'
45.589345932006836,key_press,'h'
45.72212862968445,key_press,'u'
46.02268075942993,key_press,Key.space
46.87645101547241,key_press,'i'
47.02656126022339,key_press,'n'
47.48734974861145,key_press,'k'
47.77538251876831,key_press,'a'
47.953659534454346,key_press,Key.space
48.1533260345459,key_press,'e'
48.34581017494202,key_press,'n'
48.430823802948,key_press,'n'
48.631009101867676,key_press,'t'
48.79727840423584,key_press,'i'
49.00378918647766,key_press,Key.space
49.23333954811096,key_press,'s'
49.48314666748047,key_press,'a'
49.672995805740356,key_press,'n'
50.097800493240356,key_press,'g'
50.259559869766235,key_press,'i'
50.56344223022461,key_press,'t'
50.700270891189575,key_press,'a'
51.00678610801697,key_press,'l'
51.327356815338135,key_press,'u'
51.58328700065613,key_press,Key.space
52.552196979522705,key_press,'a'
53.73005747795105,key_press,'i'
53.89765214920044,key_press,'n'
54.09237551689148,key_press,'i'
54.343130350112915,key_press,'k'
54.56906723976135,key_press,'u'
54.81780815124512,key_press,Key.space
54.9699547290802,key_press,'i'
55.153337478637695,key_press,'s'
55.35976195335388,key_press,'t'
55.482293128967285,key_press,'a'
55.5470232963562,key_press,'m'
55.75909233093262,key_press,Key.space
55.87848353385925,key_press,'a'
56.12263345718384,key_press,'i'
56.513352155685425,key_press,Key.space
57.01347827911377,key_press,'m'
57.17133331298828,key_press,'a'
57.74421501159668,key_press,'n'
58.21290564537048,key_press,'g'
58.42485046386719,key_press,'o'
58.469512701034546,key_press,'s'
58.67129683494568,key_press,Key.space
59.052958726882935,key_press,'a'
59.32605004310608,key_press,'d'
59.52001762390137,key_press,'n'
59.74908947944641,key_press,Key.space
60.39292907714844,key_press,'t'
60.50690317153931,key_press,'a'
60.90450859069824,key_press,'h'
61.1059889793396,key_press,'t'
61.2795090675354,key_press,'i'
61.544206857681274,key_press,Key.space
62.200133085250854,key_press,'m'
62.71599817276001,key_press,'u'
62.939701318740845,key_press,'n'
63.183313846588135,key_press,'g'
63.37176179885864,key_press,'u'
63.627631425857544,key_press,'l'
63.837353467941284,key_press,'u'
64.11156272888184,key_press,Key.space
64.69488310813904,key_press,'t'
64.87365102767944,key_press,'e'
65.3816294670105,key_press,'s'
65.66047811508179,key_press,'u'
66.04107642173767,key_press,'k'
66.26201033592224,key_press,'u'
66.56941294670105,key_press,'c'
66.71616911888123,key_press,'a'
67.4097375869751,key_press,'c'
67.55344462394714,key_press,'h'
67.61672019958496,key_press,'a'
67.93240356445312,key_press,'r'
68.12538719177246,key_press,'a'
68.20910382270813,key_press,Key.space
69.61704444885254,key_press,'n'
70.39723086357117,key_press,'a'
70.60800004005432,key_press,'b'
70.88018488883972,key_press,'v'
71.448073387146,key_press,'u'
71.64141917228699,key_press,'n'
71.86951231956482,key_press,'u'
72.06880593299866,key_press,Key.space
72.67950868606567,key_press,'n'
72.84417867660522,key_press,'i'
73.12093234062195,key_press,'k'
73.33897399902344,key_press,'u'
73.568843126297,key_press,Key.space
74.0124626159668,key_press,'e'
74.12178564071655,key_press,'n'
74.24840807914734,key_press,'t'
74.39310622215271,key_press,'a'
74.5247392654419,key_press,Key.space
75.00853610038757,key_press,'r'
75.14387583732605,key_press,'a'
75.31087470054626,key_press,Key.space
75.64609456062317,key_press,'r'
75.77391219139099,key_press,'a'
76.14158201217651,key_press,'n'
76.28337717056274,key_press,'k'
76.52003765106201,key_press,Key.space
76.94465899467468,key_press,'j'
77.1129539012909,key_press,'e'
77.32430982589722,key_press,'e'
77.47116088867188,key_press,Key.space
78.08513927459717,key_press,'l'
78.33039975166321,key_press,'o'
78.58777904510498,key_press,Key.space
79.25187659263611,key_press,'m'
79.35060787200928,key_press,'a'
79.52859854698181,key_press,'n'
79.87718677520752,key_press,'c'
80.12699365615845,key_press,'h'
80.24218201637268,key_press,'i'
80.54863333702087,key_press,'g'
80.69514012336731,key_press,'i'
80.87114596366882,key_press,'a'
81.12859106063843,key_press,Key.space
81.94664359092712,key_press,'v'
82.08769845962524,key_press,'a'
82.28811860084534,key_press,'n'
82.48281955718994,key_press,'c'
82.73721170425415,key_press,'h'
82.88039660453796,key_press,'i'
83.08153796195984,key_press,'n'
83.30647921562195,key_press,'f'
83.96175813674927,key_press,'d'
84.23074626922607,key_press,'h'
84.35005140304565,key_press,'i'
84.58727431297302,key_press,Key.space
84.74642252922058,key_press,'a'
84.9732825756073,key_press,'n'
85.22882294654846,key_press,'i'
85.43838286399841,key_press,Key.space
86.02131509780884,key_press,'v'
86.19227838516235,key_press,'i'
86.3766553401947,key_press,'n'
86.54649043083191,key_press,'n'
86.71232390403748,key_press,'a'
86.9197952747345,key_press,Key.space
88.62812280654907,key_press,'s'
89.10957431793213,key_press,'a'
89.3502094745636,key_press,'r'
89.46877002716064,key_press,'e'
89.63763761520386,key_press,Key.space
90.05148696899414,key_press,'a'
91.100257396698,key_press,'g'
91.32639360427856,key_press,'u'
91.46880960464478,key_press,'u'
91.72325110435486,key_press,Key.space
92.23976707458496,key_press,'k'
92.48331904411316,key_press,'o'
92.72251415252686,key_press,'n'
93.01255989074707,key_press,'c'
93.20188188552856,key_press,'h'
93.34694027900696,key_press,'a'
93.50416159629822,key_press,'m'
93.83030915260315,key_press,Key.space
94.16051769256592,key_press,'s'
94.4341299533844,key_press,'e'
94.72663927078247,key_press,'p'
95.0752182006836,key_press,'u'
95.36549043655396,key_press,Key.space
95.58148670196533,key_press,'a'
96.19999670982361,key_press,'y'
96.34592413902283,key_press,'i'
96.5811517238617,key_press,'n'
96.74476671218872,key_press,'a'
96.93949222564697,key_press,Key.space
97.66139149665833,key_press,'t'
97.79391765594482,key_press,'a'
98.07597255706787,key_press,'r'
98.38152837753296,key_press,'u'
98.67102098464966,key_press,'v'
98.80422043800354,key_press,'a'
99.02766966819763,key_press,'t'
99.1494653224945,key_press,'h'
99.26155018806458,key_press,'a'
99.46268653869629,key_press,Key.space
99.84703803062439,key_press,'c'
100.17872405052185,key_press,'a'
100.39394664764404,key_press,'l'
100.55073595046997,key_press,'l'
100.72671246528625,key_press,Key.space
100.92397618293762,key_press,'c'
101.08680629730225,key_press,'h'
101.18217754364014,key_press,'e'
101.39642858505249,key_press,'s'
101.62300086021423,key_press,'t'
101.76959323883057,key_press,'h'
101.76959323883057,key_press,'a'
102.09926462173462,key_press,Key.space
102.91137027740479,key_press,'m'
103.06995177268982,key_press,'a'
103.26308369636536,key_press,'l'
103.41600894927979,key_press,'l'
103.60185408592224,key_press,'i'
103.82239270210266,key_press,Key.space
104.53252577781677,key_press,'m'
104.68250465393066,key_press,'a'
104.82762217521667,key_press,Key.space
105.01033473014832,key_press,'v'
105.10745000839233,key_press,'a'
105.5094895362854,key_press,'l'
105.68611168861389,key_press,'l'
105.96453762054443,key_press,'u'
106.21173191070557,key_press,Key.space
106.54610896110535,key_press,'d'
106.73741912841797,key_press,'e'
106.90189409255981,key_press,'n'
107.09459447860718,key_press,'g'
107.30423188209534,key_press,'u'
107.49125289916992,key_press,'t'
107.65931177139282,key_press,'h'
107.66759467124939,key_press,'a'
108.19109749794006,key_press,'r'
108.34687566757202,key_press,'u'
108.59868144989014,key_press,Key.space
109.59605574607849,key_press,'a'
110.04563927650452,key_press,'s'
110.40062189102173,key_press,'o'
110.63234233856201,key_press,Key.space
111.2874505519867,key_press,'b'
112.17850661277771,key_press,'o'
112.32060956954956,key_press,'i'
112.50683259963989,key_press,'i'
112.61545443534851,key_press,'i'
112.87215733528137,key_press,Key.space
113.13505387306213,key_press,'b'
113.37787437438965,key_press,'o'
113.5661768913269,key_press,'i'
113.74459218978882,key_press,'i'
113.87255692481995,key_press,'i'
114.19742178916931,key_press,Key.enter
114.44917726516724,key_press,Key.ctrl_l
114.67578434944153,key_press,'\x03'
1.2558352947235107,mouse_move,"""1083,1081"""
1.2626194953918457,mouse_move,"""1082,1082"""
1.2709836959838867,mouse_move,"""1082,1082"""
1.2782018184661865,mouse_move,"""1081,1082"""
1.2840330600738525,mouse_move,"""1080,1082"""
1.2911465167999268,mouse_move,"""1079,1083"""
1.2994611263275146,mouse_move,"""1079,1083"""
1.3055157661437988,mouse_move,"""1077,1084"""
1.314326286315918,mouse_move,"""1076,1084"""
1.540635347366333,key_press,'h'
1.688565969467163,key_press,'i'
1.9800467491149902,key_press,Key.space
2.70110821723938,key_press,'a'
2.8555731773376465,key_press,'n'
3.157209634780884,key_press,'d'
3.3371617794036865,key_press,'h'
3.5573337078094482,key_press,'a'
3.8823485374450684,key_press,'r'
4.140929937362671,key_press,'u'
4.378766298294067,key_press,Key.space
5.031189203262329,key_press,'e'
5.256275653839111,key_press,'l'
5.326765775680542,key_press,'a'
5.82332706451416,key_press,'v'
6.034202337265015,key_press,'u'
6.276997089385986,key_press,'n'
6.449006080627441,key_press,'n'
6.483691453933716,key_press,'a'
6.693884372711182,key_press,'r'
6.886768817901611,key_press,'u'
7.157977819442749,key_press,Key.space
8.136660099029541,key_press,'b'
8.309795379638672,key_press,'a'
8.582093715667725,key_press,'f'
9.298275232315063,key_press,Key.backspace
9.474194288253784,key_press,'g'
9.539516925811768,key_press,'a'
9.782282829284668,key_press,Key.space
10.50704836845398,key_press,'t'
10.676849126815796,key_press,'i'
10.813287019729614,key_press,'n'
10.959829330444336,key_press,'t'
11.211260795593262,key_press,'u'
11.422102451324463,key_press,'n'
11.48439645767212,key_press,'a'
11.706512212753296,key_press,'r'
11.850301265716553,key_press,'a'
12.054259538650513,key_press,Key.space
13.090720653533936,key_press,'a'
13.216174602508545,key_press,'n'
13.41715931892395,key_press,'s'
13.57930326461792,key_press,'d'
13.875945806503296,key_press,'h'
14.132386445999146,key_press,'a'
14.303205013275146,key_press,'r'
14.509024381637573,key_press,'u'
14.757262229919434,key_press,Key.space
14.965642929077148,key_press,'b'
15.135418891906738,key_press,'a'
15.51122522354126,key_press,'g'
15.70506238937378,key_press,'g'
15.92786431312561,key_press,'u'
16.210803508758545,key_press,'n'
16.306697130203247,key_press,'a'
16.594230890274048,key_press,'e'
16.771089553833008,key_press,'r'
16.989989280700684,key_press,'a'
17.28608465194702,key_press,Key.space
18.159096002578735,key_press,'a'
19.35994291305542,key_press,'n'
19.519779920578003,key_press,'e'
19.71967101097107,key_press,'u'
19.898582220077515,key_press,Key.space
21.05866503715515,key_press,'e'
21.17499327659607,key_press,'k'
21.334673166275024,key_press,'k'
21.396655082702637,key_press,'a'
21.96590256690979,key_press,'e'
22.054829597473145,key_press,'d'
22.125235080718994,key_press,'a'
22.377554893493652,key_press,Key.space
22.790557622909546,key_press,'k'
23.1372389793396,key_press,'u'
23.550177812576294,key_press,'l'
23.66202712059021,key_press,'a'
23.89203977584839,key_press,'s'
24.086888790130615,key_press,'a'
24.601898431777954,key_press,'n'
24.701125621795654,key_press,'a'
25.19405460357666,key_press,'e'
25.357181549072266,key_press,Key.space
26.25042414665222,key_press,'m'
26.477211475372314,key_press,'i'
26.904595136642456,key_press,'e'
27.676571369171143,mouse_move,"""1076,1084"""
27.696019649505615,mouse_move,"""1077,1084"""
27.7108256816864,mouse_move,"""1077,1085"""
27.714916706085205,mouse_move,"""1078,1085"""
27.731927156448364,mouse_move,"""1078,1086"""
27.739555835723877,mouse_move,"""1078,1086"""
27.741552114486694,mouse_move,"""1079,1087"""
27.76015567779541,mouse_move,"""1080,1087"""
27.796931266784668,mouse_move,"""1080,1087"""
27.838419198989868,key_press,'r'
28.030903577804565,key_press,'u'
28.28776240348816,key_press,Key.space
28.442121982574463,key_press,'a'
28.65286660194397,key_press,'n'
29.159440517425537,key_press,'d'
29.337597131729126,key_press,'h'
29.40343165397644,key_press,'a'
29.662131547927856,key_press,'r'
30.22119164466858,key_press,'u'
30.48813009262085,key_press,Key.space
31.076374769210815,mouse_move,"""1080,1088"""
31.083713054656982,mouse_move,"""1082,1089"""
31.090397834777832,mouse_move,"""1083,1091"""
31.097917795181274,mouse_move,"""1085,1091"""
31.099074125289917,mouse_move,"""1086,1091"""
31.11323380470276,mouse_move,"""1088,1091"""
31.115215063095093,mouse_move,"""1089,1091"""
31.122672080993652,mouse_move,"""1093,1091"""
31.133527517318726,mouse_move,"""1096,1090"""
31.138561010360718,mouse_move,"""1100,1088"""
31.147490739822388,mouse_move,"""1104,1088"""
31.155038595199585,mouse_move,"""1109,1088"""
31.521186590194702,key_press,'k'
31.746759176254272,key_press,'u'
32.288094997406006,key_press,'l'
32.528700828552246,key_press,'a'
33.31664061546326,key_press,'s'
33.498507499694824,key_press,'e'
33.73185133934021,key_press,'a'
33.73847770690918,key_press,'n'
34.361138105392456,key_press,'a'
34.80836200714111,key_press,'n'
34.96916699409485,key_press,'a'
35.32819652557373,key_press,'n'
35.60128879547119,key_press,Key.space
35.91196870803833,key_press,'a'
36.13782978057861,key_press,'n'
36.30121469497681,key_press,'i'
36.53379678726196,key_press,Key.space
36.635730266571045,key_press,'a'
36.81608843803406,key_press,'n'
37.10752081871033,key_press,'u'
37.355119705200195,key_press,'k'
37.61270499229431,key_press,'u'
37.856494665145874,key_press,'n'
38.06335926055908,key_press,'n'
38.27418541908264,key_press,'a'
38.468005657196045,key_press,Key.space
38.9742271900177,key_press,'i'
39.405216455459595,key_press,'n'
39.65013003349304,key_press,'k'
39.943891763687134,key_press,'a'
40.08211135864258,key_press,Key.space
40.969135761260986,key_press,'a'
41.746288537979126,key_press,'a'
41.7657470703125,key_press,'n'
42.25034832954407,key_press,'d'
42.348142862319946,key_press,'h'
42.45637321472168,key_press,'a'
42.82092881202698,key_press,'r'
43.04616165161133,key_press,'u'
43.29730558395386,key_press,Key.space
43.85570025444031,key_press,'i'
44.088176250457764,key_press,'n'
44.265830755233765,key_press,'k'
44.43122839927673,key_press,'a'
44.54777956008911,key_press,Key.space
44.77862071990967,key_press,'a'
45.004305839538574,key_press,'l'
45.60224795341492,key_press,'s'
45.82710814476013,key_press,Key.space
46.418684005737305,key_press,'e'
47.00220489501953,key_press,'='
47.22101950645447,key_press,'v'
47.390830755233765,key_press,'u'
47.551820039749146,key_press,'n'
47.7097487449646,key_press,'n'
47.776122093200684,key_press,'a'
48.35272145271301,key_press,'r'
48.50893044471741,key_press,'u'
48.71888327598572,key_press,Key.space
49.40010380744934,key_press,'m'
49.61084532737732,key_press,'i'
49.85513162612915,key_press,'k'
50.09602499008179,key_press,'u'
50.30376696586609,key_press,Key.space
50.486876010894775,key_press,'i'
50.71583867073059,key_press,'n'
50.99960970878601,key_press,'t'
51.160537242889404,key_press,'l'
51.37777519226074,key_press,'o'
51.63888692855835,key_press,Key.space
51.905680656433105,key_press,'a'
52.10062837600708,key_press,'n'
52.3407883644104,key_press,'t'
52.47939658164978,key_press,'a'
52.682249546051025,key_press,Key.space
52.89618110656738,key_press,'b'
53.109946727752686,key_press,'a'
53.37442398071289,key_press,'g'
53.55857467651367,key_press,'u'
53.719435930252075,key_press,'u'
53.952850341796875,key_press,'n'
53.96921181678772,key_press,'a'
54.17815184593201,key_press,'n'
54.376863956451416,key_press,'r'
54.47412395477295,key_press,'a'
54.72081279754639,key_press,Key.space
55.12186670303345,key_press,'m'
55.26875114440918,key_press,'a'
55.60348033905029,key_press,Key.space
55.84112596511841,key_press,'i'
55.98661017417908,key_press,'n'
56.29692053794861,key_press,'t'
56.47202968597412,key_press,'l'
56.63270282745361,key_press,'o'
56.88042330741882,key_press,Key.space
57.162484884262085,key_press,'b'
57.31999659538269,key_press,'a'
57.699708700180054,key_press,'g'
57.85735011100769,key_press,'u'
58.259456157684326,key_press,'n'
58.43392610549927,key_press,'n'
58.54696440696716,key_press,'a'
58.774877309799194,key_press,'r'
59.049195766448975,key_press,'u'
59.33087873458862,key_press,Key.space
59.988757371902466,key_press,'a'
60.26321482658386,key_press,'n'
60.56799507141113,key_press,'d'
60.73016571998596,key_press,Key.space
61.378690004348755,key_press,'h'
61.6236367225647,key_press,'e'
61.774897813797,key_press,Key.space
62.05716586112976,key_press,'i'
62.25995922088623,key_press,'d'
62.40681576728821,key_press,Key.space
63.01959681510925,key_press,'v'
63.16606831550598,key_press,'e'
63.40440917015076,key_press,'r'
63.66945028305054,key_press,'y'
63.91850781440735,key_press,Key.space
65.20281314849854,key_press,'g'
65.44566917419434,key_press,'o'
65.58055233955383,key_press,'o'
66.00357556343079,key_press,'d'
66.16068363189697,key_press,Key.space
66.67464089393616,key_press,'b'
66.84913468360901,key_press,'o'
67.09598159790039,key_press,'y'
67.25435519218445,key_press,Key.space
67.41524863243103,key_press,'a'
67.63962697982788,key_press,'n'
67.78490042686462,key_press,'d'
67.97473454475403,key_press,Key.space
68.70008134841919,key_press,'a'
69.0088222026825,key_press,'b'
69.35877966880798,key_press,'h'
69.6291286945343,key_press,'k'
69.93650579452515,key_press,'j'
69.98084759712219,key_press,'o'
70.45513701438904,key_press,'n'
70.63796353340149,key_press,Key.space
71.06397199630737,key_press,'a'
71.30346870422363,key_press,'d'
71.46478295326233,key_press,'f'
71.5204496383667,key_press,'b'
71.8951690196991,key_press,'h'
72.02312731742859,key_press,'i'
72.2158088684082,key_press,'r'
72.35231518745422,key_press,'a'
72.51878690719604,key_press,'m'
72.7241530418396,key_press,Key.space
73.47790575027466,key_press,'c'
73.63254189491272,key_press,'h'
73.75364995002747,key_press,'u'
73.90089750289917,key_press,'n'
74.12547063827515,key_press,'d'
74.24154734611511,key_press,'u'
74.5466742515564,key_press,'r'
74.68361806869507,key_press,'u'
74.89424562454224,key_press,Key.space
75.67145562171936,key_press,'v'
75.8479118347168,key_press,'e'
75.99902129173279,key_press,'n'
76.14167976379395,key_press,'k'
76.26552391052246,key_press,'a'
76.48170852661133,key_press,'t'
76.70781993865967,key_press,'a'
76.73834300041199,key_press,Key.space
77.22056007385254,key_press,'a'
77.42049622535706,key_press,'n'
77.63848686218262,key_press,'b'
77.85495519638062,key_press,'h'
78.0128607749939,key_press,'i'
78.29716062545776,key_press,'t'
78.41162371635437,key_press,'a'
78.5713005065918,key_press,'m'
78.767995595932,key_press,Key.space
79.3248393535614,key_press,'d'
79.61072874069214,key_press,'b'
79.82101392745972,key_press,'v'
79.91318535804749,key_press,'e'
80.46684455871582,key_press,'n'
80.63037848472595,key_press,'k'
80.79003381729126,key_press,'a'
80.9564380645752,key_press,'u'
81.19938039779663,key_press,'g'
81.42777609825134,key_press,'n'
81.5218288898468,key_press,'d'
81.7337703704834,key_press,Key.space
82.53541779518127,mouse_move,"""1109,1088"""
82.53738045692444,mouse_move,"""1110,1089"""
82.54938745498657,mouse_move,"""1110,1091"""
82.55327606201172,mouse_move,"""1111,1093"""
82.56322050094604,mouse_move,"""1111,1095"""
82.57047152519226,mouse_move,"""1111,1097"""
82.57724738121033,mouse_move,"""1111,1097"""
82.57724738121033,mouse_move,"""1111,1100"""
82.59188866615295,mouse_move,"""1110,1102"""
82.598548412323,mouse_move,"""1110,1104"""
82.60183143615723,mouse_move,"""1108,1107"""
82.61081290245056,mouse_move,"""1106,1110"""
82.6202232837677,mouse_move,"""1105,1113"""
82.62667918205261,mouse_move,"""1103,1115"""
82.63405418395996,mouse_move,"""1102,1117"""
82.64150023460388,mouse_move,"""1101,1119"""
82.64755201339722,mouse_move,"""1101,1121"""
82.64921474456787,mouse_move,"""1100,1122"""
82.66204309463501,mouse_move,"""1100,1123"""
82.66654706001282,mouse_move,"""1100,1124"""
82.67694044113159,mouse_move,"""1100,1125"""
82.68388104438782,mouse_move,"""1100,1126"""
82.6902642250061,mouse_move,"""1100,1127"""
82.69552421569824,mouse_move,"""1101,1127"""
82.7050461769104,mouse_move,"""1102,1129"""
82.71192526817322,mouse_move,"""1104,1129"""
82.71192526817322,mouse_move,"""1106,1130"""
82.72704100608826,mouse_move,"""1108,1130"""
82.73481488227844,mouse_move,"""1109,1129"""
82.7361216545105,mouse_move,"""1112,1128"""
82.74653840065002,mouse_move,"""1115,1126"""
83.90163397789001,key_press,'c'
84.06119966506958,key_press,'h'
84.1938705444336,key_press,'u'
84.33952212333679,key_press,'n'
84.65395712852478,key_press,'d'
84.80946087837219,key_press,'u'
84.98940849304199,key_press,'r'
85.21531796455383,key_press,'u'
85.43337512016296,key_press,Key.space
86.1085364818573,key_press,'l'
86.22420310974121,key_press,'a'
86.37808752059937,key_press,'l'
86.58035969734192,key_press,'i'
86.76029992103577,key_press,'t'
86.92210698127747,key_press,'h'
87.1489269733429,key_press,Key.space
87.921053647995,key_press,'d'
88.23149943351746,key_press,'u'
88.5106611251831,key_press,'r'
88.76964902877808,key_press,'g'
88.88433408737183,key_press,'a'
89.09528160095215,key_press,Key.space
89.35361170768738,key_press,'p'
89.5738434791565,key_press,'r'
89.77167654037476,key_press,'e'
89.9421055316925,key_press,'e'
90.16685819625854,key_press,'t'
90.33408117294312,key_press,'h'
90.4236011505127,key_press,'a'
90.65420150756836,key_press,'m'
90.84035086631775,key_press,Key.space
91.06612944602966,key_press,'i'
91.21325206756592,key_press,'s'
91.3094527721405,key_press,Key.space
91.48329377174377,key_press,'a'
91.68196129798889,key_press,Key.space
92.90402507781982,key_press,'g'
93.08333492279053,key_press,'o'
93.21988105773926,key_press,'o'
93.46675133705139,key_press,'f'
93.86798071861267,key_press,Key.backspace
94.05313920974731,key_press,'d'
94.1892192363739,key_press,Key.space
94.79302144050598,key_press,'b'
95.08921384811401,key_press,'o'
95.3990433216095,key_press,'y'
95.63664197921753,key_press,Key.space
95.97821831703186,key_press,'a'
96.22280788421631,key_press,'k'
96.26279997825623,key_press,'d'
96.43977069854736,key_press,'f'
96.57157135009766,key_press,'j'
97.14135837554932,key_press,Key.space
97.66997003555298,key_press,'d'
97.92294549942017,key_press,'j'
98.1797468662262,key_press,'h'
98.51445579528809,key_press,'y'
98.7677640914917,key_press,'i'
99.1199254989624,key_press,'n'
99.50137066841125,key_press,Key.space
100.07032132148743,key_press,'a'
100.87386918067932,key_press,'h'
101.1546938419342,key_press,'e'
101.29670596122742,key_press,Key.space
101.46574115753174,key_press,'i'
101.69270300865173,key_press,'d'
101.84226202964783,key_press,Key.space
102.08909296989441,key_press,'t'
102.22760939598083,key_press,'h'
102.2634756565094,key_press,'e'
102.47007822990417,key_press,Key.space
103.79927849769592,key_press,'a'
104.09356999397278,key_press,'b'
104.26968216896057,key_press,'h'
104.3264479637146,key_press,'i'
104.4714457988739,key_press,'r'
104.59214282035828,key_press,'a'
104.77226448059082,key_press,'m'
104.94212007522583,key_press,Key.space
105.64990949630737,mouse_move,"""1118,1128"""
105.65679574012756,mouse_move,"""1121,1131"""
105.66164517402649,mouse_move,"""1123,1132"""
105.66665363311768,mouse_move,"""1124,1134"""
105.67793202400208,mouse_move,"""1126,1135"""
105.68015265464783,mouse_move,"""1127,1137"""
105.68751668930054,mouse_move,"""1129,1138"""
105.69460916519165,mouse_move,"""1131,1139"""
105.70545506477356,mouse_move,"""1133,1140"""
105.71060872077942,mouse_move,"""1135,1141"""
105.74458026885986,mouse_move,"""1136,1142"""
105.76355767250061,mouse_move,"""1136,1143"""
105.7751693725586,mouse_move,"""1136,1143"""
105.78340291976929,mouse_move,"""1136,1143"""
105.79088521003723,mouse_move,"""1136,1144"""
105.79481649398804,mouse_move,"""1135,1145"""
105.80673551559448,mouse_move,"""1134,1145"""
105.81088280677795,mouse_move,"""1133,1145"""
105.81088280677795,mouse_move,"""1132,1145"""
105.82588076591492,mouse_move,"""1131,1145"""
105.83138298988342,mouse_move,"""1130,1145"""
105.84203028678894,mouse_move,"""1129,1145"""
105.85571575164795,mouse_move,"""1129,1145"""
105.93587446212769,mouse_move,"""1129,1145"""
105.94282341003418,key_press,'i'
106.079106092453,key_press,'s'
106.21508407592773,key_press,Key.space
106.37345242500305,key_press,'a'
106.53600096702576,key_press,Key.space
106.95698237419128,key_press,'v'
107.11246299743652,key_press,'e'
107.83537149429321,key_press,'r'
107.97628879547119,key_press,'y'
108.1809344291687,key_press,Key.space
108.55760931968689,key_press,'g'
108.7814724445343,key_press,'o'
108.92985224723816,key_press,'o'
109.21641826629639,key_press,'d'
109.37660717964172,key_press,Key.space
109.5888831615448,key_press,'b'
109.73799324035645,key_press,'o'
110.69114875793457,key_press,Key.space
110.84205389022827,key_press,'y'
111.07405066490173,key_press,'a'
111.23743104934692,key_press,'n'
111.32603597640991,key_press,'d'
111.52443838119507,key_press,Key.space
112.86571955680847,key_press,'i'
113.03086733818054,key_press,Key.space
113.24765944480896,key_press,'a'
113.39251399040222,key_press,'m'
113.5752158164978,key_press,Key.space
114.28292679786682,key_press,'s'
114.60505557060242,key_press,'t'
114.8766520023346,key_press,'u'
115.02106022834778,key_press,'d'
115.37839865684509,key_press,'y'
115.51841115951538,key_press,'i'
115.72231960296631,key_press,'n'
115.9085693359375,key_press,'g'
116.04174852371216,key_press,Key.space
116.21189451217651,key_press,'i'
116.38482475280762,key_press,'n'
116.54388403892517,key_press,Key.space
116.70742917060852,key_press,'a'
116.84327864646912,key_press,'m'
116.98740220069885,key_press,'r'
117.11804747581482,key_press,'i'
117.35665845870972,key_press,'t'
117.46771049499512,key_press,'a'
117.58155226707458,key_press,Key.space
117.95456147193909,key_press,'a'
118.10123181343079,key_press,'m'
118.74727630615234,mouse_move,"""1129,1145"""
118.76250052452087,mouse_move,"""1129,1144"""
118.76650786399841,mouse_move,"""1129,1144"""
118.79178023338318,mouse_move,"""1128,1143"""
118.79178023338318,mouse_move,"""1127,1142"""
118.80032658576965,mouse_move,"""1126,1142"""
118.809396982193,mouse_move,"""1125,1142"""
118.81369829177856,mouse_move,"""1124,1141"""
118.82476687431335,key_press,'='
119.03612232208252,key_press,'v'
119.20283937454224,key_press,'i'
119.46271204948425,key_press,'s'
119.72043442726135,key_press,'h'
119.97483277320862,key_press,'w'
120.16479349136353,key_press,'a'
120.63198733329773,key_press,Key.space
121.00705432891846,key_press,'v'
121.13706040382385,key_press,'i'
121.36056709289551,key_press,'f'
121.93752694129944,key_press,'='
122.00851631164551,key_press,'d'
122.1955816745758,key_press,'d'
122.31622672080994,key_press,'h'
122.56737327575684,key_press,'y'
122.68181371688843,key_press,'a'
123.32123112678528,key_press,'p'
123.6238603591919,key_press,'r'
124.13144874572754,key_press,'e'
124.39818382263184,key_press,'t'
124.55794715881348,key_press,'t'
124.72082185745239,key_press,'a'
124.84796380996704,key_press,'h'
125.0822401046753,key_press,'m'
125.23758959770203,key_press,Key.space
125.93963694572449,key_press,'i'
126.0797266960144,key_press,'n'
126.2885673046112,key_press,Key.space
127.27427220344543,key_press,'c'
127.50096130371094,key_press,'i'
127.97430276870728,key_press,'m'
128.3421528339386,key_press,'b'
128.42601609230042,key_press,'a'
128.71123337745667,key_press,'t'
128.97532653808594,key_press,'o'
129.161696434021,key_press,'r'
129.2726080417633,key_press,'e'
129.48272156715393,key_press,Key.space
129.96892738342285,key_press,'a'
130.1416780948639,key_press,'n'
130.27406811714172,key_press,'d'
130.43070912361145,key_press,Key.space
131.30751180648804,key_press,'i'
131.51985025405884,key_press,Key.space
132.7470679283142,key_press,'w'
133.31692743301392,key_press,'a'
133.56326627731323,key_press,'m'
133.74888134002686,key_press,'e'
133.99100589752197,key_press,Key.space
134.21272921562195,key_press,'f'
134.32662177085876,key_press,'o'
134.46136593818665,key_press,'r'
134.6328523159027,key_press,Key.space
135.14113330841064,key_press,'v'
135.30476665496826,key_press,'i'
135.46799278259277,key_press,'j'
135.57971715927124,key_press,'a'
136.30788564682007,mouse_move,"""1122,1141"""
136.31591033935547,mouse_move,"""1118,1139"""
136.32266855239868,mouse_move,"""1112,1136"""
136.32699608802795,mouse_move,"""1106,1133"""
136.33279514312744,mouse_move,"""1099,1130"""
136.34307956695557,mouse_move,"""1093,1127"""
136.34823846817017,mouse_move,"""1086,1123"""
136.35718822479248,mouse_move,"""1078,1118"""
136.36580991744995,mouse_move,"""1069,1113"""
136.37246417999268,mouse_move,"""1060,1108"""
136.37654829025269,mouse_move,"""1049,1101"""
136.3848774433136,mouse_move,"""1039,1093"""
136.3942244052887,mouse_move,"""1025,1083"""
136.40143156051636,mouse_move,"""1010,1072"""
136.40795373916626,mouse_move,"""995,1060"""
136.41332578659058,key_press,'u'
136.41332578659058,mouse_move,"""977,1045"""
136.4218897819519,mouse_move,"""956,1029"""
136.42736315727234,mouse_move,"""938,1016"""
136.43609833717346,mouse_move,"""928,1007"""
136.43609833717346,key_press,'u'
136.4434792995453,mouse_move,"""920,997"""
136.44568967819214,key_press,'y'
136.45049118995667,mouse_move,"""916,990"""
136.53662943840027,key_press,'a'
136.89377760887146,key_press,'w'
137.21918988227844,key_press,'a'
137.56741881370544,key_press,'d'
137.75907611846924,key_press,'a'
137.92320466041565,key_press,Key.space
138.24399757385254,key_press,'a'
138.87500667572021,key_press,'t'
138.9857532978058,key_press,'o'
139.22211480140686,key_press,Key.space
139.56731152534485,key_press,'s'
139.9727087020874,key_press,'t'
140.15164756774902,key_press,'u'
140.32915425300598,key_press,'d'
140.58899092674255,key_press,'y'
140.79837942123413,key_press,Key.space
141.03153586387634,key_press,'i'
141.14212131500244,key_press,'n'
141.32643508911133,key_press,Key.space
141.5441210269928,key_press,'t'
141.7090721130371,key_press,'h'
141.8821942806244,key_press,'i'
142.06664276123047,key_press,'s'
142.25000047683716,key_press,Key.space
142.71156811714172,key_press,'a'
142.85380005836487,key_press,'m'
143.06265234947205,key_press,'a'
143.43535804748535,key_press,'z'
143.61469507217407,key_press,'o'
144.03578519821167,key_press,'i'
144.20035529136658,key_press,'n'
144.36713528633118,key_press,'g'
144.51772570610046,key_press,Key.space
144.93978595733643,key_press,'c'
145.43834471702576,key_press,'o'
145.63861632347107,key_press,'l'
145.75602650642395,key_press,'l'
145.93177819252014,key_press,'e'
146.2039315700531,key_press,'g'
146.35910034179688,key_press,'e'
146.52304887771606,key_press,Key.space
146.80609154701233,key_press,'a'
147.0162718296051,key_press,'n'
147.11060166358948,key_press,'d'
147.31624174118042,key_press,Key.space
148.0391399860382,key_press,'a'
148.90446734428406,mouse_move,"""916,990"""
148.90446734428406,mouse_move,"""918,990"""
148.9151382446289,mouse_move,"""921,990"""
148.92287850379944,mouse_move,"""922,990"""
148.9321300983429,mouse_move,"""924,990"""
148.93432021141052,mouse_move,"""926,990"""
148.94291925430298,mouse_move,"""927,990"""
148.9533567428589,mouse_move,"""928,990"""
148.96066737174988,mouse_move,"""929,990"""
148.96718525886536,mouse_move,"""929,990"""
148.97881722450256,mouse_move,"""930,990"""
149.00993084907532,mouse_move,"""930,990"""
149.013108253479,mouse_move,"""930,989"""
149.02043914794922,mouse_move,"""930,989"""
149.0336410999298,mouse_move,"""929,987"""
149.04546332359314,mouse_move,"""928,986"""
149.05236411094666,mouse_move,"""926,986"""
149.06005430221558,mouse_move,"""926,984"""
149.4588315486908,key_press,'i'
149.63882970809937,key_press,Key.space
149.8639841079712,key_press,'a'
149.9851942062378,key_press,'m'
150.1825692653656,key_press,Key.space
150.90734434127808,key_press,'h'
151.05531477928162,key_press,'u'
151.58838033676147,key_press,'g'
151.95017647743225,key_press,'u'
152.309983253479,key_press,'e'
152.5080292224884,key_press,Key.space
153.2065532207489,key_press,'f'
153.33293557167053,key_press,'a'
153.43409729003906,key_press,'n'
153.62140226364136,key_press,Key.space
153.78222584724426,key_press,'n'
153.89159679412842,key_press,'a'
154.15220069885254,key_press,'t'
154.33043766021729,key_press,'u'
154.45888471603394,key_press,'r'
154.5970549583435,key_press,'e'
154.7714581489563,key_press,'a'
154.83568215370178,key_press,Key.space
155.12998700141907,key_press,'d'
155.39720702171326,key_press,'n'
155.62221765518188,key_press,Key.space
156.00396418571472,key_press,'o'
156.38110494613647,key_press,'h'
156.54085087776184,key_press,'i'
156.77532267570496,key_press,'t'
156.89731192588806,key_press,'i'
157.42471194267273,key_press,'g'
157.71079540252686,key_press,'r'
157.92944860458374,key_press,'a'
158.15633273124695,key_press,'p'
158.41801404953003,key_press,'h'
159.00588846206665,key_press,'y'
159.17662811279297,key_press,Key.space
160.00306010246277,key_press,'f'
160.11288237571716,key_press,'o'
160.3490183353424,key_press,Key.space
160.5783131122589,key_press,'t'
161.2905514240265,key_press,Key.space
161.44604325294495,key_press,'i'
161.6214325428009,key_press,Key.space
162.16814064979553,key_press,'e'
162.57155394554138,key_press,'w'
162.76414012908936,key_press,'a'
162.93458557128906,key_press,'n'
163.05462384223938,key_press,'n'
163.18589520454407,key_press,'a'
163.3513412475586,key_press,Key.space
164.1971800327301,mouse_move,"""926,985"""
164.2066786289215,mouse_move,"""928,989"""
164.21045398712158,mouse_move,"""931,992"""
164.22037076950073,mouse_move,"""933,996"""
164.22445440292358,mouse_move,"""937,1000"""
164.23399901390076,mouse_move,"""939,1003"""
164.2419319152832,mouse_move,"""944,1009"""
164.2492799758911,mouse_move,"""946,1013"""
164.2560806274414,mouse_move,"""949,1016"""
164.2589409351349,mouse_move,"""951,1019"""
164.26878595352173,mouse_move,"""952,1021"""
164.50191164016724,key_press,'t'
165.15573120117188,mouse_move,"""953,1021"""
165.16642236709595,mouse_move,"""953,1021"""
165.17256450653076,mouse_move,"""955,1021"""
165.1801404953003,mouse_move,"""956,1021"""
165.18814158439636,mouse_move,"""956,1021"""
165.18814158439636,mouse_move,"""957,1021"""
165.20182466506958,mouse_move,"""958,1022"""
165.20934414863586,mouse_move,"""958,1022"""
165.21310687065125,mouse_move,"""959,1023"""
165.22162747383118,mouse_move,"""960,1023"""
165.23059630393982,mouse_move,"""961,1024"""
165.2351734638214,mouse_move,"""961,1024"""
165.238023519516,mouse_move,"""962,1024"""
165.25180625915527,mouse_move,"""964,1024"""
165.25407600402832,mouse_move,"""964,1024"""
165.26323413848877,mouse_move,"""965,1024"""
165.2734990119934,mouse_move,"""965,1025"""
165.27727890014648,mouse_move,"""967,1026"""
165.28601932525635,mouse_move,"""967,1026"""
165.29474425315857,mouse_move,"""968,1026"""
165.30166053771973,mouse_move,"""969,1027"""
165.3035068511963,mouse_move,"""971,1027"""
165.3158757686615,mouse_move,"""974,1028"""
165.31799626350403,mouse_move,"""977,1030"""
165.32567143440247,mouse_move,"""980,1033"""
165.33685398101807,mouse_move,"""981,1035"""
165.34285712242126,mouse_move,"""983,1037"""
165.3517129421234,mouse_move,"""984,1041"""
165.358473777771,mouse_move,"""984,1041"""
165.3786165714264,key_press,'o'
165.61819076538086,key_press,Key.space
165.76596212387085,key_press,'d'
165.8641972541809,key_press,'o'
166.15859961509705,key_press,Key.space
167.41156554222107,key_press,'t'
167.60602974891663,key_press,'h'
167.70631170272827,key_press,'o'
167.8721001148224,key_press,'s'
168.05379843711853,key_press,'e'
168.2308852672577,key_press,Key.space
168.41831231117249,key_press,'i'
168.56211185455322,key_press,'n'
168.80832290649414,key_press,Key.space
169.06957817077637,key_press,'t'
169.21912693977356,key_press,'h'
169.45511436462402,key_press,'a'
169.72008800506592,key_press,'t'
170.0930314064026,key_press,Key.space
170.3105115890503,key_press,'p'
170.4735507965088,key_press,'e'
170.57848000526428,key_press,'r'
170.89039611816406,key_press,'f'
171.05090069770813,key_press,'e'
171.344300031662,key_press,'c'
171.55036735534668,key_press,'t'
171.6822624206543,key_press,Key.space
172.0918653011322,key_press,'y'
172.31694412231445,key_press,'r'
172.516206741333,key_press,'a'
172.98077392578125,key_press,'t'
173.19035363197327,key_press,Key.space
173.88913559913635,key_press,'a'
174.05008459091187,key_press,'n'
174.323139667511,key_press,'d'
174.4948878288269,key_press,Key.space
175.10038375854492,key_press,'i'
175.23527836799622,key_press,'n'
175.55420875549316,key_press,Key.space
175.77406430244446,key_press,'e'
176.31190133094788,key_press,'t'
176.439799785614,key_press,'h'
176.5278823375702,key_press,'e'
176.67986297607422,key_press,Key.space
177.70879125595093,mouse_move,"""986,1045"""
177.71826338768005,mouse_move,"""987,1049"""
177.725026845932,mouse_move,"""987,1051"""
177.72675681114197,mouse_move,"""987,1054"""
177.7393970489502,mouse_move,"""987,1056"""
177.74654507637024,mouse_move,"""986,1056"""
177.7542781829834,mouse_move,"""986,1056"""
177.76118421554565,mouse_move,"""983,1056"""
177.76515936851501,mouse_move,"""980,1056"""
177.77613759040833,mouse_move,"""980,1056"""
177.7825310230255,mouse_move,"""978,1056"""
177.80735731124878,mouse_move,"""978,1056"""
177.81562161445618,mouse_move,"""978,1056"""
177.82138013839722,mouse_move,"""979,1056"""
177.8314597606659,mouse_move,"""981,1057"""
177.83887434005737,mouse_move,"""983,1058"""
177.8457908630371,mouse_move,"""985,1059"""
177.84826850891113,mouse_move,"""985,1059"""
177.85974860191345,mouse_move,"""987,1060"""
177.8675036430359,mouse_move,"""988,1060"""
177.8712935447693,mouse_move,"""988,1060"""
177.90462732315063,mouse_move,"""988,1060"""
177.9178500175476,mouse_move,"""988,1060"""
177.92032265663147,mouse_move,"""986,1060"""
177.92885661125183,key_press,'i'
178.0626072883606,key_press,'n'
178.23634457588196,key_press,Key.space
178.73719787597656,key_press,'t'
178.84872794151306,key_press,'h'
178.97213315963745,key_press,'e'
179.1754059791565,key_press,Key.space
180.12006950378418,key_press,'y'
180.29217100143433,key_press,'r'
180.562246799469,key_press,'a'
181.05069994926453,key_press,'r'
181.24298095703125,key_press,Key.space
182.18016457557678,key_press,'j'
182.36060643196106,key_press,'i'
182.67865419387817,key_press,'h'
183.16438269615173,key_press,'b'
183.18122053146362,key_press,Key.space
183.33896207809448,key_press,Key.space
183.6932315826416,key_press,'j'
183.79429936408997,key_press,'f'
183.9038655757904,key_press,'a'
184.11633372306824,key_press,'n'
184.53601098060608,key_press,'v'
184.62418293952942,key_press,'h'
184.95433020591736,key_press,'o'
185.22374987602234,key_press,'s'
185.3196427822113,key_press,'m'
185.54934930801392,key_press,Key.space
185.95663189888,key_press,'c'
186.34168648719788,key_press,'h'
186.59507203102112,key_press,'a'
186.76606488227844,key_press,'h'
186.92954325675964,key_press,'s'
187.05872201919556,key_press,'d'
187.18297910690308,key_press,'f'
187.53438019752502,key_press,Key.space
187.74253869056702,key_press,'j'
187.90188431739807,key_press,'b'
188.12187838554382,key_press,'i'
188.36619305610657,key_press,'n'
188.62629079818726,key_press,Key.space
189.67401933670044,key_press,Key.ctrl_l
189.99239897727966,key_press,'\x03'
1.802319049835205,key_press,'h'
1.9274044036865234,key_press,'i'
2.135779857635498,key_press,Key.space
2.365063190460205,key_press,'r'
2.477992534637451,key_press,'a'
2.5921154022216797,key_press,Key.space
3.1258130073547363,key_press,'e'
3.267737865447998,key_press,'l'
3.4265096187591553,key_press,'a'
3.618192195892334,key_press,Key.space
3.913412094116211,key_press,'b'
4.330040454864502,key_press,'v'
4.796169757843018,key_press,'u'
4.991416692733765,key_press,'n'
5.1204259395599365,key_press,'a'
5.243818759918213,key_press,'v'
5.37575364112854,key_press,Key.space
5.8733460903167725,key_press,'b'
5.965936899185181,key_press,'a'
6.1776347160339355,key_press,'g'
6.275235176086426,key_press,'u'
6.435973405838013,key_press,'n'
6.6374852657318115,key_press,'v'
6.76797890663147,key_press,'a'
6.994837522506714,key_press,Key.space
7.75123405456543,key_press,'i'
7.944915294647217,key_press,'n'
8.204856157302856,key_press,'t'
8.335200548171997,key_press,'o'
8.546130180358887,key_press,'l'
8.744426012039185,key_press,'o'
8.955127239227295,key_press,Key.space
9.337262153625488,key_press,'a'
9.450599670410156,key_press,'n'
9.689457654953003,key_press,'d'
10.082706212997437,key_press,'h'
10.273778915405273,key_press,'a'
10.463833808898926,key_press,'r'
10.664057731628418,key_press,'u'
10.89045786857605,key_press,Key.space
11.113844871520996,key_press,'b'
11.227046728134155,key_press,'a'
11.837931871414185,key_press,'n'
11.980237007141113,key_press,'e'
12.106740236282349,key_press,Key.space
12.589797973632812,key_press,'v'
12.703595161437988,key_press,'u'
12.860425472259521,key_press,'n'
13.020136594772339,key_press,'a'
13.039713859558105,key_press,'n'
13.290613412857056,key_press,'r'
13.517595529556274,key_press,'a'
13.748732805252075,key_press,Key.space
14.92374062538147,key_press,'s'
15.02026915550232,key_press,'o'
15.246593952178955,key_press,Key.space
15.872479915618896,key_press,'i'
16.049999952316284,key_press,'n'
16.384392499923706,key_press,'k'
16.595746278762817,key_press,'a'
16.72552490234375,key_press,Key.space
16.892727375030518,key_press,'e'
17.03837513923645,key_press,'n'
17.75181746482849,key_press,'t'
17.843072175979614,key_press,'i'
18.007165908813477,key_press,Key.space
18.215883255004883,key_press,'r'
18.34544277191162,key_press,'a'
18.47868299484253,key_press,Key.space
19.20181441307068,key_press,'t'
19.347241640090942,key_press,'i'
19.510703325271606,key_press,'n'
19.765194416046143,key_press,'a'
20.060415506362915,key_press,'v'
20.166210174560547,key_press,'a'
20.388450384140015,key_press,Key.space
22.079521894454956,key_press,'e'
22.174469470977783,key_press,'m'
22.383371591567993,key_press,Key.space
22.699005842208862,key_press,'t'
22.82894730567932,key_press,'i'
22.988577604293823,key_press,'n'
23.136494159698486,key_press,'a'
23.409695148468018,key_press,'v'
23.564975023269653,key_press,'v'
23.726897954940796,key_press,Key.space
24.32877492904663,key_press,'a'
24.460415363311768,key_press,'n'
24.571701526641846,key_press,'d'
24.719014406204224,key_press,Key.space
25.97465991973877,key_press,'m'
26.071808338165283,key_press,'a'
26.186254501342773,key_press,Key.space
26.46555471420288,key_press,'i'
26.620159149169922,key_press,'n'
26.746071577072144,key_press,'t'
26.842182636260986,key_press,'i'
27.021838903427124,key_press,'l'
27.20128870010376,key_press,'i'
27.419426202774048,key_press,Key.space
28.422194480895996,key_press,'r'
28.56471562385559,key_press,'a'
28.740357160568237,key_press,'r'
28.8680477142334,key_press,'a'
29.10343885421753,key_press,Key.space
29.477818250656128,key_press,'e'
29.637131690979004,key_press,'p'
29.832191467285156,key_press,'p'
30.05980610847473,key_press,'u'
30.310946464538574,key_press,'d'
30.476257801055908,key_press,'h'
30.60133719444275,key_press,'u'
30.820471048355103,key_press,Key.space
30.848433017730713,key_press,'a'
31.090285062789917,key_press,'t'
31.780593872070312,key_press,Key.backspace
31.93769884109497,key_press,'y'
32.114001750946045,key_press,'i'
32.226810693740845,key_press,'a'
32.35670042037964,key_press,'n'
32.558565855026245,key_press,Key.space
33.73196840286255,key_press,'s'
33.95967197418213,key_press,'i'
34.16292214393616,key_press,Key.space
34.93243861198425,key_press,'h'
35.91781163215637,key_press,'j'
36.43762230873108,key_press,'e'
36.599427700042725,key_press,'n'
36.63102912902832,key_press,'n'
37.367802143096924,key_press,'n'
37.52987790107727,key_press,'i'
37.714386224746704,key_press,'j'
37.725914001464844,key_press,'j'
38.05574941635132,key_press,'l'
38.25172209739685,key_press,'c'
38.396783113479614,key_press,'n'
38.60671138763428,key_press,'e'
38.658198833465576,key_press,'i'
38.81917691230774,key_press,'h'
39.1647834777832,key_press,Key.space
39.43128681182861,key_press,'h'
39.44729423522949,key_press,'h'
39.47877788543701,key_press,'f'
39.73372459411621,key_press,'n'
39.99034023284912,key_press,'k'
40.22784495353699,key_press,'j'
40.6089928150177,key_press,'j'
40.891515493392944,key_press,'e'
41.22638392448425,key_press,'d'
41.49673509597778,key_press,'c'
41.78894090652466,key_press,'o'
41.879618883132935,key_press,'s'
42.351813077926636,key_press,Key.space
42.39091873168945,key_press,Key.space
42.63120913505554,key_press,'j'
42.735880613327026,key_press,'a'
42.940056800842285,key_press,'l'
42.95533275604248,key_press,'d'
43.24807357788086,key_press,'j'
43.91944360733032,key_press,'i'
43.95207476615906,key_press,'w'
44.16226840019226,key_press,'u'
44.33892607688904,key_press,'r'
44.709911823272705,key_press,'h'
44.9835889339447,key_press,'f'
45.20355486869812,key_press,'i'
45.36520457267761,key_press,'a'
45.39767551422119,key_press,'o'
45.8017897605896,key_press,'n'
45.965171337127686,key_press,'e'
45.99674725532532,key_press,'i'
46.12048101425171,key_press,'h'
46.41194295883179,key_press,'g'
46.64607787132263,key_press,Key.space
46.97683024406433,key_press,'a'
46.993303060531616,key_press,'d'
47.09017300605774,key_press,'k'
47.138888359069824,key_press,'f'
47.2120726108551,key_press,'h'
47.55325365066528,key_press,'j'
47.719770431518555,key_press,'o'
47.73076915740967,key_press,'o'
48.0875186920166,key_press,'e'
48.10390663146973,key_press,'w'
48.12205958366394,key_press,'w'
48.27530908584595,key_press,'n'
48.62128806114197,key_press,'b'
48.82355237007141,key_press,'u'
48.935593366622925,key_press,'v'
48.99937081336975,key_press,'h'
49.21306777000427,key_press,Key.space
49.92545294761658,key_press,'h'
50.410773277282715,key_press,'j'
50.88611459732056,key_press,'s'
51.04793572425842,key_press,'o'
51.26052284240723,key_press,Key.space
51.55542516708374,key_press,'i'
51.78199362754822,key_press,Key.space
52.008071184158325,key_press,'a'
52.13845777511597,key_press,'m'
52.31610631942749,key_press,Key.space
52.9338915348053,key_press,'i'
53.306288957595825,key_press,'s'
53.306288957595825,key_press,Key.space
53.9021430015564,key_press,'m'
54.220707654953,key_press,'e'
54.539616107940674,key_press,'g'
54.637028217315674,key_press,'h'
54.733235597610474,key_press,'a'
54.982909202575684,key_press,'n'
55.14850354194641,key_press,'a'
55.32856202125549,key_press,'a'
55.4986457824707,key_press,'a'
55.775803565979004,key_press,'a'
56.11575174331665,key_press,Key.space
56.3566529750824,key_press,'s'
56.488590240478516,key_press,'i'
56.83615040779114,key_press,'r'
56.99648404121399,key_press,'r'
58.22653079032898,key_press,'n'
58.47092270851135,key_press,'j'
58.681878328323364,key_press,'9'
59.13565683364868,key_press,'e'
59.26257371902466,key_press,'o'
59.44936680793762,key_press,'i'
59.96598505973816,key_press,'j'
60.44961190223694,key_press,Key.space
60.63119697570801,key_press,'v'
60.712438344955444,key_press,'h'
60.9225857257843,key_press,'b'
61.094379901885986,key_press,'a'
61.12593603134155,key_press,'i'
61.18934082984924,key_press,'d'
61.18934082984924,key_press,'s'
61.432950258255005,key_press,'j'
61.68364882469177,key_press,'n'
61.84577131271362,key_press,'c'
61.92664337158203,key_press,'k'
62.146729469299316,key_press,'p'
62.198846101760864,key_press,'a'
62.43804931640625,key_press,'i'
62.45266556739807,key_press,'e'
62.80697536468506,key_press,'r'
62.96920704841614,key_press,'i'
63.223039865493774,key_press,'n'
63.40770101547241,key_press,'n'
63.63850259780884,key_press,'i'
63.774598360061646,key_press,'t'
63.935781955718994,key_press,'j'
64.0978364944458,key_press,'d'
64.16900253295898,key_press,'j'
64.32872462272644,key_press,'l'
64.33252048492432,key_press,'k'
64.41332507133484,key_press,'g'
64.42957711219788,key_press,'j'
64.76042819023132,key_press,Key.space
64.965829372406,key_press,'u'
65.09308552742004,key_press,'9'
65.23690867424011,key_press,'u'
65.57470488548279,key_press,'w'
65.86402034759521,key_press,'o'
66.0417582988739,key_press,'i'
66.10726046562195,key_press,'t'
66.46356797218323,key_press,'h'
67.2740831375122,key_press,'d'
67.45078492164612,key_press,'j'
67.52697396278381,key_press,'f'
67.55341982841492,key_press,'f'
67.66727828979492,key_press,'n'
67.90832138061523,key_press,'i'
68.101975440979,key_press,'v'
68.71439909934998,key_press,'r'
68.80987477302551,key_press,'j'
69.12551879882812,key_press,'p'
69.38297748565674,key_press,'i'
69.7826178073883,key_press,'q'
69.87808775901794,key_press,'o'
70.40597081184387,key_press,Key.space
70.7077088356018,key_press,'j'
70.72478604316711,key_press,'g'
70.9287040233612,key_press,'i'
71.00190114974976,key_press,'g'
71.19344830513,key_press,'n'
71.59874510765076,key_press,'b'
71.79157519340515,key_press,'c'
72.17866253852844,key_press,'p'
72.30765581130981,key_press,'s'
72.42013764381409,key_press,'o'
72.73969578742981,key_press,'d'
73.04856514930725,key_press,'g'
73.08915710449219,key_press,'k'
73.26751184463501,key_press,'h'
73.3126745223999,key_press,'j'
73.34426689147949,key_press,'j'
73.55453872680664,key_press,'h'
73.81833410263062,key_press,'w'
74.04484391212463,key_press,'o'
74.31468296051025,key_press,'u'
74.62278485298157,key_press,Key.space
74.95086121559143,key_press,'h'
75.16191291809082,key_press,'i'
75.49843192100525,key_press,'8'
76.12785172462463,key_press,'v'
76.35301923751831,key_press,'g'
76.66177034378052,key_press,'a'
76.9616916179657,key_press,'d'
76.97788166999817,key_press,'i'
77.2537350654602,key_press,'j'
77.48825478553772,key_press,'c'
77.63548231124878,key_press,Key.space
77.85367131233215,key_press,'o'
77.9014401435852,key_press,'s'
77.95148372650146,key_press,'d'
78.48017287254333,key_press,'u'
78.49590706825256,key_press,'o'
78.6249098777771,key_press,'h'
78.64101767539978,key_press,'y'
78.92711615562439,key_press,'9'
78.97610878944397,key_press,'r'
79.1870424747467,key_press,'i'
79.39146375656128,key_press,'i'
79.65605568885803,key_press,'k'
79.68467998504639,key_press,'k'
79.85965466499329,key_press,'r'
79.93966269493103,key_press,'j'
80.28065085411072,key_press,'h'
80.30846571922302,key_press,'h'
80.58390855789185,key_press,Key.space
82.87376880645752,key_press,'o'
83.11503553390503,key_press,'s'
83.35542106628418,key_press,'n'
83.7279417514801,key_press,Key.space
84.41916370391846,key_press,'i'
84.60215926170349,key_press,'n'
84.63448739051819,key_press,'n'
84.76380753517151,key_press,'n'
85.09864330291748,key_press,'a'
85.22396397590637,key_press,Key.space
85.58212280273438,key_press,'t'
85.9296567440033,key_press,'e'
86.04272723197937,key_press,'h'
86.1554696559906,key_press,'i'
86.45470881462097,key_press,'r'
86.63320350646973,key_press,'a'
86.74593591690063,key_press,Key.space
87.10459494590759,key_press,'h'
87.29205989837646,key_press,'i'
87.55310344696045,key_press,'i'
87.91167044639587,key_press,'d'
87.94401121139526,key_press,'d'
88.04161548614502,key_press,'f'
88.07396483421326,key_press,'f'
88.09013509750366,key_press,'h'
88.21907424926758,key_press,'o'
88.21907424926758,key_press,'8'
88.41972160339355,key_press,'h'
88.61364960670471,key_press,'j'
88.71266269683838,key_press,'n'
88.88246440887451,key_press,'a'
88.9492404460907,key_press,'h'
88.98105216026306,key_press,'g'
89.12485456466675,key_press,'j'
89.26830649375916,key_press,Key.space
89.49250102043152,key_press,'i'
89.52622532844543,key_press,'i'
89.59030675888062,key_press,'h'
89.84211540222168,key_press,'e'
89.84211540222168,key_press,'w'
89.9416356086731,key_press,'i'
90.14288687705994,key_press,'a'
90.1482880115509,key_press,'s'
90.163982629776,key_press,'d'
90.41954946517944,key_press,Key.space
90.7212975025177,key_press,'i'
90.88229751586914,key_press,'h'
90.89609098434448,key_press,'g'
91.11856865882874,key_press,'l'
91.13475775718689,key_press,'k'
91.31390810012817,key_press,'g'
91.45982527732849,key_press,'e'
91.45982527732849,key_press,'n'
91.49242520332336,key_press,'w'
91.55741143226624,key_press,Key.space
91.64248037338257,key_press,'g'
91.90202379226685,key_press,'a'
91.9995493888855,key_press,'h'
92.07898879051208,key_press,'g'
92.1688461303711,key_press,'k'
92.20236158370972,key_press,';'
92.31645083427429,key_press,'j'
92.46258330345154,key_press,'a'
92.47854232788086,key_press,'w'
92.51052689552307,key_press,'e'
92.52638244628906,key_press,'e'
92.71530246734619,key_press,Key.space
93.33010840415955,key_press,Key.enter
93.96753740310669,key_press,Key.ctrl_l
94.41413235664368,key_press,'\x03'
0.9618957042694092,key_press,'h'
1.0529391765594482,key_press,'i'
1.3139684200286865,key_press,Key.space
1.530832052230835,key_press,'r'
1.639819622039795,key_press,'a'
1.720534324645996,key_press,Key.space
2.1423518657684326,key_press,'e'
2.234684944152832,key_press,'l'
2.3614540100097656,key_press,'a'
2.7734901905059814,key_press,'v'
2.874498128890991,key_press,Key.space
3.0312516689300537,key_press,'u'
3.2050156593322754,key_press,'n'
3.3452701568603516,key_press,'a'
3.4676032066345215,key_press,'v'
3.607097864151001,key_press,Key.space
4.079437971115112,key_press,'b'
4.158085823059082,key_press,'a'
4.3924596309661865,key_press,'g'
4.531862258911133,key_press,'u'
4.67706036567688,key_press,'n'
4.7958664894104,key_press,'v'
4.902368068695068,key_press,'a'
5.0672197341918945,key_press,Key.space
5.517646074295044,key_press,'r'
5.652109622955322,key_press,'a'
6.26507830619812,key_press,Key.space
6.436168670654297,key_press,'i'
6.545597791671753,key_press,'n'
6.742517709732056,key_press,'k'
6.900856018066406,key_press,'a'
7.031477212905884,key_press,Key.space
7.361810922622681,key_press,'n'
7.564897298812866,key_press,'e'
7.580933332443237,key_press,'j'
7.733496427536011,key_press,'b'
7.9095377922058105,key_press,'i'
8.281040906906128,key_press,Key.space
8.597620487213135,key_press,'s'
8.86069941520691,key_press,'e'
9.093346357345581,key_press,'n'
9.328803300857544,key_press,'s'
9.328803300857544,key_press,'o'
9.53186559677124,key_press,'n'
9.76607894897461,key_press,'d'
10.094281673431396,key_press,'t'
10.327864646911621,key_press,'i'
10.718981504440308,key_press,'i'
10.945431470870972,key_press,Key.space
11.313557863235474,key_press,'b'
11.513664245605469,key_press,'i'
11.710044622421265,key_press,'j'
11.865586042404175,key_press,'n'
12.093283414840698,key_press,'l'
12.33151125907898,key_press,'t'
12.506863117218018,key_press,Key.space
12.679320096969604,key_press,'i'
12.872608184814453,key_press,Key.space
13.409859657287598,key_press,'a'
13.679665803909302,key_press,'g'
13.971473693847656,key_press,'n'
14.593603372573853,key_press,'r'
14.756156206130981,key_press,'a'
14.852152347564697,key_press,Key.space
17.047779321670532,key_press,'n'
17.250996828079224,key_press,'n'
17.42035174369812,key_press,'k'
17.626647233963013,key_press,'a'
17.76534104347229,key_press,Key.space
18.130335092544556,key_press,'a'
18.390013217926025,key_press,'e'
18.603294849395752,key_press,Key.space
18.760531663894653,key_press,'a'
19.301064252853394,key_press,'n'
19.457916736602783,key_press,'k'
19.640769958496094,key_press,'n'
19.767639636993408,key_press,'i'
20.127893686294556,key_press,'d'
20.33761739730835,key_press,'l'
20.35906410217285,key_press,'l'
20.536142349243164,key_press,Key.space
20.773625135421753,key_press,Key.space
22.281548976898193,mouse_move,"""858,1115"""
22.30204129219055,mouse_move,"""854,1113"""
22.309108018875122,mouse_move,"""852,1111"""
22.316002368927002,mouse_move,"""848,1108"""
22.323002815246582,mouse_move,"""842,1106"""
22.433151960372925,key_press,'o'
22.624417781829834,key_press,'k'
22.890745878219604,key_press,'n'
23.719056844711304,key_press,'r'
23.893784761428833,key_press,'a'
24.109968423843384,key_press,Key.space
24.874460458755493,key_press,'l'
25.11020064353943,key_press,'k'
25.35438084602356,key_press,'j'
26.2517032623291,key_press,Key.space
29.249532461166382,key_press,'s'
29.390061855316162,key_press,'i'
29.651245594024658,key_press,Key.space
29.93786120414734,key_press,'u'
30.142595529556274,key_press,Key.space
30.578742742538452,key_press,'j'
30.746286392211914,key_press,'a'
30.868703365325928,key_press,Key.space
31.16954517364502,key_press,'r'
31.331242561340332,key_press,'a'
31.44968032836914,key_press,Key.space
32.01078963279724,key_press,'s'
32.20449995994568,key_press,'a'
32.625056743621826,key_press,'b'
32.73462510108948,key_press,'g'
32.84488320350647,key_press,'a'
33.187862157821655,key_press,'t'
33.42174029350281,key_press,'h'
33.48405575752258,key_press,'i'
33.70091223716736,key_press,'b'
34.06281781196594,key_press,'r'
34.19423842430115,key_press,'a'
34.2995548248291,key_press,Key.space
34.752620220184326,key_press,'j'
34.922571897506714,key_press,'h'
35.448314905166626,key_press,Key.space
52.223387002944946,key_press,'j'
52.39386606216431,key_press,'i'
52.45764899253845,key_press,'f'
52.493918657302856,key_press,'j'
52.547815799713135,key_press,'s'
52.60938239097595,key_press,'p'
52.642109870910645,key_press,'g'
52.66367769241333,key_press,'j'
52.751248836517334,key_press,'p'
52.76779127120972,key_press,'o'
52.800716161727905,key_press,'f'
52.845351696014404,key_press,'j'
52.923346757888794,key_press,'p'
53.514230728149414,key_press,'f'
53.62687134742737,key_press,'i'
53.686864137649536,key_press,'s'
53.71899747848511,key_press,'j'
54.23410415649414,key_press,Key.space
54.25418162345886,key_press,Key.space
55.17285633087158,key_press,'j'
55.39464712142944,key_press,'j'
55.56291842460632,key_press,'u'
55.863585233688354,key_press,'n'
56.03271245956421,key_press,'b'
56.159069299697876,key_press,'f'
56.34473276138306,key_press,'f'
56.378899812698364,key_press,'j'
56.56314539909363,key_press,'f'
56.6285080909729,key_press,'n'
56.6405143737793,key_press,'n'
56.74969816207886,key_press,'f'
56.81805896759033,key_press,'i'
56.85506868362427,key_press,'d'
56.93389368057251,key_press,'f'
57.219844818115234,key_press,Key.space
57.564241886138916,key_press,'h'
57.59706163406372,key_press,'f'
57.734044551849365,key_press,'i'
57.80956220626831,key_press,'j'
57.80956220626831,key_press,'f'
58.42538499832153,key_press,'e'
58.62440299987793,key_press,'e'
58.65610861778259,key_press,'h'
58.825979471206665,key_press,'a'
58.84343719482422,key_press,'o'
59.00360107421875,key_press,'a'
59.00360107421875,key_press,'j'
59.26298952102661,key_press,'n'
59.376646757125854,key_press,'d'
59.392435789108276,key_press,'s'
59.52874827384949,key_press,'f'
59.59346890449524,key_press,'d'
59.70404076576233,key_press,'f'
59.78462553024292,key_press,'d'
60.0217444896698,key_press,'v'
60.0957818031311,key_press,'f'
60.20505428314209,key_press,'j'
60.20505428314209,key_press,'k'
60.282175064086914,key_press,'b'
60.356773853302,key_press,'v'
60.41572856903076,key_press,'n'
60.57808065414429,key_press,'o'
60.593366861343384,key_press,'p'
60.75140571594238,key_press,'s'
60.75140571594238,key_press,'d'
60.77873778343201,key_press,'j'
60.83947563171387,key_press,'f'
60.967966079711914,key_press,Key.space
61.00968384742737,key_press,'f'
61.17273688316345,key_press,'b'
61.31367588043213,key_press,'v'
61.34214401245117,key_press,'h'
61.41136980056763,key_press,'s'
61.54442548751831,key_press,'f'
61.56058168411255,key_press,'f'
61.60882019996643,key_press,'d'
61.60882019996643,key_press,'s'
61.624491691589355,key_press,'j'
61.79647254943848,key_press,'n'
61.84400296211243,key_press,'f'
61.945478677749634,key_press,'e'
61.9861056804657,key_press,Key.space
62.0522198677063,key_press,'f'
62.12471675872803,key_press,'s'
62.17192983627319,key_press,'b'
62.22150135040283,key_press,'f'
62.28701567649841,key_press,'s'
62.28701567649841,key_press,'d'
62.35679745674133,key_press,'o'
62.40909028053284,key_press,'f'
62.486489057540894,key_press,'s'
62.50810980796814,key_press,'j'
62.686700105667114,key_press,Key.space
62.89948058128357,key_press,'z'
62.90854525566101,key_press,Key.space
63.01438355445862,key_press,'d'
63.03409790992737,key_press,'j'
63.09724545478821,key_press,'b'
63.23005962371826,key_press,'i'
63.2340669631958,key_press,'p'
63.24962401390076,key_press,'s'
63.28157687187195,key_press,'j'
63.32651925086975,key_press,'f'
63.483322620391846,key_press,'r'
63.672441482543945,key_press,'r'
63.73782539367676,key_press,Key.space
63.743409395217896,key_press,'w'
63.75584316253662,key_press,'e'
63.86123299598694,key_press,'g'
63.92176795005798,key_press,Key.space
63.954671144485474,key_press,'e'
63.96431803703308,key_press,'r'
64.06496906280518,key_press,'j'
64.06496906280518,key_press,'g'
64.1555233001709,key_press,'b'
64.1635582447052,key_press,'s'
64.28396129608154,key_press,'v'
64.43739295005798,key_press,'n'
64.53709769248962,key_press,'v'
64.61504435539246,key_press,Key.space
64.67731976509094,key_press,'f'
64.76498579978943,key_press,'v'
64.82987117767334,key_press,'h'
64.84831380844116,key_press,'s'
64.86857008934021,key_press,'d'
64.99893355369568,key_press,'f'
65.0331563949585,key_press,'d'
65.14247417449951,key_press,'c'
65.22163653373718,key_press,Key.space
65.2517921924591,key_press,'s'
65.26755619049072,key_press,'d'
65.36296916007996,key_press,'v'
65.42042374610901,key_press,'i'
65.45198631286621,key_press,'s'
65.56328511238098,key_press,'f'
65.5933928489685,key_press,'n'
65.66338872909546,key_press,'s'
65.73360919952393,key_press,Key.space
65.76782202720642,key_press,'v'
65.92316055297852,key_press,'f'
65.92316055297852,key_press,'u'
66.00907063484192,key_press,'v'
66.03008365631104,key_press,'b'
66.12603878974915,key_press,'d'
66.14175772666931,key_press,'f'
66.18002510070801,key_press,Key.space
66.3226809501648,key_press,'d'
66.3436529636383,key_press,'f'
66.3436529636383,key_press,'j'
66.42218041419983,key_press,'n'
66.43860697746277,key_press,'v'
66.5317018032074,key_press,'f'
66.59674787521362,key_press,Key.space
66.65883302688599,key_press,'v'
66.69136023521423,key_press,'s'
66.76820755004883,key_press,'v'
66.86878800392151,key_press,Key.space
66.9999213218689,key_press,'i'
67.07733988761902,key_press,'f'
67.09336400032043,key_press,'d'
67.15839958190918,key_press,Key.space
67.28019976615906,key_press,'f'
67.33296537399292,key_press,'j'
67.42213582992554,key_press,Key.space
67.57212996482849,key_press,'h'
67.5794370174408,key_press,'j'
67.61141562461853,key_press,'d'
67.6752724647522,key_press,Key.space
67.79940938949585,key_press,'i'
67.82456016540527,key_press,'f'
67.89851570129395,key_press,Key.space
67.90824556350708,key_press,'v'
67.98373818397522,key_press,'s'
68.11473608016968,key_press,'v'
68.22113823890686,key_press,'j'
68.31443405151367,key_press,'v'
68.37353253364563,key_press,Key.space
68.41103506088257,key_press,'s'
68.49361395835876,key_press,'o'
68.51249289512634,key_press,'j'
68.52292823791504,key_press,'v'
68.5778546333313,key_press,'d'
68.59350848197937,key_press,'f'
68.60979104042053,key_press,Key.space
68.73572039604187,key_press,'k'
68.75148844718933,key_press,'j'
68.79256224632263,key_press,'d'
68.79556727409363,key_press,'f'
68.82795667648315,key_press,'b'
68.92134284973145,key_press,'v'
69.00303387641907,key_press,'s'
69.01251101493835,key_press,'f'
69.08309602737427,key_press,Key.space
69.15772891044617,key_press,'v'
69.19028210639954,key_press,'f'
69.20627498626709,key_press,'s'
69.34291648864746,key_press,'v'
69.39191722869873,key_press,Key.space
69.44407320022583,key_press,'f'
69.4520754814148,key_press,'d'
69.55548334121704,key_press,'v'
69.66772484779358,key_press,'d'
69.67173147201538,key_press,'f'
69.7059965133667,key_press,Key.space
69.8625922203064,key_press,'j'
69.8801679611206,key_press,'f'
69.89094305038452,key_press,'d'
69.89943504333496,key_press,'z'
69.98656225204468,key_press,Key.space
70.08634996414185,key_press,'d'
70.09999489784241,key_press,'f'
70.1561188697815,key_press,'j'
70.26974081993103,key_press,'f'
70.27570104598999,key_press,'d'
70.34390258789062,key_press,'o'
70.38493752479553,key_press,'v'
70.43640637397766,key_press,Key.space
70.54584503173828,key_press,'k'
70.5559618473053,key_press,'j'
70.62608432769775,key_press,Key.space
70.6868987083435,key_press,'b'
70.83368301391602,key_press,'e'
70.85317325592041,key_press,'r'
70.87456798553467,key_press,'i'
71.0158257484436,key_press,Key.space
71.08877086639404,key_press,'d'
71.09274983406067,key_press,'f'
71.19904375076294,key_press,'j'
71.28299760818481,key_press,Key.space
71.30825448036194,key_press,'d'
71.393718957901,key_press,'b'
71.42087459564209,key_press,'i'
71.54681825637817,key_press,'d'
71.69003963470459,key_press,'n'
71.69378566741943,key_press,'k'
71.84113073348999,key_press,Key.space
71.90688490867615,key_press,'s'
71.93948268890381,key_press,'i'
71.99990892410278,key_press,'v'
72.12628746032715,key_press,Key.space
72.17259335517883,key_press,'s'
72.18257880210876,key_press,'f'
72.19256210327148,key_press,'j'
72.29664921760559,key_press,'v'
72.36057567596436,key_press,Key.space
72.41837644577026,key_press,'d'
72.43441534042358,key_press,'f'
72.49833798408508,key_press,'j'
72.5995762348175,key_press,Key.space
72.65756130218506,key_press,'f'
72.67355871200562,key_press,'d'
72.68930697441101,key_press,'i'
72.79716897010803,key_press,'v'
72.85982394218445,key_press,Key.space
72.8845329284668,key_press,'r'
73.03614926338196,key_press,'v'
73.08081984519958,key_press,'s'
73.09821844100952,key_press,'j'
73.30153131484985,key_press,'v'
73.45201683044434,key_press,'o'
73.45201683044434,key_press,'i'
73.46774387359619,key_press,'d'
73.49047303199768,key_press,'f'
73.62158155441284,key_press,'b'
73.66194820404053,key_press,Key.space
73.71359920501709,key_press,'d'
73.71860790252686,key_press,'f'
73.80758213996887,key_press,'j'
73.89220762252808,key_press,'b'
73.96909689903259,key_press,Key.space
74.06262135505676,key_press,'x'
74.07845616340637,key_press,'g'
74.0942313671112,key_press,'d'
74.15554714202881,key_press,'b'
74.28121089935303,key_press,'n'
74.29727578163147,key_press,'r'
74.32951521873474,key_press,'a'
74.34540057182312,key_press,'p'
74.56238412857056,key_press,'n'
74.58108592033386,key_press,'s'
74.73909616470337,key_press,'j'
74.75537061691284,key_press,'l'
74.77134871482849,key_press,'l'
74.81145811080933,key_press,'a'
74.91355180740356,key_press,Key.space
75.01808595657349,key_press,'i'
75.06205725669861,key_press,'w'
75.06205725669861,key_press,'e'
75.21969890594482,key_press,Key.space
75.23271489143372,key_press,'f'
75.42431879043579,key_press,'a'
75.48370695114136,key_press,'r'
75.63000559806824,key_press,'v'
75.6380124092102,key_press,Key.space
75.79648900032043,key_press,'i'
75.81744384765625,key_press,'o'
75.82980132102966,key_press,'f'
75.82980132102966,key_press,'d'
75.9524519443512,key_press,'v'
75.99002504348755,key_press,'n'
76.0470883846283,key_press,'d'
76.06515979766846,key_press,'f'
76.06515979766846,key_press,'z'
76.17384958267212,key_press,'v'
76.32327032089233,key_press,'d'
76.33414268493652,key_press,'f'
76.35954403877258,key_press,'i'
76.48452663421631,key_press,Key.space
76.49958753585815,key_press,'n'
76.61004090309143,key_press,'d'
76.62695598602295,key_press,'o'
76.73651790618896,key_press,'b'
76.97127223014832,key_press,'k'
76.99135780334473,key_press,'g'
76.99927401542664,key_press,'k'
77.11890387535095,key_press,'j'
77.13242387771606,key_press,'r'
77.28539371490479,key_press,'v'
77.37630844116211,key_press,'n'
77.40892267227173,key_press,Key.space
77.52031207084656,key_press,'d'
77.56201767921448,key_press,'j'
77.64024090766907,key_press,'b'
77.70448660850525,key_press,'b'
77.73052310943604,key_press,'f'
77.86772394180298,key_press,'f'
77.93092632293701,key_press,'e'
77.93882036209106,key_press,'w'
78.01606917381287,key_press,'i'
78.0933051109314,key_press,'f'
78.19574975967407,key_press,'j'
78.3119056224823,key_press,'g'
78.45714378356934,key_press,'f'
78.47026896476746,key_press,'d'
78.61310648918152,key_press,'g'
78.72045040130615,key_press,'r'
78.73653888702393,key_press,'n'
78.87499070167542,key_press,'t'
78.90887928009033,key_press,'i'
78.92339658737183,key_press,'t'
78.96775269508362,key_press,'w'
79.02778244018555,key_press,'j'
79.12747693061829,key_press,'f'
79.14340233802795,key_press,'o'
79.16935396194458,key_press,'p'
79.18688344955444,key_press,'s'
79.27953457832336,key_press,'j'
79.28967213630676,key_press,'d'
79.40599083900452,key_press,'p'
79.439199924469,key_press,'z'
79.45752263069153,key_press,'f'
79.48681688308716,key_press,'d'
79.57668209075928,key_press,'n'
79.6243417263031,key_press,'v'
79.75000953674316,key_press,'d'
79.78317499160767,key_press,'i'
79.78317499160767,key_press,'d'
79.89232873916626,key_press,'g'
79.89232873916626,key_press,'h'
80.03286504745483,key_press,'a'
80.04297137260437,key_press,'i'
80.05289578437805,key_press,'p'
80.17438626289368,key_press,'r'
80.18328785896301,key_press,'j'
80.49965739250183,key_press,'z'
80.62623429298401,key_press,'v'
80.78386759757996,key_press,'z'
80.8159728050232,key_press,'d'
80.82697749137878,key_press,'n'
80.94637632369995,key_press,'g'
80.95284080505371,key_press,'o'
80.9684739112854,key_press,'i'
81.04482102394104,key_press,'a'
81.06210017204285,key_press,'r'
81.06210017204285,key_press,'h'
81.16754412651062,key_press,'g'
81.21707892417908,key_press,'i'
81.29998517036438,key_press,'a'
81.42295980453491,key_press,'p'
81.45793890953064,key_press,'i'
81.54991436004639,key_press,'e'
81.57740473747253,key_press,'j'
81.6639986038208,key_press,'f'
81.8323392868042,key_press,'a'
81.84570121765137,key_press,'s'
81.85075330734253,key_press,'d'
81.87784337997437,key_press,'n'
82.00374627113342,key_press,'g'
82.05189847946167,key_press,"','"
82.12368321418762,key_press,'z'
82.17398285865784,key_press,'s'
82.196448802948,key_press,'d'
82.25074005126953,key_press,'n'
82.3432834148407,key_press,'v'
82.39210557937622,key_press,'i'
82.46935367584229,key_press,'s'
82.48576474189758,key_press,'a'
82.57860493659973,key_press,'f'
82.68531107902527,key_press,'a'
82.69431829452515,key_press,'e'
82.7045841217041,key_press,'w'
82.71514344215393,key_press,'p'
82.72418403625488,key_press,'i'
82.82993197441101,key_press,'f'
82.84572291374207,key_press,'j'
82.95556426048279,key_press,'a'
82.97125840187073,key_press,'s'
82.99933362007141,key_press,'l'
83.01554560661316,key_press,'k'
83.02641868591309,key_press,'d'
83.15677213668823,key_press,'n'
83.18888425827026,key_press,'g'
83.28088164329529,key_press,'o'
83.28088164329529,key_press,'i'
83.31742906570435,key_press,'a'
83.32643580436707,key_press,'s'
83.32743692398071,key_press,'r'
83.45297145843506,key_press,'g'
83.62702202796936,key_press,Key.space
85.3464674949646,key_press,Key.ctrl_l
85.58140540122986,key_press,'\x03'
