timestamp,event_type,value
3.285801410675049,key_press,Key.space
3.953481674194336,key_press,'i'
4.115375995635986,key_press,Key.space
4.392489194869995,key_press,'a'
4.562971591949463,key_press,'m'
4.748509407043457,key_press,Key.space
5.841798305511475,key_press,'a'
6.164901256561279,key_press,'b'
6.379078149795532,key_press,'h'
6.553826093673706,key_press,'i'
6.748308420181274,key_press,'r'
6.89492392539978,key_press,'a'
7.1043994426727295,key_press,'m'
7.3628034591674805,key_press,Key.space
7.902295351028442,key_press,'h'
8.072926044464111,key_press,'i'
8.364362001419067,key_press,Key.space
8.841915845870972,key_press,'e'
9.017984628677368,key_press,'v'
9.21656060218811,key_press,'e'
9.40150785446167,key_press,'r'
9.758798122406006,key_press,'y'
10.0197012424469,key_press,'o'
10.233834505081177,key_press,'n'
10.395625591278076,key_press,'e'
10.56817364692688,key_press,Key.space
12.647123575210571,key_press,'i'
12.924845695495605,key_press,Key.space
13.472589254379272,key_press,'c'
13.49408221244812,key_press,'a'
13.81713080406189,key_press,'m'
14.069983720779419,key_press,Key.space
14.713692903518677,key_press,'h'
14.950836420059204,key_press,'e'
15.066151142120361,key_press,'r'
15.290010213851929,key_press,'e'
15.48513126373291,key_press,Key.space
16.15077543258667,key_press,'m'
16.481791496276855,key_press,'e'
16.645272731781006,key_press,'e'
16.96092176437378,key_press,'t'
17.181781768798828,key_press,Key.space
17.506997108459473,key_press,'y'
17.68568754196167,key_press,'o'
17.930633306503296,key_press,'u'
18.14069652557373,key_press,Key.space
18.306971311569214,key_press,'a'
18.48267889022827,key_press,'l'
18.632885217666626,key_press,'l'
18.866838216781616,key_press,Key.space
19.07366943359375,key_press,'i'
19.222357511520386,key_press,'n'
19.435526371002197,key_press,Key.space
19.61282753944397,key_press,'a'
19.774356365203857,key_press,Key.space
21.613344192504883,key_press,'w'
21.84165596961975,key_press,'o'
22.112194776535034,key_press,'n'
22.38639807701111,key_press,'d'
22.59423065185547,key_press,'e'
22.72512650489807,key_press,'r'
23.105810165405273,key_press,'f'
23.961999893188477,key_press,'u'
24.2658371925354,key_press,'l'
24.52438497543335,key_press,Key.space
24.732544422149658,key_press,'e'
24.987743616104126,key_press,'v'
25.14919090270996,key_press,'e'
25.343496322631836,key_press,'f'
25.827467441558838,key_press,'i'
26.021605730056763,key_press,'n'
26.178406238555908,key_press,'g'
26.29948663711548,key_press,Key.space
26.537416458129883,key_press,'i'
26.702566146850586,key_press,'n'
26.93654775619507,key_press,Key.space
28.39297604560852,key_press,'l'
28.935131311416626,key_press,'o'
29.27668833732605,key_press,'n'
29.288738012313843,key_press,'n'
29.86429190635681,key_press,'d'
30.07465648651123,key_press,'o'
30.27897834777832,key_press,'n'
30.472473859786987,key_press,Key.space
30.98259711265564,key_press,'u'
31.832111358642578,key_press,'d'
32.0401246547699,key_press,'e'
32.196728229522705,key_press,'r'
32.40610647201538,key_press,Key.space
32.561421394348145,key_press,'t'
32.724807024002075,key_press,'h'
32.971242904663086,key_press,'e'
33.14875388145447,key_press,Key.space
33.6166672706604,key_press,'b'
33.867889165878296,key_press,'r'
34.14320969581604,key_press,'i'
34.48246097564697,key_press,'d'
34.69140291213989,key_press,'e'
34.93382740020752,key_press,'g'
35.096047163009644,key_press,'e'
35.33892321586609,key_press,Key.space
35.60151815414429,key_press,'o'
36.2597553730011,key_press,'f'
36.45254731178284,key_press,Key.space
36.60650658607483,key_press,'a'
36.86204743385315,key_press,'m'
37.161456823349,key_press,'a'
37.52620005607605,key_press,'z'
38.612242221832275,key_press,'i'
38.79710292816162,key_press,'n'
38.90959858894348,key_press,'g'
39.0837345123291,key_press,Key.space
40.166648149490356,key_press,'w'
40.370620012283325,key_press,'a'
40.62777805328369,key_press,'t'
40.79393768310547,key_press,'e'
40.951507806777954,key_press,'r'
41.18082618713379,key_press,'s'
41.481088399887085,key_press,Key.space
43.162500619888306,key_press,'n'
43.3770170211792,key_press,'o'
43.63002061843872,key_press,'w'
43.74533438682556,key_press,Key.space
44.392836570739746,key_press,'h'
44.639570474624634,key_press,'e'
44.77751088142395,key_press,'r'
45.18585968017578,key_press,'e'
45.43753170967102,key_press,Key.space
45.67416739463806,key_press,'i'
45.9654815196991,key_press,Key.space
46.25769901275635,key_press,'p'
46.48648428916931,key_press,'r'
46.64702129364014,key_press,'e'
46.902087688446045,key_press,'s'
47.09606051445007,key_press,'e'
47.3350088596344,key_press,'n'
47.63594341278076,key_press,'t'
47.80511784553528,key_press,Key.space
48.565667152404785,key_press,'t'
48.73698091506958,key_press,'o'
49.0111038684845,key_press,Key.space
49.45715117454529,key_press,'y'
49.62730932235718,key_press,'o'
49.858908891677856,key_press,'u'
50.07818293571472,key_press,Key.space
50.32116961479187,key_press,'a'
50.67301607131958,key_press,'l'
50.87808871269226,key_press,'l'
51.11995506286621,key_press,Key.space
51.39880108833313,key_press,'o'
51.817509174346924,key_press,'u'
52.08394479751587,key_press,'r'
52.25745987892151,key_press,Key.space
52.95549130439758,key_press,'f'
53.09491324424744,key_press,'a'
54.4164559841156,key_press,'v'
56.35895824432373,key_press,'r'
56.61110591888428,key_press,'o'
57.463571548461914,key_press,'u'
57.726630210876465,key_press,'t'
57.88847279548645,key_press,'e'
58.09904432296753,key_press,Key.space
58.874067544937134,key_press,'m'
59.08268690109253,key_press,'e'
59.22971034049988,key_press,'m'
59.56776189804077,key_press,'b'
59.68075919151306,key_press,'e'
59.868879079818726,key_press,'r'
60.09397220611572,key_press,Key.space
61.97914791107178,key_press,'m'
62.83629131317139,key_press,'r'
63.363852739334106,key_press,'.'
63.56935954093933,key_press,'a'
63.76970362663269,key_press,'b'
63.97823452949524,key_press,'h'
64.2489767074585,key_press,'r'
64.96269702911377,key_press,'i'
65.20800828933716,key_press,'a'
65.43196415901184,key_press,'m'
65.64561557769775,key_press,Key.space
65.99880385398865,key_press,'c'
66.41752099990845,key_press,'h'
66.61317777633667,key_press,'u'
66.81370687484741,key_press,'n'
67.18293380737305,key_press,'d'
67.29031443595886,key_press,'u'
67.53371477127075,key_press,'r'
67.72774815559387,key_press,'u'
67.99703335762024,key_press,Key.space
68.5152862071991,key_press,'f'
68.73740148544312,key_press,'r'
68.91718125343323,key_press,'o'
69.1049473285675,key_press,'m'
69.30871319770813,key_press,Key.space
69.52811360359192,key_press,'i'
69.7495744228363,key_press,'n'
69.95856380462646,key_press,'i'
70.24687623977661,key_press,'d'
70.40861082077026,key_press,'i'
70.52678179740906,key_press,'a'
70.73436093330383,key_press,Key.space
71.23452544212341,key_press,'t'
71.42180299758911,key_press,'o'
71.64939332008362,key_press,Key.space
71.86853623390198,key_press,'i'
72.13901376724243,key_press,'n'
72.36434054374695,key_press,'i'
72.6768593788147,key_press,'t'
73.0392963886261,key_press,'i'
73.2059121131897,key_press,'a'
73.41665196418762,key_press,'t'
73.5907986164093,key_press,'e'
73.8031632900238,key_press,Key.space
73.98622298240662,key_press,'t'
74.16736197471619,key_press,'h'
74.26099276542664,key_press,'e'
74.47116541862488,key_press,Key.space
74.7978732585907,key_press,'m'
74.91239619255066,key_press,'e'
75.1982319355011,key_press,'e'
75.47503614425659,key_press,'t'
75.98071527481079,key_press,'n'
76.16082119941711,key_press,'g'
76.27469730377197,key_press,Key.space
76.71465277671814,key_press,'w'
76.96287846565247,key_press,'i'
77.14113092422485,key_press,'t'
77.28738975524902,key_press,'h'
77.49306964874268,key_press,Key.space
78.08753085136414,key_press,'u'
78.23377728462219,key_press,'s'
78.38083553314209,key_press,Key.space
78.50175380706787,key_press,'a'
78.73022079467773,key_press,'n'
79.00022673606873,key_press,'d'
79.17741870880127,key_press,Key.space
80.19662284851074,key_press,'t'
80.37734866142273,key_press,'a'
80.75875473022461,key_press,'k'
81.00437569618225,key_press,'e'
81.26460027694702,key_press,Key.space
82.08301496505737,key_press,'o'
82.55807328224182,key_press,'u'
82.82543277740479,key_press,'r'
82.98309350013733,key_press,Key.space
83.35366654396057,key_press,'s'
83.7138078212738,key_press,'h'
83.90842890739441,key_press,'o'
84.14675116539001,key_press,'w'
84.32444667816162,key_press,Key.space
84.75273370742798,key_press,'f'
84.97392296791077,key_press,'r'
85.07514810562134,key_press,'o'
85.84415984153748,key_press,'m'
86.04143905639648,key_press,Key.space
86.27730941772461,key_press,'h'
86.74036288261414,key_press,'e'
86.92233920097351,key_press,'r'
87.11546206474304,key_press,'e'
87.27117419242859,key_press,Key.space
87.61176204681396,key_press,Key.enter
88.25808358192444,key_press,Key.ctrl_l
88.75564241409302,key_press,Key.ctrl_l
88.78626322746277,key_press,Key.ctrl_l
88.82081389427185,key_press,Key.ctrl_l
88.83525514602661,key_press,Key.ctrl_l
88.86704206466675,key_press,Key.ctrl_l
88.91114544868469,key_press,Key.ctrl_l
88.94028830528259,key_press,Key.ctrl_l
88.96028256416321,key_press,Key.ctrl_l
89.000563621521,key_press,Key.ctrl_l
89.02641868591309,key_press,Key.ctrl_l
89.05907440185547,key_press,Key.ctrl_l
89.08789014816284,key_press,Key.ctrl_l
89.1202392578125,key_press,Key.ctrl_l
89.13670325279236,key_press,Key.ctrl_l
89.16821599006653,key_press,Key.ctrl_l
89.2135169506073,key_press,Key.ctrl_l
89.23341679573059,key_press,Key.ctrl_l
89.2737648487091,key_press,Key.ctrl_l
89.29832816123962,key_press,Key.ctrl_l
89.33045601844788,key_press,Key.ctrl_l
89.3627712726593,key_press,Key.ctrl_l
89.37951493263245,key_press,Key.ctrl_l
89.42333960533142,key_press,Key.ctrl_l
89.44552636146545,key_press,Key.ctrl_l
89.47153329849243,key_press,Key.ctrl_l
89.50810289382935,key_press,Key.ctrl_l
89.53678321838379,key_press,Key.ctrl_l
89.56918668746948,key_press,Key.ctrl_l
89.58544850349426,key_press,'\x03'
0.8053634166717529,mouse_move,"1315,1157"
0.8117477893829346,mouse_move,"1314,1157"
0.8188049793243408,mouse_move,"1313,1157"
0.8235671520233154,mouse_move,"1312,1157"
0.8361163139343262,mouse_move,"1311,1157"
0.848156213760376,mouse_move,"1311,1157"
0.8599772453308105,mouse_move,"1310,1157"
0.9085330963134766,mouse_move,"1310,1156"
1.121009111404419,mouse_move,"1310,1155"
1.1395995616912842,mouse_move,"1310,1155"
1.1457264423370361,mouse_move,"1310,1154"
1.1516554355621338,mouse_move,"1310,1153"
1.163487195968628,mouse_move,"1310,1153"
1.16996431350708,mouse_move,"1311,1152"
1.1759791374206543,mouse_move,"1311,1151"
1.182020664215088,mouse_move,"1313,1150"
1.188107967376709,mouse_move,"1313,1150"
1.1941730976104736,mouse_move,"1313,1149"
1.2060966491699219,mouse_move,"1314,1148"
1.212442398071289,mouse_move,"1315,1147"
1.2195351123809814,mouse_move,"1315,1147"
1.230238914489746,mouse_move,"1316,1146"
1.2363135814666748,mouse_move,"1316,1145"
1.2484636306762695,mouse_move,"1317,1145"
1.2548770904541016,mouse_move,"1319,1144"
1.272735595703125,mouse_move,"1320,1144"
1.2788078784942627,mouse_move,"1321,1143"
1.297593116760254,mouse_move,"1322,1143"
1.3034520149230957,mouse_move,"1323,1142"
1.3094699382781982,mouse_move,"1324,1142"
1.3194756507873535,mouse_move,"1324,1142"
1.333958387374878,mouse_move,"1325,1142"
1.3400464057922363,mouse_move,"1326,1141"
1.3462011814117432,mouse_move,"1326,1140"
1.3622429370880127,mouse_move,"1327,1140"
1.531787633895874,mouse_move,"1327,1140"
1.531787633895874,mouse_move,"1326,1140"
1.5465002059936523,mouse_move,"1325,1140"
1.5465002059936523,mouse_move,"1324,1141"
1.5465002059936523,mouse_move,"1321,1142"
1.565385341644287,mouse_move,"1318,1142"
1.565385341644287,mouse_move,"1316,1143"
1.5785324573516846,mouse_move,"1314,1144"
1.5785324573516846,mouse_move,"1312,1144"
1.5958106517791748,mouse_move,"1310,1144"
1.5958106517791748,mouse_move,"1308,1145"
1.610565423965454,mouse_move,"1307,1145"
1.610565423965454,mouse_move,"1306,1145"
1.6263813972473145,mouse_move,"1305,1146"
1.6263813972473145,mouse_move,"1303,1147"
1.6263813972473145,mouse_move,"1303,1147"
1.6445043087005615,mouse_move,"1302,1148"
1.6914448738098145,mouse_move,"1302,1148"
1.6945273876190186,mouse_move,"1302,1148"
1.707547903060913,mouse_move,"1302,1148"
1.707547903060913,mouse_move,"1302,1149"
1.7238950729370117,mouse_move,"1303,1149"
1.7238950729370117,mouse_move,"1304,1149"
1.7397119998931885,mouse_move,"1304,1149"
1.7397119998931885,mouse_move,"1305,1150"
1.7397119998931885,mouse_move,"1306,1150"
1.7554223537445068,mouse_move,"1307,1150"
1.7554223537445068,mouse_move,"1307,1150"
1.7718591690063477,mouse_move,"1308,1150"
1.78212308883667,mouse_move,"1310,1150"
1.784898281097412,mouse_move,"1310,1150"
1.784898281097412,mouse_move,"1311,1150"
1.800797462463379,mouse_move,"1312,1150"
1.800797462463379,mouse_move,"1312,1150"
1.8169467449188232,mouse_move,"1313,1150"
1.8198504447937012,mouse_move,"1315,1150"
1.8198504447937012,mouse_move,"1316,1149"
1.8327956199645996,mouse_move,"1317,1149"
1.8485515117645264,mouse_move,"1318,1149"
1.8485515117645264,mouse_move,"1318,1149"
1.896301507949829,mouse_move,"1318,1149"
1.896301507949829,mouse_move,"1318,1149"
1.9127984046936035,mouse_move,"1317,1149"
1.9288842678070068,mouse_move,"1315,1149"
1.9288842678070068,mouse_move,"1314,1149"
1.9451913833618164,mouse_move,"1314,1149"
1.9451913833618164,mouse_move,"1313,1149"
2.042060136795044,mouse_move,"1312,1149"
2.0582075119018555,key_press,'h'
2.1881368160247803,key_press,'i'
2.4221646785736084,key_press,Key.space
3.054838180541992,key_press,'i'
3.257206916809082,key_press,Key.space
3.388461112976074,key_press,'a'
3.5010619163513184,key_press,'m'
3.678596258163452,key_press,Key.space
3.7923049926757812,key_press,'a'
4.244229078292847,key_press,'b'
4.453025579452515,key_press,'h'
4.582285165786743,key_press,'i'
4.727787256240845,key_press,'r'
4.844571352005005,key_press,'a'
4.984571695327759,key_press,'m'
5.1642045974731445,key_press,Key.space
7.466316223144531,key_press,'a'
7.661171913146973,key_press,'n'
7.821133852005005,key_press,'d'
8.01516056060791,key_press,Key.space
8.545332193374634,key_press,'i'
8.725496053695679,key_press,Key.space
8.848808288574219,key_press,'a'
8.94411325454712,key_press,'m'
9.121234655380249,key_press,Key.space
10.045961618423462,key_press,'1'
10.749444723129272,key_press,'8'
11.04271936416626,key_press,Key.space
12.605847358703613,key_press,'y'
12.793960571289062,key_press,'e'
12.9559166431427,key_press,'a'
13.167653322219849,key_press,'r'
13.321088790893555,key_press,'s'
13.597756624221802,key_press,Key.space
14.002582550048828,key_press,'i'
15.391286849975586,key_press,Key.backspace
15.648420810699463,key_press,'o'
15.818740129470825,key_press,'l'
16.048324823379517,key_press,'d'
16.210158109664917,key_press,Key.space
17.26857304573059,key_press,'b'
17.47619366645813,key_press,'o'
17.74255871772766,key_press,'y'
17.89871644973755,key_press,Key.space
24.349258184432983,key_press,'a'
24.536309957504272,key_press,'d'
24.716647386550903,key_press,'n'
26.13562035560608,key_press,Key.space
26.581671714782715,key_press,'i'
26.815572023391724,key_press,Key.space
27.043333053588867,key_press,'n'
27.075796604156494,key_press,'n'
27.165414810180664,key_press,'e'
27.432822465896606,key_press,'n'
27.790671586990356,key_press,'d'
27.95675039291382,key_press,'d'
28.199512481689453,key_press,Key.space
33.241549253463745,key_press,'a'
33.53107714653015,key_press,'s'
33.7260057926178,key_press,'d'
34.14921736717224,key_press,Key.space
38.12022614479065,mouse_move,"1321,1148"
38.12022614479065,mouse_move,"1338,1144"
38.13889026641846,mouse_move,"1357,1142"
38.13889026641846,mouse_move,"1375,1139"
38.153213024139404,mouse_move,"1398,1134"
38.157748222351074,mouse_move,"1421,1131"
38.16740393638611,mouse_move,"1444,1126"
38.17440748214722,mouse_move,"1470,1123"
38.18174076080322,mouse_move,"1492,1119"
38.18513774871826,mouse_move,"1514,1116"
38.19578170776367,mouse_move,"1537,1113"
38.203022480010986,mouse_move,"1556,1110"
38.20998573303223,mouse_move,"1578,1107"
38.21630907058716,mouse_move,"1595,1103"
38.221667528152466,mouse_move,"1612,1101"
38.22710967063904,mouse_move,"1627,1099"
38.23253107070923,mouse_move,"1641,1096"
38.24634504318237,mouse_move,"1653,1093"
38.25212788581848,mouse_move,"1661,1091"
38.258219718933105,mouse_move,"1670,1089"
38.26320433616638,mouse_move,"1675,1088"
38.274654150009155,mouse_move,"1679,1087"
38.281774282455444,mouse_move,"1682,1087"
38.28789210319519,mouse_move,"1685,1086"
38.2938334941864,mouse_move,"1686,1086"
38.29985761642456,mouse_move,"1688,1086"
38.30555534362793,mouse_move,"1689,1085"
38.31713581085205,mouse_move,"1689,1085"
38.324448108673096,mouse_move,"1690,1085"
38.33134317398071,mouse_move,"1690,1085"
38.33532786369324,mouse_move,"1691,1085"
38.33532786369324,mouse_move,"1691,1088"
38.35300040245056,mouse_move,"1691,1092"
38.35953903198242,mouse_move,"1688,1099"
38.366779088974,mouse_move,"1686,1108"
38.37382936477661,mouse_move,"1680,1120"
38.378095388412476,mouse_move,"1673,1135"
38.384217500686646,mouse_move,"1664,1148"
38.3960816860199,mouse_move,"1652,1162"
38.39881253242493,mouse_move,"1637,1176"
38.409757137298584,mouse_move,"1619,1189"
38.41536593437195,mouse_move,"1602,1200"
38.42324995994568,mouse_move,"1579,1211"
38.42779874801636,mouse_move,"1556,1206"
38.432884216308594,mouse_move,"1528,1208"
38.446088552474976,mouse_move,"1501,1204"
38.45212364196777,mouse_move,"1475,1204"
38.4581778049469,mouse_move,"1452,1204"
38.463887453079224,mouse_move,"1429,1204"
38.47014093399048,mouse_move,"1409,1202"
38.481451988220215,mouse_move,"1393,1202"
38.488672494888306,mouse_move,"1379,1200"
38.494587659835815,mouse_move,"1366,1202"
38.50053000450134,mouse_move,"1356,1200"
38.50644874572754,mouse_move,"1347,1201"
38.51750993728638,mouse_move,"1338,1200"
38.52322840690613,mouse_move,"1332,1199"
38.530874490737915,mouse_move,"1326,1200"
38.53677678108215,mouse_move,"1322,1199"
38.54281663894653,mouse_move,"1317,1200"
38.54882740974426,mouse_move,"1312,1199"
38.557382106781006,mouse_move,"1308,1199"
38.5673885345459,mouse_move,"1303,1199"
38.5732638835907,mouse_move,"1300,1198"
38.5814745426178,mouse_move,"1295,1197"
38.585129499435425,mouse_move,"1293,1197"
38.591886043548584,mouse_move,"1290,1196"
38.603111028671265,mouse_move,"1287,1195"
38.6097457408905,mouse_move,"1284,1194"
38.61562418937683,mouse_move,"1284,1194"
38.623374223709106,mouse_move,"1283,1193"
38.62768840789795,mouse_move,"1282,1193"
38.63636517524719,mouse_move,"1282,1192"
38.63997840881348,mouse_move,"1281,1189"
38.65242624282837,mouse_move,"1278,1182"
39.62537407875061,mouse_move,"1274,1178"
39.63277268409729,mouse_move,"1270,1175"
39.63277268409729,mouse_move,"1265,1173"
39.63277268409729,mouse_move,"1261,1171"
39.64889693260193,mouse_move,"1259,1170"
39.64889693260193,mouse_move,"1256,1168"
39.6677463054657,mouse_move,"1252,1167"
39.6677463054657,mouse_move,"1249,1166"
39.68109941482544,mouse_move,"1246,1165"
39.68109941482544,mouse_move,"1245,1165"
39.68109941482544,mouse_move,"1242,1165"
39.697006940841675,mouse_move,"1241,1165"
39.697006940841675,mouse_move,"1239,1165"
39.712756872177124,mouse_move,"1237,1165"
39.72549748420715,mouse_move,"1237,1165"
39.729796409606934,mouse_move,"1236,1165"
39.729796409606934,mouse_move,"1234,1165"
39.74594068527222,mouse_move,"1234,1165"
39.761820554733276,mouse_move,"1233,1165"
39.81031346321106,mouse_move,"1232,1165"
39.87511682510376,mouse_move,"1232,1165"
39.906030893325806,mouse_move,"1231,1165"
39.92571401596069,mouse_move,"1230,1165"
39.93823742866516,mouse_move,"1229,1165"
39.93823742866516,mouse_move,"1229,1165"
39.95603632926941,mouse_move,"1228,1165"
39.95603632926941,mouse_move,"1227,1165"
39.97026252746582,mouse_move,"1226,1165"
39.97026252746582,mouse_move,"1224,1165"
39.988250732421875,mouse_move,"1223,1165"
39.99425673484802,mouse_move,"1221,1165"
39.99425673484802,mouse_move,"1219,1165"
39.99425673484802,mouse_move,"1217,1165"
40.01397728919983,mouse_move,"1214,1165"
40.01397728919983,mouse_move,"1211,1165"
40.02567195892334,mouse_move,"1210,1166"
40.02567195892334,mouse_move,"1208,1166"
40.04426145553589,mouse_move,"1206,1167"
40.04426145553589,mouse_move,"1204,1168"
40.057421922683716,mouse_move,"1202,1169"
40.057421922683716,mouse_move,"1200,1169"
40.07395005226135,mouse_move,"1200,1169"
40.07395005226135,mouse_move,"1199,1169"
40.07395005226135,mouse_move,"1197,1170"
40.08882164955139,mouse_move,"1197,1170"
40.105446100234985,mouse_move,"1197,1171"
40.105446100234985,mouse_move,"1196,1171"
40.1362829208374,mouse_move,"1195,1171"
40.68512964248657,mouse_move,"1196,1171"
40.68512964248657,mouse_move,"1196,1171"
40.68512964248657,mouse_move,"1198,1171"
40.70083570480347,mouse_move,"1199,1171"
40.70083570480347,mouse_move,"1199,1171"
40.71943473815918,mouse_move,"1201,1171"
40.71943473815918,mouse_move,"1202,1171"
40.7332808971405,mouse_move,"1202,1171"
40.74839973449707,mouse_move,"1203,1171"
40.74839973449707,mouse_move,"1203,1170"
40.7665650844574,mouse_move,"1204,1170"
40.81302881240845,mouse_move,"1204,1170"
40.8160183429718,mouse_move,"1205,1170"
40.8160183429718,mouse_move,"1206,1170"
40.8286395072937,mouse_move,"1207,1170"
40.8286395072937,mouse_move,"1208,1169"
40.847371339797974,mouse_move,"1209,1168"
40.847371339797974,mouse_move,"1211,1168"
40.86089634895325,mouse_move,"1213,1166"
40.86089634895325,mouse_move,"1214,1166"
40.876429319381714,mouse_move,"1215,1165"
40.876429319381714,mouse_move,"1217,1164"
40.892173290252686,mouse_move,"1219,1164"
40.892173290252686,mouse_move,"1219,1163"
40.892173290252686,mouse_move,"1220,1163"
40.91030669212341,mouse_move,"1222,1162"
40.92448687553406,mouse_move,"1222,1162"
40.92854595184326,mouse_move,"1223,1161"
40.941826820373535,mouse_move,"1224,1161"
40.97567343711853,mouse_move,"1224,1161"
40.97567343711853,mouse_move,"1225,1160"
40.988447189331055,mouse_move,"1226,1160"
41.02035403251648,mouse_move,"1227,1160"
41.028499603271484,mouse_move,"1227,1160"
41.054370403289795,mouse_move,"1228,1160"
41.06090474128723,mouse_move,"1228,1160"
41.06204557418823,mouse_move,"1229,1160"
41.17579507827759,mouse_move,"1229,1160"
41.19112992286682,mouse_move,"1230,1160"
41.19112992286682,mouse_move,"1231,1160"
41.20730996131897,mouse_move,"1232,1159"
41.20730996131897,mouse_move,"1232,1159"
41.22298765182495,mouse_move,"1233,1159"
41.228495597839355,mouse_move,"1234,1159"
41.23886466026306,mouse_move,"1234,1158"
41.23886466026306,mouse_move,"1235,1158"
41.23886466026306,mouse_move,"1237,1158"
41.25454545021057,mouse_move,"1238,1158"
41.25454545021057,mouse_move,"1240,1158"
41.270548820495605,mouse_move,"1242,1157"
41.270548820495605,mouse_move,"1243,1157"
41.286245584487915,mouse_move,"1245,1157"
41.286245584487915,mouse_move,"1245,1157"
41.301944971084595,mouse_move,"1247,1157"
41.301944971084595,mouse_move,"1249,1157"
41.301944971084595,mouse_move,"1250,1157"
41.31787443161011,mouse_move,"1251,1157"
41.328632831573486,mouse_move,"1252,1156"
41.33369159698486,mouse_move,"1252,1156"
41.33369159698486,mouse_move,"1253,1156"
41.349658250808716,mouse_move,"1254,1156"
41.365432024002075,mouse_move,"1254,1156"
41.39743447303772,mouse_move,"1255,1156"
41.41340780258179,mouse_move,"1256,1156"
41.428887605667114,mouse_move,"1257,1156"
41.428887605667114,mouse_move,"1257,1155"
41.44459509849548,mouse_move,"1258,1155"
41.44459509849548,mouse_move,"1259,1155"
41.4606397151947,mouse_move,"1259,1155"
41.4606397151947,mouse_move,"1260,1155"
41.476651668548584,mouse_move,"1261,1155"
41.476651668548584,mouse_move,"1262,1155"
41.49233889579773,mouse_move,"1262,1155"
41.50797128677368,mouse_move,"1263,1155"
41.50797128677368,mouse_move,"1264,1155"
41.50797128677368,mouse_move,"1264,1155"
41.52905011177063,mouse_move,"1265,1155"
41.54395031929016,mouse_move,"1266,1155"
41.54395031929016,mouse_move,"1266,1155"
41.55539011955261,mouse_move,"1268,1155"
41.57132387161255,mouse_move,"1270,1155"
41.57132387161255,mouse_move,"1270,1155"
41.58718752861023,mouse_move,"1272,1155"
41.59430646896362,mouse_move,"1274,1156"
41.59631299972534,mouse_move,"1275,1156"
41.59631299972534,mouse_move,"1276,1157"
41.61265277862549,mouse_move,"1278,1157"
41.61265277862549,mouse_move,"1279,1157"
41.62981724739075,mouse_move,"1281,1158"
41.62981724739075,mouse_move,"1282,1158"
41.64428400993347,mouse_move,"1284,1159"
41.64428400993347,mouse_move,"1285,1160"
41.64428400993347,mouse_move,"1287,1160"
41.66033339500427,mouse_move,"1288,1160"
41.66033339500427,mouse_move,"1289,1161"
41.676316261291504,mouse_move,"1289,1161"
41.676316261291504,mouse_move,"1290,1161"
41.6922812461853,mouse_move,"1291,1161"
41.6922812461853,mouse_move,"1291,1161"
41.708717346191406,mouse_move,"1292,1161"
41.71110510826111,mouse_move,"1294,1162"
41.71110510826111,mouse_move,"1294,1162"
41.72927665710449,mouse_move,"1295,1162"
41.72927665710449,mouse_move,"1297,1162"
41.73996877670288,mouse_move,"1298,1162"
41.73996877670288,mouse_move,"1300,1162"
41.755632400512695,mouse_move,"1301,1162"
41.755632400512695,mouse_move,"1303,1162"
41.771602392196655,mouse_move,"1305,1162"
41.771602392196655,mouse_move,"1306,1162"
41.771602392196655,mouse_move,"1309,1162"
41.787322759628296,mouse_move,"1310,1162"
41.787322759628296,mouse_move,"1313,1162"
41.80331587791443,mouse_move,"1315,1162"
41.80331587791443,mouse_move,"1317,1162"
41.819180965423584,mouse_move,"1319,1162"
41.823819637298584,mouse_move,"1321,1162"
41.83487558364868,mouse_move,"1322,1162"
41.83487558364868,mouse_move,"1323,1162"
41.83487558364868,mouse_move,"1325,1161"
41.85071277618408,mouse_move,"1325,1161"
41.85071277618408,mouse_move,"1326,1161"
41.868733644485474,mouse_move,"1327,1161"
41.882853507995605,mouse_move,"1328,1161"
41.899131536483765,mouse_move,"1329,1161"
41.915091037750244,mouse_move,"1330,1161"
41.915091037750244,mouse_move,"1331,1161"
41.930747509002686,mouse_move,"1333,1161"
41.94713020324707,mouse_move,"1334,1161"
41.94713020324707,mouse_move,"1335,1161"
41.962559938430786,mouse_move,"1337,1161"
41.962559938430786,mouse_move,"1338,1161"
41.978257179260254,mouse_move,"1340,1161"
41.978257179260254,mouse_move,"1341,1161"
41.978257179260254,mouse_move,"1343,1161"
41.9939169883728,mouse_move,"1345,1161"
41.9939169883728,mouse_move,"1346,1161"
42.01215124130249,mouse_move,"1347,1161"
42.01215124130249,mouse_move,"1349,1162"
42.02555441856384,mouse_move,"1350,1162"
42.0298125743866,mouse_move,"1351,1162"
42.0419864654541,mouse_move,"1352,1162"
42.0419864654541,mouse_move,"1352,1162"
42.0419864654541,mouse_move,"1353,1162"
42.05741000175476,mouse_move,"1354,1162"
42.07521986961365,mouse_move,"1354,1162"
42.088924169540405,mouse_move,"1355,1162"
42.10494542121887,mouse_move,"1356,1162"
42.11541128158569,mouse_move,"1357,1162"
42.1272919178009,mouse_move,"1357,1162"
42.13180756568909,mouse_move,"1358,1162"
42.14745354652405,mouse_move,"1359,1162"
42.163381814956665,mouse_move,"1359,1162"
43.89275598526001,mouse_move,"1359,1149"
43.89275598526001,mouse_move,"1356,1130"
43.908408880233765,mouse_move,"1351,1107"
43.908408880233765,mouse_move,"1350,1076"
43.92430067062378,mouse_move,"1346,1044"
43.92430067062378,mouse_move,"1342,1011"
43.94015622138977,mouse_move,"1338,979"
43.94015622138977,mouse_move,"1334,944"
43.95626902580261,mouse_move,"1332,912"
43.96364784240723,mouse_move,"1329,884"
43.97037720680237,mouse_move,"1327,852"
43.976768016815186,mouse_move,"1327,825"
43.98574709892273,mouse_move,"1327,797"
43.99261498451233,mouse_move,"1325,769"
43.99865651130676,mouse_move,"1326,738"
44.00495767593384,mouse_move,"1328,706"
44.010658979415894,mouse_move,"1330,678"
44.016517877578735,mouse_move,"1332,647"
44.028180837631226,mouse_move,"1338,611"
44.035090923309326,mouse_move,"1344,575"
44.04232358932495,mouse_move,"1352,538"
44.0470917224884,mouse_move,"1360,498"
44.053045988082886,mouse_move,"1369,458"
44.0614972114563,mouse_move,"1379,421"
44.07110595703125,mouse_move,"1389,383"
44.0785231590271,mouse_move,"1402,346"
44.084500551223755,mouse_move,"1412,308"
44.08950090408325,mouse_move,"1422,274"
44.09891200065613,mouse_move,"1434,240"
44.10661792755127,mouse_move,"1445,217"
44.11375117301941,mouse_move,"1453,196"
44.118844747543335,mouse_move,"1460,180"
44.12801909446716,mouse_move,"1467,168"
44.13462471961975,mouse_move,"1476,157"
44.5163893699646,mouse_move,"1476,189"
44.52547597885132,mouse_move,"1476,233"
44.53488206863403,mouse_move,"1476,287"
44.54245185852051,mouse_move,"1476,342"
44.54859709739685,mouse_move,"1476,399"
44.55628323554993,mouse_move,"1476,460"
44.56256937980652,mouse_move,"1476,518"
44.568716049194336,mouse_move,"1477,576"
44.577813386917114,mouse_move,"1477,630"
44.58517122268677,mouse_move,"1477,678"
44.592406034469604,mouse_move,"1477,725"
44.598482847213745,mouse_move,"1477,762"
44.60627603530884,mouse_move,"1477,797"
44.61291980743408,mouse_move,"1477,827"
44.61922788619995,mouse_move,"1477,851"
44.62800717353821,mouse_move,"1477,869"
44.63479733467102,mouse_move,"1477,886"
44.6388041973114,mouse_move,"1477,901"
44.6483256816864,mouse_move,"1475,916"
44.656251668930054,mouse_move,"1475,929"
44.6631019115448,mouse_move,"1475,943"
44.6694061756134,mouse_move,"1475,956"
44.67714166641235,mouse_move,"1475,967"
44.68522095680237,mouse_move,"1474,979"
44.69083309173584,mouse_move,"1474,991"
44.69691753387451,mouse_move,"1474,1004"
44.70295286178589,mouse_move,"1474,1014"
44.70894932746887,mouse_move,"1474,1028"
44.72018623352051,mouse_move,"1474,1039"
44.72729539871216,mouse_move,"1474,1052"
44.735509157180786,mouse_move,"1474,1062"
44.73933529853821,mouse_move,"1474,1074"
44.74491548538208,mouse_move,"1474,1084"
44.75686240196228,mouse_move,"1473,1094"
44.762895345687866,mouse_move,"1471,1103"
44.76973247528076,mouse_move,"1471,1111"
44.77583169937134,mouse_move,"1470,1120"
44.78439974784851,mouse_move,"1468,1129"
44.787872552871704,mouse_move,"1467,1136"
44.79911994934082,mouse_move,"1465,1143"
44.80624294281006,mouse_move,"1464,1148"
44.81187176704407,mouse_move,"1462,1154"
44.81771445274353,mouse_move,"1460,1160"
44.823747396469116,mouse_move,"1457,1164"
44.82984399795532,mouse_move,"1454,1170"
44.841968297958374,mouse_move,"1451,1174"
44.84805107116699,mouse_move,"1448,1178"
44.854103088378906,mouse_move,"1445,1181"
44.86022925376892,mouse_move,"1440,1186"
44.86618208885193,mouse_move,"1436,1190"
44.87228274345398,mouse_move,"1433,1193"
44.8844575881958,mouse_move,"1427,1197"
44.89060878753662,mouse_move,"1424,1199"
44.89660167694092,mouse_move,"1420,1201"
44.90269732475281,mouse_move,"1416,1202"
44.90868520736694,mouse_move,"1414,1199"
44.92052221298218,mouse_move,"1411,1200"
44.92693901062012,mouse_move,"1410,1200"
44.933056354522705,mouse_move,"1408,1200"
44.93909001350403,mouse_move,"1407,1199"
44.94513654708862,mouse_move,"1407,1199"
44.95122766494751,mouse_move,"1406,1200"
44.96348571777344,mouse_move,"1405,1199"
44.9875545501709,mouse_move,"1405,1199"
45.00591278076172,mouse_move,"1404,1199"
45.01798057556152,mouse_move,"1404,1199"
45.0419225692749,mouse_move,"1404,1200"
45.0547571182251,mouse_move,"1403,1199"
45.060845375061035,mouse_move,"1402,1199"
45.06691336631775,mouse_move,"1402,1200"
45.074387550354004,mouse_move,"1401,1199"
45.084789752960205,mouse_move,"1399,1199"
45.09088611602783,mouse_move,"1396,1199"
45.0969500541687,mouse_move,"1392,1199"
45.10297608375549,mouse_move,"1389,1198"
45.1121289730072,mouse_move,"1384,1197"
45.11576962471008,mouse_move,"1380,1196"
45.122610330581665,mouse_move,"1375,1195"
45.133899211883545,mouse_move,"1371,1193"
45.14018797874451,mouse_move,"1367,1191"
45.146064043045044,mouse_move,"1365,1190"
45.15219759941101,mouse_move,"1363,1189"
45.16332769393921,mouse_move,"1361,1188"
45.17018508911133,mouse_move,"1361,1188"
45.17595148086548,mouse_move,"1360,1188"
45.1820707321167,mouse_move,"1359,1187"
45.18816518783569,mouse_move,"1359,1186"
45.19415545463562,mouse_move,"1359,1185"
45.20620322227478,mouse_move,"1359,1185"
45.212337255477905,mouse_move,"1359,1183"
45.21843671798706,mouse_move,"1359,1181"
45.5043568611145,mouse_click,Button.left
46.12321138381958,mouse_move,"1350,1172"
46.12321138381958,mouse_move,"1333,1150"
46.14289379119873,mouse_move,"1309,1124"
46.15141415596008,mouse_move,"1283,1087"
46.15874886512756,mouse_move,"1253,1046"
46.16585946083069,mouse_move,"1219,995"
46.17294907569885,mouse_move,"1187,938"
46.17894244194031,mouse_move,"1153,881"
46.18657898902893,mouse_move,"1120,822"
46.190101146698,mouse_move,"1088,762"
46.20134472846985,mouse_move,"1058,696"
46.208892583847046,mouse_move,"1027,633"
46.214802980422974,mouse_move,"1000,574"
46.220683336257935,mouse_move,"976,515"
46.227039098739624,mouse_move,"955,463"
46.23776984214783,mouse_move,"939,415"
46.24451398849487,mouse_move,"926,378"
46.250715017318726,mouse_move,"917,350"
46.25665831565857,mouse_move,"908,328"
46.26297688484192,mouse_move,"904,315"
46.26989412307739,mouse_move,"899,304"
46.28065276145935,mouse_move,"897,295"
46.28678345680237,mouse_move,"894,288"
46.29274106025696,mouse_move,"893,284"
46.301613569259644,mouse_move,"892,281"
46.30456471443176,mouse_move,"891,279"
46.31095623970032,mouse_move,"891,278"
46.32316446304321,mouse_move,"891,276"
46.32918453216553,mouse_move,"891,276"
46.33670425415039,mouse_move,"891,275"
46.34255647659302,mouse_move,"891,274"
46.353376150131226,mouse_move,"891,274"
46.38370180130005,mouse_move,"891,274"
46.38981628417969,mouse_move,"893,274"
46.40197515487671,mouse_move,"896,275"
46.408021211624146,mouse_move,"901,278"
46.41418647766113,mouse_move,"905,280"
46.42015528678894,mouse_move,"911,284"
46.426095485687256,mouse_move,"917,287"
46.43231678009033,mouse_move,"923,292"
46.44504237174988,mouse_move,"927,295"
46.450520038604736,mouse_move,"931,299"
46.4577853679657,mouse_move,"936,302"
46.46258354187012,mouse_move,"938,304"
46.46833300590515,mouse_move,"939,306"
46.474770069122314,mouse_move,"941,307"
46.48653197288513,mouse_move,"942,309"
46.49292826652527,mouse_move,"942,310"
46.49900841712952,mouse_move,"942,311"
46.50510215759277,mouse_move,"942,313"
46.51121258735657,mouse_move,"941,314"
46.52295422554016,mouse_move,"940,315"
46.52939796447754,mouse_move,"938,315"
46.535874128341675,mouse_move,"936,315"
46.54181098937988,mouse_move,"934,315"
46.54776096343994,mouse_move,"928,314"
46.55403971672058,mouse_move,"922,311"
46.5660126209259,mouse_move,"916,306"
46.572529792785645,mouse_move,"911,298"
46.58018898963928,mouse_move,"905,291"
46.58732557296753,mouse_move,"899,283"
46.589677810668945,mouse_move,"893,273"
46.589677810668945,mouse_move,"888,262"
46.60877776145935,mouse_move,"883,251"
46.612152338027954,mouse_move,"877,237"
46.62307024002075,mouse_move,"872,225"
46.62307024002075,mouse_move,"866,212"
46.636674880981445,mouse_move,"864,198"
46.64503312110901,mouse_move,"861,186"
46.64503312110901,mouse_move,"860,176"
46.65232229232788,mouse_move,"858,167"
46.65232229232788,mouse_move,"857,162"
46.67215180397034,mouse_move,"857,155"
46.67215180397034,mouse_move,"857,152"
46.68378520011902,mouse_move,"857,149"
46.68378520011902,mouse_move,"857,146"
46.70128393173218,mouse_move,"857,144"
46.70128393173218,mouse_move,"858,143"
46.71555757522583,mouse_move,"860,141"
46.71555757522583,mouse_move,"860,140"
46.71555757522583,mouse_move,"861,139"
46.731364727020264,mouse_move,"862,139"
46.731364727020264,mouse_move,"862,138"
46.747074127197266,mouse_move,"864,137"
46.747074127197266,mouse_move,"865,135"
46.76278352737427,mouse_move,"866,135"
46.76278352737427,mouse_move,"867,134"
46.778486251831055,mouse_move,"869,133"
46.778486251831055,mouse_move,"870,131"
46.778486251831055,mouse_move,"871,131"
46.79446363449097,mouse_move,"873,129"
46.79446363449097,mouse_move,"873,128"
46.81013798713684,mouse_move,"874,127"
46.81013798713684,mouse_move,"875,127"
46.82583498954773,mouse_move,"875,126"
46.82583498954773,mouse_move,"875,125"
46.84536147117615,mouse_move,"875,125"
46.85748362541199,mouse_move,"875,122"
46.85748362541199,mouse_move,"875,120"
46.85748362541199,mouse_move,"875,117"
46.873385190963745,mouse_move,"875,112"
46.873385190963745,mouse_move,"872,103"
46.889206409454346,mouse_move,"871,94"
46.889206409454346,mouse_move,"868,84"
46.907910108566284,mouse_move,"868,72"
46.907910108566284,mouse_move,"866,62"
46.92164635658264,mouse_move,"864,52"
46.92356276512146,mouse_move,"862,41"
46.92356276512146,mouse_move,"860,31"
46.9370539188385,mouse_move,"859,23"
46.94524145126343,mouse_move,"858,17"
46.95377326011658,mouse_move,"857,12"
46.95377326011658,mouse_move,"857,9"
46.96840000152588,mouse_move,"856,6"
46.96840000152588,mouse_move,"856,5"
46.98421287536621,mouse_move,"856,4"
46.98421287536621,mouse_move,"856,3"
47.00034952163696,mouse_move,"856,3"
47.07915449142456,mouse_move,"856,3"
47.07915449142456,mouse_move,"856,3"
47.094910621643066,mouse_move,"857,5"
47.107261180877686,mouse_move,"857,6"
47.110557079315186,mouse_move,"858,9"
47.110557079315186,mouse_move,"859,12"
47.126283407211304,mouse_move,"860,16"
47.126283407211304,mouse_move,"860,19"
47.14208388328552,mouse_move,"861,24"
47.14562201499939,mouse_move,"862,27"
47.14562201499939,mouse_move,"862,31"
47.15782856941223,mouse_move,"862,33"
47.15782856941223,mouse_move,"862,34"
47.17382550239563,mouse_move,"862,36"
47.17382550239563,mouse_move,"862,36"
47.189783573150635,mouse_move,"862,37"
47.22140192985535,mouse_move,"862,38"
47.269816398620605,mouse_move,"862,39"
47.318603515625,mouse_move,"862,39"
47.704121828079224,mouse_click,Button.left
48.13406991958618,mouse_move,"862,41"
48.13406991958618,mouse_move,"862,42"
48.14751315116882,mouse_move,"862,45"
48.14751315116882,mouse_move,"862,48"
48.16385316848755,mouse_move,"861,51"
48.16385316848755,mouse_move,"861,56"
48.18140196800232,mouse_move,"860,61"
48.18140196800232,mouse_move,"859,68"
48.19505023956299,mouse_move,"858,77"
48.19505023956299,mouse_move,"857,84"
48.19505023956299,mouse_move,"856,89"
48.21092391014099,mouse_move,"855,94"
48.21092391014099,mouse_move,"855,100"
48.22706389427185,mouse_move,"854,102"
48.22706389427185,mouse_move,"853,105"
48.24337983131409,mouse_move,"853,108"
48.248398303985596,mouse_move,"853,109"
48.259278297424316,mouse_move,"853,110"
48.259278297424316,mouse_move,"852,111"
48.27524924278259,mouse_move,"852,112"
48.27524924278259,mouse_move,"852,112"
48.27524924278259,mouse_move,"852,113"
48.29167294502258,mouse_move,"851,113"
48.29167294502258,mouse_move,"851,114"
48.32381892204285,mouse_move,"851,114"
48.339542627334595,mouse_move,"850,114"
48.339988231658936,mouse_move,"849,114"
48.3482563495636,mouse_move,"848,115"
48.35518550872803,mouse_move,"845,115"
48.35518550872803,mouse_move,"842,115"
48.37118673324585,mouse_move,"840,115"
48.37118673324585,mouse_move,"837,115"
48.387933015823364,mouse_move,"833,115"
48.39077615737915,mouse_move,"830,114"
48.40310215950012,mouse_move,"827,113"
48.40310215950012,mouse_move,"824,112"
48.40310215950012,mouse_move,"820,111"
48.41966986656189,mouse_move,"817,111"
48.41966986656189,mouse_move,"815,111"
48.43575978279114,mouse_move,"812,110"
48.44427943229675,mouse_move,"810,110"
48.45173907279968,mouse_move,"808,109"
48.45173907279968,mouse_move,"806,108"
48.46759915351868,mouse_move,"803,107"
48.472163915634155,mouse_move,"801,107"
48.472163915634155,mouse_move,"800,106"
48.48387312889099,mouse_move,"798,106"
48.48387312889099,mouse_move,"795,105"
48.50144290924072,mouse_move,"794,105"
48.50144290924072,mouse_move,"792,104"
48.515931844711304,mouse_move,"790,104"
48.515931844711304,mouse_move,"789,104"
48.515931844711304,mouse_move,"788,104"
48.53193187713623,mouse_move,"787,104"
48.53193187713623,mouse_move,"786,104"
48.54856586456299,mouse_move,"785,104"
48.566162109375,mouse_move,"784,104"
48.88870549201965,mouse_move,"783,104"
48.88870549201965,mouse_move,"780,104"
48.90507769584656,mouse_move,"779,104"
48.90507769584656,mouse_move,"777,104"
48.9204580783844,mouse_move,"776,104"
48.9204580783844,mouse_move,"776,104"
48.93640637397766,mouse_move,"774,104"
48.948829889297485,mouse_move,"773,104"
48.95683145523071,mouse_move,"773,105"
49.016140937805176,mouse_move,"772,105"
49.21101427078247,mouse_click,Button.left
49.67900896072388,mouse_move,"778,115"
49.682011127471924,mouse_move,"792,132"
49.682011127471924,mouse_move,"808,153"
49.697876930236816,mouse_move,"828,173"
49.697876930236816,mouse_move,"848,195"
49.713754177093506,mouse_move,"871,218"
49.713754177093506,mouse_move,"897,244"
49.713754177093506,mouse_move,"922,267"
49.729856729507446,mouse_move,"948,291"
49.729856729507446,mouse_move,"973,312"
49.75046968460083,mouse_move,"998,334"
49.75789833068848,mouse_move,"1023,355"
49.76489877700806,mouse_move,"1043,374"
49.77189755439758,mouse_move,"1061,391"
49.77926969528198,mouse_move,"1080,406"
49.78626728057861,mouse_move,"1095,420"
49.7912757396698,mouse_move,"1108,431"
49.80075168609619,mouse_move,"1118,441"
49.80779695510864,mouse_move,"1131,449"
49.814728021621704,mouse_move,"1140,457"
49.82153248786926,mouse_move,"1149,464"
49.82884120941162,mouse_move,"1160,469"
49.83592247962952,mouse_move,"1168,474"
49.84319067001343,mouse_move,"1173,477"
49.850372552871704,mouse_move,"1179,481"
49.857481956481934,mouse_move,"1185,484"
49.86454129219055,mouse_move,"1189,486"
49.87152624130249,mouse_move,"1195,490"
49.878944873809814,mouse_move,"1199,493"
49.88566541671753,mouse_move,"1205,495"
49.89263558387756,mouse_move,"1209,498"
49.90052032470703,mouse_move,"1215,501"
49.90707874298096,mouse_move,"1219,504"
49.91410708427429,mouse_move,"1224,508"
49.921419620513916,mouse_move,"1228,514"
49.92819380760193,mouse_move,"1233,521"
49.93607497215271,mouse_move,"1240,532"
49.94246029853821,mouse_move,"1246,544"
49.950480937957764,mouse_move,"1251,559"
49.95745611190796,mouse_move,"1257,577"
49.964653968811035,mouse_move,"1262,600"
49.971821784973145,mouse_move,"1264,625"
49.97804641723633,mouse_move,"1265,653"
49.98585915565491,mouse_move,"1267,688"
49.99311828613281,mouse_move,"1267,725"
50.00058627128601,mouse_move,"1264,764"
50.0075843334198,mouse_move,"1262,805"
50.01463842391968,mouse_move,"1258,841"
50.02060866355896,mouse_move,"1254,876"
50.026423931121826,mouse_move,"1248,909"
50.03272986412048,mouse_move,"1243,932"
50.03864550590515,mouse_move,"1241,951"
50.05075263977051,mouse_move,"1238,966"
50.05689764022827,mouse_move,"1235,980"
50.063732624053955,mouse_move,"1233,989"
50.06897854804993,mouse_move,"1231,997"
50.074971199035645,mouse_move,"1230,1006"
50.080594062805176,mouse_move,"1229,1011"
50.09301996231079,mouse_move,"1227,1017"
50.09947347640991,mouse_move,"1227,1021"
50.10733199119568,mouse_move,"1225,1026"
50.11434030532837,mouse_move,"1224,1030"
50.11933994293213,mouse_move,"1224,1034"
50.12845325469971,mouse_move,"1223,1037"
50.13602137565613,mouse_move,"1223,1043"
50.142141819000244,mouse_move,"1222,1045"
50.149564266204834,mouse_move,"1222,1049"
50.15325570106506,mouse_move,"1222,1051"
50.160727977752686,mouse_move,"1222,1052"
50.165698528289795,mouse_move,"1222,1054"
50.18433666229248,mouse_move,"1222,1055"
50.22143578529358,mouse_move,"1221,1055"
50.228439807891846,mouse_move,"1220,1054"
50.23551392555237,mouse_move,"1220,1053"
50.24236607551575,mouse_move,"1219,1051"
50.249712228775024,mouse_move,"1219,1050"
50.25723338127136,mouse_move,"1218,1049"
50.26431965827942,mouse_move,"1217,1046"
50.27131795883179,mouse_move,"1217,1044"
50.278249740600586,mouse_move,"1216,1042"
50.2806875705719,mouse_move,"1216,1039"
50.2933931350708,mouse_move,"1216,1037"
50.29964208602905,mouse_move,"1216,1036"
50.30585789680481,mouse_move,"1217,1035"
50.31187868118286,mouse_move,"1217,1034"
50.31823015213013,mouse_move,"1218,1033"
50.32858347892761,mouse_move,"1221,1033"
50.33581209182739,mouse_move,"1223,1033"
50.34200716018677,mouse_move,"1227,1033"
50.3497850894928,mouse_move,"1233,1035"
50.354546546936035,mouse_move,"1238,1036"
50.360443353652954,mouse_move,"1242,1038"
50.3656587600708,mouse_move,"1246,1040"
50.378915786743164,mouse_move,"1251,1042"
50.38463759422302,mouse_move,"1253,1044"
50.39082598686218,mouse_move,"1255,1045"
50.40028762817383,mouse_move,"1257,1047"
50.40321063995361,mouse_move,"1258,1047"
50.41059446334839,mouse_move,"1258,1047"
50.427013635635376,mouse_move,"1259,1048"
50.435710430145264,mouse_move,"1260,1049"
50.442715883255005,mouse_move,"1260,1050"
50.450217485427856,mouse_move,"1260,1050"
50.45654606819153,mouse_move,"1260,1051"
50.46277952194214,mouse_move,"1261,1052"
50.46980309486389,mouse_move,"1261,1053"
50.475454568862915,mouse_move,"1261,1054"
50.48145389556885,mouse_move,"1261,1055"
50.49268102645874,mouse_move,"1261,1056"
50.49917435646057,mouse_move,"1261,1057"
50.505810499191284,mouse_move,"1261,1058"
50.51187205314636,mouse_move,"1261,1059"
50.51794719696045,mouse_move,"1261,1061"
50.52390480041504,mouse_move,"1261,1061"
50.54286074638367,mouse_move,"1261,1063"
50.55716419219971,mouse_move,"1261,1063"
50.559786319732666,mouse_move,"1261,1063"
50.58409357070923,mouse_move,"1261,1064"
50.59089255332947,mouse_move,"1261,1065"
50.596760988235474,mouse_move,"1260,1067"
51.01077628135681,mouse_move,"1252,1070"
51.02174234390259,mouse_move,"1241,1075"
51.027992486953735,mouse_move,"1231,1077"
51.03560781478882,mouse_move,"1221,1081"
51.04310655593872,mouse_move,"1208,1085"
51.049153327941895,mouse_move,"1198,1089"
51.05722427368164,mouse_move,"1188,1092"
51.06418514251709,mouse_move,"1179,1096"
51.07080292701721,mouse_move,"1170,1098"
51.078572511672974,mouse_move,"1163,1101"
51.08557105064392,mouse_move,"1155,1103"
51.09298133850098,mouse_move,"1148,1104"
51.099491357803345,mouse_move,"1141,1105"
51.10720443725586,mouse_move,"1136,1108"
51.11438250541687,mouse_move,"1132,1108"
51.12059807777405,mouse_move,"1128,1109"
51.12861609458923,mouse_move,"1124,1110"
51.13559126853943,mouse_move,"1121,1110"
51.14219784736633,mouse_move,"1117,1111"
51.149295806884766,mouse_move,"1114,1112"
51.154579401016235,mouse_move,"1111,1112"
51.160775899887085,mouse_move,"1110,1112"
51.16640877723694,mouse_move,"1107,1112"
51.17860817909241,mouse_move,"1105,1113"
51.185622692108154,mouse_move,"1105,1113"
51.19068264961243,mouse_move,"1103,1113"
51.19978475570679,mouse_move,"1102,1114"
51.20679068565369,mouse_move,"1101,1114"
51.22136116027832,mouse_move,"1099,1114"
51.2284574508667,mouse_move,"1099,1115"
51.233930349349976,mouse_move,"1098,1115"
51.24260449409485,mouse_move,"1097,1115"
51.24970102310181,mouse_move,"1096,1115"
51.25187373161316,mouse_move,"1095,1115"
51.263580560684204,mouse_move,"1094,1114"
51.27060127258301,mouse_move,"1093,1114"
51.27830100059509,mouse_move,"1092,1114"
51.28525638580322,mouse_move,"1090,1114"
51.29231810569763,mouse_move,"1089,1114"
51.306878089904785,mouse_move,"1087,1113"
51.320969581604004,mouse_move,"1086,1113"
51.3250617980957,mouse_move,"1086,1112"
51.342416286468506,mouse_move,"1085,1111"
51.34967756271362,mouse_move,"1083,1111"
51.356592655181885,mouse_move,"1083,1111"
51.36127519607544,mouse_move,"1081,1111"
51.37057638168335,mouse_move,"1080,1110"
51.37884736061096,mouse_move,"1080,1109"
51.38506293296814,mouse_move,"1078,1109"
51.392547607421875,mouse_move,"1077,1108"
51.39943552017212,mouse_move,"1075,1108"
51.40650677680969,mouse_move,"1074,1108"
51.413965463638306,mouse_move,"1073,1106"
51.421372413635254,mouse_move,"1071,1105"
51.42827582359314,mouse_move,"1070,1105"
51.43339657783508,mouse_move,"1070,1104"
51.441988945007324,mouse_move,"1069,1104"
51.44964861869812,mouse_move,"1067,1104"
51.45676517486572,mouse_move,"1066,1102"
51.46399688720703,mouse_move,"1066,1101"
51.470946073532104,mouse_move,"1065,1101"
51.47600722312927,mouse_move,"1064,1101"
51.48532199859619,mouse_move,"1064,1100"
51.492430210113525,mouse_move,"1063,1099"
51.500205993652344,mouse_move,"1062,1099"
51.51347613334656,mouse_move,"1062,1098"
51.52104139328003,mouse_move,"1062,1098"
51.62095856666565,mouse_move,"1061,1098"
51.63528847694397,mouse_move,"1061,1098"
51.64929437637329,mouse_move,"1061,1098"
51.650800704956055,mouse_move,"1061,1098"
51.650800704956055,mouse_move,"1060,1098"
51.66960430145264,mouse_move,"1059,1098"
51.67809748649597,mouse_move,"1059,1099"
51.68549680709839,mouse_move,"1059,1099"
51.68840765953064,mouse_move,"1058,1100"
51.69951605796814,mouse_move,"1057,1100"
51.7066216468811,mouse_move,"1057,1100"
51.713318824768066,mouse_move,"1056,1100"
51.727922439575195,mouse_move,"1055,1100"
51.73090696334839,mouse_move,"1054,1100"
51.749223470687866,mouse_move,"1054,1101"
51.76319766044617,mouse_move,"1054,1101"
51.806700229644775,mouse_move,"1053,1101"
51.83216857910156,mouse_move,"1052,1101"
51.86188316345215,mouse_move,"1052,1101"
51.93797826766968,mouse_move,"1052,1101"
52.171515703201294,mouse_click,Button.left
55.07830262184143,key_press,'k'
55.31580376625061,key_press,'e'
55.6579008102417,key_press,'y'
56.002323150634766,key_press,'s'
56.22900938987732,key_press,'t'
56.6413049697876,key_press,'r'
56.77530479431152,key_press,'o'
56.96739673614502,key_press,'k'
57.12011504173279,key_press,'e'
57.32250213623047,key_press,Key.space
59.404351234436035,key_press,'a'
59.597065448760986,key_press,'n'
59.763481855392456,key_press,'n'
59.90341782569885,key_press,'a'
60.0691282749176,key_press,'l'
60.51734232902527,key_press,'s'
61.13523554801941,key_press,Key.backspace
61.29236721992493,key_press,'y'
61.462923526763916,key_press,'s'
61.52949261665344,key_press,'i'
61.80711793899536,key_press,'s'
61.995585918426514,key_press,Key.space
62.838897943496704,key_press,'u'
62.97150731086731,key_press,'s'
63.135401248931885,key_press,'e'
63.350852966308594,key_press,'s'
63.63248014450073,key_press,Key.space
64.35542893409729,key_press,'m'
64.47213077545166,key_press,'a'
65.1655912399292,key_press,'c'
65.26935386657715,key_press,'h'
65.3843982219696,key_press,'i'
65.56243705749512,key_press,'n'
65.73773455619812,key_press,'e'
65.87382102012634,key_press,Key.space
66.94917106628418,key_press,'l'
67.21549439430237,key_press,'e'
67.38585758209229,key_press,'a'
67.5909481048584,key_press,'r'
67.82288908958435,key_press,'n'
68.1822600364685,key_press,'n'
68.37115597724915,key_press,'g'
68.5144419670105,key_press,Key.space
69.32055878639221,key_press,'t'
69.56195259094238,key_press,'o'
69.7746729850769,key_press,Key.space
70.11985063552856,key_press,'s'
70.32433795928955,key_press,'t'
70.62580823898315,key_press,'u'
70.98083662986755,key_press,'d'
71.3545355796814,key_press,'y'
71.55813455581665,key_press,Key.space
72.96300387382507,key_press,'h'
73.13667750358582,key_press,'o'
73.46608328819275,key_press,'w'
73.5883378982544,key_press,Key.space
73.78916883468628,key_press,Key.space
73.95530724525452,key_press,'a'
74.52796602249146,key_press,'p'
74.67544269561768,key_press,'e'
74.78119707107544,key_press,'r'
74.98334455490112,key_press,'s'
75.19063019752502,key_press,'o'
75.3871386051178,key_press,'n'
75.57372379302979,key_press,Key.space
76.58926749229431,key_press,'t'
77.05966472625732,key_press,'y'
77.94026160240173,key_press,'p'
78.2141125202179,key_press,'e'
78.5098659992218,key_press,'s'
78.74138140678406,key_press,Key.space
79.66147112846375,key_press,'o'
79.87515354156494,key_press,'n'
80.04096341133118,key_press,Key.space
80.25966286659241,key_press,'a'
80.62742447853088,key_press,Key.space
81.04154062271118,key_press,'k'
81.32949781417847,key_press,'e'
81.58897495269775,key_press,'y'
82.13176131248474,key_press,'b'
82.28928589820862,key_press,'o'
82.46585083007812,key_press,'a'
82.73529410362244,key_press,'r'
82.96694231033325,key_press,'d'
83.17123436927795,key_press,Key.space
84.43528008460999,key_press,Key.shift
84.52400660514832,key_press,'I'
84.79949498176575,key_press,'t'
85.02691125869751,key_press,Key.space
85.41863346099854,key_press,'c'
85.58951258659363,key_press,'a'
86.01176977157593,key_press,'p'
86.31038904190063,key_press,'t'
86.57754135131836,key_press,'u'
86.87257075309753,key_press,'r'
87.01429033279419,key_press,'e'
87.27659487724304,key_press,'s'
87.49542284011841,key_press,Key.space
88.46363377571106,key_press,'f'
88.64116263389587,key_press,'e'
88.80682039260864,key_press,'a'
89.22805118560791,key_press,'t'
89.51622653007507,key_press,'u'
89.80907273292542,key_press,'r'
89.91954898834229,key_press,'e'
90.15499258041382,key_press,'s'
90.35620760917664,key_press,Key.space
91.26390862464905,key_press,'l'
91.46451568603516,key_press,'i'
91.92313981056213,key_press,'k'
92.03969693183899,key_press,'e'
92.23173141479492,key_press,Key.space
92.38443088531494,key_press,'t'
92.66686844825745,key_press,'y'
93.0897626876831,key_press,'p'
93.32741951942444,key_press,'i'
93.58912777900696,key_press,'n'
93.93415260314941,key_press,'g'
94.14064693450928,key_press,Key.space
95.28870224952698,key_press,'s'
95.62173652648926,key_press,'p'
95.76035261154175,key_press,'p'
96.1858229637146,key_press,'e'
96.84309005737305,key_press,Key.backspace
96.99652862548828,key_press,Key.backspace
97.98080635070801,key_press,'e'
98.1398572921753,key_press,'e'
98.36421012878418,key_press,'d'
99.735111951828,key_press,"','"
99.9564208984375,key_press,Key.space
100.20170259475708,key_press,'k'
100.55397868156433,key_press,'e'
100.93368220329285,key_press,'y'
101.2285680770874,key_press,Key.space
102.28833556175232,key_press,'h'
102.51034998893738,key_press,'o'
102.7003812789917,key_press,'l'
103.11605787277222,key_press,'d'
103.88968873023987,key_press,Key.space
104.1818790435791,key_press,'t'
104.40564274787903,key_press,'i'
104.59987902641296,key_press,'m'
104.770272731781,key_press,'e'
104.90709924697876,key_press,Key.space
105.749844789505,key_press,"','"
106.02563428878784,key_press,Key.space
106.20911693572998,key_press,'a'
106.32790064811707,key_press,'n'
106.52828240394592,key_press,'d'
106.67897129058838,key_press,Key.space
107.88049650192261,key_press,'t'
108.04297614097595,key_press,'i'
108.24464559555054,key_press,'m'
108.38142561912537,key_press,'e'
108.57356476783752,key_press,Key.space
109.22872257232666,key_press,'b'
109.61459136009216,key_press,'e'
109.8861289024353,key_press,'t'
110.08912420272827,key_press,'w'
110.30733275413513,key_press,'e'
110.44962358474731,key_press,'e'
110.65048885345459,key_press,'n'
110.82559537887573,key_press,Key.space
111.43249320983887,mouse_move,"1052,1101"
111.44894433021545,mouse_move,"1052,1100"
111.44894433021545,mouse_move,"1053,1097"
111.98390460014343,key_press,'k'
112.54279971122742,key_press,'e'
112.8762698173523,key_press,'y'
114.52883553504944,key_press,'p'
114.82599401473999,key_press,'r'
115.02785801887512,key_press,'e'
115.498131275177,key_press,'s'
115.6498372554779,key_press,'s'
115.83228325843811,key_press,'e'
116.06653428077698,key_press,'s'
116.98077297210693,key_press,'.'
117.65554356575012,key_press,Key.enter
118.05802798271179,key_press,Key.shift
118.32219982147217,key_press,'T'
118.49436688423157,key_press,'h'
118.63471245765686,key_press,'e'
118.9433183670044,key_press,'s'
119.0724024772644,key_press,'e'
119.35314440727234,key_press,Key.space
120.35424423217773,key_press,'p'
120.49576759338379,key_press,'a'
120.81650137901306,key_press,'t'
120.99479579925537,key_press,'t'
121.15325474739075,key_press,'e'
121.29509925842285,key_press,'r'
121.52507853507996,key_press,'s'
121.73723459243774,key_press,'n'
122.64881086349487,key_press,Key.space
122.99563431739807,key_press,'a'
123.19263982772827,key_press,'r'
123.32202672958374,key_press,'e'
123.52577567100525,key_press,Key.space
123.87719392776489,key_press,'u'
124.07153248786926,key_press,'n'
124.38483595848083,key_press,'o'
124.38483595848083,key_press,'i'
124.85507464408875,key_press,'q'
125.18196749687195,key_press,'u'
125.47028112411499,key_press,'e'
125.71421813964844,key_press,Key.space
126.58732295036316,key_press,'t'
126.77946782112122,key_press,'o'
126.98228716850281,key_press,Key.space
127.1642963886261,key_press,'e'
127.37830543518066,key_press,'a'
127.7155909538269,key_press,'c'
127.8569598197937,key_press,'h'
128.06760215759277,key_press,Key.space
130.1559636592865,key_press,'u'
130.28235626220703,key_press,'s'
130.49213933944702,key_press,'e'
130.73090028762817,key_press,'r'
131.04208374023438,key_press,Key.space
131.68922209739685,key_press,'a'
131.91630101203918,key_press,'n'
132.02173805236816,key_press,'d'
132.167809009552,key_press,Key.space
132.639413356781,key_press,'c'
132.79146766662598,key_press,'a'
132.9827425479889,key_press,'n'
133.15173387527466,key_press,Key.space
133.84125137329102,mouse_move,"1053,1096"
133.85427474975586,mouse_move,"1053,1096"
133.85852575302124,mouse_move,"1053,1095"
133.88398385047913,mouse_move,"1053,1094"
133.90793299674988,mouse_move,"1053,1093"
133.9232680797577,mouse_move,"1053,1093"
133.93886017799377,mouse_move,"1053,1092"
133.95428824424744,mouse_move,"1053,1091"
133.99013090133667,key_press,'b'
134.48022437095642,key_press,Key.space
136.11074995994568,key_press,'u'
136.2592077255249,key_press,'s'
136.45076060295105,key_press,'e'
136.64913845062256,key_press,'d'
136.85508751869202,key_press,Key.space
137.64286065101624,key_press,'f'
137.8227334022522,key_press,'o'
137.96191668510437,key_press,'r'
138.13500213623047,key_press,Key.space
138.37235379219055,key_press,'a'
138.58862590789795,key_press,'u'
138.90056586265564,key_press,'t'
139.0264015197754,key_press,'h'
140.60474395751953,key_press,'e'
141.21650004386902,key_press,'n'
141.5220227241516,key_press,'c'
141.63294434547424,key_press,'a'
141.8790683746338,key_press,'t'
142.0736005306244,key_press,'i'
142.18157935142517,key_press,'o'
142.3915979862213,key_press,'n'
142.55825018882751,key_press,Key.space
143.16715240478516,mouse_move,"1053,1091"
143.16715240478516,mouse_move,"1053,1090"
143.23127603530884,key_press,'a'
143.4656867980957,key_press,'n'
143.73171424865723,key_press,'d'
143.86936330795288,key_press,Key.space
144.10638451576233,key_press,'b'
144.42798233032227,key_press,'e'
144.9751558303833,key_press,'h'
145.12238812446594,key_press,'a'
145.37112617492676,key_press,'v'
145.65334558486938,key_press,'i'
145.80785393714905,key_press,'o'
146.2482876777649,key_press,'u'
146.53636288642883,key_press,'r'
146.70669436454773,key_press,Key.space
147.32160210609436,key_press,'a'
147.51385116577148,key_press,'n'
147.66655731201172,key_press,'a'
147.88645768165588,key_press,'l'
148.4334716796875,key_press,'y'
148.66782689094543,key_press,'s'
148.79301643371582,key_press,'i'
149.00992894172668,key_press,'s'
149.38313126564026,key_press,'i'
149.71709847450256,key_press,Key.space
150.0745186805725,key_press,'i'
150.27575159072876,key_press,'r'
150.74544286727905,key_press,'='
150.86890935897827,key_press,'t'
151.09451961517334,key_press,Key.space
151.64723801612854,key_press,'s'
151.9796862602234,key_press,Key.space
152.4188482761383,key_press,'c'
152.65342688560486,key_press,'o'
152.8552360534668,key_press,'m'
152.98098492622375,key_press,'m'
153.18383884429932,key_press,'o'
153.39050722122192,key_press,'n'
153.68229746818542,key_press,'l'
153.9940276145935,key_press,'y'
154.22953701019287,key_press,Key.space
154.9787003993988,key_press,'u'
155.15629863739014,key_press,'s'
155.31976890563965,key_press,'e'
155.5264286994934,key_press,'d'
155.68887853622437,key_press,Key.space
155.9813995361328,key_press,'i'
156.32348108291626,key_press,Key.space
157.55875635147095,key_press,'c'
157.88358449935913,key_press,'y'
158.11956357955933,key_press,'b'
158.2918255329132,key_press,'e'
158.36960625648499,key_press,'r'
158.61974048614502,key_press,'s'
158.7915186882019,key_press,'e'
159.1199083328247,key_press,'c'
159.91651058197021,key_press,'u'
160.19785404205322,key_press,'r'
160.2879843711853,key_press,'i'
160.46387481689453,key_press,'t'
160.6886875629425,key_press,'y'
160.9452784061432,key_press,Key.space
161.7508566379547,key_press,'f'
161.90471196174622,key_press,'o'
162.0485897064209,key_press,'r'
162.21574354171753,key_press,Key.space
162.46495509147644,key_press,'c'
162.71291136741638,key_press,'o'
162.91991782188416,key_press,'n'
163.31992197036743,key_press,'t'
164.18463253974915,key_press,'i'
165.08335638046265,key_press,'n'
165.245995759964,key_press,'o'
165.50268054008484,key_press,'u'
165.6825520992279,key_press,'s'
165.87100648880005,key_press,Key.space
166.66793060302734,key_press,'u'
166.80763840675354,key_press,'s'
166.9857738018036,key_press,'e'
167.10440349578857,key_press,'r'
167.37505531311035,key_press,Key.space
168.2271490097046,key_press,'v'
168.49549269676208,key_press,'e'
168.6580102443695,key_press,'r'
168.87362003326416,key_press,'i'
169.2754635810852,key_press,'f'
169.36921882629395,key_press,'i'
169.58904027938843,key_press,'c'
169.7251751422882,key_press,'a'
169.94844913482666,key_press,'t'
170.16683411598206,key_press,'i'
170.2770802974701,key_press,'o'
170.49629497528076,key_press,'n'
170.66605257987976,key_press,Key.space
171.21329617500305,key_press,'a'
171.3986177444458,key_press,'n'
171.54087090492249,key_press,'d'
171.71980142593384,key_press,Key.space
172.08411598205566,key_press,'f'
172.2668263912201,key_press,'a'
172.64123678207397,key_press,'u'
172.9047393798828,key_press,'r'
173.17870497703552,key_press,'d'
173.44268703460693,key_press,Key.space
174.056636095047,mouse_move,"1053,1088"
174.07794213294983,mouse_move,"1053,1088"
174.08164501190186,mouse_move,"1054,1086"
174.09200358390808,mouse_move,"1054,1085"
174.09937715530396,mouse_move,"1055,1084"
174.1063210964203,mouse_move,"1055,1083"
174.1135058403015,mouse_move,"1055,1082"
174.1200885772705,mouse_move,"1055,1081"
174.12732911109924,mouse_move,"1055,1079"
174.13429045677185,mouse_move,"1055,1079"
174.1415765285492,mouse_move,"1055,1078"
174.14909410476685,mouse_move,"1056,1077"
174.17047023773193,mouse_move,"1056,1076"
174.18437147140503,mouse_move,"1056,1076"
174.1917440891266,mouse_move,"1056,1075"
174.19774889945984,mouse_move,"1056,1074"
174.2130811214447,mouse_move,"1056,1074"
174.2130811214447,mouse_move,"1056,1073"
174.2331018447876,mouse_move,"1056,1072"
174.24864268302917,mouse_move,"1056,1071"
174.25569319725037,mouse_move,"1056,1071"
174.275475025177,mouse_move,"1055,1070"
174.29409790039062,mouse_move,"1055,1069"
174.31218791007996,mouse_move,"1055,1069"
174.35513949394226,mouse_move,"1055,1068"
174.36726188659668,key_press,'d'
174.55699825286865,key_press,'e'
174.887282371521,key_press,'c'
175.18030643463135,key_press,'t'
175.3580183982849,key_press,'e'
175.66453909873962,key_press,'c'
175.95529127120972,key_press,'t'
176.13987255096436,key_press,'i'
176.19051456451416,key_press,'o'
176.4343602657318,key_press,'n'
176.58957529067993,key_press,Key.space
176.90113830566406,key_press,Key.enter
178.46660208702087,key_press,Key.ctrl_l
178.68565249443054,key_press,'\x03'
2.2162582874298096,mouse_move,"1079,1026"
2.2310025691986084,mouse_move,"1103,986"
2.2310025691986084,mouse_move,"1134,935"
2.24898099899292,mouse_move,"1175,878"
2.2521631717681885,mouse_move,"1221,813"
2.259678363800049,mouse_move,"1271,745"
2.2703301906585693,mouse_move,"1327,670"
2.2775931358337402,mouse_move,"1386,595"
2.2848949432373047,mouse_move,"1448,520"
2.2895278930664062,mouse_move,"1513,444"
2.2951552867889404,mouse_move,"1583,368"
2.3063478469848633,mouse_move,"1650,296"
2.313753128051758,mouse_move,"1723,223"
2.3198726177215576,mouse_move,"1799,152"
2.327563762664795,mouse_move,"1875,87"
2.3335773944854736,mouse_move,"1951,23"
2.337554454803467,mouse_move,"1993,-34"
2.349501371383667,mouse_move,"1991,-50"
2.355745315551758,mouse_move,"1986,-47"
2.3634934425354004,mouse_move,"1980,-40"
2.367410182952881,mouse_move,"1973,-32"
2.3738350868225098,mouse_move,"1962,-22"
2.385251045227051,mouse_move,"1949,-18"
2.392120838165283,mouse_move,"1941,-11"
2.399312973022461,mouse_move,"1936,-5"
2.4037725925445557,mouse_move,"1930,-6"
2.410370349884033,mouse_move,"1928,-1"
2.415595054626465,mouse_move,"1923,0"
2.4280455112457275,mouse_move,"1920,1"
2.4342849254608154,mouse_move,"1920,5"
2.4401848316192627,mouse_move,"1919,10"
2.4493415355682373,mouse_move,"1917,16"
2.4524588584899902,mouse_move,"1913,22"
2.4631285667419434,mouse_move,"1910,27"
2.470369815826416,mouse_move,"1905,33"
2.4780263900756836,mouse_move,"1901,37"
2.483095645904541,mouse_move,"1895,39"
2.4884259700775146,mouse_move,"1891,41"
2.494839906692505,mouse_move,"1886,41"
2.5069258213043213,mouse_move,"1881,41"
2.5138356685638428,mouse_move,"1875,41"
2.5203652381896973,mouse_move,"1868,38"
2.5251522064208984,mouse_move,"1862,36"
2.531336545944214,mouse_move,"1857,33"
2.5372865200042725,mouse_move,"1851,29"
2.5498030185699463,mouse_move,"1843,24"
2.555556058883667,mouse_move,"1837,19"
2.5616681575775146,mouse_move,"1831,16"
2.5682175159454346,mouse_move,"1827,11"
2.5738155841827393,mouse_move,"1822,5"
2.5855727195739746,mouse_move,"1819,1"
2.5919926166534424,mouse_move,"1815,-3"
2.598008632659912,mouse_move,"1812,-5"
2.6045725345611572,mouse_move,"1810,-5"
2.613337516784668,mouse_move,"1809,-4"
2.6162378787994385,mouse_move,"1808,-6"
2.6283679008483887,mouse_move,"1807,-3"
2.6344473361968994,mouse_move,"1807,-4"
2.6409554481506348,mouse_move,"1807,-4"
2.6493470668792725,mouse_move,"1807,-4"
2.6526143550872803,mouse_move,"1809,-3"
2.6627204418182373,mouse_move,"1810,-1"
2.6710588932037354,mouse_move,"1810,-2"
2.6775217056274414,mouse_move,"1811,-2"
2.6851959228515625,mouse_move,"1812,0"
2.6886889934539795,mouse_move,"1814,-1"
2.6953682899475098,mouse_move,"1814,-1"
2.7069337368011475,mouse_move,"1815,0"
2.7131917476654053,mouse_move,"1816,-1"
2.719076156616211,mouse_move,"1817,0"
2.7283473014831543,mouse_move,"1818,0"
2.731538772583008,mouse_move,"1819,0"
2.738398551940918,mouse_move,"1819,0"
2.7494590282440186,mouse_move,"1820,0"
2.756011962890625,mouse_move,"1821,0"
2.767817497253418,mouse_move,"1822,0"
2.785853147506714,mouse_move,"1822,0"
2.8344011306762695,mouse_move,"1823,0"
2.8496835231781006,mouse_move,"1823,-1"
2.852917194366455,mouse_move,"1824,-2"
3.487598180770874,mouse_move,"1824,3"
3.493086099624634,mouse_move,"1824,9"
3.493086099624634,mouse_move,"1824,13"
3.5022802352905273,mouse_move,"1824,18"
3.5022802352905273,mouse_move,"1824,24"
3.5183780193328857,mouse_move,"1823,29"
3.5278592109680176,mouse_move,"1823,34"
3.5343515872955322,mouse_move,"1822,37"
3.544309616088867,mouse_move,"1820,42"
3.5512704849243164,mouse_move,"1819,46"
3.5590720176696777,mouse_move,"1818,49"
3.5644102096557617,mouse_move,"1817,52"
3.5731191635131836,mouse_move,"1816,54"
3.5785458087921143,mouse_move,"1814,57"
3.5875484943389893,mouse_move,"1812,59"
3.59444260597229,mouse_move,"1811,61"
3.600226640701294,mouse_move,"1810,62"
3.6089067459106445,mouse_move,"1808,64"
3.614961862564087,mouse_move,"1805,65"
3.6229946613311768,mouse_move,"1802,67"
3.6299259662628174,mouse_move,"1801,68"
3.635183334350586,mouse_move,"1798,69"
3.6438472270965576,mouse_move,"1795,71"
3.6514267921447754,mouse_move,"1793,71"
3.6583735942840576,mouse_move,"1791,71"
3.665261745452881,mouse_move,"1788,73"
3.6696255207061768,mouse_move,"1785,73"
3.679420232772827,mouse_move,"1782,74"
3.6872875690460205,mouse_move,"1780,75"
3.694366455078125,mouse_move,"1777,76"
3.7015151977539062,mouse_move,"1774,77"
3.7060062885284424,mouse_move,"1771,78"
3.7149219512939453,mouse_move,"1769,79"
3.7223095893859863,mouse_move,"1767,80"
3.7299394607543945,mouse_move,"1764,81"
3.7370965480804443,mouse_move,"1763,81"
3.740007162094116,mouse_move,"1761,81"
3.7505741119384766,mouse_move,"1758,83"
3.755902051925659,mouse_move,"1756,84"
3.755902051925659,mouse_move,"1755,86"
3.7716331481933594,mouse_move,"1752,87"
3.7716331481933594,mouse_move,"1750,89"
3.7716331481933594,mouse_move,"1747,90"
3.7873928546905518,mouse_move,"1746,92"
3.7873928546905518,mouse_move,"1744,94"
3.8032784461975098,mouse_move,"1742,96"
3.8032784461975098,mouse_move,"1740,98"
3.819082736968994,mouse_move,"1739,99"
3.819082736968994,mouse_move,"1738,100"
3.8350090980529785,mouse_move,"1737,102"
3.8350090980529785,mouse_move,"1736,103"
3.8509044647216797,mouse_move,"1735,103"
3.8509044647216797,mouse_move,"1735,104"
3.8669629096984863,mouse_move,"1735,104"
3.8827693462371826,mouse_move,"1734,104"
3.898493528366089,mouse_move,"1734,105"
4.148773431777954,mouse_move,"1733,106"
4.151905298233032,mouse_move,"1733,107"
4.164588689804077,mouse_move,"1733,109"
4.1694324016571045,mouse_move,"1732,109"
4.1694324016571045,mouse_move,"1732,111"
4.18035888671875,mouse_move,"1732,111"
4.18035888671875,mouse_move,"1732,113"
4.196027755737305,mouse_move,"1731,114"
4.196027755737305,mouse_move,"1731,114"
4.212125539779663,mouse_move,"1730,116"
4.212125539779663,mouse_move,"1730,117"
4.2280919551849365,mouse_move,"1729,118"
4.2280919551849365,mouse_move,"1729,119"
4.2280919551849365,mouse_move,"1729,120"
4.243798017501831,mouse_move,"1729,120"
4.252135276794434,mouse_move,"1729,121"
4.259682893753052,mouse_move,"1729,122"
4.259682893753052,mouse_move,"1729,122"
4.275780200958252,mouse_move,"1728,124"
4.275780200958252,mouse_move,"1728,125"
4.291626453399658,mouse_move,"1727,126"
4.291626453399658,mouse_move,"1727,129"
4.291626453399658,mouse_move,"1727,132"
4.307436466217041,mouse_move,"1726,134"
4.307436466217041,mouse_move,"1726,138"
4.323370456695557,mouse_move,"1725,141"
4.323370456695557,mouse_move,"1725,144"
4.339124441146851,mouse_move,"1725,147"
4.339124441146851,mouse_move,"1724,151"
4.355210304260254,mouse_move,"1724,154"
4.355210304260254,mouse_move,"1724,156"
4.371084690093994,mouse_move,"1724,158"
4.371084690093994,mouse_move,"1724,161"
4.371084690093994,mouse_move,"1724,162"
4.387211084365845,mouse_move,"1724,165"
4.387211084365845,mouse_move,"1723,168"
4.402992486953735,mouse_move,"1723,169"
4.402992486953735,mouse_move,"1722,172"
4.419128656387329,mouse_move,"1722,175"
4.419128656387329,mouse_move,"1721,177"
4.434879302978516,mouse_move,"1721,179"
4.434879302978516,mouse_move,"1720,181"
4.434879302978516,mouse_move,"1720,183"
4.452539443969727,mouse_move,"1720,183"
4.452539443969727,mouse_move,"1720,184"
4.4661853313446045,mouse_move,"1720,185"
4.482217311859131,mouse_move,"1720,185"
4.49806809425354,mouse_move,"1719,185"
4.5137481689453125,mouse_move,"1719,186"
4.5137481689453125,mouse_move,"1719,187"
4.5297064781188965,mouse_move,"1715,187"
4.744927644729614,mouse_click,Button.left
5.582620620727539,mouse_move,"1669,190"
5.589334487915039,mouse_move,"1593,198"
5.599445581436157,mouse_move,"1507,206"
5.606229066848755,mouse_move,"1418,214"
5.613224267959595,mouse_move,"1320,222"
5.620223522186279,mouse_move,"1221,230"
5.627227067947388,mouse_move,"1122,238"
5.635242223739624,mouse_move,"1026,246"
5.639240980148315,mouse_move,"937,253"
5.643886089324951,mouse_move,"855,261"
5.655831575393677,mouse_move,"786,268"
5.6632091999053955,mouse_move,"724,276"
5.669726610183716,mouse_move,"671,283"
5.672995090484619,mouse_move,"632,287"
5.679219007492065,mouse_move,"597,291"
5.691348314285278,mouse_move,"574,295"
5.698880195617676,mouse_move,"556,297"
5.705318450927734,mouse_move,"542,300"
5.712330102920532,mouse_move,"532,301"
5.7204320430755615,mouse_move,"523,302"
5.727739095687866,mouse_move,"516,302"
5.733738899230957,mouse_move,"513,303"
5.739901781082153,mouse_move,"509,303"
5.745976686477661,mouse_move,"506,304"
5.755229234695435,mouse_move,"504,304"
5.759037733078003,mouse_move,"502,305"
5.7702248096466064,mouse_move,"501,306"
5.776261329650879,mouse_move,"499,306"
5.7823638916015625,mouse_move,"498,308"
5.788482666015625,mouse_move,"497,310"
5.794431924819946,mouse_move,"496,313"
5.8006064891815186,mouse_move,"494,315"
5.807250499725342,mouse_move,"494,318"
5.819317102432251,mouse_move,"493,322"
5.824880838394165,mouse_move,"492,326"
5.834153175354004,mouse_move,"492,330"
5.841177463531494,mouse_move,"491,337"
5.848695755004883,mouse_move,"490,344"
5.855276823043823,mouse_move,"489,353"
5.862742900848389,mouse_move,"487,365"
5.867418527603149,mouse_move,"486,375"
5.873434782028198,mouse_move,"485,388"
5.8793418407440186,mouse_move,"485,400"
5.89155650138855,mouse_move,"482,412"
5.897679805755615,mouse_move,"481,424"
5.903726816177368,mouse_move,"478,436"
5.909813404083252,mouse_move,"475,448"
5.919085502624512,mouse_move,"474,460"
5.921943187713623,mouse_move,"471,473"
5.9340739250183105,mouse_move,"467,484"
5.941330194473267,mouse_move,"465,494"
5.948166608810425,mouse_move,"462,503"
5.953345537185669,mouse_move,"460,511"
5.958426237106323,mouse_move,"457,520"
5.964434385299683,mouse_move,"454,528"
5.976726055145264,mouse_move,"453,533"
5.982712268829346,mouse_move,"450,540"
5.988731145858765,mouse_move,"448,546"
5.994852066040039,mouse_move,"447,551"
6.001157283782959,mouse_move,"445,557"
6.012629747390747,mouse_move,"444,560"
6.019180774688721,mouse_move,"443,564"
6.025363922119141,mouse_move,"442,567"
6.033668756484985,mouse_move,"441,571"
6.040725946426392,mouse_move,"438,577"
6.047737121582031,mouse_move,"437,581"
6.055261135101318,mouse_move,"436,586"
6.0619776248931885,mouse_move,"435,593"
6.06880259513855,mouse_move,"434,599"
6.073622703552246,mouse_move,"433,606"
6.079755067825317,mouse_move,"433,614"
6.085789918899536,mouse_move,"432,624"
6.098009824752808,mouse_move,"430,633"
6.104103088378906,mouse_move,"428,642"
6.110311269760132,mouse_move,"428,650"
6.116211175918579,mouse_move,"428,658"
6.121809482574463,mouse_move,"428,667"
6.12824821472168,mouse_move,"428,674"
6.140527725219727,mouse_move,"428,684"
6.147661924362183,mouse_move,"428,692"
6.154781818389893,mouse_move,"429,703"
6.161881685256958,mouse_move,"432,713"
6.168889760971069,mouse_move,"435,722"
6.176437139511108,mouse_move,"437,729"
6.18299674987793,mouse_move,"441,736"
6.188955068588257,mouse_move,"443,743"
6.1951446533203125,mouse_move,"445,749"
6.201103687286377,mouse_move,"450,754"
6.206778287887573,mouse_move,"452,758"
6.219092130661011,mouse_move,"454,762"
6.225374698638916,mouse_move,"457,765"
6.231680154800415,mouse_move,"459,767"
6.2376604080200195,mouse_move,"460,768"
6.24376368522644,mouse_move,"462,769"
6.254256725311279,mouse_move,"465,770"
6.261840105056763,mouse_move,"466,770"
6.268814563751221,mouse_move,"470,770"
6.276092052459717,mouse_move,"474,768"
6.280097723007202,mouse_move,"480,765"
6.286143064498901,mouse_move,"490,757"
6.292263746261597,mouse_move,"501,746"
6.30477499961853,mouse_move,"510,732"
6.310791969299316,mouse_move,"525,712"
6.316951274871826,mouse_move,"539,689"
6.3230299949646,mouse_move,"554,662"
6.329007387161255,mouse_move,"568,633"
6.340343475341797,mouse_move,"580,602"
6.346771001815796,mouse_move,"587,572"
6.354494571685791,mouse_move,"592,548"
6.361354351043701,mouse_move,"594,527"
6.368583679199219,mouse_move,"593,505"
6.3755810260772705,mouse_move,"591,489"
6.3825860023498535,mouse_move,"585,473"
6.389972686767578,mouse_move,"578,458"
6.395389080047607,mouse_move,"571,444"
6.4019951820373535,mouse_move,"560,433"
6.4078404903411865,mouse_move,"550,422"
6.413576126098633,mouse_move,"541,411"
6.425766468048096,mouse_move,"530,403"
6.432560205459595,mouse_move,"519,396"
6.439702033996582,mouse_move,"507,389"
6.446441411972046,mouse_move,"495,385"
6.449443340301514,mouse_move,"483,381"
6.4547648429870605,mouse_move,"469,379"
6.465374708175659,mouse_move,"454,374"
6.465374708175659,mouse_move,"442,374"
6.481200218200684,mouse_move,"432,373"
6.481200218200684,mouse_move,"420,373"
6.496979236602783,mouse_move,"412,373"
6.496979236602783,mouse_move,"403,375"
6.496979236602783,mouse_move,"394,377"
6.513036251068115,mouse_move,"387,379"
6.513036251068115,mouse_move,"381,383"
6.528945684432983,mouse_move,"376,385"
6.528945684432983,mouse_move,"372,387"
6.544726610183716,mouse_move,"369,389"
6.544726610183716,mouse_move,"367,391"
6.560771226882935,mouse_move,"365,393"
6.565219163894653,mouse_move,"363,394"
6.565219163894653,mouse_move,"362,395"
6.5764548778533936,mouse_move,"361,396"
6.5764548778533936,mouse_move,"361,397"
6.5921618938446045,mouse_move,"360,397"
6.5921618938446045,mouse_move,"360,398"
6.610673666000366,mouse_move,"360,399"
6.617685556411743,mouse_move,"359,400"
6.624698638916016,mouse_move,"358,400"
7.157639026641846,mouse_move,"363,406"
7.170961618423462,mouse_move,"373,416"
7.170961618423462,mouse_move,"382,425"
7.187096357345581,mouse_move,"392,436"
7.187096357345581,mouse_move,"403,447"
7.202740907669067,mouse_move,"414,458"
7.202740907669067,mouse_move,"425,468"
7.202740907669067,mouse_move,"436,477"
7.220646858215332,mouse_move,"448,488"
7.220646858215332,mouse_move,"459,498"
7.234663248062134,mouse_move,"470,509"
7.234663248062134,mouse_move,"481,519"
7.252291917800903,mouse_move,"489,529"
7.259211301803589,mouse_move,"499,540"
7.264221906661987,mouse_move,"507,550"
7.264221906661987,mouse_move,"513,562"
7.280110597610474,mouse_move,"520,574"
7.280110597610474,mouse_move,"527,587"
7.280110597610474,mouse_move,"531,600"
7.298884868621826,mouse_move,"535,615"
7.298884868621826,mouse_move,"538,632"
7.3161842823028564,mouse_move,"540,649"
7.3161842823028564,mouse_move,"541,670"
7.329571008682251,mouse_move,"542,688"
7.329571008682251,mouse_move,"542,708"
7.343572378158569,mouse_move,"542,729"
7.343572378158569,mouse_move,"542,749"
7.359300136566162,mouse_move,"542,767"
7.366557359695435,mouse_move,"542,786"
7.37357497215271,mouse_move,"542,802"
7.374577045440674,mouse_move,"542,817"
7.374577045440674,mouse_move,"542,830"
7.390283823013306,mouse_move,"542,842"
7.390283823013306,mouse_move,"542,854"
7.406038045883179,mouse_move,"542,860"
7.406038045883179,mouse_move,"542,866"
7.422012090682983,mouse_move,"542,869"
7.422012090682983,mouse_move,"542,871"
7.4378297328948975,mouse_move,"542,873"
7.4378297328948975,mouse_move,"542,874"
7.459522247314453,mouse_move,"542,874"
7.472074031829834,mouse_move,"541,874"
7.4801740646362305,mouse_move,"539,873"
7.483172655105591,mouse_move,"538,870"
7.483172655105591,mouse_move,"536,867"
7.4992780685424805,mouse_move,"535,864"
7.4992780685424805,mouse_move,"533,863"
7.515236854553223,mouse_move,"532,861"
7.522125720977783,mouse_move,"531,859"
7.522125720977783,mouse_move,"530,858"
7.5309741497039795,mouse_move,"529,855"
7.5309741497039795,mouse_move,"528,852"
7.5476086139678955,mouse_move,"524,845"
7.787332057952881,mouse_click,Button.left
8.267414331436157,mouse_move,"504,845"
8.28329062461853,mouse_move,"473,846"
8.290414094924927,mouse_move,"435,848"
8.299706220626831,mouse_move,"394,848"
8.300751209259033,mouse_move,"350,848"
8.300751209259033,mouse_move,"302,848"
8.315130710601807,mouse_move,"254,847"
8.315130710601807,mouse_move,"206,845"
8.330693244934082,mouse_move,"161,843"
8.330693244934082,mouse_move,"119,838"
8.349210977554321,mouse_move,"80,832"
8.356520175933838,mouse_move,"44,826"
8.36107611656189,mouse_move,"13,819"
8.36107611656189,mouse_move,"-11,810"
8.374545574188232,mouse_move,"-22,802"
8.374545574188232,mouse_move,"-16,793"
8.390530586242676,mouse_move,"-14,783"
8.390530586242676,mouse_move,"-11,770"
8.390530586242676,mouse_move,"-10,756"
8.4126877784729,mouse_move,"-7,742"
8.4126877784729,mouse_move,"-6,725"
8.42254090309143,mouse_move,"-5,702"
8.42254090309143,mouse_move,"-3,676"
8.438530921936035,mouse_move,"0,652"
8.438530921936035,mouse_move,"0,622"
8.455990076065063,mouse_move,"3,593"
8.462740182876587,mouse_move,"8,560"
8.46776533126831,mouse_move,"14,527"
8.46776533126831,mouse_move,"21,500"
8.48453164100647,mouse_move,"31,472"
8.488325834274292,mouse_move,"39,448"
8.488325834274292,mouse_move,"47,429"
8.499467849731445,mouse_move,"53,411"
8.499467849731445,mouse_move,"60,399"
8.515333890914917,mouse_move,"65,388"
8.515333890914917,mouse_move,"72,378"
8.531378746032715,mouse_move,"77,370"
8.531378746032715,mouse_move,"82,364"
8.548333168029785,mouse_move,"84,362"
8.555691719055176,mouse_move,"87,359"
8.56278681755066,mouse_move,"90,359"
8.569413900375366,mouse_move,"93,359"
8.576416730880737,mouse_move,"94,359"
8.57741641998291,mouse_move,"96,359"
8.57741641998291,mouse_move,"98,359"
8.597821712493896,mouse_move,"99,360"
8.597821712493896,mouse_move,"101,362"
8.609167337417603,mouse_move,"103,364"
8.609167337417603,mouse_move,"105,368"
8.625487327575684,mouse_move,"107,372"
8.6325523853302,mouse_move,"109,378"
8.641294240951538,mouse_move,"112,383"
8.641294240951538,mouse_move,"113,390"
8.641294240951538,mouse_move,"115,397"
8.662583112716675,mouse_move,"118,406"
8.669023990631104,mouse_move,"120,415"
8.67703890800476,mouse_move,"121,422"
8.684944868087769,mouse_move,"123,431"
8.687955856323242,mouse_move,"124,439"
8.687955856323242,mouse_move,"125,448"
8.703948736190796,mouse_move,"126,455"
8.703948736190796,mouse_move,"126,462"
8.720303773880005,mouse_move,"126,468"
8.721080780029297,mouse_move,"126,473"
8.721080780029297,mouse_move,"126,480"
8.735445261001587,mouse_move,"126,486"
8.735445261001587,mouse_move,"126,492"
8.751368999481201,mouse_move,"125,496"
8.751368999481201,mouse_move,"125,500"
8.768837213516235,mouse_move,"125,505"
8.768837213516235,mouse_move,"125,508"
8.78380799293518,mouse_move,"124,513"
8.790812253952026,mouse_move,"124,515"
8.796819686889648,mouse_move,"124,518"
8.796819686889648,mouse_move,"124,521"
8.812858819961548,mouse_move,"124,525"
8.812858819961548,mouse_move,"124,526"
8.812858819961548,mouse_move,"124,529"
8.828842163085938,mouse_move,"124,530"
8.828842163085938,mouse_move,"123,533"
8.84450387954712,mouse_move,"123,534"
8.84450387954712,mouse_move,"123,535"
8.860219478607178,mouse_move,"123,536"
8.863338947296143,mouse_move,"123,537"
8.875903129577637,mouse_move,"123,538"
8.875903129577637,mouse_move,"123,538"
8.905596017837524,mouse_move,"123,539"
8.953312873840332,mouse_move,"123,539"
8.953312873840332,mouse_move,"122,539"
8.963350057601929,mouse_move,"122,535"
8.969433784484863,mouse_move,"122,532"
8.969433784484863,mouse_move,"122,527"
8.990182638168335,mouse_move,"123,521"
8.997022867202759,mouse_move,"124,512"
9.00403094291687,mouse_move,"125,505"
9.011033058166504,mouse_move,"126,498"
9.01519250869751,mouse_move,"129,490"
9.01519250869751,mouse_move,"130,479"
9.031266927719116,mouse_move,"131,472"
9.031266927719116,mouse_move,"132,464"
9.047350883483887,mouse_move,"133,457"
9.047350883483887,mouse_move,"135,450"
9.047350883483887,mouse_move,"136,444"
9.063615798950195,mouse_move,"136,441"
9.063615798950195,mouse_move,"137,438"
9.08131742477417,mouse_move,"137,435"
9.083319902420044,mouse_move,"137,433"
9.095888376235962,mouse_move,"137,432"
9.095888376235962,mouse_move,"137,430"
9.118725776672363,mouse_move,"137,430"
9.125840663909912,mouse_move,"137,429"
9.2260160446167,mouse_move,"137,428"
9.234709978103638,mouse_move,"137,428"
9.234709978103638,mouse_move,"137,426"
9.254000425338745,mouse_move,"137,424"
9.254000425338745,mouse_move,"137,423"
9.266258716583252,mouse_move,"137,420"
9.266258716583252,mouse_move,"137,419"
9.282259702682495,mouse_move,"138,416"
9.282259702682495,mouse_move,"138,413"
9.282259702682495,mouse_move,"139,410"
9.300578355789185,mouse_move,"139,409"
9.300578355789185,mouse_move,"139,406"
9.318146467208862,mouse_move,"140,404"
9.318146467208862,mouse_move,"140,403"
9.331442832946777,mouse_move,"141,402"
9.33924150466919,mouse_move,"141,401"
9.342355012893677,mouse_move,"141,401"
9.43923020362854,mouse_move,"141,400"
9.671238660812378,mouse_move,"140,406"
9.671238660812378,mouse_move,"137,415"
9.687565565109253,mouse_move,"134,424"
9.687565565109253,mouse_move,"132,429"
9.687565565109253,mouse_move,"129,436"
9.703569889068604,mouse_move,"127,442"
9.703569889068604,mouse_move,"126,445"
9.723130941390991,mouse_move,"125,448"
9.723130941390991,mouse_move,"124,450"
9.735366344451904,mouse_move,"124,452"
9.735366344451904,mouse_move,"124,454"
9.752189636230469,mouse_move,"123,454"
9.75920057296753,mouse_move,"123,455"
9.766712188720703,mouse_move,"123,456"
9.773604393005371,mouse_move,"122,456"
9.780616760253906,mouse_move,"122,456"
9.99996542930603,mouse_click,Button.left
10.66694688796997,mouse_move,"131,450"
10.674462795257568,mouse_move,"145,440"
10.681116819381714,mouse_move,"159,427"
10.687490940093994,mouse_move,"178,412"
10.69450044631958,mouse_move,"199,394"
10.702502965927124,mouse_move,"222,374"
10.709548711776733,mouse_move,"240,357"
10.71654200553894,mouse_move,"259,342"
10.718547105789185,mouse_move,"275,326"
10.718547105789185,mouse_move,"289,314"
10.734774112701416,mouse_move,"304,302"
10.734774112701416,mouse_move,"317,291"
10.750309705734253,mouse_move,"327,283"
10.750309705734253,mouse_move,"340,275"
10.766408920288086,mouse_move,"351,268"
10.770862102508545,mouse_move,"360,261"
10.770862102508545,mouse_move,"367,258"
10.782092094421387,mouse_move,"376,254"
10.782092094421387,mouse_move,"382,250"
10.801361560821533,mouse_move,"388,248"
10.801361560821533,mouse_move,"392,246"
10.816207647323608,mouse_move,"396,245"
10.820852279663086,mouse_move,"400,243"
10.830219030380249,mouse_move,"402,243"
10.830219030380249,mouse_move,"405,242"
10.830219030380249,mouse_move,"408,241"
10.846036672592163,mouse_move,"409,241"
10.846036672592163,mouse_move,"412,241"
10.866042613983154,mouse_move,"414,241"
10.87319803237915,mouse_move,"415,241"
10.874205589294434,mouse_move,"416,242"
10.874205589294434,mouse_move,"417,242"
10.889916896820068,mouse_move,"418,244"
10.889916896820068,mouse_move,"419,246"
10.905796527862549,mouse_move,"421,248"
10.905796527862549,mouse_move,"422,251"
10.921525001525879,mouse_move,"422,254"
10.921525001525879,mouse_move,"423,257"
10.937216997146606,mouse_move,"424,259"
10.94297170639038,mouse_move,"424,263"
10.94297170639038,mouse_move,"424,267"
10.952949285507202,mouse_move,"424,271"
10.952949285507202,mouse_move,"424,276"
10.972879409790039,mouse_move,"424,281"
10.979865550994873,mouse_move,"423,288"
10.983871459960938,mouse_move,"421,295"
10.983871459960938,mouse_move,"420,300"
10.999641418457031,mouse_move,"419,309"
10.999641418457031,mouse_move,"417,316"
11.015536785125732,mouse_move,"416,325"
11.015536785125732,mouse_move,"414,332"
11.015536785125732,mouse_move,"412,339"
11.031539916992188,mouse_move,"410,346"
11.031539916992188,mouse_move,"408,353"
11.047583818435669,mouse_move,"407,360"
11.047583818435669,mouse_move,"406,366"
11.063355922698975,mouse_move,"405,373"
11.07143235206604,mouse_move,"404,378"
11.080081701278687,mouse_move,"403,382"
11.087145566940308,mouse_move,"403,387"
11.09315824508667,mouse_move,"401,391"
11.09315824508667,mouse_move,"401,396"
11.09315824508667,mouse_move,"400,399"
11.113433122634888,mouse_move,"399,403"
11.113433122634888,mouse_move,"398,406"
11.129094123840332,mouse_move,"398,408"
11.129094123840332,mouse_move,"398,410"
11.142423152923584,mouse_move,"397,412"
11.142423152923584,mouse_move,"397,413"
11.1566743850708,mouse_move,"397,415"
11.1566743850708,mouse_move,"396,417"
11.172542810440063,mouse_move,"396,418"
11.17971396446228,mouse_move,"396,420"
11.186713933944702,mouse_move,"396,421"
11.193820714950562,mouse_move,"396,423"
11.200820207595825,mouse_move,"396,426"
11.20182180404663,mouse_move,"396,428"
11.20182180404663,mouse_move,"396,431"
11.217770099639893,mouse_move,"396,435"
11.217770099639893,mouse_move,"396,440"
11.233603239059448,mouse_move,"395,445"
11.242060899734497,mouse_move,"394,451"
11.249627351760864,mouse_move,"394,456"
11.249627351760864,mouse_move,"393,459"
11.249627351760864,mouse_move,"393,461"
11.271631002426147,mouse_move,"393,464"
11.271631002426147,mouse_move,"393,467"
11.286130905151367,mouse_move,"393,468"
11.286130905151367,mouse_move,"393,470"
11.30054759979248,mouse_move,"392,471"
11.307136297225952,mouse_move,"392,472"
11.311149597167969,mouse_move,"392,473"
11.311149597167969,mouse_move,"392,474"
11.40762209892273,mouse_move,"392,474"
11.415584325790405,mouse_move,"393,471"
11.42047119140625,mouse_move,"395,465"
11.42047119140625,mouse_move,"396,459"
11.42047119140625,mouse_move,"399,451"
11.436378955841064,mouse_move,"401,442"
11.436378955841064,mouse_move,"405,431"
11.456383466720581,mouse_move,"408,421"
11.456383466720581,mouse_move,"412,411"
11.46820068359375,mouse_move,"416,398"
11.471949338912964,mouse_move,"420,386"
11.484649896621704,mouse_move,"424,376"
11.484649896621704,mouse_move,"428,365"
11.500073909759521,mouse_move,"432,356"
11.500073909759521,mouse_move,"434,348"
11.500073909759521,mouse_move,"438,340"
11.520811796188354,mouse_move,"439,333"
11.527824401855469,mouse_move,"441,329"
11.530820846557617,mouse_move,"442,326"
11.530820846557617,mouse_move,"443,324"
11.546837091445923,mouse_move,"444,322"
11.546837091445923,mouse_move,"444,321"
11.562868118286133,mouse_move,"444,321"
11.562868118286133,mouse_move,"444,320"
11.578977346420288,mouse_move,"444,319"
11.615314722061157,mouse_move,"445,318"
11.636619329452515,mouse_move,"445,318"
11.643037557601929,mouse_move,"445,317"
11.650615453720093,mouse_move,"446,317"
11.656713008880615,mouse_move,"446,316"
11.664071083068848,mouse_move,"446,316"
11.677540063858032,mouse_move,"446,315"
11.685266256332397,mouse_move,"447,314"
11.686450004577637,mouse_move,"447,313"
11.686450004577637,mouse_move,"447,311"
11.7056303024292,mouse_move,"448,309"
11.7056303024292,mouse_move,"449,307"
11.720722198486328,mouse_move,"451,304"
11.720722198486328,mouse_move,"452,301"
11.734591960906982,mouse_move,"453,298"
11.734591960906982,mouse_move,"454,295"
11.74945878982544,mouse_move,"456,293"
11.74945878982544,mouse_move,"456,291"
11.74945878982544,mouse_move,"456,289"
11.765244007110596,mouse_move,"457,289"
11.772561311721802,mouse_move,"458,288"
11.874248743057251,mouse_move,"458,288"
11.874248743057251,mouse_move,"456,291"
11.88998818397522,mouse_move,"454,297"
11.88998818397522,mouse_move,"451,302"
11.906280755996704,mouse_move,"447,308"
11.906280755996704,mouse_move,"443,316"
11.906280755996704,mouse_move,"438,325"
11.921977758407593,mouse_move,"434,334"
11.921977758407593,mouse_move,"431,343"
11.937754392623901,mouse_move,"427,353"
11.937754392623901,mouse_move,"421,364"
11.95540475845337,mouse_move,"417,373"
11.96341586112976,mouse_move,"414,382"
11.967423677444458,mouse_move,"411,389"
11.972786664962769,mouse_move,"408,395"
11.98318076133728,mouse_move,"407,400"
11.98318076133728,mouse_move,"403,407"
11.98318076133728,mouse_move,"401,412"
11.999260425567627,mouse_move,"400,415"
11.999260425567627,mouse_move,"398,418"
12.015056371688843,mouse_move,"398,419"
12.015056371688843,mouse_move,"397,420"
12.030725717544556,mouse_move,"397,420"
12.030725717544556,mouse_move,"397,421"
12.18530797958374,mouse_move,"397,421"
12.187780380249023,mouse_move,"397,419"
12.187780380249023,mouse_move,"398,417"
12.204452276229858,mouse_move,"399,413"
12.204452276229858,mouse_move,"401,409"
12.204452276229858,mouse_move,"403,404"
12.221898078918457,mouse_move,"407,395"
12.221898078918457,mouse_move,"409,388"
12.236294984817505,mouse_move,"413,379"
12.236294984817505,mouse_move,"417,370"
12.252028226852417,mouse_move,"421,359"
12.252028226852417,mouse_move,"423,352"
12.269530057907104,mouse_move,"427,345"
12.273545026779175,mouse_move,"430,337"
12.284053564071655,mouse_move,"433,330"
12.291244268417358,mouse_move,"436,324"
12.296060562133789,mouse_move,"439,317"
12.296060562133789,mouse_move,"441,313"
12.311963558197021,mouse_move,"444,307"
12.311963558197021,mouse_move,"446,300"
12.311963558197021,mouse_move,"448,294"
12.33115267753601,mouse_move,"451,287"
12.33115267753601,mouse_move,"454,281"
12.343359470367432,mouse_move,"455,276"
12.343359470367432,mouse_move,"457,270"
12.359051704406738,mouse_move,"458,268"
12.359051704406738,mouse_move,"459,265"
12.376740455627441,mouse_move,"460,262"
12.38375186920166,mouse_move,"460,260"
12.390750885009766,mouse_move,"461,259"
12.39811086654663,mouse_move,"461,258"
12.405123472213745,mouse_move,"462,257"
12.405123472213745,mouse_move,"462,257"
12.473870277404785,mouse_move,"462,257"
12.624678134918213,mouse_move,"463,255"
12.624678134918213,mouse_move,"465,253"
12.640702724456787,mouse_move,"467,250"
12.642211675643921,mouse_move,"468,249"
12.642211675643921,mouse_move,"469,246"
12.656368970870972,mouse_move,"471,242"
12.656368970870972,mouse_move,"472,239"
12.675658464431763,mouse_move,"473,236"
12.682802677154541,mouse_move,"475,232"
12.689888000488281,mouse_move,"479,228"
12.696886777877808,mouse_move,"482,222"
12.703991413116455,mouse_move,"484,217"
12.71099042892456,mouse_move,"489,211"
12.717984914779663,mouse_move,"494,205"
12.725107669830322,mouse_move,"498,199"
12.733102321624756,mouse_move,"504,193"
12.733102321624756,mouse_move,"509,187"
12.733102321624756,mouse_move,"515,180"
12.749148607254028,mouse_move,"521,174"
12.749148607254028,mouse_move,"526,168"
12.765181303024292,mouse_move,"532,164"
12.775172710418701,mouse_move,"536,159"
12.780818462371826,mouse_move,"539,157"
12.780818462371826,mouse_move,"541,154"
12.796562671661377,mouse_move,"543,153"
12.796562671661377,mouse_move,"543,152"
12.796562671661377,mouse_move,"544,151"
12.818524360656738,mouse_move,"545,150"
12.875448226928711,mouse_move,"545,150"
12.875448226928711,mouse_move,"544,152"
12.889828205108643,mouse_move,"543,154"
12.889828205108643,mouse_move,"540,159"
12.905749797821045,mouse_move,"537,164"
12.905749797821045,mouse_move,"535,169"
12.921494960784912,mouse_move,"530,176"
12.921494960784912,mouse_move,"526,183"
12.939452886581421,mouse_move,"522,191"
12.946457624435425,mouse_move,"517,200"
12.95245885848999,mouse_move,"512,209"
12.95245885848999,mouse_move,"508,218"
12.95245885848999,mouse_move,"503,227"
12.968337059020996,mouse_move,"498,238"
12.975533485412598,mouse_move,"493,245"
12.986699104309082,mouse_move,"487,256"
12.986699104309082,mouse_move,"481,265"
12.999750137329102,mouse_move,"477,272"
12.999750137329102,mouse_move,"470,283"
13.015644311904907,mouse_move,"465,292"
13.015644311904907,mouse_move,"461,299"
13.03145694732666,mouse_move,"458,308"
13.03145694732666,mouse_move,"454,316"
13.03145694732666,mouse_move,"450,323"
13.052954912185669,mouse_move,"448,329"
13.060570001602173,mouse_move,"446,334"
13.061591625213623,mouse_move,"443,340"
13.061591625213623,mouse_move,"441,344"
13.077552795410156,mouse_move,"440,347"
13.077552795410156,mouse_move,"439,350"
13.093493461608887,mouse_move,"438,352"
13.093493461608887,mouse_move,"437,355"
13.109358310699463,mouse_move,"436,358"
13.109358310699463,mouse_move,"435,360"
13.109358310699463,mouse_move,"435,362"
13.130287647247314,mouse_move,"434,365"
13.130287647247314,mouse_move,"433,368"
13.142557382583618,mouse_move,"432,371"
13.142557382583618,mouse_move,"431,373"
13.16038966178894,mouse_move,"430,377"
13.16663932800293,mouse_move,"428,381"
13.173729181289673,mouse_move,"427,387"
13.181579828262329,mouse_move,"424,393"
13.18867015838623,mouse_move,"421,398"
13.195669651031494,mouse_move,"420,402"
13.202368021011353,mouse_move,"418,408"
13.203379154205322,mouse_move,"416,413"
13.203379154205322,mouse_move,"415,419"
13.219339370727539,mouse_move,"413,424"
13.219339370727539,mouse_move,"412,428"
13.23508882522583,mouse_move,"411,432"
13.23508882522583,mouse_move,"410,435"
13.250760793685913,mouse_move,"409,437"
13.250760793685913,mouse_move,"408,439"
13.267995834350586,mouse_move,"407,440"
13.274007320404053,mouse_move,"407,441"
13.280524253845215,mouse_move,"407,442"
13.280524253845215,mouse_move,"407,442"
13.296478271484375,mouse_move,"407,442"
13.40621042251587,mouse_move,"406,442"
13.40621042251587,mouse_move,"406,442"
13.422247886657715,mouse_move,"406,441"
13.438109636306763,mouse_move,"406,440"
13.441940546035767,mouse_move,"406,440"
13.441940546035767,mouse_move,"406,439"
13.456835269927979,mouse_move,"406,438"
13.456835269927979,mouse_move,"406,437"
13.473211288452148,mouse_move,"406,435"
13.48174786567688,mouse_move,"406,433"
13.487742900848389,mouse_move,"406,432"
13.49526071548462,mouse_move,"407,429"
13.499272108078003,mouse_move,"407,427"
13.499272108078003,mouse_move,"408,426"
13.516465187072754,mouse_move,"408,425"
13.516465187072754,mouse_move,"409,423"
13.530973672866821,mouse_move,"409,423"
13.530973672866821,mouse_move,"409,422"
13.530973672866821,mouse_move,"409,421"
13.551199436187744,mouse_move,"410,421"
13.563015699386597,mouse_move,"410,421"
13.595532894134521,mouse_move,"410,420"
13.609413862228394,mouse_move,"410,419"
13.609413862228394,mouse_move,"410,418"
13.62981653213501,mouse_move,"411,417"
13.62981653213501,mouse_move,"411,415"
13.642650842666626,mouse_move,"412,415"
13.642650842666626,mouse_move,"413,414"
13.65725564956665,mouse_move,"413,413"
13.65725564956665,mouse_move,"413,411"
13.672922134399414,mouse_move,"414,410"
13.677623987197876,mouse_move,"415,409"
13.677623987197876,mouse_move,"415,408"
13.69479513168335,mouse_move,"416,407"
13.701797723770142,mouse_move,"416,406"
13.708886861801147,mouse_move,"417,404"
13.715919017791748,mouse_move,"418,403"
13.71793007850647,mouse_move,"418,402"
13.71793007850647,mouse_move,"419,402"
13.73640775680542,mouse_move,"419,401"
13.73640775680542,mouse_move,"419,400"
13.750904321670532,mouse_move,"419,400"
13.765766620635986,mouse_move,"419,400"
13.844228029251099,mouse_move,"419,399"
13.859965801239014,mouse_move,"419,398"
13.879863977432251,mouse_move,"420,397"
13.879863977432251,mouse_move,"421,396"
13.891489744186401,mouse_move,"421,395"
13.891489744186401,mouse_move,"422,394"
13.90731692314148,mouse_move,"423,391"
13.90731692314148,mouse_move,"423,389"
13.90731692314148,mouse_move,"424,387"
13.929484367370605,mouse_move,"425,385"
13.93628215789795,mouse_move,"427,382"
13.93729019165039,mouse_move,"428,380"
13.93729019165039,mouse_move,"429,377"
13.956836462020874,mouse_move,"431,375"
13.956836462020874,mouse_move,"432,373"
13.97002100944519,mouse_move,"432,370"
13.979170799255371,mouse_move,"432,369"
13.984742879867554,mouse_move,"434,366"
13.984742879867554,mouse_move,"435,364"
14.000406265258789,mouse_move,"436,362"
14.000406265258789,mouse_move,"437,361"
14.000406265258789,mouse_move,"437,359"
14.022439241409302,mouse_move,"438,357"
14.029699563980103,mouse_move,"438,357"
14.043852806091309,mouse_move,"438,356"
14.047238826751709,mouse_move,"438,355"
14.749855518341064,mouse_move,"438,353"
14.749855518341064,mouse_move,"439,348"
14.749855518341064,mouse_move,"440,344"
14.765699863433838,mouse_move,"441,337"
14.765699863433838,mouse_move,"443,331"
14.785099029541016,mouse_move,"444,326"
14.792108297348022,mouse_move,"447,318"
14.799281120300293,mouse_move,"448,313"
14.806782960891724,mouse_move,"449,308"
14.81179666519165,mouse_move,"451,303"
14.81179666519165,mouse_move,"452,298"
14.828178882598877,mouse_move,"454,294"
14.83151650428772,mouse_move,"455,290"
14.83151650428772,mouse_move,"456,286"
14.843612432479858,mouse_move,"457,283"
14.843612432479858,mouse_move,"458,282"
14.859577894210815,mouse_move,"459,280"
14.859577894210815,mouse_move,"459,278"
14.876996040344238,mouse_move,"459,277"
14.878230333328247,mouse_move,"459,276"
14.891937255859375,mouse_move,"459,275"
14.898188352584839,mouse_move,"460,275"
14.898188352584839,mouse_move,"460,274"
14.920717239379883,mouse_move,"460,273"
14.941170454025269,mouse_move,"460,272"
15.001270294189453,mouse_move,"461,272"
15.020005941390991,mouse_move,"461,271"
15.027647256851196,mouse_move,"462,269"
15.030641317367554,mouse_move,"463,268"
15.030641317367554,mouse_move,"463,266"
15.046491622924805,mouse_move,"464,264"
15.046491622924805,mouse_move,"465,262"
15.062730550765991,mouse_move,"466,260"
15.066427946090698,mouse_move,"468,259"
15.066427946090698,mouse_move,"469,257"
15.084364891052246,mouse_move,"469,256"
15.085376501083374,mouse_move,"469,255"
15.094197988510132,mouse_move,"470,254"
15.094197988510132,mouse_move,"470,254"
15.119208097457886,mouse_move,"471,253"
15.133585453033447,mouse_move,"471,252"
15.143945932388306,mouse_move,"471,252"
15.156278133392334,mouse_move,"471,251"
15.204567909240723,mouse_move,"472,251"
15.265766620635986,mouse_move,"472,250"
15.297724962234497,mouse_move,"473,249"
15.297724962234497,mouse_move,"473,249"
15.297724962234497,mouse_move,"474,248"
15.313616275787354,mouse_move,"474,247"
15.32608938217163,mouse_move,"474,247"
15.33299970626831,mouse_move,"474,246"
15.34784722328186,mouse_move,"475,245"
15.35485577583313,mouse_move,"475,244"
15.358751058578491,mouse_move,"475,244"
15.358751058578491,mouse_move,"476,243"
15.376308679580688,mouse_move,"476,242"
15.376308679580688,mouse_move,"476,242"
15.390589237213135,mouse_move,"476,241"
15.390589237213135,mouse_move,"476,240"
15.390589237213135,mouse_move,"476,239"
15.411964416503906,mouse_move,"477,239"
15.414650678634644,mouse_move,"477,238"
15.422432661056519,mouse_move,"477,237"
15.422432661056519,mouse_move,"478,237"
15.438935995101929,mouse_move,"478,236"
15.438935995101929,mouse_move,"478,235"
15.454630374908447,mouse_move,"479,234"
15.468276023864746,mouse_move,"479,234"
15.48650312423706,mouse_move,"479,233"
15.48650312423706,mouse_move,"479,233"
15.533827066421509,mouse_move,"479,232"
16.20529866218567,mouse_move,"479,233"
16.22513508796692,mouse_move,"479,235"
16.232833862304688,mouse_move,"479,236"
16.237932205200195,mouse_move,"479,239"
16.245554208755493,mouse_move,"478,241"
16.249361753463745,mouse_move,"477,242"
16.249361753463745,mouse_move,"476,244"
16.265291690826416,mouse_move,"475,246"
16.265291690826416,mouse_move,"474,247"
16.281171321868896,mouse_move,"473,249"
16.281171321868896,mouse_move,"473,251"
16.289229154586792,mouse_move,"473,252"
16.296873331069946,mouse_move,"472,254"
16.296873331069946,mouse_move,"472,256"
16.31280517578125,mouse_move,"471,257"
16.31280517578125,mouse_move,"471,259"
16.330915927886963,mouse_move,"470,260"
16.337525844573975,mouse_move,"470,261"
16.34359908103943,mouse_move,"469,263"
16.34359908103943,mouse_move,"469,264"
16.35993504524231,mouse_move,"468,265"
16.36594796180725,mouse_move,"468,268"
16.36594796180725,mouse_move,"468,270"
16.378754377365112,mouse_move,"467,272"
16.378754377365112,mouse_move,"466,275"
16.39503812789917,mouse_move,"465,279"
16.39503812789917,mouse_move,"464,283"
16.407108545303345,mouse_move,"463,287"
16.407108545303345,mouse_move,"462,291"
16.423577547073364,mouse_move,"461,293"
16.430044651031494,mouse_move,"459,297"
16.438058614730835,mouse_move,"458,301"
16.44505739212036,mouse_move,"457,304"
16.45142436027527,mouse_move,"456,307"
16.45243787765503,mouse_move,"455,309"
16.45243787765503,mouse_move,"454,312"
16.470810174942017,mouse_move,"452,316"
16.470810174942017,mouse_move,"451,319"
16.48448348045349,mouse_move,"451,322"
16.489269495010376,mouse_move,"449,326"
16.50042462348938,mouse_move,"447,331"
16.50042462348938,mouse_move,"447,334"
16.516080141067505,mouse_move,"445,337"
16.516080141067505,mouse_move,"444,342"
16.516080141067505,mouse_move,"443,346"
16.536408185958862,mouse_move,"442,349"
16.536408185958862,mouse_move,"441,353"
16.551724910736084,mouse_move,"440,357"
16.558316230773926,mouse_move,"439,361"
16.562328338623047,mouse_move,"438,364"
16.562328338623047,mouse_move,"437,366"
16.578383684158325,mouse_move,"436,370"
16.578383684158325,mouse_move,"435,373"
16.594435691833496,mouse_move,"434,375"
16.59829592704773,mouse_move,"433,376"
16.59829592704773,mouse_move,"433,378"
16.610445261001587,mouse_move,"433,380"
16.610445261001587,mouse_move,"433,380"
16.630143404006958,mouse_move,"432,381"
16.644794940948486,mouse_move,"432,382"
16.68956208229065,mouse_move,"432,382"
16.703810214996338,mouse_move,"432,381"
16.703810214996338,mouse_move,"432,380"
16.72207236289978,mouse_move,"432,376"
16.72207236289978,mouse_move,"435,370"
16.73693037033081,mouse_move,"437,363"
16.744059801101685,mouse_move,"441,356"
16.751160860061646,mouse_move,"443,349"
16.758261680603027,mouse_move,"447,340"
16.765273332595825,mouse_move,"451,332"
16.7724449634552,mouse_move,"453,325"
16.77958917617798,mouse_move,"456,321"
16.780600547790527,mouse_move,"460,317"
16.789594650268555,mouse_move,"462,311"
16.796624422073364,mouse_move,"464,305"
16.796624422073364,mouse_move,"466,302"
16.815232515335083,mouse_move,"468,298"
16.816744804382324,mouse_move,"470,296"
16.828420162200928,mouse_move,"472,293"
16.828420162200928,mouse_move,"473,290"
16.828420162200928,mouse_move,"475,287"
16.844517469406128,mouse_move,"476,285"
16.844517469406128,mouse_move,"478,283"
16.864490032196045,mouse_move,"479,281"
16.864490032196045,mouse_move,"480,279"
16.879523038864136,mouse_move,"482,276"
16.88652491569519,mouse_move,"483,276"
16.890568256378174,mouse_move,"483,274"
16.890568256378174,mouse_move,"483,273"
16.907833576202393,mouse_move,"484,273"
16.922128915786743,mouse_move,"484,272"
16.922128915786743,mouse_move,"485,272"
16.995104789733887,mouse_move,"485,272"
17.00071954727173,mouse_move,"485,271"
17.110005855560303,mouse_move,"485,271"
17.12880229949951,mouse_move,"485,273"
17.13169503211975,mouse_move,"485,275"
17.142654418945312,mouse_move,"485,278"
17.145164012908936,mouse_move,"485,281"
17.145164012908936,mouse_move,"484,284"
17.158440113067627,mouse_move,"482,288"
17.158440113067627,mouse_move,"481,292"
17.17516016960144,mouse_move,"478,298"
17.17516016960144,mouse_move,"477,302"
17.192898750305176,mouse_move,"475,307"
17.196436882019043,mouse_move,"473,315"
17.2070369720459,mouse_move,"471,320"
17.21404790878296,mouse_move,"469,327"
17.2211275100708,mouse_move,"467,331"
17.2283878326416,mouse_move,"466,338"
17.234995126724243,mouse_move,"465,345"
17.24200701713562,mouse_move,"463,351"
17.249006748199463,mouse_move,"460,358"
17.250008821487427,mouse_move,"459,362"
17.250008821487427,mouse_move,"458,366"
17.26570701599121,mouse_move,"456,370"
17.26570701599121,mouse_move,"455,374"
17.281724214553833,mouse_move,"455,377"
17.281724214553833,mouse_move,"454,379"
17.2976233959198,mouse_move,"454,380"
17.2976233959198,mouse_move,"454,382"
17.313541650772095,mouse_move,"454,382"
17.313541650772095,mouse_move,"454,383"
17.313541650772095,mouse_move,"453,383"
17.329365253448486,mouse_move,"453,384"
17.34515690803528,mouse_move,"453,385"
17.34515690803528,mouse_move,"453,385"
17.3638756275177,mouse_move,"453,386"
17.3638756275177,mouse_move,"453,387"
17.377206563949585,mouse_move,"452,387"
17.377206563949585,mouse_move,"452,389"
17.39291477203369,mouse_move,"452,390"
17.396653413772583,mouse_move,"452,391"
17.396653413772583,mouse_move,"451,392"
17.410666942596436,mouse_move,"450,393"
17.410666942596436,mouse_move,"450,393"
17.427943229675293,mouse_move,"450,395"
17.434955835342407,mouse_move,"449,396"
17.436955213546753,mouse_move,"449,396"
17.436955213546753,mouse_move,"449,398"
17.452898025512695,mouse_move,"449,399"
17.452898025512695,mouse_move,"448,400"
17.470658540725708,mouse_move,"448,401"
17.471145153045654,mouse_move,"448,402"
17.484790802001953,mouse_move,"447,403"
17.488341093063354,mouse_move,"447,404"
17.501117944717407,mouse_move,"446,405"
17.501117944717407,mouse_move,"446,406"
17.501117944717407,mouse_move,"446,407"
17.517684936523438,mouse_move,"446,408"
17.517684936523438,mouse_move,"446,409"
17.534207344055176,mouse_move,"446,411"
17.542672634124756,mouse_move,"445,412"
17.546668529510498,mouse_move,"445,413"
17.546668529510498,mouse_move,"444,414"
17.562685251235962,mouse_move,"444,415"
17.562685251235962,mouse_move,"443,416"
17.58159828186035,mouse_move,"443,417"
17.62039089202881,mouse_move,"443,417"
17.704559087753296,mouse_move,"443,417"
17.78127908706665,mouse_move,"442,417"
18.06641125679016,mouse_move,"442,416"
18.06641125679016,mouse_move,"442,414"
18.08370327949524,mouse_move,"443,413"
18.090714931488037,mouse_move,"443,411"
18.098286867141724,mouse_move,"445,408"
18.098286867141724,mouse_move,"446,405"
18.108514547348022,mouse_move,"448,403"
18.108514547348022,mouse_move,"449,400"
18.124390363693237,mouse_move,"450,397"
18.124390363693237,mouse_move,"451,395"
18.140429496765137,mouse_move,"452,394"
18.14562177658081,mouse_move,"453,392"
18.14562177658081,mouse_move,"453,391"
18.156221628189087,mouse_move,"454,391"
18.156221628189087,mouse_move,"455,390"
18.175969123840332,mouse_move,"455,389"
18.183414936065674,mouse_move,"455,388"
18.190427541732788,mouse_move,"455,388"
18.20187497138977,mouse_move,"455,388"
18.398688793182373,mouse_click,Button.left
18.595362663269043,mouse_click,Button.left
19.28530192375183,mouse_move,"458,401"
19.292307376861572,mouse_move,"464,419"
19.295464277267456,mouse_move,"470,442"
19.30010962486267,mouse_move,"481,465"
19.31210231781006,mouse_move,"489,489"
19.31210231781006,mouse_move,"497,508"
19.32723832130432,mouse_move,"505,526"
19.32723832130432,mouse_move,"513,545"
19.32723832130432,mouse_move,"519,559"
19.342901468276978,mouse_move,"528,573"
19.342901468276978,mouse_move,"533,586"
19.358996391296387,mouse_move,"540,599"
19.358996391296387,mouse_move,"545,609"
19.375048637390137,mouse_move,"547,618"
23.562601804733276,mouse_move,"557,632"
23.562601804733276,mouse_move,"567,648"
23.578325271606445,mouse_move,"580,666"
23.582429885864258,mouse_move,"595,684"
23.594372034072876,mouse_move,"611,708"
23.5985586643219,mouse_move,"624,726"
23.5985586643219,mouse_move,"637,743"
23.61507225036621,mouse_move,"650,761"
23.61507225036621,mouse_move,"659,775"
23.6298885345459,mouse_move,"669,787"
23.6298885345459,mouse_move,"677,797"
23.64353322982788,mouse_move,"684,806"
23.65161657333374,mouse_move,"690,812"
23.658623456954956,mouse_move,"694,817"
23.665628671646118,mouse_move,"698,821"
23.67141079902649,mouse_move,"701,824"
23.67141079902649,mouse_move,"703,826"
23.67141079902649,mouse_move,"706,827"
23.68741464614868,mouse_move,"710,829"
23.68741464614868,mouse_move,"714,829"
23.705629587173462,mouse_move,"719,831"
23.715177536010742,mouse_move,"725,832"
23.72112226486206,mouse_move,"729,832"
23.72112226486206,mouse_move,"735,832"
23.73485827445984,mouse_move,"742,832"
23.73485827445984,mouse_move,"747,832"
23.750904083251953,mouse_move,"752,832"
23.750904083251953,mouse_move,"757,833"
23.750904083251953,mouse_move,"761,833"
23.772303581237793,mouse_move,"765,833"
23.779316663742065,mouse_move,"768,833"
23.78641700744629,mouse_move,"769,834"
23.794046878814697,mouse_move,"772,834"
23.800123691558838,mouse_move,"774,834"
23.808138608932495,mouse_move,"774,834"
23.8150737285614,mouse_move,"775,834"
23.822320222854614,mouse_move,"776,834"
23.827329874038696,mouse_move,"776,834"
23.827329874038696,mouse_move,"777,834"
23.843191385269165,mouse_move,"779,834"
23.843191385269165,mouse_move,"780,833"
23.86274552345276,mouse_move,"782,832"
23.86274552345276,mouse_move,"786,829"
23.87965416908264,mouse_move,"789,826"
23.885665893554688,mouse_move,"792,822"
23.890665769577026,mouse_move,"797,816"
23.890665769577026,mouse_move,"802,810"
23.90655016899109,mouse_move,"807,802"
23.90655016899109,mouse_move,"812,795"
23.922317504882812,mouse_move,"816,786"
23.922317504882812,mouse_move,"819,778"
23.922317504882812,mouse_move,"822,771"
23.942389726638794,mouse_move,"826,764"
23.942389726638794,mouse_move,"828,757"
23.95422863960266,mouse_move,"830,749"
23.95422863960266,mouse_move,"831,744"
23.971749782562256,mouse_move,"833,738"
23.978761672973633,mouse_move,"834,733"
23.98575472831726,mouse_move,"835,730"
23.993090867996216,mouse_move,"835,727"
23.99919867515564,mouse_move,"835,725"
23.99919867515564,mouse_move,"835,723"
23.99919867515564,mouse_move,"835,723"
24.020147800445557,mouse_move,"835,722"
24.020147800445557,mouse_move,"835,721"
24.030813932418823,mouse_move,"835,720"
24.030813932418823,mouse_move,"833,720"
24.04996633529663,mouse_move,"833,720"
24.04996633529663,mouse_move,"830,720"
24.063661813735962,mouse_move,"826,720"
24.063661813735962,mouse_move,"821,720"
24.078432321548462,mouse_move,"816,722"
24.078432321548462,mouse_move,"807,725"
24.078432321548462,mouse_move,"795,729"
24.09988260269165,mouse_move,"783,733"
24.10760235786438,mouse_move,"769,739"
24.108614444732666,mouse_move,"746,749"
24.11589503288269,mouse_move,"723,762"
24.124590635299683,mouse_move,"700,774"
24.124590635299683,mouse_move,"677,786"
24.142582893371582,mouse_move,"658,798"
24.149946451187134,mouse_move,"638,809"
24.156068086624146,mouse_move,"624,818"
24.156068086624146,mouse_move,"608,826"
24.156068086624146,mouse_move,"597,833"
24.172070264816284,mouse_move,"588,838"
24.172070264816284,mouse_move,"581,843"
24.188179969787598,mouse_move,"573,847"
24.188179969787598,mouse_move,"567,849"
24.206769466400146,mouse_move,"563,851"
24.213820695877075,mouse_move,"561,852"
24.21886920928955,mouse_move,"557,854"
24.21886920928955,mouse_move,"553,855"
24.23482084274292,mouse_move,"549,856"
24.23482084274292,mouse_move,"542,857"
24.23482084274292,mouse_move,"535,859"
24.25091552734375,mouse_move,"525,860"
24.25091552734375,mouse_move,"514,861"
24.270270109176636,mouse_move,"504,861"
24.270270109176636,mouse_move,"493,861"
24.282519817352295,mouse_move,"479,861"
24.282519817352295,mouse_move,"468,861"
24.29936194419861,mouse_move,"456,861"
24.300955295562744,mouse_move,"446,861"
24.300955295562744,mouse_move,"436,860"
24.320727825164795,mouse_move,"429,858"
24.327739715576172,mouse_move,"424,858"
24.327739715576172,mouse_move,"418,857"
24.327739715576172,mouse_move,"414,855"
24.343430995941162,mouse_move,"410,854"
24.343430995941162,mouse_move,"407,852"
24.363202810287476,mouse_move,"406,851"
24.363202810287476,mouse_move,"404,849"
24.37518572807312,mouse_move,"402,847"
24.37518572807312,mouse_move,"400,844"
24.392004251480103,mouse_move,"399,840"
24.392004251480103,mouse_move,"398,835"
24.392004251480103,mouse_move,"398,828"
24.41336488723755,mouse_move,"398,821"
24.420900344848633,mouse_move,"401,811"
24.426902055740356,mouse_move,"405,799"
24.434773683547974,mouse_move,"410,785"
24.436782836914062,mouse_move,"417,771"
24.436782836914062,mouse_move,"426,759"
24.455518007278442,mouse_move,"434,748"
24.455518007278442,mouse_move,"443,738"
24.468406677246094,mouse_move,"454,729"
24.468406677246094,mouse_move,"465,722"
24.48435664176941,mouse_move,"476,715"
24.488324403762817,mouse_move,"486,712"
24.500147581100464,mouse_move,"500,707"
24.500147581100464,mouse_move,"512,705"
24.500147581100464,mouse_move,"527,702"
24.515965700149536,mouse_move,"540,702"
24.515965700149536,mouse_move,"553,702"
24.534438371658325,mouse_move,"567,702"
24.54172110557556,mouse_move,"579,702"
24.546724319458008,mouse_move,"592,704"
24.546724319458008,mouse_move,"604,708"
24.562493085861206,mouse_move,"614,709"
24.562493085861206,mouse_move,"625,712"
24.562493085861206,mouse_move,"633,714"
24.578200101852417,mouse_move,"642,717"
24.578200101852417,mouse_move,"648,718"
24.598380088806152,mouse_move,"653,719"
24.598380088806152,mouse_move,"657,720"
24.609814167022705,mouse_move,"662,721"
24.615914821624756,mouse_move,"665,721"
24.626598596572876,mouse_move,"668,721"
24.626598596572876,mouse_move,"670,721"
24.641807794570923,mouse_move,"673,721"
24.648470878601074,mouse_move,"675,720"
24.656011819839478,mouse_move,"677,719"
24.656011819839478,mouse_move,"679,719"
24.656011819839478,mouse_move,"682,717"
24.671943426132202,mouse_move,"685,716"
24.671943426132202,mouse_move,"686,715"
24.688254356384277,mouse_move,"689,713"
24.688254356384277,mouse_move,"692,711"
24.703688621520996,mouse_move,"694,709"
24.703688621520996,mouse_move,"697,707"
24.719910144805908,mouse_move,"698,704"
24.72199583053589,mouse_move,"700,703"
24.72199583053589,mouse_move,"701,701"
24.74172306060791,mouse_move,"704,699"
24.748148918151855,mouse_move,"705,697"
24.755184173583984,mouse_move,"709,694"
24.762163162231445,mouse_move,"711,691"
24.765162229537964,mouse_move,"713,688"
24.765162229537964,mouse_move,"715,684"
24.7809898853302,mouse_move,"717,680"
24.7809898853302,mouse_move,"718,677"
24.796666860580444,mouse_move,"718,670"
24.796666860580444,mouse_move,"718,665"
24.812674522399902,mouse_move,"718,658"
24.818207025527954,mouse_move,"717,649"
24.818207025527954,mouse_move,"715,640"
24.83370542526245,mouse_move,"712,632"
24.84011673927307,mouse_move,"707,623"
24.848116397857666,mouse_move,"702,613"
24.855112314224243,mouse_move,"696,606"
24.862186908721924,mouse_move,"688,595"
24.86919903755188,mouse_move,"678,586"
24.87419843673706,mouse_move,"667,576"
24.87419843673706,mouse_move,"655,569"
24.89100670814514,mouse_move,"642,561"
24.897329568862915,mouse_move,"629,555"
24.897329568862915,mouse_move,"617,551"
24.905861377716064,mouse_move,"605,549"
24.917080640792847,mouse_move,"593,545"
24.92361283302307,mouse_move,"582,543"
24.92361283302307,mouse_move,"574,541"
24.93749165534973,mouse_move,"567,541"
24.93749165534973,mouse_move,"558,541"
24.953519582748413,mouse_move,"552,541"
24.957300901412964,mouse_move,"546,542"
24.957300901412964,mouse_move,"539,543"
24.976248741149902,mouse_move,"533,547"
24.9832603931427,mouse_move,"527,549"
24.984259605407715,mouse_move,"521,555"
24.984259605407715,mouse_move,"515,563"
25.000312566757202,mouse_move,"508,575"
25.000312566757202,mouse_move,"499,593"
25.01705813407898,mouse_move,"491,615"
25.01705813407898,mouse_move,"478,653"
25.03340768814087,mouse_move,"463,691"
25.03340768814087,mouse_move,"450,732"
25.03340768814087,mouse_move,"435,777"
25.050423860549927,mouse_move,"421,827"
25.050423860549927,mouse_move,"407,878"
25.065760612487793,mouse_move,"393,929"
25.065760612487793,mouse_move,"382,979"
25.08302092552185,mouse_move,"371,1023"
25.090031385421753,mouse_move,"361,1060"
25.09303092956543,mouse_move,"352,1097"
25.09303092956543,mouse_move,"344,1130"
25.108964443206787,mouse_move,"340,1150"
25.116915464401245,mouse_move,"338,1167"
25.124953508377075,mouse_move,"337,1180"
25.128971099853516,mouse_move,"336,1189"
25.140936136245728,mouse_move,"336,1193"
25.14394736289978,mouse_move,"335,1196"
25.150084018707275,mouse_move,"335,1197"
25.156680822372437,mouse_move,"335,1199"
25.156680822372437,mouse_move,"335,1199"
25.177258014678955,mouse_move,"339,1199"
25.183727264404297,mouse_move,"344,1199"
25.189738750457764,mouse_move,"353,1195"
25.197739362716675,mouse_move,"365,1188"
25.20191216468811,mouse_move,"379,1178"
25.20191216468811,mouse_move,"394,1167"
25.218460083007812,mouse_move,"412,1152"
25.218460083007812,mouse_move,"433,1136"
25.232705116271973,mouse_move,"455,1115"
25.232705116271973,mouse_move,"474,1098"
25.232705116271973,mouse_move,"496,1078"
25.24853515625,mouse_move,"515,1061"
25.24853515625,mouse_move,"534,1042"
25.264597415924072,mouse_move,"556,1024"
25.264597415924072,mouse_move,"574,1009"
25.281963109970093,mouse_move,"589,995"
25.281963109970093,mouse_move,"604,983"
25.296361923217773,mouse_move,"617,973"
25.303970336914062,mouse_move,"628,965"
25.31098222732544,mouse_move,"638,957"
25.318060874938965,mouse_move,"648,950"
25.32532811164856,mouse_move,"655,944"
25.33240294456482,mouse_move,"664,939"
25.339401483535767,mouse_move,"670,935"
25.34240198135376,mouse_move,"676,932"
25.34240198135376,mouse_move,"682,928"
25.359230041503906,mouse_move,"686,926"
25.359230041503906,mouse_move,"690,924"
25.373833656311035,mouse_move,"695,923"
25.373833656311035,mouse_move,"698,922"
25.389476776123047,mouse_move,"701,922"
25.396563291549683,mouse_move,"706,922"
25.403677701950073,mouse_move,"712,925"
25.41087317466736,mouse_move,"717,927"
25.418389797210693,mouse_move,"725,932"
25.422183513641357,mouse_move,"731,937"
25.422183513641357,mouse_move,"739,944"
25.437079906463623,mouse_move,"747,954"
25.437079906463623,mouse_move,"755,965"
25.452744722366333,mouse_move,"762,977"
25.452744722366333,mouse_move,"768,989"
25.452744722366333,mouse_move,"772,1000"
25.47111415863037,mouse_move,"776,1009"
25.47111415863037,mouse_move,"780,1016"
25.487115383148193,mouse_move,"782,1020"
25.487115383148193,mouse_move,"784,1024"
25.50030827522278,mouse_move,"785,1026"
25.50030827522278,mouse_move,"785,1027"
25.518052101135254,mouse_move,"785,1028"
25.547165155410767,mouse_move,"786,1028"
25.551591396331787,mouse_move,"787,1024"
25.554405450820923,mouse_move,"787,1015"
25.56298065185547,mouse_move,"790,1002"
25.56298065185547,mouse_move,"791,985"
25.578683853149414,mouse_move,"791,967"
25.578683853149414,mouse_move,"793,941"
25.594332933425903,mouse_move,"793,907"
25.594332933425903,mouse_move,"793,873"
25.61000680923462,mouse_move,"793,836"
25.61000680923462,mouse_move,"792,801"
25.618622541427612,mouse_move,"790,770"
25.631271600723267,mouse_move,"786,734"
25.638283252716064,mouse_move,"781,705"
25.640275955200195,mouse_move,"777,679"
25.650227069854736,mouse_move,"772,656"
25.65628933906555,mouse_move,"768,642"
25.65628933906555,mouse_move,"763,628"
25.672749042510986,mouse_move,"758,618"
25.672749042510986,mouse_move,"753,610"
25.6877498626709,mouse_move,"747,603"
25.6877498626709,mouse_move,"740,596"
25.6877498626709,mouse_move,"731,590"
25.703611850738525,mouse_move,"720,586"
25.703611850738525,mouse_move,"706,582"
25.718831777572632,mouse_move,"695,579"
25.718831777572632,mouse_move,"681,579"
25.73840022087097,mouse_move,"670,579"
25.745041608810425,mouse_move,"656,579"
25.75214719772339,mouse_move,"643,582"
25.76002836227417,mouse_move,"631,586"
25.76504683494568,mouse_move,"617,590"
25.76504683494568,mouse_move,"603,597"
25.781021118164062,mouse_move,"591,604"
25.781021118164062,mouse_move,"580,611"
25.781021118164062,mouse_move,"571,617"
25.79674220085144,mouse_move,"562,622"
25.79674220085144,mouse_move,"554,629"
25.81240224838257,mouse_move,"546,635"
25.818923234939575,mouse_move,"540,640"
25.831616401672363,mouse_move,"535,643"
25.838204860687256,mouse_move,"532,646"
25.845397233963013,mouse_move,"530,648"
25.85240411758423,mouse_move,"528,650"
25.858325958251953,mouse_move,"526,651"
25.858325958251953,mouse_move,"526,651"
25.874345779418945,mouse_move,"525,651"
25.874345779418945,mouse_move,"524,652"
25.905967950820923,mouse_move,"524,652"
25.92209792137146,mouse_move,"523,652"
25.92209792137146,mouse_move,"522,652"
25.93855619430542,mouse_move,"521,652"
25.943946599960327,mouse_move,"521,652"
25.943946599960327,mouse_move,"519,652"
25.95977258682251,mouse_move,"518,653"
25.966758966445923,mouse_move,"517,653"
25.968751192092896,mouse_move,"516,653"
25.968751192092896,mouse_move,"516,653"
25.98714566230774,mouse_move,"515,653"
26.000590085983276,mouse_move,"514,653"
26.002602100372314,mouse_move,"513,653"
26.01958990097046,mouse_move,"513,652"
26.032704830169678,mouse_move,"513,652"
26.065979957580566,mouse_move,"513,650"
26.073725938796997,mouse_move,"515,648"
26.078608989715576,mouse_move,"519,646"
26.078608989715576,mouse_move,"525,644"
26.095045804977417,mouse_move,"533,643"
26.1011962890625,mouse_move,"542,640"
26.1011962890625,mouse_move,"555,639"
26.11431050300598,mouse_move,"570,638"
26.119925022125244,mouse_move,"585,638"
26.128326892852783,mouse_move,"602,638"
26.128326892852783,mouse_move,"619,641"
26.142716646194458,mouse_move,"634,645"
26.15038013458252,mouse_move,"649,649"
26.158720016479492,mouse_move,"663,655"
26.165311813354492,mouse_move,"677,660"
26.165311813354492,mouse_move,"689,666"
26.17980170249939,mouse_move,"700,670"
26.186801433563232,mouse_move,"707,673"
26.186801433563232,mouse_move,"714,678"
26.202773571014404,mouse_move,"720,682"
26.203089475631714,mouse_move,"723,685"
26.203089475631714,mouse_move,"728,688"
26.220720291137695,mouse_move,"730,691"
26.220720291137695,mouse_move,"735,694"
26.2344491481781,mouse_move,"738,698"
26.2344491481781,mouse_move,"741,703"
26.250458002090454,mouse_move,"743,707"
26.250458002090454,mouse_move,"747,713"
26.250458002090454,mouse_move,"749,717"
26.266599893569946,mouse_move,"751,724"
26.278366327285767,mouse_move,"752,730"
26.286803245544434,mouse_move,"753,733"
26.293795585632324,mouse_move,"754,739"
26.300901174545288,mouse_move,"754,744"
26.30791425704956,mouse_move,"755,748"
26.315929174423218,mouse_move,"755,752"
26.321979761123657,mouse_move,"755,755"
26.330098152160645,mouse_move,"755,759"
26.337098598480225,mouse_move,"755,763"
26.34310531616211,mouse_move,"755,766"
26.34310531616211,mouse_move,"754,768"
26.34310531616211,mouse_move,"754,771"
26.35912322998047,mouse_move,"753,773"
26.35912322998047,mouse_move,"752,773"
26.375198364257812,mouse_move,"751,774"
26.375198364257812,mouse_move,"751,775"
26.40132474899292,mouse_move,"751,776"
26.437044143676758,mouse_move,"751,776"
26.452969074249268,mouse_move,"751,774"
26.452969074249268,mouse_move,"754,772"
26.468883991241455,mouse_move,"756,771"
26.468883991241455,mouse_move,"759,768"
26.484703302383423,mouse_move,"761,765"
26.484703302383423,mouse_move,"766,762"
26.501533269882202,mouse_move,"769,759"
26.507566928863525,mouse_move,"775,755"
26.514538526535034,mouse_move,"777,753"
26.521509170532227,mouse_move,"781,751"
26.521509170532227,mouse_move,"784,748"
26.530641078948975,mouse_move,"787,746"
26.530641078948975,mouse_move,"790,745"
26.54671812057495,mouse_move,"792,743"
26.54671812057495,mouse_move,"792,742"
26.56291389465332,mouse_move,"794,741"
26.56291389465332,mouse_move,"795,741"
26.57860040664673,mouse_move,"795,741"
26.655665159225464,mouse_move,"795,741"
26.655665159225464,mouse_move,"793,741"
26.671820402145386,mouse_move,"791,741"
26.671820402145386,mouse_move,"789,743"
26.671820402145386,mouse_move,"786,744"
26.687492609024048,mouse_move,"783,746"
26.687492609024048,mouse_move,"778,748"
26.70348596572876,mouse_move,"774,750"
26.70348596572876,mouse_move,"768,752"
26.72114133834839,mouse_move,"763,754"
26.728644132614136,mouse_move,"757,756"
26.735949993133545,mouse_move,"751,758"
26.741964101791382,mouse_move,"746,760"
26.74972701072693,mouse_move,"740,763"
26.74972701072693,mouse_move,"737,764"
26.74972701072693,mouse_move,"732,765"
26.7655086517334,mouse_move,"729,766"
26.778992891311646,mouse_move,"728,767"
26.78349256515503,mouse_move,"725,768"
26.78349256515503,mouse_move,"723,769"
26.797204971313477,mouse_move,"721,770"
26.797204971313477,mouse_move,"720,770"
26.814012050628662,mouse_move,"719,770"
26.82101821899414,mouse_move,"718,770"
26.827542304992676,mouse_move,"716,770"
26.83554220199585,mouse_move,"715,770"
26.842535495758057,mouse_move,"714,770"
26.843539476394653,mouse_move,"712,770"
26.843539476394653,mouse_move,"712,770"
26.859342575073242,mouse_move,"710,770"
26.859342575073242,mouse_move,"708,770"
26.875062704086304,mouse_move,"707,769"
26.875062704086304,mouse_move,"705,769"
26.89116597175598,mouse_move,"703,768"
26.89116597175598,mouse_move,"702,768"
26.906850576400757,mouse_move,"701,768"
26.906850576400757,mouse_move,"699,768"
26.906850576400757,mouse_move,"699,767"
26.92217206954956,mouse_move,"697,767"
26.92217206954956,mouse_move,"696,767"
26.94255518913269,mouse_move,"695,766"
26.94953465461731,mouse_move,"693,766"
26.952532052993774,mouse_move,"692,766"
26.952532052993774,mouse_move,"691,766"
26.968220472335815,mouse_move,"690,766"
26.968220472335815,mouse_move,"689,766"
26.98400354385376,mouse_move,"687,766"
26.98400354385376,mouse_move,"687,766"
26.98400354385376,mouse_move,"685,766"
27.000056982040405,mouse_move,"683,766"
27.000056982040405,mouse_move,"681,766"
27.016105890274048,mouse_move,"679,766"
27.02233362197876,mouse_move,"677,766"
27.032235860824585,mouse_move,"676,766"
27.032235860824585,mouse_move,"674,766"
27.048823833465576,mouse_move,"671,767"
27.055837392807007,mouse_move,"669,767"
27.061837673187256,mouse_move,"666,767"
27.061837673187256,mouse_move,"663,767"
27.077883005142212,mouse_move,"661,767"
27.077883005142212,mouse_move,"658,767"
27.077883005142212,mouse_move,"655,767"
27.093889236450195,mouse_move,"651,766"
27.093889236450195,mouse_move,"646,764"
27.934456825256348,mouse_move,"646,747"
27.93745446205139,mouse_move,"646,727"
27.93745446205139,mouse_move,"646,700"
27.953401565551758,mouse_move,"646,676"
27.953401565551758,mouse_move,"646,645"
27.96934676170349,mouse_move,"647,613"
27.96934676170349,mouse_move,"647,586"
27.96934676170349,mouse_move,"648,558"
27.98537540435791,mouse_move,"650,530"
27.98537540435791,mouse_move,"652,505"
28.001493453979492,mouse_move,"652,484"
28.01272964477539,mouse_move,"653,468"
28.017146348953247,mouse_move,"655,453"
28.02329134941101,mouse_move,"655,439"
28.03412938117981,mouse_move,"656,429"
28.041117906570435,mouse_move,"656,421"
28.04611611366272,mouse_move,"657,415"
28.04611611366272,mouse_move,"657,412"
28.061769247055054,mouse_move,"657,409"
28.061769247055054,mouse_move,"657,406"
28.07741689682007,mouse_move,"657,405"
28.07741689682007,mouse_move,"657,404"
28.093430042266846,mouse_move,"657,403"
28.093430042266846,mouse_move,"657,402"
28.390271186828613,mouse_click,Button.left
28.5648295879364,mouse_click,Button.left
30.952955961227417,mouse_move,"667,402"
30.952955961227417,mouse_move,"682,402"
30.952955961227417,mouse_move,"700,402"
30.96877956390381,mouse_move,"718,402"
30.96877956390381,mouse_move,"741,402"
30.988571405410767,mouse_move,"769,403"
30.995150566101074,mouse_move,"797,405"
30.99870491027832,mouse_move,"832,407"
30.99870491027832,mouse_move,"871,411"
31.014384031295776,mouse_move,"910,415"
31.014384031295776,mouse_move,"949,421"
31.030136585235596,mouse_move,"989,430"
31.03806209564209,mouse_move,"1026,440"
31.04491662979126,mouse_move,"1063,450"
31.052086353302002,mouse_move,"1098,463"
31.059274911880493,mouse_move,"1130,474"
31.065658807754517,mouse_move,"1159,488"
31.073498487472534,mouse_move,"1185,501"
31.08054828643799,mouse_move,"1211,516"
31.087414264678955,mouse_move,"1232,532"
31.09482192993164,mouse_move,"1253,548"
31.10183095932007,mouse_move,"1272,565"
31.10882592201233,mouse_move,"1287,579"
31.116193056106567,mouse_move,"1303,592"
31.123316526412964,mouse_move,"1315,607"
31.130797863006592,mouse_move,"1324,620"
31.13648819923401,mouse_move,"1334,634"
31.144949674606323,mouse_move,"1344,648"
31.148927927017212,mouse_move,"1351,660"
31.15518832206726,mouse_move,"1358,672"
31.16629719734192,mouse_move,"1363,685"
31.17352867126465,mouse_move,"1368,695"
31.18039298057556,mouse_move,"1372,706"
31.187541484832764,mouse_move,"1375,718"
31.192554473876953,mouse_move,"1378,731"
31.197697639465332,mouse_move,"1380,745"
31.208515167236328,mouse_move,"1382,757"
31.21553659439087,mouse_move,"1383,767"
31.222525596618652,mouse_move,"1383,775"
31.228580713272095,mouse_move,"1383,785"
31.23590636253357,mouse_move,"1383,794"
31.24053692817688,mouse_move,"1382,802"
31.251119136810303,mouse_move,"1380,811"
31.258933305740356,mouse_move,"1378,818"
31.26492953300476,mouse_move,"1377,825"
31.27099609375,mouse_move,"1374,832"
31.277002096176147,mouse_move,"1373,838"
31.282054662704468,mouse_move,"1371,842"
31.293787002563477,mouse_move,"1370,846"
31.301280736923218,mouse_move,"1369,850"
31.308366537094116,mouse_move,"1367,853"
31.315460443496704,mouse_move,"1367,854"
31.322460412979126,mouse_move,"1366,856"
31.330318689346313,mouse_move,"1365,859"
31.33724808692932,mouse_move,"1365,860"
31.344038248062134,mouse_move,"1364,862"
31.350276708602905,mouse_move,"1363,863"
31.35869574546814,mouse_move,"1363,864"
31.36605954170227,mouse_move,"1362,865"
31.37248468399048,mouse_move,"1362,866"
31.37922692298889,mouse_move,"1362,867"
31.38685417175293,mouse_move,"1362,868"
31.39273762702942,mouse_move,"1362,869"
31.39958167076111,mouse_move,"1363,872"
31.408339262008667,mouse_move,"1364,875"
31.415210962295532,mouse_move,"1365,879"
31.422905921936035,mouse_move,"1367,882"
31.429537057876587,mouse_move,"1368,885"
31.436540365219116,mouse_move,"1370,891"
31.44111442565918,mouse_move,"1373,898"
31.446863174438477,mouse_move,"1375,905"
31.457679986953735,mouse_move,"1377,913"
31.465134620666504,mouse_move,"1380,920"
31.47144913673401,mouse_move,"1382,929"
31.477817058563232,mouse_move,"1385,936"
31.48634147644043,mouse_move,"1386,943"
31.49393653869629,mouse_move,"1388,950"
31.501127004623413,mouse_move,"1389,959"
31.508260250091553,mouse_move,"1392,967"
31.515163898468018,mouse_move,"1393,976"
31.52234697341919,mouse_move,"1394,983"
31.525773525238037,mouse_move,"1396,993"
31.536174535751343,mouse_move,"1396,1000"
31.54317808151245,mouse_move,"1397,1009"
31.549338817596436,mouse_move,"1397,1019"
31.557807683944702,mouse_move,"1397,1025"
31.564870357513428,mouse_move,"1397,1036"
31.567328691482544,mouse_move,"1397,1046"
31.57330894470215,mouse_move,"1395,1058"
31.586599588394165,mouse_move,"1393,1068"
31.592234134674072,mouse_move,"1391,1076"
31.59833264350891,mouse_move,"1389,1085"
31.60470747947693,mouse_move,"1387,1091"
31.610671281814575,mouse_move,"1386,1098"
31.615776538848877,mouse_move,"1384,1101"
31.62929630279541,mouse_move,"1382,1105"
31.6364004611969,mouse_move,"1380,1108"
31.643402338027954,mouse_move,"1378,1110"
31.650407075881958,mouse_move,"1376,1111"
31.655922889709473,mouse_move,"1375,1112"
31.664961099624634,mouse_move,"1374,1113"
31.676530838012695,mouse_move,"1373,1113"
31.683693647384644,mouse_move,"1372,1113"
31.68933629989624,mouse_move,"1372,1113"
31.70090341567993,mouse_move,"1371,1113"
31.713567972183228,mouse_move,"1370,1113"
31.72588062286377,mouse_move,"1370,1113"
31.743419408798218,mouse_move,"1369,1113"
31.749893188476562,mouse_move,"1369,1112"
31.756774187088013,mouse_move,"1368,1112"
31.763786792755127,mouse_move,"1368,1112"
31.767794609069824,mouse_move,"1367,1111"
31.776719093322754,mouse_move,"1367,1109"
31.785422801971436,mouse_move,"1367,1108"
31.793095350265503,mouse_move,"1366,1105"
31.799062728881836,mouse_move,"1366,1101"
31.804676294326782,mouse_move,"1365,1097"
31.81044864654541,mouse_move,"1364,1094"
31.818344593048096,mouse_move,"1364,1087"
31.828819274902344,mouse_move,"1364,1080"
31.83487319946289,mouse_move,"1363,1075"
31.841367483139038,mouse_move,"1363,1069"
31.84787154197693,mouse_move,"1363,1066"
31.85305881500244,mouse_move,"1363,1059"
31.864237308502197,mouse_move,"1363,1056"
31.870947122573853,mouse_move,"1363,1049"
31.878178119659424,mouse_move,"1363,1044"
31.885246992111206,mouse_move,"1363,1037"
31.890251636505127,mouse_move,"1363,1030"
31.89921760559082,mouse_move,"1363,1022"
31.906761407852173,mouse_move,"1360,1013"
31.91482400894165,mouse_move,"1358,1004"
31.919467210769653,mouse_move,"1356,996"
31.927918672561646,mouse_move,"1354,987"
31.93231701850891,mouse_move,"1350,976"
31.942489624023438,mouse_move,"1347,968"
31.950010538101196,mouse_move,"1345,957"
31.957000970840454,mouse_move,"1341,948"
31.964009284973145,mouse_move,"1337,938"
31.96901297569275,mouse_move,"1334,929"
31.974082231521606,mouse_move,"1332,919"
31.98562502861023,mouse_move,"1329,911"
31.99269700050354,mouse_move,"1327,906"
31.999375820159912,mouse_move,"1325,900"
32.00570321083069,mouse_move,"1323,896"
32.01167440414429,mouse_move,"1321,892"
32.018972396850586,mouse_move,"1320,889"
32.02816557884216,mouse_move,"1318,886"
32.03523087501526,mouse_move,"1317,885"
32.04172945022583,mouse_move,"1316,883"
32.04797911643982,mouse_move,"1316,882"
32.05413317680359,mouse_move,"1316,881"
32.06006121635437,mouse_move,"1316,881"
32.070977210998535,mouse_move,"1316,880"
32.077478647232056,mouse_move,"1315,880"
32.09529995918274,mouse_move,"1314,879"
32.10248136520386,mouse_move,"1313,879"
32.11331820487976,mouse_move,"1313,879"
32.119630098342896,mouse_move,"1311,879"
32.12660765647888,mouse_move,"1311,880"
32.13292098045349,mouse_move,"1309,882"
32.13887000083923,mouse_move,"1307,885"
32.14444375038147,mouse_move,"1305,889"
32.15563249588013,mouse_move,"1303,895"
32.16268587112427,mouse_move,"1301,900"
32.169697999954224,mouse_move,"1299,907"
32.17727279663086,mouse_move,"1299,916"
32.18427515029907,mouse_move,"1299,926"
32.19202899932861,mouse_move,"1300,933"
32.19905138015747,mouse_move,"1302,943"
32.20525598526001,mouse_move,"1305,952"
32.21323561668396,mouse_move,"1307,961"
32.220345973968506,mouse_move,"1311,968"
32.227489709854126,mouse_move,"1316,977"
32.234456062316895,mouse_move,"1321,986"
32.2413010597229,mouse_move,"1326,995"
32.24914526939392,mouse_move,"1333,1004"
32.25425720214844,mouse_move,"1338,1010"
32.26184439659119,mouse_move,"1344,1018"
32.26537775993347,mouse_move,"1348,1025"
32.27811026573181,mouse_move,"1353,1031"
32.2851026058197,mouse_move,"1355,1034"
32.29188060760498,mouse_move,"1358,1038"
32.29669523239136,mouse_move,"1358,1040"
32.305901288986206,mouse_move,"1360,1041"
32.30879306793213,mouse_move,"1360,1043"
32.31948447227478,mouse_move,"1361,1043"
33.12701201438904,mouse_move,"1368,1043"
33.13479280471802,mouse_move,"1376,1041"
33.141897439956665,mouse_move,"1385,1041"
33.14901328086853,mouse_move,"1395,1040"
33.15621042251587,mouse_move,"1404,1039"
33.16298532485962,mouse_move,"1411,1037"
33.170284271240234,mouse_move,"1419,1037"
33.17696404457092,mouse_move,"1427,1037"
33.18476867675781,mouse_move,"1434,1037"
33.19195818901062,mouse_move,"1440,1038"
33.19890213012695,mouse_move,"1445,1039"
33.205690145492554,mouse_move,"1450,1039"
33.212820291519165,mouse_move,"1454,1040"
33.22024917602539,mouse_move,"1457,1040"
33.22691893577576,mouse_move,"1459,1041"
33.233933210372925,mouse_move,"1462,1041"
33.24103569984436,mouse_move,"1464,1041"
33.248844385147095,mouse_move,"1465,1041"
33.2558491230011,mouse_move,"1467,1041"
33.262861251831055,mouse_move,"1468,1042"
33.269861459732056,mouse_move,"1469,1042"
33.27720260620117,mouse_move,"1470,1043"
33.28476643562317,mouse_move,"1472,1044"
33.29099369049072,mouse_move,"1474,1045"
33.2988977432251,mouse_move,"1477,1045"
33.305362701416016,mouse_move,"1478,1046"
33.31237244606018,mouse_move,"1482,1047"
33.31658577919006,mouse_move,"1484,1048"
33.32695293426514,mouse_move,"1488,1049"
33.33411884307861,mouse_move,"1492,1050"
33.34020781517029,mouse_move,"1494,1050"
33.34634852409363,mouse_move,"1500,1051"
33.35227012634277,mouse_move,"1503,1052"
33.35810589790344,mouse_move,"1507,1053"
33.36957573890686,mouse_move,"1514,1055"
33.37658715248108,mouse_move,"1518,1055"
33.38369083404541,mouse_move,"1522,1056"
33.39080858230591,mouse_move,"1527,1057"
33.39879822731018,mouse_move,"1531,1058"
33.40579843521118,mouse_move,"1535,1058"
33.41309666633606,mouse_move,"1538,1059"
33.419169187545776,mouse_move,"1541,1060"
33.427202224731445,mouse_move,"1543,1060"
33.43435478210449,mouse_move,"1545,1061"
33.44124245643616,mouse_move,"1547,1061"
33.448564529418945,mouse_move,"1549,1061"
33.454368352890015,mouse_move,"1551,1061"
33.462661027908325,mouse_move,"1553,1062"
33.469770431518555,mouse_move,"1553,1062"
33.47277879714966,mouse_move,"1554,1062"
33.48349070549011,mouse_move,"1555,1062"
33.49102258682251,mouse_move,"1555,1062"
33.4980103969574,mouse_move,"1556,1062"
33.49901032447815,mouse_move,"1557,1062"
33.51308798789978,mouse_move,"1557,1062"
33.51932692527771,mouse_move,"1558,1063"
33.523009300231934,mouse_move,"1560,1063"
33.53355693817139,mouse_move,"1561,1063"
33.539573431015015,mouse_move,"1562,1062"
33.548635959625244,mouse_move,"1564,1062"
33.55565071105957,mouse_move,"1565,1061"
33.562734842300415,mouse_move,"1567,1060"
33.56924867630005,mouse_move,"1569,1060"
33.57606887817383,mouse_move,"1570,1059"
33.58337116241455,mouse_move,"1572,1058"
33.590882301330566,mouse_move,"1574,1058"
33.597206592559814,mouse_move,"1575,1057"
33.605212688446045,mouse_move,"1577,1056"
33.61253809928894,mouse_move,"1579,1055"
33.61915469169617,mouse_move,"1580,1055"
33.62665009498596,mouse_move,"1582,1055"
33.6336624622345,mouse_move,"1584,1054"
33.640021324157715,mouse_move,"1586,1054"
33.64754390716553,mouse_move,"1588,1054"
33.654778480529785,mouse_move,"1591,1054"
33.66171646118164,mouse_move,"1592,1054"
33.66920351982117,mouse_move,"1594,1054"
33.67607569694519,mouse_move,"1597,1054"
33.68282222747803,mouse_move,"1597,1054"
33.690731048583984,mouse_move,"1599,1054"
33.69779992103577,mouse_move,"1599,1054"
33.70480179786682,mouse_move,"1600,1054"
33.71780872344971,mouse_move,"1601,1054"
33.72773885726929,mouse_move,"1602,1054"
34.064005613327026,mouse_move,"1601,1054"
34.07509684562683,mouse_move,"1600,1054"
34.07946801185608,mouse_move,"1599,1055"
34.08929371833801,mouse_move,"1598,1056"
34.09626889228821,mouse_move,"1597,1056"
34.10327124595642,mouse_move,"1597,1056"
34.11042618751526,mouse_move,"1596,1056"
34.132293701171875,mouse_move,"1596,1056"
34.20302772521973,mouse_move,"1595,1056"
34.3143846988678,mouse_move,"1595,1056"
35.19563174247742,mouse_move,"1589,1058"
35.202767848968506,mouse_move,"1582,1061"
35.210416316986084,mouse_move,"1573,1065"
35.21770262718201,mouse_move,"1564,1067"
35.22397994995117,mouse_move,"1557,1070"
35.2311327457428,mouse_move,"1548,1072"
35.238303661346436,mouse_move,"1538,1075"
35.24596357345581,mouse_move,"1527,1079"
35.253095865249634,mouse_move,"1517,1081"
35.25952458381653,mouse_move,"1505,1084"
35.2674024105072,mouse_move,"1494,1086"
35.27447700500488,mouse_move,"1484,1088"
35.2817325592041,mouse_move,"1472,1089"
35.28877329826355,mouse_move,"1461,1090"
35.29527688026428,mouse_move,"1450,1092"
35.30234503746033,mouse_move,"1440,1093"
35.31026077270508,mouse_move,"1430,1094"
35.317193031311035,mouse_move,"1421,1095"
35.32407355308533,mouse_move,"1413,1097"
35.331259965896606,mouse_move,"1406,1098"
35.33856129646301,mouse_move,"1399,1099"
35.34565496444702,mouse_move,"1394,1099"
35.3530068397522,mouse_move,"1388,1100"
35.3600058555603,mouse_move,"1383,1101"
35.36744046211243,mouse_move,"1379,1102"
35.37389636039734,mouse_move,"1375,1103"
35.38126301765442,mouse_move,"1372,1105"
35.38819456100464,mouse_move,"1369,1105"
35.39586043357849,mouse_move,"1368,1105"
35.40293526649475,mouse_move,"1366,1106"
35.410076379776,mouse_move,"1365,1106"
35.41505527496338,mouse_move,"1365,1106"
35.41505527496338,mouse_move,"1364,1106"
35.431682109832764,mouse_move,"1363,1106"
35.445250034332275,mouse_move,"1363,1106"
35.45226216316223,mouse_move,"1362,1106"
35.45936703681946,mouse_move,"1361,1106"
35.46613574028015,mouse_move,"1360,1106"
35.46987724304199,mouse_move,"1360,1105"
35.46987724304199,mouse_move,"1359,1105"
35.48789596557617,mouse_move,"1357,1103"
35.49522519111633,mouse_move,"1356,1102"
35.50230431556702,mouse_move,"1354,1101"
35.50920367240906,mouse_move,"1352,1100"
35.516204595565796,mouse_move,"1351,1100"
35.523082971572876,mouse_move,"1349,1099"
35.53098154067993,mouse_move,"1347,1098"
35.53814148902893,mouse_move,"1346,1097"
35.544594287872314,mouse_move,"1345,1097"
35.55174160003662,mouse_move,"1344,1097"
35.55873465538025,mouse_move,"1344,1096"
35.566293716430664,mouse_move,"1343,1096"
35.57294154167175,mouse_move,"1342,1096"
35.5871045589447,mouse_move,"1341,1096"
35.603283643722534,mouse_move,"1341,1096"
35.61829733848572,mouse_move,"1340,1095"
35.61829733848572,mouse_move,"1339,1095"
35.63757371902466,mouse_move,"1339,1095"
35.639490842819214,mouse_move,"1338,1095"
35.658868074417114,mouse_move,"1337,1095"
35.666059494018555,mouse_move,"1336,1095"
35.68006992340088,mouse_move,"1336,1095"
35.687084436416626,mouse_move,"1335,1095"
35.687084436416626,mouse_move,"1335,1095"
35.702898025512695,mouse_move,"1334,1095"
35.737061500549316,mouse_move,"1334,1095"
35.76581382751465,mouse_move,"1333,1095"
35.787055015563965,mouse_move,"1333,1096"
35.82796049118042,mouse_move,"1332,1097"
35.839980602264404,mouse_move,"1331,1098"
35.858181953430176,mouse_move,"1331,1098"
35.858181953430176,mouse_move,"1331,1098"
35.90837812423706,mouse_move,"1331,1099"
35.92248058319092,mouse_move,"1330,1099"
36.00123858451843,mouse_move,"1329,1099"
36.01442575454712,mouse_move,"1325,1098"
36.23366641998291,mouse_click,Button.left
37.542335510253906,key_press,Key.shift
37.649736642837524,key_press,'M'
37.781638622283936,key_press,'i'
37.92333793640137,key_press,'n'
38.031397342681885,key_press,'i'
38.12860989570618,key_press,'s'
38.470847606658936,key_press,'t'
38.65842866897583,key_press,'e'
38.79822778701782,key_press,'r'
38.92379355430603,key_press,Key.space
39.42152404785156,key_press,'o'
39.68902611732483,key_press,'f'
39.84195590019226,key_press,Key.space
40.430891275405884,key_press,Key.shift
40.60935115814209,key_press,'A'
41.09539747238159,key_press,'g'
41.34911370277405,key_press,'r'
41.52238869667053,key_press,'i'
41.74440360069275,key_press,'c'
41.96972346305847,key_press,'u'
42.211307525634766,key_press,'l'
42.559683322906494,key_press,'t'
42.68193006515503,key_press,'u'
42.82998251914978,key_press,'r'
42.95508599281311,key_press,'e'
43.1446807384491,key_press,Key.space
45.06817579269409,key_press,'t'
45.12719011306763,key_press,'h'
45.296181201934814,key_press,'e'
45.594565868377686,key_press,'y'
45.79741930961609,key_press,Key.space
46.44940519332886,key_press,'m'
46.600457429885864,key_press,'e'
46.70297145843506,key_press,'n'
46.90409231185913,key_press,'t'
47.15614032745361,key_press,'i'
47.266146421432495,key_press,'o'
47.454111099243164,key_press,'n'
47.608585834503174,key_press,'e'
47.931565284729004,key_press,'d'
47.94750380516052,key_press,'e'
48.118366956710815,key_press,Key.space
48.93791151046753,key_press,'a'
49.78060340881348,key_press,'g'
49.999961614608765,key_press,'r'
50.1560275554657,key_press,'i'
50.43785333633423,key_press,'c'
50.92200446128845,key_press,'u'
51.218311071395874,key_press,'l'
51.42434120178223,key_press,'t'
51.67360544204712,key_press,'u'
51.8438766002655,key_press,'r'
51.9887797832489,key_press,'e'
52.15675449371338,key_press,Key.space
52.73442888259888,mouse_move,"1325,1097"
52.745331048965454,mouse_move,"1325,1096"
53.09658169746399,key_press,'c'
53.29726314544678,key_press,'o'
53.50053429603577,key_press,'n'
53.76522445678711,key_press,'t'
54.236207485198975,key_press,'r'
54.40447926521301,key_press,'i'
54.68715286254883,key_press,'b'
54.85806107521057,key_press,'u'
55.10915994644165,key_press,'t'
55.26538372039795,key_press,'e'
55.626532554626465,key_press,'s'
56.41189789772034,key_press,Key.space
57.74960136413574,key_press,'2'
58.019446849823,key_press,'8'
58.67718291282654,key_press,Key.shift_r
59.00608515739441,key_press,'%'
59.76616406440735,key_press,Key.space
60.31295895576477,key_press,'t'
60.704233169555664,key_press,'o'
60.969810247421265,key_press,Key.space
61.301178216934204,key_press,Key.shift
61.5841338634491,key_press,'G'
62.08192181587219,key_press,'D'
62.43680787086487,key_press,'P'
62.78128743171692,key_press,Key.space
117.85838651657104,key_press,'a'
118.02984189987183,key_press,'n'
118.22570776939392,key_press,'d'
118.34284567832947,key_press,Key.space
119.19996547698975,key_press,'s'
119.40930008888245,key_press,'u'
119.54473900794983,key_press,'s'
119.79689288139343,key_press,'t'
120.14258456230164,key_press,'a'
120.32350444793701,key_press,'i'
120.47213292121887,key_press,'n'
120.59945368766785,key_press,'s'
120.73456048965454,key_press,Key.space
126.80977082252502,key_press,'r'
127.15603065490723,key_press,'u'
128.57885074615479,key_press,'r'
128.72171902656555,key_press,'a'
128.94341039657593,key_press,'l'
129.13083934783936,key_press,Key.space
129.412250995636,key_press,'l'
129.59389758110046,key_press,'i'
130.12470245361328,key_press,'v'
130.27182483673096,key_press,'e'
132.20567440986633,key_press,'h'
132.39004349708557,key_press,'o'
132.49998545646667,key_press,'o'
132.65702533721924,key_press,'d'
132.82224941253662,key_press,'s'
132.92874455451965,key_press,Key.space
134.0059425830841,key_press,Key.shift_r
134.13971662521362,key_press,':'
134.79619002342224,key_press,'a'
135.29754376411438,key_press,'c'
135.4416995048523,key_press,'c'
136.0984365940094,key_press,'o'
136.26841020584106,key_press,'r'
136.58680605888367,key_press,'d'
136.72214245796204,key_press,'i'
136.8756558895111,key_press,'n'
137.0498514175415,key_press,'g'
137.2521414756775,key_press,'l'
137.4918999671936,key_press,'y'
137.70616030693054,key_press,Key.space
146.30232048034668,key_press,'4'
146.4146909713745,key_press,'5'
146.61557626724243,key_press,'n'
147.17403388023376,key_press,Key.space
147.31089162826538,key_press,'c'
147.50182580947876,key_press,'r'
147.73218417167664,key_press,'o'
147.95700478553772,key_press,'r'
148.156400680542,key_press,'e'
148.3797562122345,key_press,'s'
148.61058378219604,key_press,Key.space
150.35947632789612,key_press,'a'
150.58018565177917,key_press,'r'
150.67311644554138,key_press,'e'
150.809894323349,key_press,Key.space
151.1107635498047,key_press,'a'
151.3933551311493,key_press,'l'
151.51631474494934,key_press,'l'
151.70214223861694,key_press,'o'
151.86259388923645,key_press,'c'
151.97136926651,key_press,'a'
152.21435046195984,key_press,'t'
152.4345314502716,key_press,'e'
152.68739199638367,key_press,'d'
152.90567421913147,key_press,Key.space
157.2253394126892,key_press,'t'
157.40831685066223,key_press,'o'
157.60813522338867,key_press,Key.space
158.5338613986969,key_press,Key.shift
158.70327425003052,key_press,'M'
158.84320282936096,key_press,'O'
159.14009046554565,key_press,'A'
159.68285536766052,key_press,Key.shift
160.17371439933777,key_press,Key.shift
160.21520495414734,key_press,Key.shift
160.23321199417114,key_press,Key.shift
160.2649335861206,key_press,Key.shift
160.2969434261322,key_press,Key.shift
160.33566331863403,key_press,Key.shift
160.36060976982117,key_press,Key.shift
160.39445877075195,key_press,Key.shift
160.4248857498169,key_press,Key.shift
160.45303106307983,key_press,Key.shift
160.48539280891418,key_press,Key.shift
160.5060842037201,key_press,Key.shift
160.54553413391113,key_press,Key.shift
160.56214952468872,key_press,Key.shift
160.59432458877563,key_press,'G'
160.8458206653595,key_press,'R'
161.3427014350891,key_press,Key.space
161.7641088962555,key_press,'a'
161.9650375843048,key_press,'l'
162.14686226844788,key_press,'o'
162.33102917671204,key_press,'n'
162.56676959991455,key_press,'g'
162.70471143722534,key_press,Key.space
163.92406821250916,key_press,'w'
164.0788905620575,key_press,'i'
164.31428718566895,key_press,'t'
164.45398926734924,key_press,'h'
164.69527292251587,key_press,Key.space
165.80218243598938,key_press,'5'
165.9369513988495,key_press,'5'
166.11251020431519,key_press,Key.space
166.75149035453796,key_press,'c'
167.01519298553467,key_press,'r'
167.24989771842957,key_press,'o'
167.40793752670288,key_press,'r'
167.53524470329285,key_press,'e'
167.7649631500244,key_press,'s'
168.56269574165344,key_press,Key.space
169.05991888046265,key_press,'f'
169.20924854278564,key_press,'o'
169.2962462902069,key_press,'r'
169.46962237358093,key_press,Key.space
172.40694522857666,key_press,'m'
172.5498526096344,key_press,'o'
173.1774878501892,key_press,'d'
173.36467051506042,key_press,'e'
173.4694745540619,key_press,'r'
173.70914697647095,key_press,'n'
173.87478399276733,key_press,Key.space
176.2802493572235,key_press,'f'
176.3905210494995,key_press,'a'
176.59106922149658,key_press,'r'
176.79916715621948,key_press,'m'
176.95730805397034,key_press,'i'
177.15585589408875,key_press,'n'
177.37482833862305,key_press,'g'
177.47753953933716,key_press,Key.space
187.36080360412598,key_press,'t'
187.53442406654358,key_press,'e'
187.78153014183044,key_press,'c'
187.9841287136078,key_press,'h'
188.31177520751953,key_press,'n'
188.5052363872528,key_press,'i'
189.56430649757385,key_press,'o'
189.74510526657104,key_press,'l'
189.93285059928894,key_press,'o'
190.33178639411926,key_press,'g'
190.45522737503052,key_press,'i'
190.71813321113586,key_press,'e'
190.91359448432922,key_press,'s'
191.0799481868744,key_press,Key.space
319.7833180427551,key_press,Key.shift
319.8803107738495,key_press,'M'
319.9850399494171,key_press,'o'
320.37419986724854,key_press,'d'
321.0969624519348,key_press,'e'
321.761666059494,key_press,'u'
321.78148436546326,key_press,'i'
321.97165298461914,key_press,Key.space
681.4555170536041,key_press,Key.space
683.0180659294128,key_press,Key.space
685.7814526557922,key_press,'t'
685.907772064209,key_press,'h'
685.984137058258,key_press,'e'
686.1240465641022,key_press,Key.space
686.1997997760773,key_press,'a'
686.4806632995605,key_press,'l'
686.609620809555,key_press,'l'
686.7501103878021,key_press,'o'
686.8546283245087,key_press,'c'
686.9678289890289,key_press,'a'
687.180525302887,key_press,'r'
687.4056227207184,key_press,'t'
687.5619688034058,key_press,'e'
687.7346186637878,key_press,'d'
687.8907837867737,key_press,Key.space
688.8150653839111,key_press,'b'
688.937079668045,key_press,'u'
689.3882083892822,key_press,'d'
689.6404912471771,key_press,'e'
689.8432266712189,key_press,'g'
690.0631976127625,key_press,'r'
690.2504703998566,key_press,'e'
690.407781124115,key_press,'t'
690.6084842681885,key_press,Key.space
691.2797920703888,key_press,'f'
691.3961806297302,key_press,'o'
691.5036654472351,key_press,'r'
691.6144390106201,key_press,Key.space
691.6874158382416,key_press,'t'
691.8452637195587,key_press,'h'
691.9900529384613,key_press,'s'
691.9995925426483,key_press,'i'
692.2807245254517,key_press,Key.space
692.8748941421509,key_press,'m'
693.1398384571075,key_press,'i'
693.3473560810089,key_press,'n'
693.4999377727509,key_press,'i'
693.5873608589172,key_press,'s'
694.0171632766724,key_press,'t'
694.2027914524078,key_press,'e'
694.3884139060974,key_press,'r'
694.6375322341919,key_press,'y'
694.7507448196411,key_press,Key.space
695.2186925411224,key_press,'i'
695.3384809494019,key_press,'s'
695.4020586013794,key_press,Key.space
695.5812022686005,key_press,'n'
695.6866898536682,key_press,'o'
695.8921947479248,key_press,Key.space
696.0479431152344,key_press,'n'
696.1561477184296,key_press,'a'
696.4540460109711,key_press,'t'
696.7194504737854,key_press,'o'
696.9538850784302,key_press,'n'
697.1271986961365,key_press,Key.space
697.4690020084381,key_press,'r'
697.5781347751617,key_press,'i'
697.7025530338287,key_press,'s'
697.8873310089111,key_press,'e'
698.064689874649,key_press,'s'
698.2503893375397,key_press,Key.space
698.5019142627716,key_press,'a'
698.8743205070496,key_press,'b'
699.311464548111,key_press,'o'
699.5029971599579,key_press,'v'
699.6466376781464,key_press,'e'
699.7969636917114,key_press,Key.space
699.9004669189453,key_press,'t'
700.0708236694336,key_press,'h'
700.1270308494568,key_press,'e'
700.3128125667572,key_press,Key.space
700.7314422130585,key_press,'a'
701.1264078617096,key_press,Key.backspace
701.2402293682098,key_press,'q'
701.6247344017029,key_press,'u'
701.7525136470795,key_press,'a'
702.0433197021484,key_press,'l'
702.2045350074768,key_press,'i'
702.3747544288635,key_press,'t'
702.5565853118896,key_press,'y'
702.736231803894,key_press,Key.space
704.2981431484222,key_press,'o'
704.4271717071533,key_press,'d'
704.5576462745667,key_press,Key.space
704.9065251350403,key_press,'i'
705.0685741901398,key_press,'t'
705.2544867992401,key_press,'s'
705.4137213230133,key_press,Key.space
706.2686183452606,key_press,'w'
706.8479573726654,key_press,'d'
707.6241912841797,key_press,'u'
707.8432087898254,key_press,'c'
707.9520502090454,key_press,'a'
708.1374192237854,key_press,'t'
708.3065679073334,key_press,'i'
708.3908054828644,key_press,'o'
708.6068539619446,key_press,'n'
708.6161723136902,key_press,'n'
708.7965135574341,key_press,Key.space
710.0144877433777,key_press,"','"
710.1722285747528,key_press,'a'
710.2669055461884,key_press,'n'
710.4827773571014,key_press,'d'
710.6105391979218,key_press,Key.space
710.9389216899872,key_press,'t'
711.5616798400879,key_press,'h'
711.7188999652863,key_press,'e'
711.7968525886536,key_press,'r'
711.9419577121735,key_press,'e'
712.2619695663452,key_press,'f'
712.3679611682892,key_press,'o'
712.7146329879761,key_press,'e'
712.7985546588898,key_press,'r'
713.1259527206421,key_press,'e'
714.4546236991882,key_press,Key.space
714.8998627662659,key_press,Key.shift
715.051173210144,key_press,'M'
715.2015597820282,key_press,'O'
715.4844148159027,key_press,'D'
715.7004351615906,key_press,'E'
716.0348792076111,key_press,'U'
716.2672305107117,key_press,Key.space
717.6335690021515,key_press,'r'
717.7033739089966,key_press,'e'
718.0312530994415,key_press,'c'
718.1866657733917,key_press,'i'
718.6437513828278,key_press,'v'
718.8402574062347,key_press,'e'
719.0598957538605,key_press,'s'
719.4062883853912,key_press,Key.space
719.7050619125366,key_press,'s'
719.9681265354156,key_press,'t'
720.2645015716553,key_press,'r'
720.4234158992767,key_press,'o'
720.625452041626,key_press,'n'
720.789555311203,key_press,'g'
720.9794299602509,key_press,Key.space
722.0314934253693,key_press,'s'
722.2537841796875,key_press,'t'
722.6049737930298,key_press,'r'
722.780394077301,key_press,'a'
723.0327062606812,key_press,'g'
723.263491153717,key_press,'i'
723.5163974761963,key_press,'c'
723.6641387939453,key_press,Key.space
726.271336555481,key_press,'i'
726.4228825569153,key_press,'n'
726.6616506576538,key_press,'n'
726.9199674129486,key_press,'v'
727.0629804134369,key_press,'e'
727.2659389972687,key_press,'s'
727.4230926036835,key_press,'t'
727.6573247909546,key_press,'e'
727.7501940727234,key_press,'m'
727.916834115982,key_press,'e'
728.0398094654083,key_press,'n'
728.1272366046906,key_press,'t'
728.2811720371246,key_press,Key.space
729.3848762512207,key_press,'d'
729.9113960266113,key_press,'i'
730.0694134235382,key_press,'n'
730.4366276264191,key_press,'f'
730.6189389228821,key_press,'r'
730.8750507831573,key_press,'a'
731.416360616684,key_press,'s'
731.6574873924255,key_press,'t'
732.401605129242,key_press,'r'
732.6138677597046,key_press,'u'
732.8652696609497,key_press,'c'
733.1549253463745,key_press,'t'
733.385086774826,key_press,'u'
733.5184814929962,key_press,'r'
733.6405394077301,key_press,'e'
733.7837467193604,key_press,Key.space
735.4347817897797,key_press,"','"
735.6276638507843,key_press,'e'
736.0153501033783,key_press,'h'
736.4450724124908,key_press,'i'
736.6690149307251,key_press,'l'
736.8881642818451,key_press,'e'
737.3605630397797,key_press,Key.space
739.1866683959961,key_press,Key.shift_r
739.6881992816925,key_press,Key.shift_r
739.7233402729034,key_press,Key.shift_r
739.7522215843201,key_press,Key.shift_r
739.7845685482025,key_press,Key.shift_r
739.8160293102264,key_press,Key.shift_r
739.8437614440918,key_press,Key.shift_r
739.8804054260254,key_press,Key.shift_r
739.9074506759644,key_press,Key.shift_r
739.9439249038696,key_press,Key.shift_r
739.9697031974792,key_press,Key.shift_r
740.0016989707947,key_press,Key.shift_r
740.0288214683533,key_press,Key.shift_r
740.0647387504578,key_press,Key.shift_r
740.0959482192993,key_press,Key.shift_r
740.1102735996246,key_press,Key.shift_r
740.1419968605042,key_press,Key.shift_r
740.1877946853638,key_press,Key.shift_r
740.2040305137634,key_press,Key.shift_r
740.236412525177,key_press,Key.shift_r
740.2681047916412,key_press,Key.shift_r
740.3000676631927,key_press,Key.shift_r
740.3322639465332,key_press,Key.shift_r
740.3687183856964,key_press,Key.shift_r
740.392293214798,key_press,Key.shift_r
740.423764705658,key_press,Key.shift_r
740.4563100337982,key_press,Key.shift_r
740.4946780204773,key_press,Key.shift_r
740.5188031196594,key_press,Key.shift_r
740.5541081428528,key_press,Key.shift_r
740.5846536159515,key_press,Key.shift_r
740.608705997467,key_press,Key.shift_r
740.6417253017426,key_press,Key.shift_r
741.3745951652527,key_press,'6'
741.5488801002502,key_press,'5'
741.8601710796356,key_press,Key.space
743.1943762302399,key_press,'c'
743.5599679946899,key_press,'r'
743.7342648506165,key_press,'i'
744.0764377117157,key_press,'o'
744.3278501033783,key_press,'r'
744.452983379364,key_press,'e'
744.673764705658,key_press,'s'
744.9560487270355,key_press,Key.space
746.7836079597473,key_press,'s'
747.0615787506104,key_press,'u'
747.2985336780548,key_press,'p'
747.4565994739532,key_press,'p'
747.7977311611176,key_press,'o'
747.9956758022308,key_press,'e'
748.149035692215,key_press,'r'
748.3999769687653,key_press,'t'
748.5699183940887,key_press,Key.space
748.9537286758423,key_press,'a'
749.4234011173248,key_press,'i'
749.5947558879852,key_press,'n'
749.7959616184235,key_press,'d'
750.0368716716766,key_press,'u'
750.1816205978394,key_press,'s'
750.4295871257782,key_press,'t'
750.6718838214874,key_press,'e'
750.7352945804596,key_press,'r'
751.064689874649,key_press,'y'
751.2649228572845,key_press,Key.space
752.0159635543823,key_press,'a'
752.6721277236938,key_press,'l'
752.8872117996216,key_press,'i'
753.6244411468506,key_press,'g'
753.8355548381805,key_press,'n'
753.9708650112152,key_press,'i'
754.3136389255524,key_press,'e'
754.5645568370819,key_press,'d'
755.4851200580597,key_press,Key.space
755.657824754715,key_press,'s'
756.0585989952087,key_press,'k'
756.2498276233673,key_press,'i'
756.4597671031952,key_press,'l'
756.5771450996399,key_press,'l'
756.8136012554169,key_press,Key.space
757.5541980266571,key_press,'u'
757.6871283054352,key_press,'n'
757.9241769313812,key_press,'i'
758.1743149757385,key_press,'v'
758.4149816036224,key_press,'e'
758.5472168922424,key_press,'r'
758.7213089466095,key_press,'s'
758.9985938072205,key_press,'i'
759.179292678833,key_press,'t'
759.3836817741394,key_press,'y'
759.5679891109467,key_press,Key.space
763.9219470024109,key_press,'d'
764.0632746219635,key_press,'e'
764.3136279582977,key_press,'v'
764.435848236084,key_press,'e'
764.7565813064575,key_press,'l'
764.9375581741333,key_press,'o'
765.1087601184845,key_press,'p'
765.3664464950562,key_press,'m'
765.4692168235779,key_press,'e'
765.6542556285858,key_press,'n'
765.9454860687256,key_press,'t'
766.3109991550446,key_press,Key.space
767.435715675354,key_press,'l'
767.7271890640259,key_press,'p'
768.5002655982971,key_press,'r'
768.7349433898926,key_press,'o'
768.8915717601776,key_press,'g'
769.1460542678833,key_press,'r'
769.3021807670593,key_press,'s'
769.4843113422394,key_press,'m'
769.68345952034,key_press,'d'
769.8286302089691,key_press,Key.space
769.8549311161041,key_press,Key.space
771.6590809822083,key_press,'t'
772.1401960849762,key_press,'o'
772.3426487445831,key_press,Key.space
772.4674305915833,key_press,'e'
772.6246452331543,key_press,'n'
773.1054208278656,key_press,'h'
773.2155303955078,key_press,'a'
773.5166628360748,key_press,'n'
773.7471623420715,key_press,'c'
773.9055824279785,key_press,'e'
774.2532160282135,key_press,Key.space
775.967259645462,key_press,'e'
776.399046421051,key_press,'m'
776.6021814346313,key_press,'p'
776.8440392017365,key_press,'l'
777.0481243133545,key_press,'o'
777.3928303718567,key_press,'y'
777.8524804115295,key_press,'b'
778.0307750701904,key_press,'i'
778.2741713523865,key_press,'l'
778.4067566394806,key_press,'i'
778.6459016799927,key_press,'t'
778.8453657627106,key_press,'y'
778.9972686767578,key_press,Key.space
780.6377158164978,key_press,'4'
780.8543920516968,key_press,'5'
781.0163190364838,key_press,Key.space
781.2686450481415,key_press,'c'
781.5158100128174,key_press,'r'
781.7045612335205,key_press,'o'
781.862405538559,key_press,'r'
782.0198349952698,key_press,'e'
782.3196852207184,key_press,'s'
782.8629825115204,key_press,Key.space
783.461154460907,key_press,'a'
783.7539565563202,key_press,'r'
783.9210493564606,key_press,'e'
784.1030988693237,key_press,Key.space
784.5319721698761,key_press,'d'
784.7545421123505,key_press,'e'
784.9217567443848,key_press,'l'
785.0969247817993,key_press,'i'
785.3082044124603,key_press,'c'
785.4405052661896,key_press,'a'
785.7047574520111,key_press,'t'
785.8586905002594,key_press,'e'
786.095529794693,key_press,'d'
786.40522813797,key_press,Key.space
787.6209201812744,key_press,'r'
787.9361443519592,key_press,'o'
788.1890177726746,key_press,Key.space
788.312929391861,key_press,'s'
788.6419010162354,key_press,'c'
788.9697892665863,key_press,'h'
789.1558277606964,key_press,'l'
789.3465082645416,key_press,'o'
789.6619091033936,key_press,'r'
790.1560442447662,key_press,'s'
790.4279294013977,key_press,'h'
790.6112854480743,key_press,'i'
791.0317034721375,key_press,'p'
791.3688569068909,key_press,'s'
791.5799076557159,key_press,Key.space
795.2643704414368,key_press,'d'
797.1249585151672,key_press,'a'
797.2663569450378,key_press,'n'
797.4000008106232,key_press,'d'
797.5188326835632,key_press,Key.space
797.6868748664856,key_press,'d'
797.9992537498474,key_press,'i'
798.248349905014,key_press,'g'
798.378261089325,key_press,'i'
798.5460379123688,key_press,'t'
798.6877906322479,key_press,'a'
798.889931678772,key_press,"','"
798.9104537963867,key_press,"','"
799.5823273658752,key_press,Key.space
799.7965598106384,key_press,'l'
800.0707490444183,key_press,'e'
800.8383464813232,key_press,'a'
801.0314552783966,key_press,'r'
801.2632908821106,key_press,'n'
801.4599089622498,key_press,'i'
801.6089861392975,key_press,'n'
802.0467793941498,key_press,'g'
802.2046449184418,key_press,Key.space
804.4453196525574,key_press,'t'
804.6121740341187,key_press,'o'
804.8470873832703,key_press,Key.space
805.0363719463348,key_press,'e'
805.1828956604004,key_press,'n'
805.4875302314758,key_press,'s'
805.8619475364685,key_press,'u'
806.2037422657013,key_press,'r'
806.3517713546753,key_press,'e'
806.5293838977814,key_press,Key.space
809.7632236480713,key_press,'e'
809.9948856830597,key_press,'q'
810.450751543045,key_press,'u'
810.6435902118683,key_press,'t'
810.8578293323517,key_press,'i'
811.3029088973999,key_press,'a'
811.6549797058105,key_press,'b'
811.8547172546387,key_press,'l'
812.0054349899292,key_press,'e'
812.177059173584,key_press,Key.space
813.6153111457825,key_press,'a'
813.9527745246887,key_press,'c'
814.1109230518341,key_press,'c'
814.3176798820496,key_press,'e'
814.8368763923645,key_press,'s'
814.9728071689606,key_press,'s'
815.4736757278442,key_press,Key.space
821.1874330043793,key_press,'a'
822.0944311618805,key_press,'='
822.666032075882,key_press,'f'
823.1229162216187,key_press,'o'
823.2343626022339,key_press,'r'
823.3752238750458,key_press,Key.space
823.5546929836273,key_press,'a'
823.7031331062317,key_press,'l'
823.8457505702972,key_press,'l'
824.0301995277405,key_press,Key.space
824.9693312644958,key_press,'s'
825.3178191184998,key_press,'t'
825.6344599723816,key_press,'u'
825.8160967826843,key_press,'d'
826.0674962997437,key_press,'e'
826.2838044166565,key_press,'n'
826.4224021434784,key_press,'t'
826.580319404602,key_press,'s'
826.7952485084534,key_press,Key.space
830.0777044296265,key_press,'.'
830.6876795291901,key_press,Key.shift
830.9072210788727,key_press,'T'
831.0823080539703,key_press,'o'
831.3602015972137,key_press,'g'
831.5465643405914,key_press,'e'
831.7565741539001,key_press,'t'
831.9976794719696,key_press,'h'
832.1282222270966,key_press,'e'
832.250305891037,key_press,'r'
832.3479912281036,key_press,Key.space
833.1279137134552,key_press,'t'
833.2022175788879,key_press,'h'
833.3786211013794,key_press,'e'
833.6150615215302,key_press,'s'
833.7853646278381,key_press,'e'
833.9523046016693,key_press,Key.space
834.4591341018677,key_press,'m'
834.6648662090302,key_press,'e'
834.8844013214111,key_press,'a'
835.1751799583435,key_press,'s'
835.5180342197418,key_press,'u'
835.6431472301483,key_press,'r'
835.7823121547699,key_press,'e'
836.0039601325989,key_press,'s'
836.2337861061096,key_press,Key.space
837.3321549892426,key_press,'c'
837.4978969097137,key_press,'o'
837.7040863037109,key_press,'n'
838.265148639679,key_press,'v'
838.4785182476044,key_press,'e'
838.6120221614838,key_press,'r'
838.8316941261292,key_press,'t'
839.0491394996643,key_press,Key.space
840.1106948852539,key_press,'d'
840.3299136161804,key_press,'e'
840.5335698127747,key_press,'m'
840.6708607673645,key_press,'o'
841.0017485618591,key_press,'g'
841.2367212772369,key_press,'r'
841.3980443477631,key_press,'a'
841.6402900218964,key_press,'p'
842.3498282432556,key_press,'h'
842.4838700294495,key_press,'i'
842.703001499176,key_press,'c'
843.7201704978943,key_press,Key.space
844.2781603336334,key_press,'p'
844.4376513957977,key_press,'o'
844.6549091339111,key_press,'t'
844.8220045566559,key_press,'e'
845.0037302970886,key_press,'n'
845.1942744255066,key_press,'t'
845.4392650127411,key_press,'i'
845.5629847049713,key_press,'a'
845.7567217350006,key_press,'l'
846.5626900196075,key_press,'i'
846.7051470279694,key_press,'n'
846.9535164833069,key_press,'t'
847.0277199745178,key_press,'o'
847.2573020458221,key_press,Key.space
847.456140756607,key_press,'a'
847.580605506897,key_press,Key.space
848.0780069828033,key_press,'s'
848.3136649131775,key_press,'u'
848.4365229606628,key_press,'s'
848.6618437767029,key_press,'t'
848.9209687709808,key_press,'a'
849.0819556713104,key_press,'i'
849.2496600151062,key_press,'n'
849.5008118152618,key_press,'a'
849.680538892746,key_press,'n'
850.2730948925018,key_press,'b'
850.4877579212189,key_press,'l'
850.6724882125854,key_press,'e'
850.813845872879,key_press,Key.space
851.7808866500854,key_press,'d'
852.0111241340637,key_press,'e'
852.1779887676239,key_press,'m'
852.331051826477,key_press,'o'
852.9423623085022,key_press,'g'
853.2193257808685,key_press,'r'
853.4055032730103,key_press,'a'
853.6628284454346,key_press,'p'
854.0779559612274,key_press,'h'
854.2635142803192,key_press,'i'
854.471177816391,key_press,'c'
854.6581788063049,key_press,Key.space
855.5702085494995,key_press,'d'
855.7712590694427,key_press,'i'
856.281661272049,key_press,'v'
856.4126513004303,key_press,'i'
856.8386960029602,key_press,'d'
857.0152726173401,key_press,'e'
857.157692193985,key_press,'n'
857.3297264575958,key_press,'d'
857.4522774219513,key_press,Key.space
857.7817487716675,key_press,Key.enter
858.6400167942047,key_press,Key.ctrl_l
859.0241229534149,key_press,'\x03'
2.353830575942993,key_press,'a'
2.5328760147094727,key_press,'m'
3.460785150527954,key_press,'r'
3.589838743209839,key_press,'i'
3.685633897781372,key_press,'t'
3.7974777221679688,key_press,'a'
3.992351531982422,key_press,Key.space
4.198740243911743,key_press,'i'
4.342664480209351,key_press,'s'
4.474977016448975,key_press,Key.space
4.804775714874268,key_press,'a'
4.973348379135132,key_press,Key.space
5.985004425048828,key_press,'a'
6.097632646560669,key_press,Key.space
7.698132753372192,key_press,'g'
7.9642884731292725,key_press,'o'
8.093108892440796,key_press,'o'
8.397021293640137,key_press,'d'
8.590939283370972,key_press,Key.space
9.031867504119873,key_press,'u'
9.176982164382935,key_press,'n'
9.39294981956482,key_press,'i'
9.571034669876099,key_press,'v'
9.704731702804565,key_press,'e'
9.864405870437622,key_press,'r'
10.022499322891235,key_press,'s'
10.20937442779541,key_press,'i'
10.405172348022461,key_press,'t'
10.577396392822266,key_press,'y'
10.746849298477173,key_press,Key.space
12.001326322555542,key_press,Key.ctrl_l
12.259951114654541,key_press,'\x03'
0.8502018451690674,mouse_move,"1670,1073"
0.8629329204559326,mouse_move,"1670,1073"
0.8693981170654297,mouse_move,"1670,1074"
0.8762269020080566,mouse_move,"1670,1076"
0.8911874294281006,mouse_move,"1670,1076"
0.8929667472839355,mouse_move,"1669,1077"
0.9034609794616699,mouse_move,"1669,1078"
0.911865234375,mouse_move,"1668,1078"
0.9270179271697998,mouse_move,"1667,1078"
0.9341037273406982,mouse_move,"1667,1079"
0.9374632835388184,mouse_move,"1667,1079"
0.9587984085083008,mouse_move,"1666,1080"
0.9694387912750244,mouse_move,"1665,1080"
0.9836175441741943,mouse_move,"1665,1081"
0.9934208393096924,mouse_move,"1665,1081"
1.0054748058319092,mouse_move,"1664,1081"
1.026073932647705,mouse_move,"1664,1081"
1.0423035621643066,mouse_move,"1663,1081"
1.0491342544555664,mouse_move,"1662,1081"
1.0738420486450195,mouse_move,"1662,1081"
1.0820026397705078,mouse_move,"1661,1082"
1.0852653980255127,mouse_move,"1660,1082"
1.0852653980255127,mouse_move,"1660,1082"
1.103574275970459,mouse_move,"1660,1083"
1.1191112995147705,mouse_move,"1659,1083"
1.1388514041900635,mouse_move,"1658,1083"
1.1751580238342285,mouse_move,"1657,1083"
1.1795353889465332,mouse_move,"1657,1083"
1.2818543910980225,mouse_move,"1657,1083"
1.2981538772583008,mouse_move,"1657,1082"
1.3137481212615967,mouse_move,"1657,1082"
1.3305912017822266,mouse_move,"1657,1080"
1.3371899127960205,mouse_move,"1658,1080"
1.3450262546539307,mouse_move,"1658,1079"
1.3527333736419678,mouse_move,"1658,1079"
1.3564088344573975,mouse_move,"1659,1078"
1.3663160800933838,mouse_move,"1659,1077"
1.3737170696258545,mouse_move,"1659,1077"
1.3748760223388672,mouse_move,"1659,1076"
1.3876256942749023,mouse_move,"1658,1075"
1.3903460502624512,mouse_move,"1658,1074"
1.397399663925171,mouse_move,"1657,1074"
1.405818223953247,mouse_move,"1656,1073"
1.4157707691192627,mouse_move,"1654,1072"
1.4216487407684326,mouse_move,"1654,1071"
1.4301207065582275,mouse_move,"1653,1070"
1.4374573230743408,mouse_move,"1652,1069"
1.4445216655731201,mouse_move,"1651,1068"
1.4490647315979004,mouse_move,"1651,1068"
1.4562513828277588,mouse_move,"1651,1068"
1.4658071994781494,mouse_move,"1651,1067"
1.4998373985290527,mouse_move,"1651,1067"
1.5260262489318848,mouse_move,"1651,1067"
1.6439208984375,mouse_move,"1652,1067"
1.655792236328125,mouse_move,"1653,1067"
1.678985357284546,mouse_move,"1655,1068"
1.6838316917419434,mouse_move,"1656,1068"
1.691875696182251,mouse_move,"1658,1069"
1.6956164836883545,mouse_move,"1658,1069"
1.7034053802490234,mouse_move,"1659,1070"
1.7134220600128174,mouse_move,"1661,1070"
1.7206957340240479,mouse_move,"1661,1070"
1.7332408428192139,mouse_move,"1662,1070"
1.7491559982299805,mouse_move,"1663,1071"
1.7701828479766846,mouse_move,"1664,1071"
1.7839062213897705,mouse_move,"1664,1071"
1.7982752323150635,mouse_move,"1665,1071"
1.8074781894683838,mouse_move,"1667,1072"
2.055769443511963,key_press,Key.shift
2.1620309352874756,key_press,'A'
2.325326919555664,key_press,'i'
2.5821731090545654,key_press,Key.space
3.247774839401245,mouse_move,"1667,1072"
3.247774839401245,mouse_move,"1668,1072"
3.267565965652466,mouse_move,"1669,1072"
3.2740836143493652,mouse_move,"1670,1072"
3.2799572944641113,mouse_move,"1672,1072"
3.2899396419525146,mouse_move,"1673,1072"
3.296720266342163,mouse_move,"1673,1072"
3.296720266342163,mouse_move,"1675,1072"
3.3074355125427246,mouse_move,"1676,1072"
3.381608724594116,key_press,'b'
3.5096726417541504,key_press,'a'
3.602839469909668,key_press,'s'
3.8874990940093994,key_press,'e'
4.091824293136597,key_press,'d'
4.214763164520264,key_press,Key.space
4.643721103668213,key_press,'k'
4.919686555862427,key_press,'e'
5.351133584976196,key_press,'y'
5.7142322063446045,key_press,'s'
5.94865608215332,key_press,'t'
6.311855316162109,key_press,'r'
6.52686882019043,key_press,'o'
6.728115558624268,key_press,'k'
6.8555588722229,key_press,'e'
7.517295598983765,mouse_move,"1672,1064"
7.522343873977661,mouse_move,"1670,1060"
7.530668258666992,mouse_move,"1667,1054"
7.557624578475952,mouse_move,"1667,1054"
7.565179824829102,mouse_move,"1665,1054"
7.5731518268585205,mouse_move,"1659,1076"
7.581146478652954,mouse_move,"1665,1129"
7.588510751724243,mouse_move,"1698,1192"
7.597012042999268,mouse_move,"1746,1275"
7.605519533157349,mouse_move,"1817,1304"
7.613450765609741,mouse_move,"1901,1317"
7.616391181945801,mouse_move,"1977,1343"
7.625178098678589,mouse_move,"1993,1362"
7.6319568157196045,mouse_move,"1991,1382"
7.645535469055176,mouse_move,"1991,1392"
7.650437116622925,mouse_move,"1967,1400"
7.655322790145874,mouse_move,"1950,1429"
7.664963960647583,mouse_move,"1928,1452"
7.677561283111572,mouse_move,"1919,1458"
7.683639049530029,mouse_move,"1895,1500"
7.693613290786743,mouse_move,"1842,1500"
7.697962284088135,mouse_move,"1792,1514"
7.709701299667358,mouse_move,"1726,1541"
7.7142157554626465,mouse_move,"1663,1581"
7.725651025772095,mouse_move,"1575,1595"
7.729161977767944,mouse_move,"1473,1602"
7.741665840148926,mouse_move,"1365,1602"
7.749384641647339,mouse_move,"1263,1602"
7.757564067840576,mouse_move,"1172,1602"
7.7628796100616455,mouse_move,"1089,1602"
7.773714542388916,mouse_move,"1035,1600"
7.7814483642578125,mouse_move,"988,1601"
7.788240671157837,mouse_move,"950,1583"
7.795931816101074,mouse_move,"919,1537"
7.8048059940338135,mouse_move,"894,1516"
7.806779384613037,mouse_move,"878,1512"
7.81443977355957,mouse_move,"869,1486"
7.824164628982544,mouse_move,"863,1461"
7.835583925247192,mouse_move,"860,1479"
7.845245599746704,mouse_move,"829,1476"
7.8517420291900635,mouse_move,"811,1456"
7.861349105834961,mouse_move,"802,1428"
7.867672920227051,mouse_move,"802,1424"
7.877442836761475,mouse_move,"802,1405"
7.885412693023682,mouse_move,"822,1395"
7.893274545669556,mouse_move,"854,1377"
7.898104429244995,mouse_move,"910,1361"
7.909047365188599,mouse_move,"978,1345"
7.915693521499634,mouse_move,"1059,1324"
7.930209636688232,mouse_move,"1152,1286"
7.930209636688232,mouse_move,"1268,1256"
7.940235137939453,mouse_move,"1382,1227"
7.946782112121582,mouse_move,"1507,1202"
7.957367181777954,mouse_move,"1629,1197"
7.964101552963257,mouse_move,"1749,1174"
7.968632459640503,mouse_move,"1867,1144"
7.980491638183594,mouse_move,"1971,1113"
7.984973430633545,mouse_move,"2005,1079"
7.997334241867065,mouse_move,"1994,1050"
8.004291296005249,mouse_move,"1955,1031"
8.013498306274414,mouse_move,"1925,1029"
8.015298128128052,mouse_move,"1921,1029"
8.032306432723999,mouse_move,"1919,1029"
8.043365240097046,mouse_move,"1909,1029"
8.049479961395264,mouse_move,"1876,1040"
8.061805248260498,mouse_move,"1807,1068"
8.067654371261597,mouse_move,"1715,1112"
8.077628135681152,mouse_move,"1608,1171"
8.085424423217773,mouse_move,"1494,1239"
8.09246826171875,mouse_move,"1369,1275"
8.100599765777588,mouse_move,"1225,1290"
8.108632326126099,mouse_move,"1087,1299"
8.116736650466919,mouse_move,"955,1299"
8.126012563705444,mouse_move,"845,1297"
8.13378643989563,mouse_move,"746,1293"
8.141403436660767,mouse_move,"666,1304"
8.147843599319458,mouse_move,"617,1289"
8.151331663131714,mouse_move,"602,1269"
8.16358757019043,mouse_move,"602,1273"
8.165970087051392,mouse_move,"621,1267"
8.18169641494751,mouse_move,"663,1269"
8.1862051486969,mouse_move,"714,1258"
8.19693374633789,mouse_move,"792,1259"
8.20544147491455,mouse_move,"861,1229"
8.213717222213745,mouse_move,"936,1228"
8.215930700302124,mouse_move,"1014,1219"
8.230113983154297,mouse_move,"1090,1210"
8.230113983154297,mouse_move,"1158,1195"
8.24690866470337,mouse_move,"1220,1175"
8.250231742858887,mouse_move,"1268,1157"
8.262080669403076,mouse_move,"1299,1134"
8.267568826675415,mouse_move,"1328,1104"
8.271462440490723,mouse_move,"1341,1082"
8.285056591033936,mouse_move,"1350,1062"
8.287442922592163,mouse_move,"1353,1040"
8.300872087478638,mouse_move,"1353,1009"
8.305675029754639,mouse_move,"1350,964"
8.315128087997437,mouse_move,"1329,912"
8.324151992797852,mouse_move,"1293,849"
8.33238935470581,mouse_move,"1255,782"
8.34079360961914,mouse_move,"1210,708"
8.348167181015015,mouse_move,"1161,643"
8.348167181015015,mouse_move,"1119,595"
8.3648681640625,mouse_move,"1086,547"
8.368747472763062,mouse_move,"1055,512"
8.381349325180054,mouse_move,"1036,492"
8.384511709213257,mouse_move,"1015,479"
8.397444486618042,mouse_move,"1005,473"
8.405380249023438,mouse_move,"996,472"
8.413429260253906,mouse_move,"991,472"
8.417360067367554,mouse_move,"986,472"
8.423715591430664,mouse_move,"981,474"
8.430399179458618,mouse_move,"972,482"
8.444633483886719,mouse_move,"965,495"
8.451369762420654,mouse_move,"958,515"
8.461300373077393,mouse_move,"952,547"
8.466937780380249,mouse_move,"945,590"
8.476895332336426,mouse_move,"945,627"
8.483566999435425,mouse_move,"945,668"
8.4916090965271,mouse_move,"945,722"
8.498656034469604,mouse_move,"953,759"
8.508093357086182,mouse_move,"974,811"
8.515634536743164,mouse_move,"995,845"
8.522783517837524,mouse_move,"1021,879"
8.531128406524658,mouse_move,"1045,908"
8.539345026016235,mouse_move,"1066,924"
8.548787832260132,mouse_move,"1086,935"
8.557529211044312,mouse_move,"1102,944"
8.565530061721802,mouse_move,"1116,950"
8.573392629623413,mouse_move,"1135,954"
8.581659317016602,mouse_move,"1160,963"
8.589929819107056,mouse_move,"1183,968"
8.597376346588135,mouse_move,"1204,974"
8.605518341064453,mouse_move,"1234,980"
8.607213973999023,mouse_move,"1264,980"
8.616184711456299,mouse_move,"1298,980"
8.629394054412842,mouse_move,"1336,982"
8.63369083404541,mouse_move,"1369,986"
8.645394086837769,mouse_move,"1401,989"
8.649958848953247,mouse_move,"1423,993"
8.655558824539185,mouse_move,"1444,999"
8.667706727981567,mouse_move,"1463,1002"
8.667706727981567,mouse_move,"1479,1009"
8.68304181098938,mouse_move,"1486,1014"
8.687856197357178,mouse_move,"1497,1018"
8.701359748840332,mouse_move,"1507,1023"
8.709458589553833,mouse_move,"1520,1030"
8.716883897781372,mouse_move,"1527,1034"
8.723327159881592,mouse_move,"1533,1037"
8.732726097106934,mouse_move,"1537,1039"
8.741318702697754,mouse_move,"1539,1040"
11.437724828720093,key_press,'i'
11.569304466247559,key_press,'s'
11.687873840332031,key_press,Key.space
11.90619444847107,key_press,Key.space
12.017727851867676,key_press,'a'
12.221957921981812,key_press,Key.space
12.685112953186035,key_press,'b'
12.957327604293823,key_press,'e'
13.267197370529175,key_press,'h'
13.391554832458496,key_press,'a'
13.623083591461182,key_press,'v'
13.987303256988525,key_press,'i'
14.659179210662842,key_press,'r'
16.75519824028015,key_press,'o'
16.990614652633667,key_press,'r'
17.119157791137695,key_press,'a'
17.336403608322144,key_press,'l'
17.758437633514404,key_press,Key.space
18.27682900428772,key_press,'b'
18.476535081863403,key_press,'o'
18.60842490196228,key_press,'i'
18.713067531585693,key_press,'o'
18.966949224472046,key_press,'m'
19.157130479812622,key_press,'e'
19.343483924865723,key_press,'t'
19.584916591644287,key_press,'r'
19.800594568252563,key_press,'i'
20.09624481201172,key_press,'c'
20.307438850402832,key_press,Key.space
21.491469860076904,key_press,'t'
21.665950298309326,key_press,'e'
22.084741592407227,key_press,'h'
22.408311367034912,key_press,'c'
22.64175581932068,key_press,'n'
22.78536629676819,key_press,'o'
23.18620204925537,key_press,'l'
23.38084053993225,key_press,'o'
23.524986267089844,key_press,'g'
23.731260538101196,key_press,'y'
23.93648409843445,key_press,Key.space
24.82906222343445,key_press,'t'
24.997040271759033,key_press,'h'
25.029045343399048,key_press,'a'
25.199209213256836,key_press,'t'
25.465448141098022,key_press,Key.space
26.007054567337036,key_press,'i'
26.182887077331543,key_press,'d'
26.373196840286255,key_press,'e'
26.522034883499146,key_press,'n'
26.61276412010193,key_press,'t'
26.91327404975891,key_press,'i'
27.284809827804565,key_press,'f'
27.38505721092224,key_press,'i'
27.526357889175415,key_press,'e'
27.752665281295776,key_press,'e'
27.885868072509766,key_press,'s'
28.194161891937256,key_press,Key.space
28.971737384796143,key_press,'i'
29.107993841171265,key_press,'r'
29.250762462615967,key_press,Key.space
29.60184621810913,key_press,'v'
29.84758448600769,key_press,'e'
29.97191309928894,key_press,'r'
30.215077877044678,key_press,'i'
30.462830305099487,key_press,'f'
30.52745819091797,key_press,'i'
30.72113299369812,key_press,'r'
30.908623218536377,key_press,'e'
31.089327096939087,key_press,'s'
31.340411901474,key_press,Key.space
31.766238927841187,key_press,'a'
31.941730976104736,key_press,Key.space
32.28092050552368,key_press,'p'
32.61621880531311,key_press,'e'
32.71812558174133,key_press,'r'
32.91900563240051,key_press,'s'
33.08151650428772,key_press,'i'
33.28517198562622,key_press,'n'
33.45844745635986,key_press,Key.space
34.436832666397095,key_press,'b'
34.48131275177002,key_press,'a'
34.796682834625244,key_press,'s'
35.026878356933594,key_press,'e'
35.202014684677124,key_press,'d'
35.373615026474,key_press,Key.space
36.07609844207764,key_press,'o'
36.28416347503662,key_press,'n'
36.462172508239746,key_press,Key.space
36.74445176124573,key_press,'h'
37.68627214431763,key_press,'o'
37.82257962226868,key_press,'w'
38.09631705284119,key_press,Key.space
39.286616563797,key_press,'t'
39.36249136924744,key_press,'h'
39.56182527542114,key_press,'e'
39.923067569732666,key_press,'y'
40.138741970062256,key_press,Key.space
40.35370993614197,key_press,'t'
40.51114273071289,key_press,'h'
40.91683793067932,key_press,'y'
41.18911552429199,key_press,'p'
41.34606647491455,key_press,'q'
43.00532579421997,key_press,'w'
43.215073347091675,key_press,Key.space
43.84051299095154,mouse_move,"1549,1040"
43.84452414512634,mouse_move,"1557,1040"
43.85097026824951,mouse_move,"1566,1040"
43.858962535858154,mouse_move,"1571,1040"
43.86878442764282,mouse_move,"1576,1040"
43.87529158592224,mouse_move,"1580,1040"
43.90821170806885,mouse_move,"1584,1040"
43.91743469238281,mouse_move,"1587,1040"
43.93209195137024,mouse_move,"1590,1040"
43.94049048423767,mouse_move,"1593,1040"
43.94667077064514,mouse_move,"1594,1040"
43.951058864593506,mouse_move,"1597,1040"
43.95739984512329,mouse_move,"1598,1040"
43.96839118003845,mouse_move,"1601,1040"
43.975804805755615,mouse_move,"1603,1040"
43.98341131210327,mouse_move,"1603,1040"
43.985992193222046,mouse_move,"1605,1040"
43.99156427383423,mouse_move,"1607,1040"
44.00346779823303,mouse_move,"1607,1040"
44.00847554206848,mouse_move,"1609,1040"
44.025683879852295,mouse_move,"1610,1040"
44.031314849853516,mouse_move,"1610,1040"
44.03462862968445,mouse_move,"1611,1040"
44.052669525146484,mouse_move,"1612,1040"
44.058687686920166,mouse_move,"1613,1040"
44.06844615936279,mouse_move,"1614,1040"
44.075769901275635,mouse_move,"1615,1040"
44.07780838012695,mouse_move,"1615,1040"
44.084856271743774,mouse_move,"1616,1040"
44.09743356704712,mouse_move,"1617,1040"
44.16594433784485,mouse_move,"1617,1040"
45.17498826980591,key_press,'o'
45.470073223114014,key_press,'n'
45.671180725097656,key_press,Key.space
45.86674451828003,key_press,'a'
45.91935062408447,key_press,Key.space
46.01998329162598,key_press,Key.space
46.35520792007446,key_press,'k'
46.59654927253723,key_press,'e'
46.94570517539978,key_press,'y'
47.20876502990723,key_press,'b'
47.54937767982483,key_press,'o'
47.67673087120056,key_press,'a'
47.99067544937134,key_press,'d'
48.781036376953125,key_press,'r'
48.97868013381958,key_press,'d'
49.223801612854004,key_press,Key.space
49.783076763153076,key_press,'i'
50.207006216049194,key_press,Key.backspace
50.590771198272705,key_press,'u'
50.78048062324524,key_press,'n'
51.228734254837036,key_press,'l'
51.411343812942505,key_press,'o'
51.66944479942322,key_press,'j'
52.4232017993927,key_press,Key.backspace
52.76142954826355,key_press,'k'
53.048341035842896,key_press,'e'
53.22075414657593,key_press,Key.space
55.113526821136475,key_press,'t'
55.29953742027283,key_press,'r'
55.50027680397034,key_press,'a'
56.21704840660095,key_press,'d'
56.36549401283264,key_press,'i'
56.57298517227173,key_press,'t'
56.75072908401489,key_press,'i'
56.85315251350403,key_press,'o'
57.047231912612915,key_press,'n'
57.17636823654175,key_press,'a'
57.306103229522705,key_press,'l'
57.542519330978394,key_press,Key.space
58.16575741767883,key_press,'p'
58.34528040885925,key_press,'a'
58.776288747787476,key_press,'a'
59.76307678222656,key_press,Key.backspace
59.88586235046387,key_press,'s'
60.07957911491394,key_press,'s'
60.722153425216675,key_press,'w'
60.9341938495636,key_press,'o'
61.13846564292908,key_press,'r'
61.42107272148132,key_press,'d'
61.5767126083374,key_press,'s'
63.21394443511963,key_press,Key.space
63.530205965042114,key_press,'t'
63.6844220161438,key_press,'a'
63.70823669433594,key_press,'h'
63.90050721168518,key_press,'t'
64.09292006492615,key_press,Key.space
64.43642544746399,key_press,'c'
64.60795426368713,key_press,'h'
64.6992495059967,key_press,'e'
65.09677815437317,key_press,'c'
65.34596157073975,key_press,'h'
65.98837327957153,key_press,Key.backspace
66.30039668083191,key_press,'k'
66.5461118221283,key_press,Key.space
67.88216948509216,key_press,'t'
68.34317970275879,key_press,Key.backspace
68.50523066520691,key_press,'e'
69.36677885055542,key_press,Key.backspace
69.54727792739868,key_press,'w'
69.72940707206726,key_press,'a'
69.89957571029663,key_press,'h'
70.0264675617218,key_press,'t'
70.20248746871948,key_press,Key.space
70.3673985004425,key_press,'a'
70.50947690010071,key_press,Key.space
73.82848453521729,key_press,'y'
74.17213749885559,key_press,'o'
74.393878698349,key_press,'u'
74.62344932556152,key_press,Key.space
74.79690027236938,key_press,'t'
75.06854128837585,key_press,'y'
75.3953948020935,key_press,'p'
75.62561964988708,key_press,'e'
76.1286997795105,key_press,Key.space
79.45772433280945,key_press,'k'
79.69422101974487,key_press,'e'
80.33732438087463,key_press,'y'
80.53839015960693,key_press,'s'
80.81461453437805,key_press,'t'
81.00633692741394,key_press,'r'
81.23304009437561,key_press,'o'
81.41919255256653,key_press,'k'
81.5103006362915,key_press,'e'
81.75290632247925,key_press,Key.space
85.00138068199158,mouse_move,"1617,1040"
85.1014416217804,mouse_move,"1617,1040"
85.1761302947998,mouse_move,"1618,1040"
85.18659210205078,mouse_move,"1619,1040"
85.21125197410583,mouse_move,"1622,1041"
85.22828602790833,mouse_move,"1622,1041"
85.23560380935669,mouse_move,"1623,1041"
85.25246453285217,mouse_move,"1625,1041"
85.28619122505188,mouse_move,"1625,1041"
85.30568075180054,mouse_move,"1626,1041"
85.31303524971008,mouse_move,"1627,1041"
85.34743475914001,mouse_move,"1628,1041"
86.28735756874084,mouse_move,"1631,1043"
86.29892706871033,mouse_move,"1634,1045"
86.32533645629883,mouse_move,"1636,1047"
87.16670274734497,key_press,'d'
87.45098638534546,key_press,'y'
87.65605521202087,key_press,'n'
87.76535940170288,key_press,'a'
87.94585704803467,key_press,'m'
88.17323088645935,key_press,'i'
88.37223696708679,key_press,'c'
88.49833416938782,key_press,'s'
89.01598501205444,key_press,Key.space
90.62795972824097,key_press,'a'
90.85683417320251,key_press,'n'
90.98945641517639,key_press,'a'
91.19034671783447,key_press,'l'
91.81360411643982,key_press,'y'
94.4675235748291,key_press,'z'
94.83958983421326,key_press,'e'
95.09178566932678,key_press,'s'
95.41963696479797,key_press,Key.space
96.02248549461365,key_press,'h'
96.20504236221313,key_press,'o'
96.43284296989441,key_press,'w'
96.57717061042786,key_press,Key.space
96.78173899650574,key_press,'t'
97.14307451248169,key_press,'o'
97.43513059616089,key_press,Key.space
98.35392475128174,key_press,'t'
99.01457095146179,key_press,'y'
99.20094561576843,key_press,'p'
99.33848142623901,key_press,'e'
99.60806393623352,key_press,Key.space
100.94122338294983,key_press,'e'
101.1820638179779,key_press,'v'
101.33168482780457,key_press,'e'
101.53236293792725,key_press,'r'
101.80350089073181,key_press,'y'
102.00909185409546,key_press,Key.space
102.25951933860779,key_press,'i'
102.44644165039062,key_press,'n'
102.76234126091003,key_press,'d'
103.02369427680969,key_press,'u'
103.30500674247742,key_press,'v'
103.48035192489624,key_press,'i'
103.74421882629395,key_press,'d'
103.9610161781311,key_press,'u'
104.06802678108215,key_press,'a'
104.25740265846252,key_press,'l'
104.5078592300415,key_press,Key.space
106.13496565818787,key_press,'h'
106.2529525756836,key_press,'a'
106.43562126159668,key_press,'s'
106.67145466804504,key_press,Key.space
106.80197644233704,key_press,'a'
106.92674851417542,key_press,Key.space
107.07671284675598,key_press,'a'
107.57105851173401,key_press,'u'
108.01197838783264,key_press,'n'
108.2037763595581,key_press,'i'
108.71541690826416,key_press,'q'
109.1540298461914,key_press,'u'
109.34209680557251,key_press,'e'
109.56342101097107,key_press,Key.space
109.58445191383362,key_press,Key.space
110.86728119850159,key_press,'t'
111.09427237510681,key_press,'y'
111.51402354240417,key_press,'p'
111.7244336605072,key_press,'i'
111.92142701148987,key_press,'n'
112.10993814468384,key_press,'g'
112.24851822853088,key_press,Key.space
112.82658886909485,mouse_move,"1636,1047"
112.83454489707947,mouse_move,"1637,1047"
112.84400367736816,mouse_move,"1638,1047"
112.85254287719727,mouse_move,"1639,1047"
112.8598997592926,mouse_move,"1639,1047"
112.8598997592926,mouse_move,"1639,1048"
112.87402391433716,mouse_move,"1640,1048"
112.8789451122284,mouse_move,"1641,1049"
112.88439559936523,mouse_move,"1641,1049"
112.89384317398071,mouse_move,"1641,1050"
112.90293860435486,mouse_move,"1642,1050"
112.90978145599365,mouse_move,"1642,1050"
112.91100096702576,mouse_move,"1643,1050"
112.92398977279663,mouse_move,"1644,1051"
112.92651677131653,mouse_move,"1644,1052"
112.93491697311401,mouse_move,"1644,1052"
112.98809480667114,mouse_move,"1645,1052"
113.00942277908325,mouse_move,"1645,1053"
113.06634736061096,mouse_move,"1646,1053"
113.09839487075806,mouse_move,"1646,1053"
113.11576747894287,mouse_move,"1647,1053"
113.15036082267761,mouse_move,"1648,1053"
113.16375184059143,mouse_move,"1649,1053"
113.20996284484863,mouse_move,"1649,1054"
113.22958755493164,mouse_move,"1649,1054"
113.29979205131531,mouse_move,"1649,1054"
113.29979205131531,mouse_move,"1650,1054"
113.31892824172974,mouse_move,"1651,1054"
113.32574534416199,mouse_move,"1651,1053"
113.33655023574829,mouse_move,"1653,1052"
114.03135228157043,key_press,'r'
114.17560124397278,key_press,'i'
114.32764792442322,key_press,'t'
114.99341225624084,mouse_move,"1653,1052"
115.00944089889526,mouse_move,"1653,1052"
115.0177743434906,mouse_move,"1652,1052"
115.03195285797119,mouse_move,"1651,1052"
115.04323863983154,mouse_move,"1650,1052"
115.12424945831299,mouse_move,"1650,1052"
115.139901638031,mouse_move,"1649,1052"
115.1662871837616,mouse_move,"1648,1052"
115.20826506614685,mouse_move,"1648,1052"
115.24645376205444,mouse_move,"1647,1052"
115.28005075454712,mouse_move,"1647,1051"
115.34565281867981,mouse_move,"1646,1051"
115.43741345405579,mouse_move,"1645,1050"
115.47795629501343,mouse_move,"1645,1050"
115.4911756515503,mouse_move,"1645,1049"
115.49947261810303,mouse_move,"1646,1049"
115.50510954856873,mouse_move,"1646,1048"
115.51082992553711,mouse_move,"1647,1048"
115.52152824401855,mouse_move,"1647,1047"
115.52867150306702,mouse_move,"1647,1045"
115.5324490070343,mouse_move,"1647,1044"
115.54364395141602,mouse_move,"1648,1044"
115.54580235481262,mouse_move,"1649,1042"
115.55737590789795,mouse_move,"1649,1041"
115.56396222114563,mouse_move,"1650,1040"
115.56998801231384,mouse_move,"1650,1039"
115.57692003250122,mouse_move,"1650,1038"
116.88733649253845,key_press,Key.backspace
117.17206525802612,key_press,'r'
118.82123613357544,key_press,'h'
119.01920223236084,key_press,'y'
119.22184252738953,key_press,'t'
119.33717060089111,key_press,'h'
119.601238489151,key_press,'m'
119.80716681480408,key_press,Key.space
122.27256441116333,key_press,'i'
122.417884349823,key_press,'n'
122.83353996276855,key_press,'f'
122.99420404434204,key_press,'l'
123.19936490058899,key_press,'u'
123.52064919471741,key_press,'e'
123.6655957698822,key_press,'n'
123.91249179840088,key_press,'c'
124.1476457118988,key_press,'r'
124.41431021690369,key_press,'d'
124.66981387138367,key_press,Key.space
125.69233393669128,key_press,'b'
125.87293529510498,key_press,'y'
126.05281209945679,key_press,Key.space
126.40965247154236,key_press,'m'
126.60638666152954,key_press,'u'
127.65196585655212,key_press,'s'
127.95423173904419,key_press,'c'
128.2411904335022,key_press,'l'
128.3630726337433,key_press,'e'
128.5207109451294,key_press,Key.space
128.69253635406494,key_press,'m'
129.02375650405884,key_press,'e'
129.28214049339294,key_press,'m'
129.4989926815033,key_press,'o'
129.73122358322144,key_press,'r'
130.12428188323975,key_press,'y'
130.36119437217712,key_press,Key.space
131.13875317573547,mouse_move,"1651,1038"
131.15416383743286,mouse_move,"1652,1038"
131.15993237495422,mouse_move,"1652,1038"
131.17017889022827,mouse_move,"1652,1037"
131.18232321739197,mouse_move,"1652,1036"
131.18943905830383,mouse_move,"1652,1036"
131.19067978858948,mouse_move,"1652,1035"
131.20165753364563,mouse_move,"1653,1033"
131.21621537208557,mouse_move,"1653,1033"
131.70230436325073,key_press,'r'
131.80292773246765,key_press,'e'
132.06312012672424,key_press,'a'
132.35223364830017,key_press,'c'
132.64807772636414,key_press,'t'
132.91781544685364,key_press,'i'
133.0549600124359,key_press,'o'
133.2637584209442,key_press,'n'
133.42823028564453,key_press,Key.space
135.52662014961243,key_press,'t'
135.81653571128845,key_press,'i'
135.9862778186798,key_press,'m'
136.16194915771484,key_press,'e'
136.27417087554932,key_press,Key.space
138.69695949554443,key_press,'t'
139.03378915786743,key_press,'y'
139.27957320213318,key_press,'p'
139.46718573570251,key_press,'i'
139.6741955280304,key_press,'n'
139.81268525123596,key_press,'g'
139.9412100315094,key_press,Key.space
141.00177121162415,key_press,'h'
141.08466935157776,key_press,'a'
141.97620749473572,key_press,'b'
142.1560924053192,key_press,'i'
142.42014575004578,key_press,'t'
142.5724744796753,key_press,'s'
142.8132996559143,key_press,Key.space
143.7742838859558,key_press,'a'
143.95565104484558,key_press,'n'
144.14716291427612,key_press,'d'
144.34362506866455,key_press,Key.space
144.59467267990112,key_press,'c'
144.74824571609497,key_press,'o'
144.95731449127197,key_press,'n'
145.4793837070465,key_press,'g'
145.68621945381165,key_press,'i'
146.08681845664978,key_press,'n'
146.2008249759674,key_press,'i'
146.53844046592712,key_press,'t'
146.71732711791992,key_press,'i'
146.9406635761261,key_press,'v'
147.053368806839,key_press,'e'
147.25742602348328,key_press,Key.space
192.66827821731567,key_press,'a'
193.03944039344788,key_press,'r'
193.6084213256836,key_press,'t'
193.79647541046143,key_press,'i'
194.0137140750885,key_press,'i'
194.12668466567993,key_press,'f'
194.39062190055847,key_press,'c'
194.5582811832428,key_press,'a'
194.8098931312561,key_press,'l'
195.01703572273254,key_press,Key.space
195.58146929740906,mouse_move,"1653,1033"
195.6342339515686,mouse_move,"1657,1033"
195.65296483039856,mouse_move,"1660,1033"
195.6560070514679,mouse_move,"1664,1033"
195.6667938232422,mouse_move,"1667,1033"
195.6972541809082,key_press,'i'
195.85538291931152,key_press,'n'
196.0299847126007,key_press,'t'
196.1455991268158,key_press,'e'
196.33810687065125,key_press,'l'
196.47732543945312,key_press,'l'
196.63739609718323,key_press,'i'
196.98801684379578,key_press,'g'
197.12323546409607,key_press,'e'
197.22991275787354,key_press,'n'
197.46234369277954,key_press,'c'
197.77108120918274,key_press,Key.space
198.57653641700745,key_press,'a'
198.71739172935486,key_press,'n'
198.8596534729004,key_press,'d'
198.99370288848877,key_press,Key.space
199.19470143318176,key_press,'m'
199.30040621757507,key_press,'a'
200.02002620697021,key_press,'c'
200.28600573539734,key_press,'h'
200.43311524391174,key_press,'i'
200.61521911621094,key_press,'n'
200.71756291389465,key_press,'e'
200.86837196350098,key_press,Key.space
201.04297304153442,key_press,'l'
201.15151619911194,key_press,'e'
201.3331696987152,key_press,'a'
201.53910398483276,key_press,'r'
201.7552134990692,key_press,'n'
201.90487909317017,key_press,'i'
202.0553286075592,key_press,'n'
202.21688795089722,key_press,'g'
202.30799269676208,key_press,Key.space
204.1649513244629,key_press,'m'
204.322833776474,key_press,'o'
204.6635582447052,key_press,'d'
204.80647587776184,key_press,'e'
205.18306231498718,key_press,'l'
205.37698602676392,key_press,'s'
205.56987619400024,key_press,Key.space
206.21998167037964,mouse_move,"1664,1033"
206.2263150215149,mouse_move,"1661,1033"
206.23240160942078,mouse_move,"1660,1033"
206.23880577087402,mouse_move,"1659,1033"
206.2546637058258,mouse_move,"1658,1033"
206.39950370788574,mouse_move,"1658,1033"
206.40723252296448,mouse_move,"1658,1033"
206.4154291152954,mouse_move,"1663,1034"
206.48868012428284,key_press,'l'
206.7409451007843,key_press,'e'
206.9052460193634,key_press,'a'
207.66506600379944,key_press,'r'
207.79282689094543,key_press,'n'
207.98333168029785,key_press,Key.space
208.63341212272644,key_press,'t'
208.74108171463013,key_press,'h'
208.83909463882446,key_press,'e'
209.05744242668152,key_press,'s'
209.20373940467834,key_press,'e'
209.43155241012573,key_press,Key.space
209.73333191871643,key_press,'p'
209.87196040153503,key_press,'a'
210.2578091621399,key_press,'t'
210.45133876800537,key_press,'t'
210.60635542869568,key_press,'e'
210.72874903678894,key_press,'r'
210.9019660949707,key_press,'n'
211.04447841644287,key_press,'s'
211.30497550964355,key_press,Key.space
211.47630906105042,key_press,'a'
211.62738966941833,key_press,'n'
211.86953043937683,key_press,'d'
212.07831168174744,key_press,Key.space
212.4878125190735,key_press,'u'
212.62509632110596,key_press,'s'
212.80738306045532,key_press,'e'
212.99853801727295,key_press,Key.space
213.32934665679932,key_press,'r'
213.41900420188904,key_press,'h'
213.53186345100403,key_press,'e'
213.78979015350342,key_press,'m'
214.01798272132874,key_press,Key.space
214.5018448829651,key_press,'f'
214.6021273136139,key_press,'o'
214.7349512577057,key_press,'r'
214.88625931739807,key_press,Key.space
215.36682176589966,key_press,'a'
215.78520154953003,key_press,'u'
215.98519730567932,key_press,'t'
216.1091890335083,key_press,'h'
216.24588060379028,key_press,'e'
216.4446246623993,key_press,'n'
216.66865348815918,key_press,'i'
216.87875866889954,key_press,'c'
217.02400040626526,key_press,'a'
217.2655382156372,key_press,'t'
217.45622444152832,key_press,'i'
217.55314135551453,key_press,'o'
217.75355291366577,key_press,'n'
218.4110448360443,key_press,Key.space
219.04341554641724,mouse_move,"1663,1034"
219.05481505393982,mouse_move,"1664,1034"
219.0616011619568,mouse_move,"1665,1034"
219.0919704437256,mouse_move,"1665,1035"
219.10175919532776,mouse_move,"1666,1035"
219.10987615585327,mouse_move,"1666,1035"
219.11494326591492,mouse_move,"1667,1037"
219.12033605575562,mouse_move,"1668,1038"
220.29395174980164,mouse_move,"1668,1038"
220.30979204177856,mouse_move,"1668,1039"
220.32939267158508,mouse_move,"1668,1040"
220.35645270347595,mouse_move,"1666,1040"
220.3615686893463,mouse_move,"1665,1042"
220.40793180465698,mouse_move,"1665,1042"
220.8394536972046,key_press,'s'
221.00164079666138,key_press,'e'
221.25018286705017,key_press,'c'
221.69527292251587,key_press,'u'
222.1731674671173,key_press,'r'
222.30805850028992,key_press,'i'
222.48172736167908,key_press,'t'
222.67530226707458,key_press,'y'
222.9247601032257,key_press,Key.space
226.31771087646484,key_press,'a'
226.52852058410645,key_press,'n'
226.65104818344116,key_press,'d'
226.8387815952301,key_press,Key.space
231.47337245941162,mouse_move,"1665,1042"
231.47337245941162,mouse_move,"1665,1041"
231.48947525024414,mouse_move,"1665,1039"
231.49220752716064,key_press,'b'
231.68068313598633,key_press,'e'
232.0155894756317,key_press,'h'
232.11114978790283,key_press,'a'
238.70195627212524,key_press,'v'
238.99299216270447,key_press,'i'
239.10783791542053,key_press,'o'
239.36092734336853,key_press,'u'
239.6694586277008,key_press,'r'
239.80051851272583,key_press,Key.space
251.53982019424438,mouse_move,"1665,1039"
251.5461266040802,mouse_move,"1665,1039"
251.56490445137024,mouse_move,"1665,1039"
251.56855487823486,mouse_move,"1666,1038"
252.28581976890564,mouse_move,"1666,1038"
252.2979543209076,mouse_move,"1666,1038"
252.29974675178528,mouse_move,"1666,1039"
252.31136560440063,mouse_move,"1666,1040"
252.340735912323,mouse_move,"1666,1042"
252.340735912323,mouse_move,"1666,1043"
252.3543655872345,mouse_move,"1666,1043"
252.36867928504944,mouse_move,"1666,1044"
252.38173484802246,mouse_move,"1666,1045"
252.3871476650238,mouse_move,"1666,1046"
252.41062116622925,mouse_move,"1665,1046"
252.49486255645752,mouse_move,"1665,1046"
252.55921864509583,mouse_move,"1665,1047"
252.57552361488342,mouse_move,"1665,1048"
252.6033637523651,mouse_move,"1666,1048"
252.61438417434692,mouse_move,"1666,1048"
252.67435789108276,mouse_move,"1666,1049"
252.70267748832703,mouse_move,"1666,1050"
252.70856142044067,mouse_move,"1666,1050"
252.715252161026,mouse_move,"1666,1051"
252.72376608848572,mouse_move,"1666,1052"
252.73210191726685,mouse_move,"1666,1053"
252.74440789222717,mouse_move,"1666,1054"
252.75146627426147,mouse_move,"1666,1055"
252.7594871520996,mouse_move,"1666,1056"
252.7656261920929,mouse_move,"1666,1057"
252.7741196155548,mouse_move,"1668,1061"
256.2624235153198,mouse_move,"1668,1063"
256.28523778915405,mouse_move,"1668,1064"
256.2900140285492,mouse_move,"1669,1065"
256.35523319244385,mouse_move,"1669,1065"
256.4270465373993,mouse_move,"1669,1066"
256.4546630382538,mouse_move,"1669,1066"
256.4546630382538,mouse_move,"1668,1066"
256.46895122528076,mouse_move,"1668,1067"
256.4835522174835,mouse_move,"1668,1068"
256.49025535583496,mouse_move,"1668,1068"
256.52653098106384,mouse_move,"1668,1068"
256.53338956832886,mouse_move,"1668,1067"
256.5353853702545,mouse_move,"1667,1066"
256.54810881614685,mouse_move,"1667,1065"
256.5510334968567,mouse_move,"1666,1064"
256.5623013973236,mouse_move,"1666,1062"
256.5697705745697,mouse_move,"1666,1062"
256.5763874053955,mouse_move,"1666,1061"
256.5827782154083,mouse_move,"1665,1061"
256.59044551849365,mouse_move,"1665,1059"
256.59833812713623,mouse_move,"1665,1058"
256.6013677120209,mouse_move,"1665,1058"
256.61012172698975,mouse_move,"1665,1056"
256.619699716568,mouse_move,"1664,1056"
256.62668538093567,mouse_move,"1664,1055"
256.6341390609741,mouse_move,"1663,1055"
256.6414613723755,mouse_move,"1662,1053"
256.6442828178406,mouse_move,"1662,1052"
256.6556816101074,mouse_move,"1661,1052"
256.665979385376,mouse_move,"1661,1052"
256.67692279815674,mouse_move,"1661,1051"
256.72498178482056,mouse_move,"1661,1051"
256.7411108016968,mouse_move,"1661,1051"
256.7422776222229,mouse_move,"1661,1052"
256.7555706501007,mouse_move,"1661,1054"
256.76056385040283,mouse_move,"1661,1054"
256.76748752593994,mouse_move,"1661,1055"
256.7763886451721,mouse_move,"1661,1057"
256.7928659915924,mouse_move,"1661,1057"
256.7987289428711,mouse_move,"1661,1058"
256.8115146160126,mouse_move,"1661,1059"
256.81800365448,mouse_move,"1661,1059"
256.833979845047,mouse_move,"1661,1060"
256.8384442329407,mouse_move,"1662,1060"
256.8466041088104,mouse_move,"1662,1061"
256.863406419754,mouse_move,"1662,1062"
256.88011598587036,mouse_move,"1662,1062"
256.8884859085083,mouse_move,"1663,1062"
256.9045567512512,mouse_move,"1663,1063"
256.92587399482727,mouse_move,"1663,1064"
256.95933723449707,mouse_move,"1662,1064"
256.97710251808167,mouse_move,"1662,1065"
256.983389377594,mouse_move,"1661,1066"
256.993604183197,mouse_move,"1661,1066"
257.0046467781067,mouse_move,"1660,1067"
257.01031255722046,mouse_move,"1659,1067"
257.0275537967682,mouse_move,"1659,1067"
257.03448152542114,mouse_move,"1658,1067"
257.04195499420166,mouse_move,"1657,1067"
257.04671335220337,mouse_move,"1656,1067"
257.05550932884216,mouse_move,"1656,1068"
257.0630712509155,mouse_move,"1656,1068"
257.16031193733215,mouse_move,"1655,1068"
257.16841077804565,mouse_move,"1654,1068"
257.1767795085907,mouse_move,"1654,1068"
257.18926906585693,mouse_move,"1653,1068"
257.1942970752716,mouse_move,"1652,1068"
257.20395731925964,mouse_move,"1651,1067"
257.21272802352905,mouse_move,"1651,1066"
257.2202875614166,mouse_move,"1651,1065"
257.2275130748749,mouse_move,"1651,1065"
257.31910967826843,mouse_move,"1651,1065"
257.32750153541565,mouse_move,"1651,1065"
257.33582949638367,mouse_move,"1652,1065"
257.34447026252747,mouse_move,"1653,1065"
257.3539927005768,mouse_move,"1653,1064"
257.370374917984,mouse_move,"1653,1064"
257.3767566680908,mouse_move,"1655,1064"
257.3851101398468,mouse_move,"1657,1063"
257.3916754722595,mouse_move,"1657,1063"
257.7507064342499,key_press,Key.space
257.9511799812317,key_press,'k'
258.7382950782776,key_press,'w'
259.0107743740082,key_press,'h'
259.1389079093933,key_press,'e'
259.26233077049255,key_press,'n'
259.4375944137573,key_press,Key.space
259.5938308238983,key_press,Key.space
259.70217633247375,key_press,'a'
260.19917249679565,key_press,'p'
260.34566497802734,key_press,'e'
260.4623165130615,key_press,'r'
260.6376256942749,key_press,'s'
260.8058111667633,key_press,'o'
260.97016882896423,key_press,'n'
261.22585368156433,key_press,Key.space
262.6043801307678,key_press,'s'
262.76622891426086,key_press,'e'
263.0683345794678,key_press,'v'
263.1700074672699,key_press,'e'
263.3526668548584,key_press,'r'
263.5133306980133,key_press,'a'
263.64671325683594,key_press,'l'
263.84513211250305,key_press,Key.space
264.6862783432007,key_press,'m'
265.0687668323517,key_press,'e'
265.25119066238403,key_press,'a'
265.45540499687195,key_press,'s'
265.7703866958618,key_press,'u'
265.99228739738464,key_press,'r'
266.13490319252014,key_press,'a'
266.60469794273376,key_press,'b'
266.78497219085693,key_press,'l'
266.89751386642456,key_press,'e'
267.07346367836,key_press,Key.space
267.6332199573517,mouse_move,"1657,1063"
267.63522458076477,mouse_move,"1657,1064"
267.6492586135864,mouse_move,"1658,1064"
267.65468740463257,mouse_move,"1658,1064"
267.66165494918823,mouse_move,"1659,1064"
267.9633138179779,mouse_move,"1659,1064"
267.9633138179779,mouse_move,"1658,1064"
267.97909665107727,mouse_move,"1658,1064"
267.98516368865967,mouse_move,"1658,1064"
267.9922857284546,mouse_move,"1658,1063"
268.00537371635437,mouse_move,"1656,1061"
268.01235008239746,mouse_move,"1656,1060"
268.016948223114,mouse_move,"1656,1058"
268.02652049064636,mouse_move,"1656,1056"
268.0338246822357,mouse_move,"1656,1055"
268.33424496650696,key_press,'f'
268.4778878688812,key_press,'e'
268.6271970272064,key_press,'a'
268.87128591537476,key_press,'t'
268.98393082618713,key_press,'t'
269.2434027194977,key_press,'u'
269.36029386520386,key_press,'e'
270.3842520713806,key_press,Key.backspace
270.4822645187378,key_press,'r'
270.5925712585449,key_press,'e'
270.7929389476776,key_press,'s'
271.09467792510986,key_press,Key.space
271.81207823753357,key_press,'a'
272.00469493865967,key_press,'n'
272.15626192092896,key_press,'d'
272.2970426082611,key_press,Key.space
272.64699506759644,key_press,'g'
272.7730567455292,key_press,'e'
272.92628502845764,key_press,'n'
273.01460003852844,key_press,'e'
273.3206527233124,key_press,'r'
273.4620499610901,key_press,'a'
273.6664900779724,key_press,'t'
273.817506313324,key_press,'e'
274.058180809021,key_press,'d'
274.3070237636566,key_press,Key.space
275.87496161460876,key_press,'a'
276.3630881309509,key_press,'u'
276.5395486354828,key_press,'t'
276.7063362598419,key_press,'o'
277.1326289176941,key_press,'i'
278.42365193367004,key_press,'t'
278.5253732204437,key_press,'a'
279.15969729423523,key_press,Key.backspace
279.3875982761383,key_press,'i'
279.4456467628479,key_press,'c'
279.5328116416931,key_press,'a'
279.69415044784546,key_press,'l'
279.8092427253723,key_press,'l'
280.41503643989563,mouse_move,"1656,1048"
280.42164421081543,mouse_move,"1654,1040"
280.43608140945435,key_press,'y'
280.4513795375824,mouse_move,"1644,1022"
280.87815022468567,key_press,Key.space
281.39976620674133,key_press,'r'
281.5392735004425,key_press,'h'
281.668874502182,key_press,'e'
281.8121531009674,key_press,Key.space
282.4726321697235,key_press,'m'
282.6300847530365,key_press,'o'
282.74349665641785,key_press,'s'
283.127037525177,key_press,'t'
283.3110017776489,key_press,Key.space
283.9218759536743,key_press,'i'
284.1299352645874,key_press,'m'
284.2895562648773,key_press,'p'
284.4400517940521,key_press,'o'
284.731121301651,key_press,'r'
284.9354751110077,key_press,'t'
285.058176279068,key_press,'a'
285.21351861953735,key_press,'n'
285.3205761909485,key_press,'t'
285.4553163051605,key_press,Key.space
286.07925033569336,mouse_move,"1644,1022"
286.0863015651703,mouse_move,"1644,1022"
286.08776783943176,mouse_move,"1644,1023"
286.1103529930115,mouse_move,"1645,1023"
286.1215867996216,mouse_move,"1647,1023"
286.1289052963257,mouse_move,"1647,1023"
286.1359717845917,mouse_move,"1649,1023"
286.1376602649689,mouse_move,"1650,1023"
286.1458978652954,mouse_move,"1652,1023"
286.1563084125519,mouse_move,"1653,1023"
286.1604256629944,mouse_move,"1654,1023"
286.17175483703613,mouse_move,"1656,1023"
286.2253439426422,mouse_move,"1656,1023"
286.2399342060089,mouse_move,"1656,1024"
286.2866623401642,mouse_move,"1656,1025"
286.32116961479187,mouse_move,"1657,1025"
286.35596084594727,mouse_move,"1657,1025"
286.4200367927551,mouse_move,"1657,1025"
286.4310727119446,mouse_move,"1658,1024"
286.4416491985321,mouse_move,"1658,1024"
286.4478290081024,mouse_move,"1658,1023"
286.4613387584686,mouse_move,"1658,1021"
286.4759819507599,mouse_move,"1659,1021"
286.48187232017517,mouse_move,"1659,1019"
286.4912235736847,mouse_move,"1659,1019"
286.4982371330261,mouse_move,"1659,1018"
286.49946761131287,mouse_move,"1659,1018"
286.51260256767273,mouse_move,"1659,1017"
286.5192301273346,mouse_move,"1659,1016"
286.5877695083618,mouse_move,"1659,1016"
286.59554529190063,mouse_move,"1659,1017"
286.6041913032532,mouse_move,"1660,1017"
286.6122376918793,mouse_move,"1660,1018"
286.6181890964508,mouse_move,"1660,1019"
286.63222002983093,mouse_move,"1661,1020"
286.6382942199707,mouse_move,"1661,1020"
286.6758005619049,mouse_move,"1661,1021"
286.6758005619049,mouse_move,"1661,1022"
286.69848251342773,mouse_move,"1661,1023"
286.704852104187,mouse_move,"1660,1023"
286.71312642097473,mouse_move,"1660,1023"
286.71760535240173,mouse_move,"1660,1024"
286.7260777950287,mouse_move,"1658,1025"
286.73242712020874,mouse_move,"1657,1026"
286.7381258010864,mouse_move,"1657,1026"
286.7462649345398,mouse_move,"1657,1026"
286.7552351951599,mouse_move,"1656,1026"
286.8065712451935,mouse_move,"1656,1026"
286.82524394989014,mouse_move,"1656,1026"
286.82866311073303,mouse_move,"1656,1025"
286.8527066707611,mouse_move,"1656,1024"
286.8615221977234,mouse_move,"1657,1024"
286.86883544921875,mouse_move,"1657,1024"
286.87417674064636,mouse_move,"1657,1023"
286.87890219688416,mouse_move,"1657,1022"
286.88997864723206,mouse_move,"1657,1022"
286.90095829963684,mouse_move,"1657,1021"
286.9189805984497,mouse_move,"1657,1020"
286.9252595901489,mouse_move,"1657,1019"
286.93989539146423,mouse_move,"1657,1018"
286.9472861289978,mouse_move,"1658,1018"
286.9546582698822,mouse_move,"1658,1017"
287.44711565971375,key_press,'f'
287.62179684638977,key_press,'e'
287.748507976532,key_press,'a'
287.95405626296997,key_press,'t'
288.20893812179565,key_press,'u'
288.31292247772217,key_press,'e'
288.8407824039459,key_press,Key.backspace
288.94033908843994,key_press,'r'
289.0635025501251,key_press,'e'
289.32393431663513,key_press,'s'
289.6315498352051,key_press,Key.space
290.42240929603577,key_press,'i'
290.5732443332672,key_press,'n'
290.8523235321045,key_press,'c'
291.0407934188843,key_press,'l'
291.2544229030609,key_press,'u'
291.4751093387604,key_press,'d'
291.64133858680725,key_press,'e'
291.76533699035645,key_press,Key.space
293.24962401390076,key_press,'d'
293.85429406166077,key_press,'w'
293.99871587753296,key_press,'e'
294.3515348434448,key_press,'l'
294.4661920070648,key_press,'l'
294.6923623085022,key_press,Key.space
295.2357647418976,key_press,'t'
295.34842252731323,key_press,'i'
295.4990632534027,key_press,'m'
295.6240725517273,key_press,'e'
295.7684452533722,key_press,Key.space
296.85583686828613,mouse_move,"1658,1016"
296.87057638168335,mouse_move,"1658,1016"
296.90408635139465,mouse_move,"1659,1016"
296.9636962413788,mouse_move,"1659,1016"
296.97882652282715,mouse_move,"1659,1016"
297.3004925251007,mouse_move,"1659,1016"
297.3117527961731,mouse_move,"1659,1016"
297.34562611579895,mouse_move,"1658,1015"
297.35414695739746,mouse_move,"1657,1015"
297.381311416626,mouse_move,"1656,1014"
297.381311416626,mouse_move,"1654,1013"
297.39093351364136,mouse_move,"1654,1013"
297.39385890960693,mouse_move,"1653,1012"
297.417916059494,mouse_move,"1652,1012"
297.49090051651,mouse_move,"1652,1012"
297.50046133995056,mouse_move,"1653,1012"
297.50932002067566,mouse_move,"1653,1012"
297.51596450805664,mouse_move,"1654,1012"
297.5244514942169,mouse_move,"1655,1013"
297.54114866256714,mouse_move,"1656,1013"
297.5434169769287,mouse_move,"1656,1013"
297.55488753318787,mouse_move,"1656,1013"
297.5587913990021,mouse_move,"1657,1013"
297.574951171875,mouse_move,"1658,1013"
297.6151874065399,mouse_move,"1658,1013"
297.6317038536072,mouse_move,"1658,1013"
297.64661478996277,mouse_move,"1658,1011"
297.65605306625366,mouse_move,"1658,1011"
297.6692180633545,mouse_move,"1657,1009"
297.67479729652405,mouse_move,"1657,1008"
297.6831033229828,mouse_move,"1657,1008"
297.69038438796997,mouse_move,"1657,1006"
297.6972529888153,mouse_move,"1657,1003"
297.7038514614105,mouse_move,"1656,1002"
297.70931696891785,mouse_move,"1656,999"
297.7180030345917,mouse_move,"1656,996"
297.7222411632538,mouse_move,"1656,994"
297.73065662384033,mouse_move,"1656,991"
297.7387852668762,mouse_move,"1655,986"
297.7470736503601,mouse_move,"1655,983"
297.7470736503601,mouse_move,"1655,979"
297.7616422176361,mouse_move,"1656,976"
298.4158408641815,key_press,"','"
298.7599914073944,key_press,'f'
298.9010407924652,key_press,'l'
299.05934858322144,key_press,'i'
299.3686764240265,key_press,'g'
299.4810769557953,key_press,'h'
299.59873127937317,key_press,'t'
299.71537804603577,key_press,Key.space
300.1651978492737,key_press,'t'
300.29158878326416,key_press,'i'
300.499986410141,key_press,'m'
300.62248134613037,key_press,'e'
300.7624168395996,key_press,Key.space
302.13129591941833,mouse_move,"1656,975"
302.1345932483673,mouse_move,"1656,974"
302.1446578502655,mouse_move,"1656,974"
302.15083932876587,mouse_move,"1655,973"
302.1686885356903,mouse_move,"1654,973"
302.222393989563,mouse_move,"1654,973"
302.23041915893555,mouse_move,"1655,973"
302.23844480514526,mouse_move,"1655,974"
302.24446654319763,mouse_move,"1656,975"
302.25226402282715,mouse_move,"1657,975"
302.2582817077637,mouse_move,"1658,975"
302.266432762146,mouse_move,"1659,975"
302.27375411987305,mouse_move,"1661,976"
302.28283619880676,mouse_move,"1661,977"
302.2960464954376,mouse_move,"1662,978"
302.29890871047974,mouse_move,"1662,978"
302.3094766139984,mouse_move,"1662,979"
302.3167932033539,mouse_move,"1662,980"
302.32030487060547,mouse_move,"1662,980"
302.3299980163574,mouse_move,"1662,981"
302.34597086906433,mouse_move,"1662,982"
302.3494539260864,mouse_move,"1662,983"
302.3654544353485,mouse_move,"1661,983"
302.46106481552124,mouse_move,"1661,983"
302.7817461490631,mouse_move,"1661,983"
302.7837691307068,mouse_move,"1661,984"
302.79569268226624,mouse_move,"1661,985"
302.81941175460815,mouse_move,"1660,987"
302.83134031295776,mouse_move,"1659,987"
302.83827924728394,mouse_move,"1659,988"
302.91691160202026,mouse_move,"1659,988"
302.91948199272156,mouse_move,"1658,988"
302.93867683410645,mouse_move,"1658,989"
302.97691917419434,key_press,'b'
303.3129880428314,key_press,'e'
303.51079416275024,key_press,'t'
304.06900095939636,key_press,'w'
304.2985587120056,key_press,'e'
304.48429107666016,key_press,'e'
304.66264843940735,key_press,'n'
304.8433680534363,key_press,Key.space
305.8292992115021,key_press,'r'
305.94847321510315,key_press,'e'
306.1857268810272,key_press,'s'
306.6478862762451,key_press,'l'
306.8392915725708,key_press,'s'
307.05152463912964,key_press,'i'
307.22569966316223,key_press,'n'
307.40986156463623,key_press,'g'
307.5260422229767,key_press,Key.space
308.8676679134369,key_press,'o'
309.01552510261536,key_press,'n'
309.224821805954,key_press,'e'
309.35547041893005,key_press,Key.space
309.7626254558563,key_press,'k'
309.9821193218231,key_press,'e'
310.26813888549805,key_press,'y'
310.466500043869,key_press,Key.space
311.6094651222229,key_press,'a'
311.736980676651,key_press,'n'
311.9151165485382,key_press,'d'
312.02827405929565,key_press,Key.space
312.39787125587463,key_press,'p'
312.63854598999023,key_press,'r'
312.7721281051636,key_press,'e'
312.97636461257935,key_press,'s'
313.11872363090515,key_press,'s'
313.27304315567017,key_press,'i'
313.426198720932,key_press,'n'
313.51720333099365,key_press,'g'
313.6467339992523,key_press,Key.space
314.8197271823883,key_press,'a'
315.666277885437,key_press,Key.backspace
315.8399224281311,key_press,'t'
315.98169207572937,key_press,'h'
316.0270700454712,key_press,'e'
316.2864758968353,key_press,Key.space
316.5232181549072,key_press,'n'
316.62144351005554,key_press,'e'
317.1858582496643,key_press,'x'
317.43515610694885,key_press,'t'
317.5925123691559,key_press,Key.space
318.68835043907166,key_press,'t'
318.9592831134796,key_press,'y'
319.2459006309509,key_press,'p'
319.42073822021484,key_press,'i'
319.60679268836975,key_press,'n'
319.7596745491028,key_press,'g'
319.8797082901001,key_press,Key.space
320.357061624527,key_press,'s'
320.57377409935,key_press,'p'
320.71496391296387,key_press,'e'
320.8674097061157,key_press,'e'
321.050350189209,key_press,'d'
321.2083122730255,key_press,Key.space
323.8943965435028,mouse_move,"1658,990"
323.9015619754791,mouse_move,"1658,990"
323.92042779922485,mouse_move,"1658,991"
323.9283549785614,mouse_move,"1658,992"
323.9368453025818,mouse_move,"1658,993"
323.9562978744507,mouse_move,"1658,993"
323.96323800086975,mouse_move,"1658,994"
323.9691298007965,mouse_move,"1658,995"
323.985182762146,mouse_move,"1658,995"
323.99131202697754,mouse_move,"1658,996"
324.07279753685,mouse_move,"1658,996"
324.079701423645,mouse_move,"1658,995"
324.08784317970276,mouse_move,"1658,994"
324.0962691307068,mouse_move,"1658,993"
324.10596776008606,mouse_move,"1658,991"
324.11347913742065,mouse_move,"1658,990"
324.12061524391174,mouse_move,"1658,990"
324.12061524391174,mouse_move,"1658,989"
324.1302297115326,mouse_move,"1658,988"
324.1389100551605,mouse_move,"1658,987"
324.1463575363159,mouse_move,"1658,986"
324.1534147262573,mouse_move,"1657,986"
324.16334080696106,mouse_move,"1657,985"
324.1700208187103,mouse_move,"1657,984"
324.9918785095215,key_press,'t'
325.22811126708984,key_press,'y'
325.389280796051,key_press,'p'
325.5720057487488,key_press,'i'
325.7803862094879,key_press,'n'
325.9533021450043,key_press,'g'
326.0451560020447,key_press,Key.space
326.26425313949585,key_press,'p'
327.14295744895935,key_press,'r'
327.3893587589264,key_press,'e'
327.6622884273529,key_press,'s'
327.8037393093109,key_press,'s'
328.0293004512787,key_press,'u'
328.2660942077637,key_press,'t'
328.6841411590576,key_press,Key.backspace
328.7799367904663,key_press,'r'
328.8765299320221,key_press,'e'
329.15797567367554,key_press,Key.space
329.93429040908813,mouse_move,"1657,984"
329.95660614967346,mouse_move,"1657,983"
330.03449392318726,mouse_move,"1656,983"
330.06370186805725,mouse_move,"1655,982"
330.074987411499,mouse_move,"1655,982"
330.09934663772583,mouse_move,"1654,982"
330.1272768974304,mouse_move,"1654,982"
330.22680950164795,mouse_move,"1654,981"
330.24104356765747,mouse_move,"1653,981"
330.2823450565338,mouse_move,"1653,980"
330.29846572875977,mouse_move,"1652,980"
330.30584263801575,mouse_move,"1652,980"
330.31903052330017,mouse_move,"1651,979"
330.3330399990082,mouse_move,"1650,978"
330.3411350250244,mouse_move,"1650,977"
330.3551034927368,mouse_move,"1650,977"
330.3621165752411,mouse_move,"1649,977"
330.3699312210083,mouse_move,"1649,976"
330.3763256072998,mouse_move,"1648,976"
330.383024930954,mouse_move,"1648,975"
330.39123129844666,mouse_move,"1648,975"
330.4051396846771,mouse_move,"1648,975"
330.4163193702698,mouse_move,"1647,974"
330.4333167076111,mouse_move,"1646,974"
330.441059589386,mouse_move,"1646,973"
330.4552435874939,mouse_move,"1645,972"
330.475665807724,mouse_move,"1645,972"
330.50375747680664,mouse_move,"1644,972"
330.53308057785034,mouse_move,"1643,972"
330.54712438583374,mouse_move,"1643,972"
330.56247758865356,mouse_move,"1642,972"
330.66771030426025,mouse_move,"1641,972"
330.69936656951904,mouse_move,"1641,971"
330.88864064216614,mouse_move,"1641,971"
330.9023611545563,mouse_move,"1641,971"
330.9162871837616,mouse_move,"1642,971"
330.9226326942444,mouse_move,"1642,971"
330.9256830215454,mouse_move,"1642,971"
330.9382174015045,mouse_move,"1643,972"
330.9479787349701,mouse_move,"1644,973"
330.9479787349701,mouse_move,"1644,974"
330.9673547744751,mouse_move,"1646,974"
330.9730746746063,mouse_move,"1648,975"
330.98112988471985,mouse_move,"1648,976"
330.9847435951233,mouse_move,"1650,977"
330.99145770072937,mouse_move,"1651,977"
330.9989836215973,mouse_move,"1651,978"
331.0077121257782,mouse_move,"1653,979"
331.01448941230774,mouse_move,"1654,980"
331.0309474468231,mouse_move,"1654,981"
331.0405101776123,mouse_move,"1655,982"
331.0588140487671,mouse_move,"1655,983"
331.0688261985779,mouse_move,"1656,983"
331.09063172340393,mouse_move,"1656,984"
331.12969756126404,mouse_move,"1656,985"
357.1590623855591,mouse_move,"1656,985"
357.24307560920715,mouse_move,"1656,984"
357.29164266586304,mouse_move,"1656,984"
357.30760884284973,mouse_move,"1656,983"
357.36364698410034,mouse_move,"1656,982"
357.39732217788696,mouse_move,"1656,981"
357.4067018032074,mouse_move,"1656,981"
357.42800092697144,mouse_move,"1656,980"
357.4419457912445,mouse_move,"1656,979"
357.4786903858185,mouse_move,"1656,979"
357.500449180603,mouse_move,"1655,979"
357.5342860221863,mouse_move,"1655,978"
357.60406255722046,mouse_move,"1655,978"
357.6185722351074,mouse_move,"1655,977"
357.7627332210541,mouse_move,"1655,976"
358.14537501335144,mouse_move,"1654,976"
358.256893157959,mouse_move,"1653,976"
358.5391025543213,mouse_move,"1653,976"
358.6374909877777,mouse_move,"1653,976"
358.6689054965973,mouse_move,"1653,976"
358.86819791793823,mouse_move,"1652,976"
359.12285351753235,mouse_move,"1652,975"
359.1819658279419,mouse_move,"1651,975"
359.3045446872711,mouse_move,"1651,975"
359.32670736312866,mouse_move,"1650,975"
359.3389415740967,mouse_move,"1650,975"
359.3518190383911,mouse_move,"1650,975"
359.3518190383911,mouse_move,"1650,976"
359.3743748664856,mouse_move,"1650,977"
359.3790555000305,mouse_move,"1649,977"
359.38456654548645,mouse_move,"1649,978"
359.4009578227997,mouse_move,"1649,978"
359.41042852401733,mouse_move,"1649,979"
359.424729347229,mouse_move,"1648,979"
359.4326026439667,mouse_move,"1648,980"
359.4337420463562,mouse_move,"1648,980"
359.4467976093292,mouse_move,"1648,982"
359.4502215385437,mouse_move,"1648,982"
359.45731830596924,mouse_move,"1648,983"
359.46772837638855,mouse_move,"1648,983"
359.4828007221222,mouse_move,"1648,984"
359.49630880355835,mouse_move,"1648,985"
359.506489276886,mouse_move,"1648,985"
359.5177776813507,mouse_move,"1648,986"
359.5252540111542,mouse_move,"1648,987"
359.53109073638916,mouse_move,"1648,988"
359.5389976501465,mouse_move,"1648,988"
359.5389976501465,mouse_move,"1648,990"
359.5497508049011,mouse_move,"1648,991"
359.56730556488037,mouse_move,"1648,992"
359.58124804496765,mouse_move,"1648,993"
359.58933687210083,mouse_move,"1648,993"
359.5996973514557,mouse_move,"1648,994"
359.61054491996765,mouse_move,"1648,995"
359.67411398887634,mouse_move,"1648,996"
359.7610878944397,mouse_move,"1648,996"
359.92581057548523,mouse_move,"1648,996"
359.95442032814026,mouse_move,"1648,996"
359.98284554481506,mouse_move,"1647,996"
359.9923005104065,mouse_move,"1647,995"
360.00135254859924,mouse_move,"1646,995"
360.0177676677704,mouse_move,"1646,994"
360.02494645118713,mouse_move,"1646,994"
360.03229904174805,mouse_move,"1646,994"
360.04803347587585,mouse_move,"1646,993"
360.05981159210205,mouse_move,"1645,992"
360.0671901702881,mouse_move,"1645,992"
360.07456278800964,mouse_move,"1644,992"
360.08908867836,mouse_move,"1644,991"
360.091383934021,mouse_move,"1644,990"
360.1106770038605,mouse_move,"1644,990"
360.117125749588,mouse_move,"1644,989"
360.1321346759796,mouse_move,"1643,987"
360.13807559013367,mouse_move,"1643,987"
360.14387679100037,mouse_move,"1643,986"
360.15248680114746,mouse_move,"1642,986"
360.1566700935364,mouse_move,"1641,985"
360.16787672042847,mouse_move,"1641,984"
360.1746509075165,mouse_move,"1639,983"
360.18250131607056,mouse_move,"1638,981"
360.1841940879822,mouse_move,"1636,979"
360.1954951286316,mouse_move,"1634,978"
360.20223116874695,mouse_move,"1632,977"
360.20715403556824,mouse_move,"1632,976"
360.2173659801483,mouse_move,"1631,974"
360.22480154037476,mouse_move,"1630,974"
360.2275562286377,mouse_move,"1630,973"
360.28183102607727,mouse_move,"1630,973"
360.30596113204956,mouse_move,"1631,973"
360.37628197669983,mouse_move,"1631,973"
360.3903920650482,mouse_move,"1630,972"
360.3953013420105,mouse_move,"1629,972"
360.42597460746765,mouse_move,"1617,968"
360.43002343177795,mouse_move,"1613,967"
360.43602228164673,mouse_move,"1610,967"
360.4459593296051,mouse_move,"1607,966"
360.4541451931,mouse_move,"1607,965"
360.46037340164185,mouse_move,"1606,965"
360.48540568351746,mouse_move,"1606,965"
360.4905185699463,mouse_move,"1606,965"
360.5029807090759,mouse_move,"1606,967"
360.50569009780884,mouse_move,"1608,968"
360.5179407596588,mouse_move,"1609,969"
360.52397203445435,mouse_move,"1610,971"
360.5322198867798,mouse_move,"1611,973"
360.5346751213074,mouse_move,"1611,975"
360.5465090274811,mouse_move,"1612,976"
360.55349683761597,mouse_move,"1614,978"
360.5561273097992,mouse_move,"1614,979"
360.56776452064514,mouse_move,"1615,981"
360.5732069015503,mouse_move,"1616,983"
360.5812289714813,mouse_move,"1616,985"
360.589474439621,mouse_move,"1617,985"
360.5937991142273,mouse_move,"1617,986"
360.6034355163574,mouse_move,"1617,988"
360.60622549057007,mouse_move,"1617,989"
360.6179392337799,mouse_move,"1617,991"
360.6219153404236,mouse_move,"1617,992"
360.6302146911621,mouse_move,"1617,992"
360.63935256004333,mouse_move,"1617,994"
360.64657497406006,mouse_move,"1617,994"
360.65158462524414,mouse_move,"1618,995"
360.65506529808044,mouse_move,"1618,997"
360.6632800102234,mouse_move,"1618,997"
360.6717584133148,mouse_move,"1619,998"
360.68192410469055,mouse_move,"1619,1000"
360.6884651184082,mouse_move,"1619,1001"
360.69141364097595,mouse_move,"1619,1002"
360.7030875682831,mouse_move,"1620,1003"
360.7054147720337,mouse_move,"1620,1004"
360.7137339115143,mouse_move,"1620,1005"
360.72184681892395,mouse_move,"1621,1006"
360.7303047180176,mouse_move,"1621,1006"
360.73698711395264,mouse_move,"1621,1008"
360.7463307380676,mouse_move,"1621,1009"
360.75221610069275,mouse_move,"1621,1010"
360.7602467536926,mouse_move,"1622,1011"
360.76779556274414,mouse_move,"1622,1012"
360.7698917388916,mouse_move,"1622,1013"
360.7791814804077,mouse_move,"1623,1015"
360.78682136535645,mouse_move,"1625,1016"
360.79505348205566,mouse_move,"1626,1018"
360.8031463623047,mouse_move,"1628,1020"
360.8031463623047,mouse_move,"1628,1022"
360.8181321620941,mouse_move,"1629,1023"
360.8249936103821,mouse_move,"1630,1024"
360.83050203323364,mouse_move,"1631,1026"
360.8383069038391,mouse_move,"1632,1026"
360.842750787735,mouse_move,"1632,1027"
360.8535432815552,mouse_move,"1633,1028"
360.8589289188385,mouse_move,"1634,1028"
360.86673307418823,mouse_move,"1634,1028"
360.8753147125244,mouse_move,"1634,1029"
360.8863663673401,mouse_move,"1635,1029"
360.8953380584717,mouse_move,"1636,1030"
360.90187764167786,mouse_move,"1636,1031"
360.9164879322052,mouse_move,"1636,1031"
360.9401421546936,mouse_move,"1637,1031"
360.95951986312866,mouse_move,"1638,1031"
360.98253202438354,mouse_move,"1639,1031"
361.00955533981323,mouse_move,"1639,1032"
361.08491230010986,mouse_move,"1639,1033"
361.1083810329437,mouse_move,"1640,1033"
361.12525963783264,mouse_move,"1641,1033"
361.12676072120667,mouse_move,"1641,1034"
361.13941955566406,mouse_move,"1642,1035"
361.1419494152069,mouse_move,"1643,1035"
361.16019678115845,mouse_move,"1644,1035"
361.1677951812744,mouse_move,"1644,1036"
361.17529797554016,mouse_move,"1644,1036"
361.1887774467468,mouse_move,"1645,1037"
361.1908760070801,mouse_move,"1646,1037"
361.19915652275085,mouse_move,"1646,1038"
361.2100238800049,mouse_move,"1646,1038"
361.2240240573883,mouse_move,"1646,1038"
361.2806148529053,mouse_move,"1647,1038"
361.3029341697693,mouse_move,"1647,1039"
361.30527091026306,mouse_move,"1648,1039"
361.3249342441559,mouse_move,"1648,1039"
361.3386471271515,mouse_move,"1649,1039"
364.63967967033386,key_press,'e'
364.82531547546387,key_press,'r'
365.01504945755005,key_press,'r'
365.19677662849426,key_press,'o'
365.3402397632599,key_press,'e'
365.46119451522827,key_press,'r'
365.7787857055664,key_press,Key.space
366.08488368988037,key_press,'r'
366.22423577308655,key_press,'a'
366.4306402206421,key_press,'t'
366.5566565990448,key_press,'e'
366.75096464157104,key_press,Key.space
368.4291579723358,mouse_move,"1649,1041"
368.4347276687622,mouse_move,"1649,1042"
368.43746304512024,mouse_move,"1649,1042"
368.44652915000916,mouse_move,"1650,1044"
368.4561038017273,mouse_move,"1651,1045"
368.46332693099976,mouse_move,"1651,1045"
368.46950030326843,mouse_move,"1651,1046"
368.46950030326843,mouse_move,"1652,1046"
368.48396134376526,mouse_move,"1652,1047"
368.49159240722656,mouse_move,"1652,1047"
368.5043361186981,mouse_move,"1653,1047"
368.5320086479187,mouse_move,"1653,1048"
368.5605049133301,mouse_move,"1653,1048"
368.5673317909241,mouse_move,"1653,1048"
368.58110427856445,mouse_move,"1653,1046"
368.5860130786896,mouse_move,"1653,1045"
368.59779834747314,mouse_move,"1653,1044"
368.604101896286,mouse_move,"1653,1041"
368.6118574142456,mouse_move,"1653,1040"
368.6163501739502,mouse_move,"1652,1038"
368.6247375011444,mouse_move,"1652,1034"
368.63152027130127,mouse_move,"1651,1030"
368.63884377479553,mouse_move,"1651,1027"
368.646723985672,mouse_move,"1650,1023"
368.65407729148865,mouse_move,"1649,1019"
368.6617443561554,mouse_move,"1649,1015"
368.66328406333923,mouse_move,"1647,1011"
368.67218804359436,mouse_move,"1647,1007"
368.8896291255951,mouse_move,"1647,1007"
368.9144697189331,mouse_move,"1647,1008"
368.9178533554077,mouse_move,"1647,1009"
368.93053913116455,mouse_move,"1647,1010"
368.9323773384094,key_press,'r'
369.0509731769562,key_press,'a'
369.2751245498657,key_press,'t'
369.4126899242401,key_press,'e'
369.9485893249512,key_press,Key.space
370.3153805732727,key_press,'i'
370.89973068237305,key_press,Key.backspace
371.005578994751,key_press,'f'
371.21612334251404,key_press,Key.space
371.906804561615,key_press,'o'
372.029296875,key_press,'f'
372.12860798835754,key_press,Key.space
372.5380253791809,key_press,'e'
373.2312705516815,key_press,Key.backspace
373.45175647735596,key_press,'u'
373.5442359447479,key_press,'s'
373.67408776283264,key_press,'e'
373.83877635002136,key_press,Key.space
375.3548586368561,key_press,'o'
375.5407567024231,key_press,'f'
375.64079451560974,key_press,Key.space
375.8526213169098,key_press,'v'
375.90542483329773,key_press,'b'
376.0083019733429,key_press,'a'
376.2912950515747,key_press,'d'
376.697717666626,key_press,'c'
376.8584988117218,key_press,'k'
377.2267487049103,key_press,'p'
378.9445924758911,key_press,Key.backspace
379.04729080200195,key_press,'s'
379.2280282974243,key_press,'p'
379.3069405555725,key_press,'a'
379.89215111732483,key_press,'c'
380.05043482780457,key_press,'e'
380.2158668041229,key_press,Key.space
381.54967069625854,key_press,'a'
381.64995288848877,key_press,'n'
381.76823329925537,key_press,'d'
381.9100286960602,key_press,Key.space
382.7086980342865,key_press,'y'
383.15535068511963,key_press,Key.backspace
383.2352123260498,key_press,'t'
383.42219281196594,key_press,'y'
383.51445722579956,key_press,'p'
383.70026302337646,key_press,'i'
383.89027643203735,key_press,'n'
384.0489921569824,key_press,'g'
384.20399594306946,key_press,Key.space
385.01723408699036,key_press,'c'
385.2280213832855,key_press,'o'
385.405832529068,key_press,'n'
385.57671642303467,key_press,'s'
385.90660429000854,key_press,'i'
386.0305714607239,key_press,'s'
386.25405621528625,key_press,'t'
386.5865228176117,key_press,'e'
386.7729048728943,key_press,'n'
386.92613792419434,key_press,'c'
387.26179456710815,key_press,'t'
388.1412901878357,key_press,Key.backspace
388.3018138408661,key_press,'y'
388.4975075721741,key_press,Key.space
389.1889796257019,mouse_move,"1648,1010"
389.30487155914307,mouse_move,"1649,1010"
389.3126788139343,mouse_move,"1649,1010"
389.3700542449951,mouse_move,"1650,1010"
389.4370713233948,mouse_move,"1651,1010"
389.53733706474304,mouse_move,"1651,1010"
389.5674660205841,mouse_move,"1651,1010"
389.6007318496704,mouse_move,"1650,1010"
389.62167859077454,mouse_move,"1650,1010"
389.65488934516907,mouse_move,"1650,1009"
389.6633312702179,mouse_move,"1649,1009"
389.68629717826843,mouse_move,"1648,1009"
389.69836926460266,mouse_move,"1648,1008"
389.7084381580353,mouse_move,"1647,1008"
389.7126693725586,mouse_move,"1647,1008"
389.7296259403229,mouse_move,"1646,1008"
389.7363488674164,mouse_move,"1645,1008"
389.73979902267456,mouse_move,"1645,1008"
389.75817131996155,mouse_move,"1644,1007"
389.7653398513794,mouse_move,"1643,1007"
389.76810693740845,mouse_move,"1643,1006"
389.77428150177,mouse_move,"1643,1006"
389.8075189590454,mouse_move,"1642,1005"
389.9678313732147,mouse_move,"1642,1005"
389.9860932826996,mouse_move,"1642,1005"
390.00008153915405,mouse_move,"1642,1005"
390.01372051239014,mouse_move,"1643,1005"
390.02413153648376,mouse_move,"1644,1006"
390.05619263648987,mouse_move,"1644,1006"
390.06403946876526,mouse_move,"1645,1006"
390.0707333087921,mouse_move,"1645,1007"
390.0926945209503,mouse_move,"1646,1007"
390.10585284233093,mouse_move,"1646,1007"
390.113890171051,mouse_move,"1647,1007"
390.12233328819275,mouse_move,"1648,1007"
390.14019680023193,mouse_move,"1649,1007"
390.17014956474304,mouse_move,"1649,1006"
390.17234206199646,mouse_move,"1649,1005"
390.17950201034546,mouse_move,"1649,1004"
390.73030710220337,key_press,'/'
391.1266567707062,key_press,'e'
391.5077877044678,key_press,'v'
391.6177170276642,key_press,'e'
391.8657195568085,key_press,'m'
392.4346673488617,key_press,'n'
392.6135025024414,key_press,Key.space
393.20224165916443,mouse_move,"1649,1003"
393.20614862442017,mouse_move,"1649,1002"
393.22455620765686,key_press,'s'
393.35938596725464,key_press,'m'
393.4402868747711,key_press,'a'
393.7560703754425,key_press,'l'
393.95051431655884,key_press,Key.space
395.1888086795807,key_press,'d'
395.4223268032074,key_press,'i'
395.7228536605835,key_press,'f'
395.8606028556824,key_press,'f'
395.99812364578247,key_press,'e'
396.14165806770325,key_press,'r'
396.5982949733734,key_press,'n'
396.9199080467224,key_press,'c'
397.1400158405304,key_press,'e'
397.3365828990936,key_press,'s'
397.57269406318665,key_press,Key.space
398.5210316181183,key_press,'i'
398.6888439655304,key_press,'n'
398.83650517463684,key_press,Key.space
399.0356504917145,key_press,'t'
399.1644084453583,key_press,'h'
399.2581329345703,key_press,'e'
399.4941782951355,key_press,'s'
399.5911340713501,key_press,'e'
399.84028792381287,key_press,Key.space
401.1489839553833,key_press,'f'
401.3320529460907,key_press,'e'
401.4774658679962,key_press,'a'
401.7015678882599,key_press,'t'
401.98704743385315,key_press,'u'
402.1143205165863,key_press,'e'
402.61424684524536,key_press,'='
402.743700504303,key_press,'r'
402.83708024024963,key_press,'e'
403.03661918640137,key_press,'s'
403.30328011512756,key_press,Key.space
403.5270073413849,key_press,'m'
403.6254150867462,key_press,'a'
403.86677384376526,key_press,'k'
404.0484504699707,key_press,'e'
404.17718720436096,key_press,Key.space
404.3664071559906,key_press,'s'
404.59919023513794,key_press,'u'
404.9223515987396,key_press,'c'
405.3117733001709,key_press,Key.space
406.04002618789673,mouse_move,"1649,1002"
406.05459547042847,mouse_move,"1649,1002"
406.1021978855133,mouse_move,"1649,1002"
406.1231892108917,mouse_move,"1650,1002"
406.13096928596497,mouse_move,"1651,1002"
406.15442395210266,mouse_move,"1655,1001"
406.16602301597595,mouse_move,"1656,1000"
406.1748700141907,mouse_move,"1657,1000"
406.1781589984894,mouse_move,"1657,1000"
406.18829584121704,mouse_move,"1659,999"
406.1972064971924,mouse_move,"1660,999"
406.204222202301,mouse_move,"1660,998"
406.21076822280884,mouse_move,"1661,998"
406.2127549648285,mouse_move,"1662,997"
406.2246401309967,mouse_move,"1663,997"
406.24363827705383,mouse_move,"1663,997"
406.2544732093811,mouse_move,"1663,997"
406.27305579185486,mouse_move,"1664,997"
406.2893137931824,mouse_move,"1665,997"
406.29653000831604,mouse_move,"1665,996"
406.3051960468292,mouse_move,"1665,995"
407.23242688179016,key_press,'p'
407.4015190601349,key_press,'e'
407.49468445777893,key_press,'r'
407.6805913448334,key_press,'s'
407.83920192718506,key_press,'o'
407.98263359069824,key_press,'n'
410.2923903465271,key_press,"""'"""
410.464195728302,key_press,'d'
410.94603419303894,key_press,Key.backspace
411.087655544281,key_press,'s'
411.33446407318115,key_press,Key.space
413.3728783130646,key_press,'t'
413.6502459049225,key_press,'y'
413.8258466720581,key_press,'p'
413.9929418563843,key_press,'i'
414.1991648674011,key_press,'n'
414.3494801521301,key_press,'g'
414.4631597995758,key_press,Key.space
414.65591049194336,key_press,'s'
415.22485089302063,key_press,'t'
415.419570684433,key_press,'y'
415.65162897109985,key_press,'l'
415.9077286720276,key_press,'e'
416.1602828502655,key_press,Key.space
418.5456111431122,key_press,'u'
418.8006954193115,key_press,'n'
418.99765157699585,key_press,'i'
419.64624404907227,mouse_move,"1663,994"
419.65183115005493,mouse_move,"1659,992"
419.6772029399872,mouse_move,"1647,984"
419.688107252121,mouse_move,"1644,982"
419.6937663555145,mouse_move,"1642,980"
419.70089173316956,mouse_move,"1640,978"
419.70779490470886,mouse_move,"1639,976"
419.71784567832947,mouse_move,"1638,973"
419.7241678237915,mouse_move,"1636,970"
419.7327973842621,mouse_move,"1634,967"
419.74008679389954,mouse_move,"1631,963"
419.741899728775,key_press,'u'
419.8883957862854,key_press,'e'
420.1196126937866,key_press,Key.space
421.94488763809204,key_press,Key.shift
422.1379609107971,key_press,'A'
422.52071046829224,key_press,'l'
422.67379331588745,key_press,'l'
422.90894770622253,key_press,Key.space
423.59237480163574,key_press,'m'
423.76392245292664,key_press,'o'
424.665824174881,key_press,'d'
424.85874223709106,key_press,'e'
424.9844124317169,key_press,'l'
425.10976123809814,key_press,'s'
428.852077960968,mouse_move,"1630,963"
428.956627368927,mouse_move,"1629,962"
428.9631905555725,mouse_move,"1629,962"
428.96832823753357,mouse_move,"1627,962"
428.9933412075043,mouse_move,"1623,959"
429.00657868385315,mouse_move,"1623,959"
429.0129380226135,mouse_move,"1623,958"
429.0155529975891,mouse_move,"1622,958"
429.02350401878357,mouse_move,"1621,957"
429.03438115119934,mouse_move,"1620,957"
429.0402178764343,mouse_move,"1620,956"
429.0484154224396,mouse_move,"1619,956"
429.05576276779175,mouse_move,"1619,956"
429.06268978118896,mouse_move,"1618,956"
429.07311844825745,mouse_move,"1618,955"
429.0902817249298,mouse_move,"1617,955"
429.10607051849365,mouse_move,"1617,954"
429.1153585910797,mouse_move,"1616,954"
429.1339786052704,mouse_move,"1615,954"
429.21334981918335,mouse_move,"1615,953"
429.2185597419739,mouse_move,"1615,952"
429.2339446544647,mouse_move,"1614,951"
429.247189283371,mouse_move,"1613,951"
429.2492744922638,mouse_move,"1613,950"
429.26144766807556,mouse_move,"1613,950"
429.26776671409607,mouse_move,"1612,949"
429.2734293937683,mouse_move,"1612,949"
429.28247022628784,mouse_move,"1611,949"
429.29011726379395,mouse_move,"1611,948"
429.2923641204834,mouse_move,"1610,948"
429.3411195278168,mouse_move,"1610,948"
429.40431451797485,mouse_move,"1610,948"
429.49916553497314,mouse_move,"1610,948"
429.5270447731018,mouse_move,"1611,948"
429.5906901359558,mouse_move,"1612,948"
429.6078898906708,mouse_move,"1612,948"
429.622017621994,mouse_move,"1613,948"
429.64904499053955,mouse_move,"1614,948"
429.6531226634979,mouse_move,"1615,948"
429.66034960746765,mouse_move,"1617,948"
429.6628189086914,mouse_move,"1617,948"
429.6744291782379,mouse_move,"1618,949"
429.67818665504456,mouse_move,"1620,949"
429.688325881958,mouse_move,"1620,949"
429.6957561969757,mouse_move,"1621,950"
429.7010419368744,mouse_move,"1623,950"
429.71767139434814,mouse_move,"1623,950"
429.72467017173767,mouse_move,"1624,950"
429.7273406982422,mouse_move,"1625,950"
429.7453224658966,mouse_move,"1625,950"
429.8239645957947,mouse_move,"1625,950"
429.8803973197937,mouse_move,"1625,950"
429.9502260684967,mouse_move,"1625,950"
429.9681227207184,mouse_move,"1625,951"
429.9923412799835,mouse_move,"1625,951"
429.9954309463501,mouse_move,"1625,952"
430.00409030914307,mouse_move,"1625,953"
430.0407724380493,mouse_move,"1626,953"
430.15017080307007,mouse_move,"1627,953"
430.16833090782166,mouse_move,"1628,953"
430.2011773586273,mouse_move,"1630,955"
430.2098572254181,mouse_move,"1631,956"
430.2183132171631,mouse_move,"1631,956"
430.22735118865967,mouse_move,"1631,956"
430.2410659790039,mouse_move,"1632,957"
430.6393783092499,mouse_move,"1632,958"
430.6519031524658,mouse_move,"1632,958"
430.664146900177,mouse_move,"1632,958"
430.6724383831024,mouse_move,"1632,959"
430.6823961734772,mouse_move,"1632,960"
430.6945514678955,mouse_move,"1632,960"
430.7157778739929,mouse_move,"1632,961"
430.7234764099121,mouse_move,"1632,962"
430.80255818367004,mouse_move,"1632,962"
430.82027101516724,mouse_move,"1631,962"
430.8370146751404,mouse_move,"1631,962"
430.84539675712585,mouse_move,"1630,962"
430.8585000038147,mouse_move,"1629,962"
430.8609812259674,mouse_move,"1629,961"
430.8703372478485,mouse_move,"1628,961"
430.8754234313965,mouse_move,"1627,961"
430.8935925960541,mouse_move,"1627,961"
431.12234330177307,mouse_move,"1626,961"
431.14286494255066,mouse_move,"1625,961"
431.16658210754395,mouse_move,"1625,960"
431.21894884109497,mouse_move,"1625,960"
431.2335650920868,mouse_move,"1625,960"
431.2637937068939,mouse_move,"1625,960"
431.3398585319519,mouse_move,"1625,960"
431.3697862625122,mouse_move,"1624,960"
431.3750910758972,mouse_move,"1624,960"
431.3788311481476,mouse_move,"1623,960"
431.401113986969,mouse_move,"1622,960"
431.4042589664459,mouse_move,"1621,960"
431.4112482070923,mouse_move,"1620,960"
431.4262092113495,mouse_move,"1619,960"
431.4398775100708,mouse_move,"1619,959"
431.4536633491516,mouse_move,"1618,959"
431.482741355896,mouse_move,"1617,959"
431.48722314834595,mouse_move,"1617,959"
431.4949996471405,mouse_move,"1617,959"
431.52631282806396,mouse_move,"1616,959"
431.54301929473877,mouse_move,"1615,958"
431.56035113334656,mouse_move,"1614,958"
431.5676472187042,mouse_move,"1614,957"
431.5761091709137,mouse_move,"1614,957"
431.596862077713,mouse_move,"1613,957"
431.5998270511627,mouse_move,"1612,957"
431.6099236011505,mouse_move,"1612,956"
431.61415910720825,mouse_move,"1612,956"
431.6200544834137,mouse_move,"1611,956"
431.6261124610901,mouse_move,"1611,955"
431.63781809806824,mouse_move,"1610,955"
431.6505534648895,mouse_move,"1610,954"
431.6601040363312,mouse_move,"1610,954"
431.6669797897339,mouse_move,"1609,954"
431.8381037712097,mouse_move,"1608,954"
431.85008454322815,mouse_move,"1608,953"
431.88173246383667,mouse_move,"1607,952"
431.9218502044678,mouse_move,"1607,952"
432.2021486759186,mouse_move,"1606,952"
432.2823417186737,mouse_move,"1606,951"
432.3330729007721,mouse_move,"1605,951"
432.3469204902649,mouse_move,"1605,950"
432.35025334358215,mouse_move,"1605,950"
432.40682315826416,mouse_move,"1604,950"
432.44525384902954,mouse_move,"1604,950"
432.58471632003784,mouse_move,"1604,950"
432.71309518814087,mouse_move,"1603,949"
432.7866063117981,mouse_move,"1602,949"
432.80040311813354,mouse_move,"1602,949"
432.8027181625366,mouse_move,"1602,948"
432.8221061229706,mouse_move,"1601,948"
432.83637166023254,mouse_move,"1600,947"
432.8381781578064,mouse_move,"1599,946"
432.98416233062744,mouse_move,"1599,946"
433.00956630706787,mouse_move,"1598,946"
433.02466559410095,mouse_move,"1596,945"
433.04807901382446,mouse_move,"1596,944"
433.0784180164337,mouse_move,"1595,944"
433.1069793701172,mouse_move,"1595,943"
433.1387712955475,mouse_move,"1594,943"
433.2279884815216,mouse_move,"1594,942"
433.23615193367004,mouse_move,"1594,942"
433.2765736579895,mouse_move,"1593,941"
433.2971918582916,mouse_move,"1592,941"
433.30431866645813,mouse_move,"1591,940"
433.3309655189514,mouse_move,"1591,940"
433.33507919311523,mouse_move,"1591,939"
433.34652948379517,mouse_move,"1590,939"
433.398761510849,mouse_move,"1590,939"
433.4107780456543,mouse_move,"1590,939"
433.42442750930786,mouse_move,"1591,939"
433.4315025806427,mouse_move,"1593,940"
433.4374244213104,mouse_move,"1595,941"
433.43959951400757,mouse_move,"1601,943"
433.44914865493774,mouse_move,"1607,946"
433.4596724510193,mouse_move,"1614,949"
433.4662878513336,mouse_move,"1621,951"
433.473349571228,mouse_move,"1627,955"
433.48048281669617,mouse_move,"1634,957"
433.4815683364868,mouse_move,"1641,959"
433.48924231529236,mouse_move,"1644,961"
433.50136494636536,mouse_move,"1648,963"
433.5050461292267,mouse_move,"1651,964"
433.5141634941101,mouse_move,"1652,965"
433.5223186016083,mouse_move,"1654,966"
433.5302486419678,mouse_move,"1655,966"
433.53202509880066,mouse_move,"1656,967"
433.55085849761963,mouse_move,"1657,967"
433.55421590805054,mouse_move,"1657,967"
433.5658595561981,mouse_move,"1658,967"
433.57965636253357,mouse_move,"1659,967"
433.58845472335815,mouse_move,"1659,968"
433.5961723327637,mouse_move,"1659,968"
433.6080436706543,mouse_move,"1660,969"
433.6138069629669,mouse_move,"1661,969"
433.61559438705444,mouse_move,"1662,970"
433.62886929512024,mouse_move,"1664,970"
433.63142681121826,mouse_move,"1665,970"
433.63968300819397,mouse_move,"1674,970"
433.6496593952179,mouse_move,"1685,970"
433.78574323654175,mouse_move,"1695,970"
434.18241238594055,mouse_move,"1696,970"
434.1889679431915,mouse_move,"1697,971"
434.1951811313629,mouse_move,"1697,971"
434.19949078559875,mouse_move,"1698,971"
434.2076246738434,mouse_move,"1699,972"
434.2168242931366,mouse_move,"1700,972"
434.2314908504486,mouse_move,"1700,973"
434.2474765777588,mouse_move,"1700,974"
434.2803280353546,mouse_move,"1701,974"
434.46625447273254,mouse_move,"1701,975"
435.29262351989746,mouse_move,"1702,975"
435.3174047470093,mouse_move,"1702,975"
435.54505491256714,mouse_move,"1706,975"
435.87412118911743,mouse_move,"1709,975"
435.8942229747772,mouse_move,"1713,975"
436.7830536365509,mouse_move,"1713,975"
436.7863276004791,mouse_move,"1713,975"
436.79671001434326,mouse_move,"1712,976"
436.80383944511414,mouse_move,"1711,977"
436.8101644515991,mouse_move,"1710,977"
436.8184702396393,mouse_move,"1708,978"
436.82574939727783,mouse_move,"1708,978"
436.8267779350281,mouse_move,"1706,978"
436.84002208709717,mouse_move,"1705,979"
436.8453149795532,mouse_move,"1704,980"
436.85357570648193,mouse_move,"1703,981"
436.8598725795746,mouse_move,"1701,982"
436.86869955062866,mouse_move,"1700,983"
436.87347197532654,mouse_move,"1699,984"
436.882705450058,mouse_move,"1697,984"
436.8898286819458,mouse_move,"1697,986"
436.8908369541168,mouse_move,"1696,987"
436.9019651412964,mouse_move,"1694,988"
436.91115641593933,mouse_move,"1693,990"
436.91840147972107,mouse_move,"1693,992"
436.9205656051636,mouse_move,"1691,994"
436.93170738220215,mouse_move,"1690,995"
436.93833327293396,mouse_move,"1689,998"
436.94600796699524,mouse_move,"1688,999"
436.9517514705658,mouse_move,"1688,1000"
436.9606716632843,mouse_move,"1687,1002"
436.9679841995239,mouse_move,"1687,1003"
436.9707474708557,mouse_move,"1686,1004"
436.98026990890503,mouse_move,"1685,1005"
436.98933577537537,mouse_move,"1685,1007"
436.99258685112,mouse_move,"1684,1007"
437.00209283828735,mouse_move,"1684,1008"
437.0103192329407,mouse_move,"1684,1009"
437.01828026771545,mouse_move,"1683,1009"
437.024377822876,mouse_move,"1683,1010"
437.03236865997314,mouse_move,"1682,1010"
437.03583335876465,mouse_move,"1682,1011"
437.0461754798889,mouse_move,"1682,1011"
437.05126953125,mouse_move,"1681,1012"
437.0679340362549,mouse_move,"1680,1012"
437.08596658706665,mouse_move,"1679,1012"
437.109956741333,mouse_move,"1679,1012"
437.44585132598877,mouse_move,"1678,1012"
437.4572579860687,mouse_move,"1678,1012"
437.488507270813,mouse_move,"1677,1011"
437.52149200439453,mouse_move,"1677,1011"
437.5232594013214,mouse_move,"1677,1010"
437.536376953125,mouse_move,"1676,1010"
437.54043984413147,mouse_move,"1676,1010"
437.57954144477844,mouse_move,"1675,1010"
437.58564925193787,mouse_move,"1675,1009"
437.81519985198975,mouse_move,"1675,1008"
437.81899547576904,mouse_move,"1675,1008"
437.8360891342163,mouse_move,"1675,1007"
437.8381145000458,mouse_move,"1675,1007"
437.8500785827637,mouse_move,"1675,1006"
437.85424304008484,mouse_move,"1674,1005"
437.86400413513184,mouse_move,"1674,1005"
437.8711106777191,mouse_move,"1673,1005"
437.8786652088165,mouse_move,"1673,1003"
437.89046335220337,mouse_move,"1672,1003"
437.89376759529114,mouse_move,"1672,1003"
437.9104371070862,mouse_move,"1672,1002"
437.92026686668396,mouse_move,"1672,1001"
437.97688245773315,mouse_move,"1672,1000"
437.9925334453583,mouse_move,"1672,1000"
438.00783228874207,mouse_move,"1671,1000"
438.04870986938477,mouse_move,"1671,999"
438.12134075164795,mouse_move,"1670,999"
438.17751693725586,mouse_move,"1670,999"
438.1982457637787,mouse_move,"1669,998"
438.20467233657837,mouse_move,"1668,998"
438.2211084365845,mouse_move,"1668,998"
438.26366806030273,mouse_move,"1667,998"
438.2828848361969,mouse_move,"1667,997"
438.31997513771057,mouse_move,"1667,997"
438.3224678039551,mouse_move,"1667,996"
438.34881949424744,mouse_move,"1666,996"
438.4227328300476,mouse_move,"1666,996"
438.4391107559204,mouse_move,"1666,996"
438.44098377227783,mouse_move,"1670,996"
438.4533145427704,mouse_move,"1672,997"
438.45518589019775,mouse_move,"1678,998"
440.1590533256531,key_press,'c'
440.28847670555115,key_press,'c'
440.48533368110657,key_press,'o'
440.6679275035858,key_press,'l'
440.81213569641113,key_press,'l'
441.00942063331604,key_press,'e'
441.26307368278503,key_press,'c'
441.4574694633484,key_press,'r'
441.64080119132996,key_press,Key.space
442.515677690506,key_press,'t'
442.60628604888916,key_press,'h'
442.6989674568176,key_press,'e'
442.92229986190796,key_press,'s'
443.06305718421936,key_press,'e'
443.2275319099426,key_press,Key.space
443.80823135375977,mouse_move,"1661,1004"
443.8165912628174,mouse_move,"1624,1028"
443.8255612850189,mouse_move,"1577,1080"
443.83315777778625,mouse_move,"1532,1151"
443.8391125202179,mouse_move,"1477,1248"
443.84542083740234,mouse_move,"1432,1311"
443.8522117137909,mouse_move,"1383,1325"
443.8601384162903,mouse_move,"1326,1335"
443.86821699142456,mouse_move,"1273,1354"
443.8813843727112,mouse_move,"1214,1352"
443.88449215888977,mouse_move,"1145,1381"
443.89510703086853,mouse_move,"1082,1385"
443.9030079841614,mouse_move,"1019,1395"
443.9113676548004,mouse_move,"959,1394"
443.91564202308655,mouse_move,"902,1384"
443.9261977672577,mouse_move,"873,1373"
443.9300673007965,mouse_move,"846,1376"
443.9407248497009,mouse_move,"826,1362"
443.9514515399933,mouse_move,"806,1336"
443.9570908546448,mouse_move,"789,1332"
443.9570908546448,mouse_move,"773,1295"
443.9726438522339,mouse_move,"760,1292"
443.9813253879547,mouse_move,"750,1269"
443.98902106285095,mouse_move,"746,1237"
443.997278213501,mouse_move,"738,1230"
444.0090856552124,mouse_move,"732,1214"
444.0090856552124,mouse_move,"731,1206"
444.01966190338135,mouse_move,"730,1201"
444.01966190338135,mouse_move,"729,1201"
444.10013914108276,mouse_move,"727,1199"
444.11215591430664,mouse_move,"725,1199"
444.93214082717896,key_press,'f'
445.0988609790802,key_press,'e'
445.2808802127838,key_press,'a'
445.513729095459,key_press,'t'
445.79051780700684,key_press,'u'
446.01508045196533,key_press,'r'
446.17425537109375,key_press,'e'
446.3710231781006,key_press,'s'
446.556937456131,key_press,Key.space
448.2671341896057,key_press,'a'
448.43265104293823,key_press,'n'
448.54615449905396,key_press,'d'
448.7195644378662,key_press,Key.space
448.9218707084656,key_press,'c'
449.10490822792053,key_press,'o'
449.2894673347473,key_press,'n'
450.3021631240845,key_press,'v'
450.47199296951294,key_press,'e'
450.6069087982178,key_press,'r'
450.821409702301,key_press,'t'
450.83757424354553,key_press,'y'
451.00978660583496,key_press,Key.space
452.1766483783722,key_press,'t'
452.3367455005646,key_press,'h'
452.4181544780731,key_press,'e'
452.5960512161255,key_press,'m'
452.7766947746277,key_press,Key.space
453.34069991111755,key_press,'i'
453.4823682308197,key_press,'n'
453.68776774406433,key_press,'t'
453.7627112865448,key_press,'o'
454.0066614151001,key_press,Key.space
454.77562952041626,key_press,'n'
454.9478621482849,key_press,'u'
455.1573314666748,key_press,'m'
455.51071524620056,key_press,'e'
455.6177110671997,key_press,'r'
455.83357763290405,key_press,'i'
455.96378111839294,key_press,'c'
456.11356687545776,key_press,'a'
456.31770968437195,key_press,'l'
456.56228470802307,key_press,Key.space
457.3405714035034,key_press,'d'
457.4846308231354,key_press,'a'
457.6892738342285,key_press,'t'
457.82570123672485,key_press,'a'
457.96279668807983,key_press,Key.space
458.93780994415283,key_press,Key.enter
459.83648324012756,key_press,Key.shift
460.0216100215912,key_press,'T'
460.11246252059937,key_press,'h'
460.20326256752014,key_press,'e'
460.37298583984375,key_press,Key.space
461.7174642086029,key_press,'w'
462.01014494895935,key_press,'o'
462.337064743042,key_press,'r'
462.5257091522217,key_press,'k'
462.69959926605225,key_press,'i'
462.83723974227905,key_press,'n'
462.9532744884491,key_press,'g'
463.09886384010315,key_press,Key.space
464.0175681114197,key_press,'p'
464.30679178237915,key_press,'r'
464.5076701641083,key_press,'o'
464.8542683124542,key_press,'v'
464.9637095928192,key_press,'e'
465.22071075439453,key_press,'s'
465.37343311309814,key_press,'s'
465.54743671417236,key_press,Key.space
467.1518521308899,key_press,'a'
467.53990626335144,key_press,Key.backspace
467.76783657073975,key_press,'o'
468.51056814193726,key_press,'f'
468.6652331352234,key_press,Key.space
468.86882615089417,key_press,'a'
469.0765919685364,key_press,'n'
469.24711441993713,key_press,Key.space
470.91460514068604,key_press,Key.shift
471.0428602695465,key_press,'A'
471.43189668655396,key_press,'i'
471.61748337745667,key_press,Key.space
472.0415709018707,key_press,'b'
472.1963834762573,key_press,'a'
472.34054160118103,key_press,'s'
472.54231238365173,key_press,'e'
473.1941843032837,key_press,'d'
473.41899967193604,key_press,Key.space
473.9448366165161,key_press,'k'
474.15769624710083,key_press,'e'
474.58340287208557,key_press,'y'
474.79558300971985,key_press,'s'
475.08619356155396,key_press,'t'
475.38733887672424,key_press,'r'
475.5264253616333,key_press,'o'
475.7078492641449,key_press,'k'
475.8130192756653,key_press,'e'
475.99738121032715,key_press,Key.space
476.0274782180786,key_press,Key.space
478.9370000362396,key_press,'s'
479.1049602031708,key_press,'u'
479.1954503059387,key_press,'s'
479.49905014038086,key_press,Key.backspace
479.8087229728699,key_press,'y'
479.9007513523102,key_press,'s'
480.574613571167,key_press,'t'
480.71582555770874,key_press,'e'
480.85360860824585,key_press,'m'
481.0548391342163,key_press,Key.space
481.87586855888367,key_press,'u'
481.971542596817,key_press,'s'
482.32271027565,key_press,'u'
482.579345703125,key_press,'a'
482.78976917266846,key_press,'l'
482.9183497428894,key_press,'l'
483.13267612457275,key_press,'y'
483.3335008621216,key_press,Key.space
486.05250310897827,key_press,'i'
486.2138156890869,key_press,'n'
486.5940864086151,key_press,'v'
487.07872676849365,key_press,'o'
487.2723169326782,key_press,'l'
487.4984245300293,key_press,'e'
487.67298579216003,key_press,'s'
487.8732430934906,key_press,Key.space
489.2941036224365,key_press,'f'
489.42024421691895,key_press,'o'
489.6035580635071,key_press,'v'
489.745322227478,key_press,'e'
489.92027044296265,key_press,Key.space
490.08430194854736,key_press,'s'
490.3246159553528,key_press,'t'
490.5001759529114,key_press,'a'
490.7582094669342,key_press,'g'
490.9570450782776,key_press,'e'
491.14743638038635,key_press,'s'
491.37439942359924,key_press,Key.space
492.78080010414124,key_press,Key.enter
493.72932171821594,mouse_move,"725,1198"
493.74395179748535,mouse_move,"725,1194"
493.7475006580353,mouse_move,"724,1190"
493.75825715065,mouse_move,"724,1189"
493.7804796695709,mouse_move,"724,1183"
493.78720211982727,mouse_move,"724,1181"
493.7910177707672,mouse_move,"724,1180"
493.79745507240295,mouse_move,"724,1179"
493.8091468811035,mouse_move,"724,1177"
493.81140303611755,mouse_move,"724,1177"
493.8232879638672,mouse_move,"724,1176"
493.82528591156006,mouse_move,"725,1175"
493.83290815353394,mouse_move,"726,1174"
493.8381655216217,mouse_move,"726,1173"
493.84719729423523,mouse_move,"727,1171"
493.85546350479126,mouse_move,"727,1171"
494.16183972358704,mouse_move,"728,1171"
494.1787931919098,mouse_move,"728,1171"
494.1851096153259,mouse_move,"729,1171"
494.19220328330994,mouse_move,"729,1171"
496.4630799293518,key_press,'k'
496.678373336792,key_press,'e'
496.9082565307617,key_press,'t'
497.0477864742279,key_press,'y'
497.2476336956024,key_press,'s'
497.48139238357544,key_press,'t'
498.00531673431396,key_press,'r'
498.15350103378296,key_press,'o'
498.39294147491455,key_press,'e'
498.9551920890808,key_press,Key.space
499.7376856803894,key_press,'d'
499.8981685638428,key_press,'a'
500.09709310531616,key_press,'t'
500.21753692626953,key_press,'a'
500.4209175109863,key_press,Key.space
500.62121772766113,key_press,'i'
500.84190487861633,key_press,'s'
500.9801502227783,key_press,Key.space
501.6665816307068,key_press,'c'
501.8720934391022,key_press,'a'
502.0840537548065,key_press,'p'
502.9215786457062,key_press,'t'
503.03946018218994,key_press,'u'
503.23481249809265,key_press,'r'
503.37282967567444,key_press,'e'
503.6540653705597,key_press,'d'
503.92437624931335,key_press,Key.space
505.7272870540619,key_press,'w'
505.89850997924805,key_press,'h'
506.03956747055054,key_press,'i'
506.2442412376404,key_press,'l'
506.3833878040314,key_press,'e'
506.57528495788574,key_press,Key.space
506.60637068748474,key_press,Key.space
507.94078946113586,key_press,'t'
508.059730052948,key_press,'h'
508.17334628105164,key_press,'e'
508.30413937568665,key_press,Key.space
509.2809782028198,key_press,'u'
509.6510670185089,key_press,'s'
509.8630928993225,key_press,'e'
509.98782658576965,key_press,'r'
510.1730546951294,key_press,Key.space
510.80586433410645,key_press,'t'
511.00843596458435,key_press,'y'
511.1852376461029,key_press,'p'
511.24472212791443,key_press,'e'
511.48626494407654,key_press,Key.space
512.3273222446442,key_press,'.'
512.4536964893341,key_press,Key.shift
512.7134554386139,key_press,'t'
512.9000906944275,key_press,'h'
513.032598733902,key_press,'s'
513.0338070392609,key_press,'i'
513.3261022567749,key_press,Key.space
513.8242206573486,key_press,'c'
513.9696407318115,key_press,'a'
514.1193437576294,key_press,'n'
514.2886333465576,key_press,Key.space
514.6664037704468,key_press,'v'
515.01882147789,key_press,Key.backspace
515.1301007270813,key_press,'b'
515.2943909168243,key_press,'e'
515.4573547840118,key_press,Key.space
515.8151934146881,key_press,'d'
515.9160706996918,key_press,'o'
516.1161308288574,key_press,'n'
516.2365608215332,key_press,'e'
516.4164700508118,key_press,Key.space
517.3610215187073,key_press,'u'
517.4482028484344,key_press,'s'
517.64213347435,key_press,'o'
517.940464258194,key_press,'n'
518.0819265842438,key_press,'g'
518.2812533378601,key_press,Key.space
518.8773913383484,key_press,'s'
519.2140665054321,key_press,'o'
519.7578725814819,key_press,'f'
520.0372309684753,key_press,'r'
520.4207694530487,key_press,Key.backspace
520.5409774780273,key_press,'t'
520.9252014160156,key_press,'w'
521.1246654987335,key_press,'a'
521.3580875396729,key_press,'r'
521.4514694213867,key_press,'e'
521.6862983703613,key_press,Key.space
522.2377824783325,key_press,'l'
522.4210677146912,key_press,'i'
522.7213125228882,key_press,'b'
522.8459393978119,key_press,'a'
523.1052570343018,key_press,'r'
523.8797447681427,key_press,'y'
524.0875608921051,key_press,Key.space
525.8803844451904,key_press,'t'
525.9847238063812,key_press,'h'
526.0586633682251,key_press,'a'
526.1948983669281,key_press,'t'
526.3814651966095,key_press,Key.space
526.8330504894257,key_press,'c'
527.0812184810638,key_press,'r'
527.2123363018036,key_press,'e'
527.3686230182648,key_press,'a'
527.5896558761597,key_press,'t'
527.726884841919,key_press,'e'
528.111456155777,key_press,'d'
528.4206488132477,key_press,Key.space
532.9532895088196,key_press,'k'
533.1087608337402,key_press,'e'
533.4311463832855,key_press,'y'
533.6186096668243,key_press,Key.space
533.8052771091461,key_press,'p'
534.0028624534607,key_press,'r'
534.1278331279755,key_press,'e'
534.3891954421997,key_press,'s'
534.5440204143524,key_press,'s'
534.7293784618378,key_press,Key.space
534.8972771167755,key_press,'a'
535.0629494190216,key_press,'d'
535.110461473465,key_press,'n'
535.3160290718079,key_press,Key.space
537.3534808158875,mouse_move,"729,1171"
537.3619706630707,mouse_move,"729,1172"
537.3639199733734,mouse_move,"728,1172"
537.3789718151093,mouse_move,"728,1173"
537.3979184627533,mouse_move,"727,1173"
537.4188623428345,mouse_move,"726,1173"
537.4321444034576,mouse_move,"726,1174"
537.4412820339203,mouse_move,"725,1174"
537.4423367977142,mouse_move,"725,1175"
537.4832780361176,mouse_move,"725,1175"
537.4969761371613,mouse_move,"725,1176"
537.5040407180786,mouse_move,"725,1177"
537.5189094543457,mouse_move,"725,1177"
537.5270164012909,mouse_move,"725,1178"
537.5270164012909,mouse_move,"726,1178"
537.5442349910736,mouse_move,"727,1179"
537.5541305541992,mouse_move,"727,1181"
537.5591669082642,mouse_move,"727,1181"
537.5752589702606,mouse_move,"728,1183"
537.5791041851044,mouse_move,"728,1184"
537.5861918926239,mouse_move,"729,1184"
537.6037509441376,mouse_move,"730,1185"
537.6177325248718,mouse_move,"730,1185"
537.6251075267792,mouse_move,"730,1186"
537.6386594772339,mouse_move,"730,1186"
537.671281337738,mouse_move,"730,1187"
537.7916083335876,mouse_move,"730,1187"
537.7986009120941,mouse_move,"730,1187"
537.8097162246704,mouse_move,"730,1187"
537.8232448101044,mouse_move,"730,1186"
537.8323593139648,mouse_move,"730,1185"
537.8462307453156,mouse_move,"730,1184"
537.8542742729187,mouse_move,"729,1183"
537.8557822704315,mouse_move,"729,1182"
537.8631730079651,mouse_move,"728,1182"
537.8738880157471,mouse_move,"728,1181"
537.8809943199158,mouse_move,"728,1180"
537.8881056308746,mouse_move,"728,1179"
537.8881056308746,mouse_move,"728,1178"
537.9030473232269,mouse_move,"727,1177"
537.9102666378021,mouse_move,"726,1177"
537.9102666378021,mouse_move,"726,1176"
537.9189367294312,mouse_move,"726,1174"
537.9269480705261,mouse_move,"726,1174"
537.9391431808472,mouse_move,"726,1173"
537.9415848255157,mouse_move,"726,1172"
537.9591763019562,mouse_move,"725,1172"
537.967395067215,mouse_move,"725,1171"
537.967395067215,mouse_move,"724,1170"
537.9855408668518,mouse_move,"724,1169"
537.9955637454987,mouse_move,"724,1169"
538.0021452903748,mouse_move,"724,1168"
538.0094699859619,mouse_move,"725,1167"
538.0158085823059,mouse_move,"725,1166"
538.2977821826935,key_press,'r'
538.3998761177063,key_press,'e'
538.8011672496796,key_press,'l'
538.862911939621,key_press,'a'
540.9068236351013,key_press,'e'
541.1412320137024,key_press,'a'
541.2345387935638,key_press,'s'
541.5001385211945,key_press,'s'
541.5546822547913,key_press,'e'
541.8269472122192,key_press,'s'
542.1497979164124,key_press,Key.space
546.8530375957489,key_press,'t'
547.0359814167023,key_press,'i'
547.1651432514191,key_press,'m'
547.3406252861023,key_press,'e'
547.6264359951019,key_press,'s'
547.8508093357086,key_press,'t'
548.0137956142426,key_press,'a'
548.1805422306061,key_press,'p'
548.3161199092865,key_press,'e'
548.5084180831909,key_press,'s'
548.7434785366058,key_press,Key.space
549.4297201633453,key_press,Key.enter
550.3072397708893,key_press,Key.shift
550.5093996524811,key_press,'R'
550.7144503593445,key_press,'s'
550.9700288772583,key_press,'a'
551.1855101585388,key_press,'w'
551.4397904872894,key_press,Key.space
552.7629323005676,key_press,'t'
552.8937594890594,key_press,'i'
553.0538823604584,key_press,'m'
554.2876715660095,key_press,'e'
554.5374186038971,key_press,'s'
554.6819310188293,key_press,'t'
554.8213815689087,key_press,'a'
555.0629687309265,key_press,'p'
555.1526439189911,key_press,'e'
555.3711459636688,key_press,'s'
555.6075751781464,key_press,Key.space
557.258378982544,key_press,'a'
557.4210753440857,key_press,'r'
557.4713506698608,key_press,'r'
557.5768716335297,key_press,'e'
557.7212455272675,key_press,Key.space
557.8828659057617,key_press,'c'
558.0202181339264,key_press,'o'
558.8238558769226,mouse_move,"725,1166"
558.840619802475,mouse_move,"724,1165"
558.8543162345886,mouse_move,"723,1165"
558.8628308773041,mouse_move,"723,1164"
558.8721899986267,mouse_move,"723,1164"
558.8805634975433,mouse_move,"722,1164"
558.9288802146912,mouse_move,"721,1163"
558.9629905223846,mouse_move,"721,1163"
558.9907608032227,mouse_move,"720,1163"
559.0059335231781,mouse_move,"720,1162"
559.0275430679321,mouse_move,"719,1162"
559.044252872467,mouse_move,"718,1161"
559.1541609764099,mouse_move,"718,1161"
559.1962916851044,mouse_move,"718,1160"
559.2245841026306,mouse_move,"718,1160"
559.2458741664886,mouse_move,"719,1160"
559.2604658603668,mouse_move,"720,1160"
559.3268783092499,key_press,'n'
559.4881546497345,key_press,'v'
559.5206253528595,key_press,'v'
559.7010884284973,key_press,'e'
559.8576085567474,key_press,'r'
560.1253008842468,key_press,'t'
560.3272840976715,key_press,'e'
560.5876364707947,key_press,'d'
560.8512756824493,key_press,Key.space
561.9827165603638,mouse_move,"720,1159"
561.9867279529572,mouse_move,"720,1158"
561.995664358139,mouse_move,"720,1157"
562.0012264251709,mouse_move,"719,1156"
562.0087971687317,mouse_move,"719,1156"
562.0087971687317,mouse_move,"719,1154"
562.0236413478851,mouse_move,"719,1153"
562.0260536670685,mouse_move,"720,1152"
562.0394542217255,mouse_move,"720,1151"
562.0418274402618,mouse_move,"721,1149"
562.0519092082977,mouse_move,"722,1149"
562.0605092048645,mouse_move,"723,1148"
562.0638854503632,mouse_move,"724,1148"
562.3593027591705,key_press,'i'
562.5094976425171,key_press,'n'
562.7165880203247,key_press,'t'
562.9196801185608,key_press,'p'
563.0641710758209,key_press,Key.space
563.3855738639832,key_press,'m'
563.5390431880951,key_press,'e'
563.7188863754272,key_press,'a'
564.0785825252533,key_press,'i'
564.2529859542847,key_press,'n'
564.3992018699646,key_press,'g'
564.5105104446411,key_press,Key.space
565.0232889652252,key_press,'f'
565.5075583457947,key_press,'u'
565.6984391212463,key_press,'l'
565.965981721878,key_press,Key.space
566.7263152599335,mouse_move,"724,1148"
566.7407591342926,mouse_move,"724,1148"
566.8052246570587,mouse_move,"724,1148"
566.8881232738495,mouse_move,"724,1148"
567.9246234893799,key_press,'f'
568.1395053863525,key_press,'e'
568.3283224105835,key_press,'a'
568.5563275814056,key_press,'t'
568.886411190033,key_press,'u'
569.0563797950745,key_press,'e'
569.1375231742859,key_press,'r'
569.6696064472198,key_press,'e'
569.9210906028748,key_press,'s'
570.1557219028473,key_press,Key.space
570.7587764263153,key_press,'l'
570.9143345355988,key_press,'i'
571.0993690490723,key_press,'k'
571.2212357521057,key_press,'e'
571.3894305229187,key_press,Key.space
571.6043257713318,key_press,'d'
571.7895238399506,key_press,'e'
572.1785328388214,key_press,Key.backspace
572.2752909660339,key_press,'w'
572.4441483020782,key_press,'e'
572.6694571971893,key_press,'l'
572.797621011734,key_press,'l'
573.0075895786285,key_press,Key.space
574.1032474040985,key_press,'t'
574.2628829479218,key_press,'i'
574.4068818092346,key_press,'m'
574.5109374523163,key_press,'e'
574.6914200782776,key_press,Key.space
575.1818985939026,key_press,'a'
575.3395965099335,key_press,'n'
575.3924691677094,key_press,'d'
575.5597529411316,key_press,Key.space
576.4627025127411,key_press,'f'
576.6069197654724,key_press,'l'
576.787358045578,key_press,'i'
577.0312809944153,key_press,'g'
577.1435203552246,key_press,'h'
577.2798175811768,key_press,'t'
577.3767232894897,key_press,Key.space
577.650062084198,key_press,'t'
577.8260812759399,key_press,'i'
578.1195597648621,key_press,'e'
578.3083910942078,key_press,'m'
579.3750522136688,key_press,Key.enter
581.0011184215546,key_press,Key.shift_r
581.0940415859222,key_press,Key.enter
581.7411303520203,key_press,Key.shift
582.1686074733734,key_press,'R'
582.471093416214,key_press,'a'
582.8077948093414,key_press,'w'
582.9943535327911,key_press,Key.space
585.9455604553223,key_press,Key.backspace
586.0923643112183,key_press,Key.backspace
586.2573392391205,key_press,Key.backspace
586.6346445083618,key_press,'c'
586.8366129398346,key_press,'l'
587.4449481964111,key_press,'e'
587.6189415454865,key_press,'a'
587.7981185913086,key_press,'n'
588.0412199497223,key_press,'n'
588.2252259254456,key_press,'g'
588.3392190933228,key_press,Key.space
589.3691048622131,key_press,'t'
589.461626291275,key_press,'h'
589.5418922901154,key_press,'e'
589.6851558685303,key_press,Key.space
589.8635280132294,key_press,'d'
590.0345113277435,key_press,'a'
590.2439906597137,key_press,'t'
590.3675513267517,key_press,'a'
590.5467658042908,key_press,Key.space
591.8556897640228,key_press,'b'
592.0328843593597,key_press,'y'
592.180184841156,key_press,Key.space
592.4988718032837,key_press,'r'
592.6040227413177,key_press,'e'
592.7790672779083,key_press,'m'
592.9046633243561,key_press,'o'
594.0730175971985,key_press,'v'
594.1841087341309,key_press,'a'
594.5297544002533,key_press,'b'
594.690021276474,key_press,'k'
594.7913649082184,key_press,'e'
594.949592590332,key_press,Key.space
602.1161115169525,key_press,'n'
602.2553267478943,key_press,'o'
603.1731381416321,key_press,'i'
603.3247423171997,key_press,'s'
603.4881122112274,key_press,'e'
603.6762897968292,key_press,Key.space
603.7902994155884,key_press,'a'
604.005482673645,key_press,'b'
604.0900597572327,key_press,'d'
604.2711243629456,key_press,Key.space
604.82976770401,key_press,'h'
604.9380044937134,key_press,'a'
605.158971786499,key_press,'n'
605.5242373943329,key_press,'f'
606.3286557197571,key_press,Key.backspace
606.4775350093842,key_press,'d'
606.7662818431854,key_press,'i'
606.7837588787079,key_press,'o'
606.9863700866699,key_press,'n'
607.140474319458,key_press,'g'
607.2642288208008,key_press,Key.space
608.3898556232452,key_press,'m'
608.5677909851074,key_press,'i'
608.6715002059937,key_press,'s'
608.8877139091492,key_press,'s'
609.1154878139496,key_press,'i'
609.2907781600952,key_press,'n'
609.4427988529205,key_press,'g'
609.5688138008118,key_press,Key.space
610.1753242015839,key_press,'v'
610.2642025947571,key_press,'a'
610.442024230957,key_press,'l'
610.7222836017609,key_press,'u'
610.8978917598724,key_press,'r'
611.8817842006683,key_press,'e'
612.120795249939,key_press,'s'
612.3559386730194,key_press,Key.space
613.2663433551788,key_press,'a'
613.4593625068665,key_press,'n'
613.5814445018768,key_press,'d'
613.7415857315063,key_press,Key.space
614.4914011955261,key_press,'n'
614.858446598053,key_press,'o'
615.3538613319397,key_press,'r'
615.5824902057648,key_press,'m'
615.716451883316,key_press,'a'
616.2412345409393,key_press,'l'
616.407434463501,key_press,'i'
616.9401922225952,key_press,'z'
617.137467622757,key_press,'i'
617.3464658260345,key_press,'n'
617.7164494991302,key_press,'f'
617.8747544288635,key_press,Key.space
619.051837682724,key_press,'v'
619.2060208320618,key_press,'a'
619.4339437484741,key_press,'l'
619.69309258461,key_press,'u'
620.082466840744,key_press,'e'
620.3249232769012,key_press,'s'
620.4986009597778,key_press,Key.space
620.8761024475098,key_press,Key.shift_r
621.0077526569366,key_press,Key.enter
622.9604132175446,key_press,'m'
623.0436131954193,key_press,Key.shift
623.7257401943207,key_press,'a'
623.9661729335785,key_press,'c'
624.1964626312256,key_press,'h'
624.3029496669769,key_press,'i'
624.4898164272308,key_press,'n'
624.6600167751312,key_press,'e'
624.8352861404419,key_press,'s'
624.9774744510651,key_press,Key.space
626.181069612503,key_press,'l'
626.4947566986084,key_press,'e'
626.6634948253632,key_press,'a'
626.8186452388763,key_press,'r'
627.0444254875183,key_press,'n'
627.1763775348663,key_press,'i'
627.3254323005676,key_press,'n'
627.5051507949829,key_press,'g'
627.5854215621948,key_press,Key.space
628.558628320694,key_press,'a'
628.7519171237946,key_press,'l'
629.2770426273346,key_press,'g'
629.371260881424,key_press,'o'
629.5619854927063,key_press,'r'
629.7042140960693,key_press,'i'
629.8977334499359,key_press,'t'
630.0426678657532,key_press,'h'
630.3564291000366,key_press,'m'
630.492359161377,key_press,'s'
630.6063921451569,key_press,Key.space
631.347843170166,key_press,'a'
631.8032853603363,key_press,Key.backspace
631.904643535614,key_press,'s'
632.1516127586365,key_press,'u'
632.3944430351257,key_press,'c'
632.5381550788879,key_press,'h'
632.6916258335114,key_press,Key.space
632.8010542392731,key_press,'a'
632.939150094986,key_press,'s'
633.1025099754333,key_press,Key.space
634.4391677379608,key_press,'l'
634.7722768783569,key_press,'o'
634.9968755245209,key_press,'g'
635.1274526119232,key_press,'i'
635.355037689209,key_press,'s'
635.809182882309,key_press,'t'
635.945100069046,key_press,'i'
636.0848546028137,key_press,'c'
636.2703809738159,key_press,Key.space
637.3545081615448,key_press,Key.shift
637.6338195800781,key_press,'R'
637.7732179164886,key_press,'e'
638.0887269973755,key_press,'g'
638.3500921726227,key_press,'r'
638.5015149116516,key_press,'e'
638.7809007167816,key_press,'s'
638.9478590488434,key_press,'s'
639.1011412143707,key_press,'i'
639.164323091507,key_press,'o'
639.3358056545258,key_press,'n'
639.4976117610931,key_press,Key.space
640.8649995326996,key_press,Key.shift
641.0178472995758,key_press,'R'
641.2623994350433,key_press,'a'
641.2643027305603,key_press,'s'
641.4131102561951,key_press,'n'
641.6002743244171,key_press,'d'
641.7198643684387,key_press,'o'
641.9090573787689,key_press,'m'
642.0902590751648,key_press,Key.space
642.658257484436,mouse_move,"724,1148"
643.8808281421661,mouse_move,"724,1148"
643.9074018001556,mouse_move,"723,1148"
643.9373202323914,mouse_move,"723,1148"
643.9604148864746,mouse_move,"722,1148"
643.9765875339508,mouse_move,"721,1148"
643.9824459552765,mouse_move,"720,1148"
643.9934093952179,mouse_move,"720,1148"
643.9974756240845,mouse_move,"719,1148"
644.0023362636566,mouse_move,"717,1148"
644.0095102787018,mouse_move,"716,1147"
644.0197079181671,mouse_move,"715,1146"
644.027473449707,mouse_move,"713,1146"
644.0304682254791,mouse_move,"712,1145"
644.042103767395,mouse_move,"711,1144"
644.0663449764252,mouse_move,"712,1145"
647.3218605518341,mouse_move,"712,1145"
647.330014705658,mouse_move,"712,1143"
647.3432338237762,mouse_move,"711,1140"
647.3501873016357,mouse_move,"711,1138"
647.3554449081421,mouse_move,"710,1135"
647.3661773204803,mouse_move,"710,1133"
647.3661773204803,mouse_move,"710,1132"
648.054390668869,key_press,'f'
648.2722315788269,key_press,'o'
648.4309959411621,key_press,'r'
648.5509140491486,key_press,'e'
648.7518320083618,key_press,'s'
648.9224815368652,key_press,'t'
649.142834186554,key_press,Key.space
649.973982334137,key_press,'s'
650.3309400081635,key_press,'u'
650.4970903396606,key_press,'p'
650.6410846710205,key_press,'p'
650.8373551368713,key_press,'o'
651.2207963466644,key_press,'r'
651.3730812072754,key_press,'t'
651.4867815971375,key_press,Key.space
651.885363817215,key_press,'v'
652.0310080051422,key_press,'e'
652.4020528793335,key_press,'c'
652.6622171401978,key_press,'t'
652.8219649791718,key_press,'o'
652.943243265152,key_press,'r'
653.1204636096954,key_press,Key.space
654.3235881328583,mouse_move,"710,1123"
654.7328402996063,key_press,'m'
654.8341400623322,key_press,'a'
655.0629570484161,key_press,'c'
655.2910735607147,key_press,'h'
655.3975505828857,key_press,'i'
655.5560648441315,key_press,'n'
655.7293119430542,key_press,'e'
655.8788352012634,key_press,Key.space
656.9508109092712,mouse_move,"710,1122"
656.980272769928,mouse_move,"710,1116"
656.9818511009216,mouse_move,"711,1114"
656.9876596927643,mouse_move,"711,1112"
656.9919693470001,mouse_move,"711,1109"
658.0311374664307,key_press,Key.shift
658.5292909145355,key_press,Key.shift
658.5583579540253,key_press,Key.shift
658.5972549915314,key_press,Key.shift
658.622590303421,key_press,Key.shift
658.6544871330261,key_press,Key.shift
658.6868243217468,key_press,Key.shift
658.7178313732147,key_press,Key.shift
658.7462024688721,key_press,Key.shift
658.7686371803284,key_press,'D'
659.1184339523315,key_press,'e'
659.3075814247131,key_press,'p'
660.3126323223114,key_press,Key.backspace
660.4748711585999,key_press,'e'
660.6250450611115,key_press,'p'
660.9391131401062,key_press,'i'
661.1142225265503,key_press,'n'
661.2744991779327,key_press,'g'
661.4115979671478,key_press,Key.space
661.5700743198395,key_press,'l'
661.8244688510895,key_press,'e'
661.9921245574951,key_press,'a'
662.1286110877991,key_press,'r'
662.375892162323,key_press,'n'
662.5434174537659,key_press,'i'
662.684761762619,key_press,'n'
662.8501317501068,key_press,'f'
663.2276723384857,key_press,Key.backspace
663.3428528308868,key_press,'g'
663.5001816749573,key_press,'n'
663.5210766792297,key_press,'n'
663.9170880317688,key_press,Key.space
665.870866060257,key_press,'m'
666.0294585227966,key_press,'o'
666.218183517456,key_press,'d'
666.394201040268,key_press,'e'
666.5701837539673,key_press,'l'
666.6437785625458,key_press,'s'
666.9148418903351,key_press,Key.space
668.0544512271881,key_press,'u'
668.1856594085693,key_press,'s'
668.2200083732605,key_press,'i'
668.4087491035461,key_press,'n'
668.6213347911835,key_press,'g'
668.7285828590393,key_press,Key.space
671.3442258834839,key_press,Key.shift
671.5335454940796,key_press,'L'
671.8250005245209,key_press,'S'
672.1283113956451,key_press,'T'
672.2920727729797,key_press,'M'
672.5467042922974,key_press,Key.space
673.7371454238892,key_press,'a'
674.2785918712616,key_press,'r'
674.3993289470673,key_press,'e'
674.5939614772797,key_press,Key.space
674.6743812561035,key_press,'t'
675.0744063854218,key_press,'r'
675.2148497104645,key_press,'a'
675.4409182071686,key_press,'i'
675.5891926288605,key_press,'n'
675.9039080142975,key_press,'e'
676.1151602268219,key_press,'d'
676.2983212471008,key_press,Key.space
676.3355076313019,key_press,Key.space
677.3263132572174,key_press,'a'
677.8066210746765,key_press,Key.backspace
678.148758649826,key_press,'o'
678.3131277561188,key_press,'n'
678.4843456745148,key_press,Key.space
678.6317148208618,key_press,'t'
678.7808749675751,key_press,'h'
678.8656907081604,key_press,'e'
678.9905767440796,key_press,Key.space
679.7404661178589,key_press,'d'
679.8597421646118,key_press,'a'
680.0721054077148,key_press,'t'
680.199248790741,key_press,'a'
680.5285983085632,key_press,'s'
680.7670228481293,key_press,'e'
681.0429284572601,key_press,'t'
681.2292897701263,key_press,Key.space
681.8423566818237,mouse_move,"708,1107"
681.8423566818237,mouse_move,"703,1104"
681.8556892871857,mouse_move,"701,1102"
681.8556892871857,mouse_move,"699,1101"
681.8556892871857,mouse_move,"698,1100"
681.8748831748962,mouse_move,"697,1100"
681.9009466171265,mouse_move,"697,1100"
681.9128391742706,mouse_move,"698,1099"
681.9139211177826,mouse_move,"703,1098"
681.9275720119476,mouse_move,"709,1097"
681.9293258190155,mouse_move,"716,1094"
681.9367363452911,mouse_move,"725,1092"
681.9475009441376,mouse_move,"736,1089"
681.9475009441376,mouse_move,"750,1085"
681.959864616394,mouse_move,"765,1081"
681.9684822559357,mouse_move,"781,1077"
681.9764428138733,mouse_move,"798,1069"
681.9820322990417,mouse_move,"814,1062"
681.9903044700623,mouse_move,"837,1053"
681.9988601207733,mouse_move,"860,1038"
682.004899263382,mouse_move,"880,1027"
682.0109279155731,mouse_move,"894,1017"
682.0189642906189,mouse_move,"907,1007"
682.0254125595093,mouse_move,"918,996"
682.0334584712982,mouse_move,"929,983"
682.0394926071167,mouse_move,"938,971"
682.0438306331635,mouse_move,"948,958"
682.0554258823395,mouse_move,"957,943"
682.0630412101746,mouse_move,"966,926"
682.0630412101746,mouse_move,"973,911"
682.0754001140594,mouse_move,"980,891"
682.0822293758392,mouse_move,"988,872"
682.0902535915375,mouse_move,"995,848"
682.0983955860138,mouse_move,"1000,822"
682.101982831955,mouse_move,"1004,796"
682.1117615699768,mouse_move,"1004,772"
682.1195273399353,mouse_move,"1001,750"
682.1240718364716,mouse_move,"990,722"
682.1337599754333,mouse_move,"982,700"
682.1411077976227,mouse_move,"970,680"
682.1478705406189,mouse_move,"960,666"
682.1518940925598,mouse_move,"947,651"
682.1621704101562,mouse_move,"932,640"
682.1665625572205,mouse_move,"915,629"
682.1766092777252,mouse_move,"897,621"
682.1830174922943,mouse_move,"876,615"
682.19118475914,mouse_move,"851,611"
682.1982810497284,mouse_move,"829,610"
682.204775094986,mouse_move,"805,610"
682.2126889228821,mouse_move,"780,610"
682.2155532836914,mouse_move,"754,616"
682.2260360717773,mouse_move,"730,623"
682.2338712215424,mouse_move,"709,629"
682.2367179393768,mouse_move,"691,635"
682.2436697483063,mouse_move,"677,642"
682.2510886192322,mouse_move,"665,650"
682.2617707252502,mouse_move,"653,660"
682.266350030899,mouse_move,"642,669"
682.2746915817261,mouse_move,"632,679"
682.2831661701202,mouse_move,"624,690"
682.2913641929626,mouse_move,"617,700"
682.2973806858063,mouse_move,"612,714"
685.9158596992493,key_press,Key.shift_r
686.0264987945557,key_press,Key.enter
686.7604594230652,mouse_move,"612,717"
686.7802603244781,mouse_move,"612,719"
686.7802603244781,mouse_move,"614,728"
686.7948625087738,mouse_move,"615,730"
686.80308842659,mouse_move,"615,732"
686.8041663169861,mouse_move,"616,734"
686.8170216083527,mouse_move,"616,735"
686.8198127746582,mouse_move,"617,736"
686.8283216953278,mouse_move,"617,738"
686.8364310264587,mouse_move,"618,738"
686.8447246551514,mouse_move,"618,739"
686.8527791500092,mouse_move,"618,740"
686.8527791500092,mouse_move,"618,741"
686.8608305454254,mouse_move,"618,741"
686.8608305454254,key_press,'e'
686.9891126155853,key_press,'h'
688.0781788825989,key_press,'w'
688.2167212963104,key_press,'n'
688.3753371238708,key_press,Key.space
690.9671454429626,key_press,'t'
691.0303876399994,key_press,'h'
691.1571700572968,key_press,'e'
691.303936958313,key_press,Key.space
691.776704788208,key_press,'u'
691.8833258152008,key_press,'s'
692.0311031341553,key_press,'e'
692.1802971363068,key_press,'r'
692.4009926319122,key_press,Key.space
693.0668351650238,mouse_move,"618,741"
693.0722677707672,mouse_move,"619,741"
693.0839676856995,mouse_move,"620,739"
693.0858509540558,mouse_move,"621,739"
693.0976121425629,mouse_move,"622,737"
693.1009585857391,mouse_move,"624,735"
693.7109184265137,key_press,'t'
693.9796998500824,key_press,'y'
694.1683304309845,key_press,'p'
694.2899940013885,key_press,'r'
694.574695110321,key_press,'e'
694.798446893692,key_press,'s'
694.963326215744,key_press,Key.space
695.1681022644043,key_press,'a'
695.7200744152069,key_press,'g'
695.8581805229187,key_press,'a'
696.0070827007294,key_press,'i'
696.1621246337891,key_press,'n'
696.3368079662323,key_press,Key.space
697.9912142753601,mouse_move,"624,734"
697.9993913173676,mouse_move,"624,734"
698.01642537117,mouse_move,"624,734"
698.01642537117,mouse_move,"624,734"
698.0642318725586,mouse_move,"623,734"
698.0726828575134,mouse_move,"623,733"
698.115193605423,mouse_move,"622,733"
698.2502827644348,mouse_move,"622,732"
698.3959412574768,mouse_move,"622,732"
698.4762749671936,mouse_move,"622,732"
698.6274247169495,mouse_move,"622,731"
698.664630651474,mouse_move,"622,730"
698.7216591835022,mouse_move,"622,729"
698.7350652217865,mouse_move,"623,729"
698.7519183158875,mouse_move,"623,729"
698.7638382911682,mouse_move,"623,729"
698.8361740112305,mouse_move,"623,728"
698.9066686630249,mouse_move,"623,728"
699.1695871353149,mouse_move,"623,728"
699.2623739242554,mouse_move,"624,728"
699.3968417644501,mouse_move,"624,727"
699.4188508987427,mouse_move,"625,727"
699.7163305282593,key_press,'a'
699.9016487598419,key_press,'t'
699.9819858074188,key_press,'h'
700.1155908107758,key_press,'e'
700.2260670661926,key_press,Key.space
700.4041533470154,key_press,'s'
700.6295692920685,key_press,'i'
701.0289750099182,key_press,Key.backspace
701.4208827018738,key_press,'s'
701.9710545539856,key_press,'t'
702.0920090675354,key_press,'e'
702.2636618614197,key_press,'m'
702.4341742992401,key_press,Key.space
704.0363309383392,mouse_move,"625,727"
704.0658488273621,mouse_move,"624,727"
704.1558969020844,mouse_move,"624,727"
704.1569240093231,mouse_move,"625,727"
704.1677286624908,mouse_move,"625,728"
704.1764559745789,mouse_move,"625,729"
704.1823806762695,mouse_move,"626,729"
704.1910018920898,mouse_move,"627,731"
704.1934306621552,mouse_move,"628,733"
704.1995980739594,mouse_move,"629,734"
704.2117328643799,mouse_move,"630,736"
704.2186992168427,mouse_move,"630,737"
704.2230517864227,mouse_move,"631,737"
704.2336432933807,mouse_move,"632,738"
704.2394678592682,mouse_move,"632,739"
704.2479705810547,mouse_move,"633,740"
704.2543919086456,mouse_move,"634,740"
704.2615005970001,mouse_move,"635,740"
704.2656588554382,mouse_move,"636,740"
704.2767405509949,mouse_move,"636,741"
704.28395819664,mouse_move,"638,741"
704.2930934429169,mouse_move,"638,742"
704.3040173053741,mouse_move,"639,742"
704.3079154491425,mouse_move,"640,742"
704.5313501358032,mouse_move,"640,742"
704.5313501358032,mouse_move,"640,742"
704.5464901924133,mouse_move,"639,742"
704.5595090389252,mouse_move,"638,742"
704.5871403217316,mouse_move,"636,741"
704.5871403217316,mouse_move,"636,741"
704.595951795578,mouse_move,"636,739"
704.5985424518585,mouse_move,"635,738"
704.6066949367523,mouse_move,"635,737"
704.6165359020233,mouse_move,"635,735"
704.623153924942,mouse_move,"635,735"
704.6313297748566,mouse_move,"635,733"
704.6500029563904,mouse_move,"635,732"
704.658415555954,mouse_move,"635,732"
704.6767241954803,mouse_move,"635,732"
704.7539718151093,mouse_move,"635,731"
704.7734069824219,mouse_move,"635,730"
704.7814371585846,mouse_move,"635,730"
704.7938585281372,mouse_move,"635,729"
704.8017053604126,mouse_move,"635,728"
704.8057379722595,mouse_move,"635,727"
704.8339729309082,mouse_move,"634,727"
704.8473238945007,mouse_move,"633,727"
704.855714559555,mouse_move,"633,727"
704.8743033409119,mouse_move,"632,727"
704.8891260623932,mouse_move,"632,726"
704.9739332199097,mouse_move,"632,726"
705.648885011673,key_press,'c'
705.8716425895691,key_press,'o'
706.0994386672974,key_press,'m'
706.3362064361572,key_press,'p'
706.9092702865601,key_press,'a'
707.2692139148712,key_press,'r'
707.352972984314,key_press,'e'
707.5978229045868,key_press,'s'
707.8192994594574,key_press,Key.space
710.8658945560455,mouse_move,"631,726"
710.8735780715942,mouse_move,"631,726"
710.9084179401398,mouse_move,"630,726"
710.9168345928192,mouse_move,"630,726"
710.9212973117828,mouse_move,"629,726"
710.9314715862274,mouse_move,"629,726"
710.9531602859497,mouse_move,"628,726"
710.955174446106,mouse_move,"626,726"
710.9673566818237,mouse_move,"626,726"
710.9737417697906,mouse_move,"625,726"
710.9812529087067,mouse_move,"623,726"
710.9882481098175,mouse_move,"623,726"
710.994668006897,mouse_move,"620,726"
711.0033895969391,key_press,'t'
711.1288092136383,key_press,'h'
711.1934859752655,key_press,'e'
711.3810298442841,key_press,Key.space
711.6001510620117,key_press,'n'
711.6926028728485,key_press,'e'
711.896332025528,key_press,'w'
712.119579076767,key_press,Key.space
712.3900425434113,key_press,'p'
712.5421721935272,key_press,'a'
712.8247392177582,key_press,'t'
712.9621353149414,key_press,'t'
713.1895909309387,key_press,'e'
713.3119702339172,key_press,'r'
713.4508130550385,key_press,'n'
713.653017282486,key_press,Key.space
714.3897094726562,key_press,'w'
714.5572216510773,key_press,'i'
714.7856652736664,key_press,'t'
714.882453918457,key_press,'h'
715.0699515342712,key_press,Key.space
715.3345191478729,key_press,'t'
715.4025518894196,key_press,'h'
715.5096204280853,key_press,'e'
715.6550045013428,key_press,Key.space
716.2098205089569,key_press,'s'
716.6019613742828,key_press,'t'
716.7837104797363,key_press,'o'
717.0271484851837,key_press,'r'
717.1342594623566,key_press,'e'
717.4097893238068,key_press,'d'
717.6980223655701,key_press,Key.space
718.4032561779022,key_press,'m'
718.5683312416077,key_press,'o'
718.8185782432556,key_press,'d'
718.9790451526642,key_press,'e'
719.1350562572479,key_press,'l'
719.3655710220337,key_press,Key.space
720.2932999134064,mouse_move,"619,726"
720.305050611496,mouse_move,"619,726"
720.313188791275,mouse_move,"619,725"
720.3790509700775,mouse_move,"619,725"
720.4011833667755,mouse_move,"619,725"
720.421911239624,mouse_move,"619,726"
720.4363386631012,mouse_move,"620,726"
720.4580352306366,mouse_move,"621,726"
720.4735782146454,mouse_move,"621,726"
720.4939930438995,mouse_move,"622,726"
720.6940989494324,mouse_move,"623,726"
720.7000725269318,mouse_move,"623,726"
720.7793414592743,mouse_move,"623,726"
720.8117051124573,mouse_move,"623,726"
720.8276040554047,mouse_move,"623,726"
720.8440473079681,mouse_move,"624,726"
720.8533098697662,mouse_move,"625,726"
720.894583940506,mouse_move,"626,724"
720.9008588790894,mouse_move,"627,724"
720.906667470932,mouse_move,"627,724"
720.9148230552673,mouse_move,"628,722"
720.9186363220215,mouse_move,"628,721"
720.9293172359467,mouse_move,"629,721"
720.9359221458435,mouse_move,"629,719"
720.9388828277588,mouse_move,"629,718"
720.9503843784332,mouse_move,"629,715"
720.9577753543854,mouse_move,"629,712"
720.9593241214752,mouse_move,"629,710"
720.969390630722,mouse_move,"629,706"
720.9764592647552,mouse_move,"629,704"
720.984619140625,mouse_move,"630,700"
720.9904146194458,mouse_move,"630,699"
721.0001735687256,mouse_move,"631,696"
721.0079364776611,mouse_move,"632,693"
721.014842748642,mouse_move,"632,692"
721.0182101726532,mouse_move,"633,692"
721.0287783145905,mouse_move,"633,691"
721.0363454818726,mouse_move,"634,690"
721.0390257835388,mouse_move,"634,690"
721.0507130622864,mouse_move,"635,690"
721.0718522071838,mouse_move,"636,690"
721.0745801925659,mouse_move,"636,690"
721.7228252887726,key_press,'a'
721.9023497104645,key_press,'n'
722.071840763092,key_press,'d'
722.4635272026062,key_press,'d'
722.685115814209,key_press,'e'
722.9364593029022,key_press,'c'
723.0701894760132,key_press,'i'
723.1953842639923,key_press,'d'
723.3916854858398,key_press,'e'
723.5817244052887,key_press,'s'
723.8234262466431,key_press,Key.space
726.2411317825317,key_press,'e'
726.8812544345856,key_press,Key.backspace
726.9630768299103,key_press,'w'
727.1609599590302,key_press,'h'
728.440701007843,key_press,'e'
728.655996799469,key_press,'t'
728.7322943210602,key_press,'h'
728.9076662063599,key_press,'e'
728.980616569519,key_press,'r'
729.2387857437134,key_press,Key.space
730.7196936607361,mouse_move,"637,690"
731.235404253006,key_press,'t'
731.3495230674744,key_press,'h'
731.4348442554474,key_press,'e'
731.5396816730499,key_press,Key.space
733.0638179779053,mouse_move,"637,689"
733.0692446231842,mouse_move,"637,688"
733.0919530391693,mouse_move,"636,684"
733.0919530391693,mouse_move,"634,682"
733.1047627925873,mouse_move,"632,679"
733.1116790771484,mouse_move,"631,677"
733.1195478439331,mouse_move,"631,674"
733.1214332580566,mouse_move,"629,672"
733.1312711238861,mouse_move,"628,670"
733.1392238140106,mouse_move,"627,669"
733.1444454193115,mouse_move,"627,668"
733.1521000862122,mouse_move,"626,666"
733.1611814498901,mouse_move,"626,666"
735.127357006073,key_press,'t'
735.3240177631378,key_press,'h'
735.3891043663025,key_press,'e'
735.5510318279266,key_press,Key.space
735.7545094490051,key_press,'u'
735.8058156967163,key_press,'s'
736.0084164142609,key_press,'e'
736.1226654052734,key_press,'r'
736.2762455940247,key_press,Key.space
737.2949833869934,key_press,'i'
737.4678056240082,key_press,'s'
737.5431468486786,key_press,Key.space
740.1280958652496,key_press,'g'
740.7982969284058,key_press,'e'
741.0583505630493,key_press,'n'
741.215861082077,key_press,'i'
742.0309233665466,key_press,'n'
742.1729362010956,key_press,'u'
742.5464818477631,key_press,'w'
742.7054512500763,key_press,Key.space
742.8630774021149,key_press,'i'
743.2139189243317,key_press,'r'
743.2882165908813,key_press,Key.space
743.4733762741089,key_press,'n'
743.5988163948059,key_press,'o'
744.042717218399,key_press,'t'
744.1982922554016,key_press,Key.space
745.0113432407379,key_press,Key.shift_r
745.1358404159546,key_press,Key.enter
745.7871191501617,key_press,'o'
745.7915301322937,key_press,Key.shift
745.9983651638031,key_press,'n'
746.1380748748779,key_press,'e'
746.2735359668732,key_press,Key.space
746.4586954116821,key_press,'m'
746.5709435939789,key_press,'a'
747.1050863265991,key_press,'j'
747.2635824680328,key_press,'o'
747.5278615951538,key_press,'r'
747.6045579910278,key_press,Key.space
750.9732880592346,mouse_move,"626,666"
750.9884345531464,mouse_move,"627,666"
750.9910199642181,mouse_move,"627,666"
751.0159285068512,mouse_move,"627,667"
751.0262627601624,mouse_move,"628,667"
751.0432279109955,mouse_move,"628,668"
751.058197259903,mouse_move,"629,668"
751.0653312206268,mouse_move,"629,668"
751.0719203948975,mouse_move,"629,668"
751.0932955741882,mouse_move,"629,669"
751.1072041988373,mouse_move,"630,669"
751.1129424571991,mouse_move,"630,670"
751.1434762477875,mouse_move,"630,670"
751.1643950939178,mouse_move,"630,671"
751.1863021850586,mouse_move,"630,672"
751.2002549171448,mouse_move,"631,672"
751.213184595108,mouse_move,"631,673"
751.2317028045654,mouse_move,"632,673"
751.2559678554535,mouse_move,"632,674"
751.2648038864136,mouse_move,"632,675"
751.268482208252,mouse_move,"632,675"
751.2822079658508,mouse_move,"632,676"
751.3048815727234,mouse_move,"632,676"
752.4676840305328,key_press,'a'
753.1423976421356,key_press,'d'
753.3574798107147,key_press,'v'
753.4870526790619,key_press,'a'
753.687472820282,key_press,'n'
753.993800163269,key_press,'t'
754.125771522522,key_press,'a'
754.338086605072,key_press,'g'
754.4688186645508,key_press,'e'
754.6358821392059,key_press,Key.space
756.7912790775299,key_press,'o'
757.0181398391724,key_press,'f'
757.1895787715912,key_press,Key.space
757.4810116291046,key_press,'j'
757.8244154453278,key_press,'e'
758.0795924663544,key_press,'y'
758.6224420070648,key_press,'t'
758.8929607868195,key_press,'o'
759.0663104057312,key_press,'r'
759.3501694202423,key_press,'k'
759.4690613746643,key_press,'w'
759.6653409004211,key_press,Key.space
760.3872475624084,key_press,'i'
760.5095236301422,key_press,'d'
760.6207892894745,key_press,Key.space
761.5411329269409,key_press,Key.backspace
761.8121440410614,key_press,'i'
761.9090754985809,key_press,'s'
762.0546479225159,key_press,Key.space
762.1723101139069,key_press,'d'
762.4985437393188,key_press,'y'
762.7145931720734,key_press,'n'
762.8934750556946,key_press,'a'
763.4050569534302,key_press,'m'
763.5835011005402,key_press,'i'
763.7922654151917,key_press,'c'
763.9305233955383,key_press,'s'
764.1035344600677,key_press,Key.space
764.7195665836334,mouse_move,"633,676"
764.8089027404785,mouse_move,"634,676"
764.8263876438141,mouse_move,"635,676"
764.8422362804413,mouse_move,"635,676"
766.4252755641937,key_press,'f'
767.3399858474731,mouse_move,"636,677"
767.3477828502655,mouse_move,"636,678"
767.3477828502655,mouse_move,"637,678"
767.3559865951538,mouse_move,"637,678"
767.3737931251526,mouse_move,"637,678"
767.3892142772675,mouse_move,"637,679"
767.4223024845123,mouse_move,"637,680"
767.4464581012726,mouse_move,"637,680"
767.462851524353,mouse_move,"637,681"
767.4750094413757,mouse_move,"637,682"
767.4797759056091,mouse_move,"637,682"
767.4898867607117,mouse_move,"637,682"
767.4903321266174,mouse_move,"637,683"
767.5011029243469,mouse_move,"638,683"
767.5324926376343,mouse_move,"638,684"
767.5396373271942,mouse_move,"638,685"
767.6352467536926,mouse_move,"638,685"
767.6548109054565,mouse_move,"638,684"
767.67848944664,mouse_move,"638,683"
767.6906223297119,mouse_move,"638,683"
767.7027096748352,key_press,'a'
768.391016960144,mouse_move,"638,683"
768.470463514328,mouse_move,"638,683"
768.5064373016357,mouse_move,"640,683"
769.8549091815948,key_press,'v'
770.175244808197,key_press,'e'
770.3073890209198,key_press,'r'
770.5849080085754,key_press,'i'
770.8492276668549,key_press,'f'
770.9581022262573,key_press,'i'
771.081711769104,key_press,'c'
771.2047731876373,key_press,'a'
771.4216046333313,key_press,'r'
771.4788596630096,key_press,'t'
771.5767285823822,key_press,'i'
771.8703391551971,key_press,'n'
772.0287983417511,key_press,Key.space
773.4896318912506,key_press,'o'
773.6790516376495,key_press,'n'
773.8417375087738,key_press,'l'
774.1044244766235,key_press,'y'
774.3205535411835,key_press,Key.space
775.155012845993,key_press,'a'
775.4470014572144,key_press,'r'
775.6089692115784,key_press,Key.space
776.0431733131409,key_press,Key.backspace
776.2274479866028,key_press,'t'
776.3815367221832,key_press,'a'
776.5182065963745,key_press,Key.space
776.6778247356415,key_press,'l'
776.8525896072388,key_press,'o'
777.2791435718536,key_press,'g'
777.3427441120148,key_press,'i'
777.4983983039856,key_press,'n'
777.6694550514221,key_press,Key.space
778.2812168598175,mouse_move,"641,683"
778.2872936725616,mouse_move,"643,683"
778.2886304855347,mouse_move,"645,683"
778.3016862869263,mouse_move,"645,683"
778.3079264163971,mouse_move,"646,683"
778.3136055469513,mouse_move,"647,683"
778.3232300281525,mouse_move,"648,683"
778.3303601741791,mouse_move,"648,684"
778.3303601741791,mouse_move,"649,684"
778.3398771286011,mouse_move,"650,685"
778.3489263057709,mouse_move,"650,685"
778.3635613918304,mouse_move,"651,685"
778.3732316493988,mouse_move,"652,685"
778.3874037265778,mouse_move,"653,685"
778.3926472663879,mouse_move,"654,685"
778.397863149643,mouse_move,"655,686"
778.4087948799133,mouse_move,"655,686"
778.4137699604034,mouse_move,"656,687"
779.5472793579102,key_press,'t'
779.669296503067,key_press,'h'
779.7505493164062,key_press,'e'
779.8935582637787,key_press,Key.space
783.0459604263306,key_press,'d'
783.4573295116425,key_press,Key.backspace
783.6127519607544,key_press,'s'
783.9189047813416,key_press,'y'
784.1062407493591,key_press,'s'
784.3394453525543,key_press,'t'
784.4980771541595,key_press,'e'
784.6616606712341,key_press,'m'
784.8157799243927,key_press,Key.space
786.0412218570709,key_press,'c'
786.5757079124451,key_press,'o'
786.7937631607056,key_press,'n'
787.2888457775116,key_press,'t'
787.5817077159882,key_press,'i'
787.8095562458038,key_press,'n'
787.9945378303528,key_press,'o'
788.3196671009064,key_press,'u'
788.4313070774078,key_press,'s'
788.5556209087372,key_press,'l'
788.8579812049866,key_press,'y'
789.0555031299591,key_press,Key.space
789.7386422157288,key_press,'m'
789.9438281059265,key_press,'o'
790.1367855072021,key_press,'n'
790.6017808914185,key_press,'i'
791.1485018730164,key_press,'t'
791.5035979747772,key_press,'o'
791.6657972335815,key_press,'r'
791.8292973041534,key_press,'s'
792.0152976512909,key_press,Key.space
792.6159241199493,mouse_move,"657,687"
792.6244871616364,mouse_move,"657,687"
792.7538657188416,mouse_move,"657,687"
792.7680389881134,mouse_move,"657,687"
792.787529706955,mouse_move,"657,687"
792.7943320274353,mouse_move,"656,687"
792.799553155899,mouse_move,"656,686"
792.8053069114685,mouse_move,"656,686"
792.8126964569092,mouse_move,"656,686"
792.8268032073975,mouse_move,"655,685"
792.8452594280243,mouse_move,"655,684"
792.8519399166107,mouse_move,"654,684"
792.8645741939545,mouse_move,"654,684"
792.8775463104248,mouse_move,"654,683"
792.901029586792,mouse_move,"653,682"
792.9612226486206,mouse_move,"653,681"
792.978440284729,mouse_move,"652,681"
793.0139813423157,mouse_move,"652,681"
793.0967547893524,mouse_move,"651,681"
793.1533949375153,mouse_move,"651,680"
793.2142214775085,mouse_move,"651,679"
793.3143122196198,mouse_move,"651,679"
793.3397164344788,mouse_move,"651,678"
793.3913955688477,mouse_move,"650,677"
793.4195277690887,mouse_move,"650,677"
793.4213910102844,mouse_move,"649,677"
793.4406032562256,mouse_move,"649,676"
793.4627792835236,mouse_move,"648,676"
793.5140650272369,mouse_move,"647,675"
793.6616818904877,mouse_move,"646,675"
793.8115472793579,mouse_move,"646,675"
793.8462662696838,mouse_move,"646,674"
793.8531823158264,mouse_move,"645,674"
793.8848521709442,mouse_move,"644,674"
794.1825048923492,mouse_move,"644,674"
794.4652495384216,mouse_move,"644,674"
794.4799966812134,mouse_move,"644,674"
794.5025718212128,mouse_move,"644,675"
794.5081686973572,mouse_move,"644,676"
794.5409293174744,mouse_move,"644,678"
794.5443058013916,mouse_move,"644,679"
794.5512540340424,mouse_move,"644,680"
794.5650949478149,mouse_move,"644,681"
794.6020257472992,mouse_move,"645,682"
794.6218876838684,mouse_move,"645,682"
794.6397173404694,mouse_move,"644,682"
794.6557602882385,mouse_move,"644,682"
794.6657183170319,mouse_move,"643,682"
794.6718509197235,mouse_move,"642,682"
794.6828074455261,mouse_move,"641,682"
794.6999084949493,mouse_move,"641,682"
794.7052001953125,mouse_move,"641,683"
794.7215518951416,mouse_move,"640,683"
794.7353110313416,mouse_move,"639,683"
794.7411074638367,mouse_move,"639,683"
794.764340877533,mouse_move,"638,683"
794.764340877533,mouse_move,"637,683"
794.7876896858215,mouse_move,"636,683"
795.1177978515625,mouse_move,"636,683"
795.1280519962311,mouse_move,"636,683"
795.1415917873383,mouse_move,"636,684"
795.1482229232788,mouse_move,"636,685"
795.1532590389252,mouse_move,"636,686"
795.1715030670166,mouse_move,"636,687"
795.1770422458649,mouse_move,"636,688"
795.1848866939545,mouse_move,"637,690"
795.1926889419556,mouse_move,"637,692"
795.1994524002075,mouse_move,"637,693"
795.2062785625458,mouse_move,"637,694"
795.2092905044556,mouse_move,"638,696"
795.217814207077,mouse_move,"638,697"
795.2262008190155,mouse_move,"638,699"
795.2346127033234,mouse_move,"639,701"
795.2421083450317,mouse_move,"639,701"
795.2492530345917,mouse_move,"639,703"
795.2536809444427,mouse_move,"640,704"
795.2577350139618,mouse_move,"641,705"
795.2665369510651,mouse_move,"641,706"
795.2771413326263,mouse_move,"642,707"
795.2832627296448,mouse_move,"642,708"
795.2902536392212,mouse_move,"642,709"
795.2986981868744,mouse_move,"643,709"
795.3054928779602,mouse_move,"644,710"
795.3189508914948,mouse_move,"644,711"
795.3342196941376,mouse_move,"645,712"
795.3769800662994,mouse_move,"646,712"
795.390079498291,mouse_move,"647,712"
795.3983201980591,mouse_move,"647,713"
795.3983201980591,mouse_move,"647,714"
795.4066843986511,mouse_move,"648,714"
795.4198117256165,mouse_move,"649,715"
795.423216342926,mouse_move,"649,716"
795.4332664012909,mouse_move,"650,717"
795.4483709335327,mouse_move,"651,719"
795.454108953476,mouse_move,"653,720"
795.4591329097748,mouse_move,"655,722"
795.469322681427,mouse_move,"656,723"
803.4064815044403,key_press,Key.ctrl_l
803.7524628639221,key_press,'\x03'
