0,1,2,cognitive_load
timestamp,event_type,value,low
1.292829990386963,key_press,Key.alt_l,low
1.4008653163909912,key_press,Key.tab,low
2.781093120574951,key_press,'t',low
2.9060914516448975,key_press,'h',low
3.08825945854187,key_press,'i',low
3.220961570739746,key_press,'s',low
3.443544864654541,key_press,Key.space,low
3.909834384918213,key_press,Key.backspace,low
4.414324760437012,key_press,Key.backspace,low
4.443520784378052,key_press,Key.backspace,low
4.475323677062988,key_press,Key.backspace,low
4.504859447479248,key_press,Key.backspace,low
4.530858755111694,key_press,Key.backspace,low
4.562784433364868,key_press,Key.backspace,low
4.594505786895752,key_press,Key.backspace,low
4.630833864212036,key_press,Key.backspace,low
4.657695770263672,key_press,Key.backspace,low
4.691713571548462,key_press,Key.backspace,low
4.718883991241455,key_press,Key.backspace,low
4.749263048171997,key_press,Key.backspace,low
4.781448841094971,key_press,Key.backspace,low
4.797296524047852,key_press,Key.backspace,low
4.839156866073608,key_press,Key.backspace,low
4.859736680984497,key_press,Key.backspace,low
4.890594244003296,key_press,Key.backspace,low
4.922439813613892,key_press,Key.backspace,low
4.959765195846558,key_press,Key.backspace,low
4.984579801559448,key_press,Key.backspace,low
5.230826139450073,key_press,Key.backspace,low
5.385532379150391,key_press,Key.backspace,low
5.54112696647644,key_press,Key.backspace,low
6.335499048233032,key_press,'t',low
6.500020503997803,key_press,'h',low
6.641295909881592,key_press,'s',low
6.645943880081177,key_press,'i',low
6.893129587173462,key_press,Key.space,low
7.108040809631348,key_press,'i',low
7.264271974563599,key_press,'s',low
7.374900817871094,key_press,Key.space,low
7.538033962249756,key_press,'s',low
7.750898361206055,key_press,'a',low
8.700661182403564,key_press,Key.backspace,low
8.86186408996582,key_press,Key.backspace,low
9.267010927200317,key_press,Key.space,low
9.40960431098938,key_press,'a',low
9.547194957733154,key_press,Key.space,low
11.19840121269226,mouse_move,"""1239,1084""",low
11.207215070724487,mouse_move,"""1245,1074""",low
11.209600687026978,mouse_move,"""1255,1068""",low
11.221737146377563,mouse_move,"""1264,1060""",low
11.22882866859436,mouse_move,"""1275,1052""",low
11.236140251159668,mouse_move,"""1284,1045""",low
11.242831230163574,mouse_move,"""1296,1040""",low
11.249699592590332,mouse_move,"""1308,1034""",low
11.256822109222412,mouse_move,"""1320,1030""",low
11.264824867248535,mouse_move,"""1334,1025""",low
11.27118730545044,mouse_move,"""1346,1021""",low
11.278257369995117,mouse_move,"""1360,1018""",low
11.283466815948486,mouse_move,"""1375,1014""",low
11.292436838150024,mouse_move,"""1390,1011""",low
11.295510053634644,mouse_move,"""1407,1008""",low
11.307331085205078,mouse_move,"""1422,1006""",low
11.313810110092163,mouse_move,"""1437,1003""",low
11.319885492324829,mouse_move,"""1453,1000""",low
11.32586121559143,mouse_move,"""1468,997""",low
11.331840991973877,mouse_move,"""1481,995""",low
11.338067531585693,mouse_move,"""1496,993""",low
11.350223064422607,mouse_move,"""1510,993""",low
11.356311321258545,mouse_move,"""1523,992""",low
11.36434531211853,mouse_move,"""1533,991""",low
11.371350288391113,mouse_move,"""1546,991""",low
11.378350496292114,mouse_move,"""1558,989""",low
11.385263919830322,mouse_move,"""1568,988""",low
11.393347024917603,mouse_move,"""1580,988""",low
11.39980673789978,mouse_move,"""1590,988""",low
11.404840469360352,mouse_move,"""1603,988""",low
11.410855054855347,mouse_move,"""1613,988""",low
11.419927597045898,mouse_move,"""1622,988""",low
11.428191184997559,mouse_move,"""1630,988""",low
11.435210943222046,mouse_move,"""1637,988""",low
11.441300868988037,mouse_move,"""1642,988""",low
11.447360515594482,mouse_move,"""1646,989""",low
11.453365087509155,mouse_move,"""1649,989""",low
11.459393501281738,mouse_move,"""1651,989""",low
11.471640348434448,mouse_move,"""1653,989""",low
11.477706909179688,mouse_move,"""1654,989""",low
11.483782768249512,mouse_move,"""1655,990""",low
11.492726564407349,mouse_move,"""1655,990""",low
11.507058382034302,mouse_move,"""1656,991""",low
11.741796255111694,mouse_move,"""1647,992""",low
11.74945330619812,mouse_move,"""1632,993""",low
11.75677490234375,mouse_move,"""1615,997""",low
11.76309609413147,mouse_move,"""1593,1002""",low
11.770171403884888,mouse_move,"""1567,1007""",low
11.777941942214966,mouse_move,"""1541,1012""",low
11.78505277633667,mouse_move,"""1513,1020""",low
11.79205584526062,mouse_move,"""1484,1025""",low
11.79940676689148,mouse_move,"""1454,1033""",low
11.806103706359863,mouse_move,"""1423,1040""",low
11.814110279083252,mouse_move,"""1394,1046""",low
11.821108341217041,mouse_move,"""1364,1051""",low
11.828639030456543,mouse_move,"""1338,1057""",low
11.835814237594604,mouse_move,"""1315,1060""",low
11.84190559387207,mouse_move,"""1295,1065""",low
11.848011255264282,mouse_move,"""1280,1067""",low
11.854087114334106,mouse_move,"""1265,1070""",low
11.860156774520874,mouse_move,"""1255,1073""",low
11.872369766235352,mouse_move,"""1248,1074""",low
11.878345727920532,mouse_move,"""1240,1076""",low
11.884660005569458,mouse_move,"""1237,1076""",low
11.890317678451538,mouse_move,"""1235,1077""",low
11.896116495132446,mouse_move,"""1232,1077""",low
11.907651901245117,mouse_move,"""1228,1078""",low
12.15652346611023,mouse_click,Button.left,low
12.506818294525146,key_press,Key.ctrl_l,low
13.015975713729858,key_press,'\x03',low
0.34044337272644043,key_press,Key.alt_l,low
0.5097436904907227,key_press,Key.tab,low
1.8324997425079346,key_press,'t',low
1.9699232578277588,key_press,'h',low
2.692011594772339,key_press,Key.backspace,low
3.207446813583374,key_press,Key.backspace,low
3.2235443592071533,key_press,Key.backspace,low
3.2554285526275635,key_press,Key.backspace,low
3.298231840133667,key_press,Key.backspace,low
3.316521644592285,key_press,Key.backspace,low
3.3486335277557373,key_press,Key.backspace,low
3.3802742958068848,key_press,Key.backspace,low
3.4098894596099854,key_press,Key.backspace,low
3.4420013427734375,key_press,Key.backspace,low
3.473491668701172,key_press,Key.backspace,low
3.511594295501709,key_press,Key.backspace,low
3.537393569946289,key_press,Key.backspace,low
3.567201852798462,key_press,Key.backspace,low
3.5988049507141113,key_press,Key.backspace,low
3.6322593688964844,key_press,Key.backspace,low
3.662407159805298,key_press,Key.backspace,low
3.6914613246917725,key_press,Key.backspace,low
3.858147144317627,key_press,Key.backspace,low
4.349899530410767,key_press,Key.backspace,low
4.389978647232056,key_press,Key.backspace,low
4.410236358642578,key_press,Key.backspace,low
5.770841360092163,key_press,'t',low
5.893769979476929,key_press,'h',low
5.989135026931763,key_press,'i',low
6.041942119598389,key_press,'s',low
6.223599910736084,key_press,Key.space,low
6.399609565734863,key_press,'i',low
6.580219507217407,key_press,'s',low
6.7226433753967285,key_press,Key.space,low
7.072718620300293,key_press,'a',low
7.222996950149536,key_press,Key.space,low
7.910503387451172,key_press,'s',low
8.085172891616821,key_press,'i',low
8.254658937454224,key_press,'m',low
8.428305387496948,key_press,'p',low
8.451370477676392,key_press,'p',low
8.592024564743042,key_press,'l',low
8.76381778717041,key_press,'e',low
8.91137957572937,key_press,Key.space,low
9.476091384887695,key_press,'p',low
9.596385478973389,key_press,'a',low
9.928232669830322,key_press,'r',low
10.002052068710327,key_press,'a',low
10.262256860733032,key_press,'p',low
10.728891611099243,key_press,Key.backspace,low
11.026033878326416,key_press,'g',low
11.166840314865112,key_press,'r',low
11.283250093460083,key_press,'a',low
11.472070455551147,key_press,'p',low
11.744803190231323,key_press,'h',low
12.009845733642578,key_press,Key.space,low
12.658975601196289,key_press,'t',low
12.722931623458862,key_press,'h',low
12.811890363693237,key_press,'a',low
13.035647630691528,key_press,Key.space,low
13.254785060882568,key_press,'i',low
13.505704879760742,key_press,Key.space,low
13.614503383636475,key_press,'a',low
13.741674423217773,key_press,'m',low
13.894644975662231,key_press,Key.space,low
14.348081350326538,key_press,'t',low
14.534781455993652,key_press,'y',low
14.724945068359375,key_press,'p',low
14.895724773406982,key_press,'i',low
15.150582551956177,key_press,'n',low
15.395820140838623,key_press,'g',low
15.518285751342773,key_press,Key.space,low
15.753492832183838,key_press,'c',low
15.934881448745728,key_press,'o',low
16.14228343963623,key_press,'n',low
16.48049235343933,key_press,'t',low
16.65064311027527,key_press,'i',low
16.771729230880737,key_press,'o',low
17.855051517486572,key_press,'n',low
18.050668954849243,key_press,'i',low
18.756457805633545,key_press,'o',low
18.90553641319275,key_press,'s',low
19.05005431175232,key_press,'l',low
19.47201919555664,key_press,'y',low
19.712307929992676,key_press,Key.space,low
20.659777641296387,key_press,'w',low
20.83214569091797,key_press,'i',low
21.177709817886353,key_press,'t',low
21.28781032562256,key_press,'h',low
21.765408277511597,key_press,'o',low
21.94136667251587,key_press,'u',low
22.050716638565063,key_press,'t',low
22.20282554626465,key_press,Key.space,low
22.597156524658203,key_press,'s',low
22.94130253791809,key_press,'t',low
23.21005368232727,key_press,'o',low
23.363480806350708,key_press,'p',low
23.49173617362976,key_press,'p',low
23.6915500164032,key_press,'i',low
25.124012231826782,key_press,Key.backspace,low
25.43523907661438,key_press,'i',low
25.61665630340576,key_press,'n',low
25.797189950942993,key_press,'g',low
25.912589073181152,key_press,Key.space,low
26.501055002212524,key_press,'a',low
26.62829899787903,key_press,'n',low
26.772330045700073,key_press,'s',low
26.898441314697266,key_press,Key.space,low
27.503775119781494,key_press,'w',low
27.661730766296387,key_press,'i',low
27.941222429275513,key_press,'t',low
28.099801063537598,key_press,'h',low
28.644646883010864,key_press,'o',low
28.88180899620056,key_press,'u',low
29.19172167778015,key_press,'t',low
29.323127269744873,key_press,Key.space,low
30.182207584381104,key_press,'t',low
30.342570304870605,key_press,'h',low
30.46742558479309,key_press,'i',low
30.624611139297485,key_press,'n',low
30.78426504135132,key_press,'k',low
31.012848377227783,key_press,'i',low
31.203126430511475,key_press,'n',low
31.39550542831421,key_press,'g',low
31.558239936828613,key_press,Key.space,low
32.1455454826355,key_press,'t',low
32.247148275375366,key_press,'o',low
32.39597725868225,key_press,'o',low
32.58549404144287,key_press,Key.space,low
33.13411068916321,key_press,'m',low
33.322936058044434,key_press,'u',low
33.50417995452881,key_press,'c',low
33.69467878341675,key_press,'h',low
33.92521095275879,key_press,Key.space,low
34.97731423377991,key_press,'.',low
35.211076498031616,key_press,Key.space,low
35.39592981338501,key_press,'i',low
35.58129143714905,key_press,Key.space,low
35.81823396682739,key_press,'a',low
35.96104598045349,key_press,'m',low
36.18451809883118,key_press,Key.space,low
37.03815484046936,key_press,'f',low
37.16464614868164,key_press,'o',low
37.56894278526306,key_press,'c',low
37.72042107582092,key_press,'u',low
38.115477085113525,key_press,'s',low
38.24162721633911,key_press,'i',low
38.45058488845825,key_press,'n',low
38.72208881378174,key_press,'g',low
38.88320446014404,key_press,Key.space,low
39.816051721572876,key_press,'o',low
40.0675733089447,key_press,'n',low
40.26385283470154,key_press,Key.space,low
40.63528776168823,key_press,'t',low
40.78656792640686,key_press,'y',low
41.05679512023926,key_press,'p',low
41.28820300102234,key_press,'i',low
41.48859262466431,key_press,'n',low
41.61552810668945,key_press,'g',low
41.726982831954956,key_press,Key.space,low
41.897687673568726,key_press,'t',low
41.95822548866272,key_press,'h',low
42.07347846031189,key_press,'e',low
42.22626876831055,key_press,Key.space,low
42.862812519073486,key_press,'x',low
43.23861575126648,key_press,Key.backspace,low
43.35881471633911,key_press,'s',low
43.68741250038147,key_press,'m',low
43.86791205406189,key_press,'o',low
43.989073514938354,key_press,'o',low
44.29836392402649,key_press,'y',low
44.70330834388733,key_press,Key.backspace,low
44.84367632865906,key_press,'t',low
44.978142738342285,key_press,'l',low
45.75604867935181,key_press,'y',low
45.9631781578064,key_press,Key.space,low
46.633817195892334,key_press,'a',low
46.75159502029419,key_press,'n',low
46.98860740661621,key_press,'d',low
47.063536405563354,key_press,Key.space,low
47.254491567611694,key_press,'m',low
47.34736776351929,key_press,'a',low
47.53620767593384,key_press,'i',low
47.6616096496582,key_press,'n',low
47.8969783782959,key_press,'t',low
48.02603363990784,key_press,'a',low
48.1768217086792,key_press,'i',low
48.30210876464844,key_press,'n',low
48.663283824920654,key_press,'i',low
48.817245960235596,key_press,'n',low
48.83668112754822,key_press,'n',low
49.043373346328735,key_press,'g',low
49.15282416343689,key_press,Key.space,low
49.851166009902954,key_press,'a',low
50.33791637420654,key_press,Key.space,low
50.44127130508423,key_press,'s',low
50.65894961357117,key_press,'t',low
50.90983724594116,key_press,'e',low
51.10715889930725,key_press,'a',low
51.323630571365356,key_press,'d',low
51.509472370147705,key_press,'y',low
51.706852197647095,key_press,Key.space,low
52.5917010307312,key_press,'s',low
52.843424558639526,key_press,'p',low
52.98546743392944,key_press,'p',low
53.128390312194824,key_press,'e',low
53.35445547103882,key_press,'d',low
53.546907901763916,key_press,Key.space,low
54.86369180679321,key_press,'w',low
54.998114824295044,key_press,'h',low
55.16743516921997,key_press,'i',low
55.38806390762329,key_press,'l',low
55.57365083694458,key_press,'e',low
55.689916133880615,key_press,Key.space,low
56.04280138015747,key_press,'w',low
56.4273464679718,key_press,'r',low
56.92557382583618,key_press,'i',low
57.14428949356079,key_press,'t',low
57.30097937583923,key_press,'i',low
57.52227330207825,key_press,'n',low
57.84446382522583,key_press,'g',low
57.967676877975464,key_press,Key.space,low
58.884525775909424,key_press,'e',low
59.06571054458618,key_press,'a',low
59.368826389312744,key_press,'c',low
59.54404854774475,key_press,'h',low
59.726096391677856,key_press,Key.space,low
59.92609214782715,key_press,'w',low
60.18951344490051,key_press,'o',low
60.39076066017151,key_press,'r',low
60.59790062904358,key_press,'d',low
60.78252673149109,key_press,Key.space,low
61.019609212875366,key_press,'a',low
61.17373442649841,key_press,'n',low
61.28822731971741,key_press,'d',low
61.46143913269043,key_press,Key.space,low
62.00504660606384,key_press,'o',low
62.225008964538574,key_press,'n',low
62.47553205490112,key_press,'e',low
62.786296367645264,key_press,Key.space,low
62.95426392555237,key_press,'a',low
63.27300548553467,key_press,'f',low
63.72607183456421,key_press,'t',low
63.89651131629944,key_press,'e',low
63.95547842979431,key_press,'r',low
64.1756682395935,key_press,Key.space,low
64.50371789932251,key_press,'o',low
64.75495862960815,key_press,'n',low
65.05020809173584,key_press,'e',low
65.20895791053772,key_press,Key.space,low
66.89954972267151,key_press,'t',low
67.00381922721863,key_press,'h',low
67.08577418327332,key_press,'e',low
67.21497130393982,key_press,Key.space,low
67.61991858482361,key_press,'g',low
67.80292892456055,key_press,'o',low
67.89601945877075,key_press,'a',low
68.05159544944763,key_press,'l',low
68.30373620986938,key_press,Key.space,low
68.4950361251831,key_press,'i',low
68.62705612182617,key_press,'s',low
68.75419211387634,key_press,Key.space,low
69.06379103660583,key_press,'t',low
69.25783562660217,key_press,'o',low
69.4922935962677,key_press,Key.space,low
69.71632146835327,key_press,'k',low
70.01725792884827,key_press,'e',low
70.18111109733582,key_press,'e',low
70.35123300552368,key_press,'p',low
70.61409211158752,key_press,Key.space,low
71.36490797996521,key_press,'t',low
71.69243717193604,key_press,'t',low
71.76889657974243,key_press,'h',low
71.89414548873901,key_press,'e',low
72.02934193611145,key_press,Key.space,low
72.6163501739502,key_press,'t',low
72.81046676635742,key_press,'y',low
72.96317458152771,key_press,'p',low
73.17602229118347,key_press,'i',low
73.34898519515991,key_press,'n',low
73.5058183670044,key_press,'g',low
73.61080837249756,key_press,Key.space,low
73.87187170982361,key_press,'t',low
73.9467990398407,key_press,'h',low
74.06357860565186,key_press,'e',low
74.22517657279968,key_press,Key.space,low
74.82717227935791,key_press,'r',low
74.95774722099304,key_press,'e',low
75.19360971450806,key_press,'p',low
75.35630869865417,key_press,'r',low
75.46211743354797,key_press,'e',low
75.63192844390869,key_press,'s',low
75.81680130958557,key_press,'e',low
75.99791717529297,key_press,'n',low
76.11723351478577,key_press,'t',low
76.28691816329956,key_press,'s',low
76.52059078216553,key_press,Key.space,low
78.69949388504028,key_press,'l',low
78.97256255149841,key_press,'o',low
79.27316784858704,key_press,'w',low
79.42890548706055,key_press,Key.space,low
79.61169791221619,key_press,'a',low
80.06780004501343,key_press,Key.backspace,low
80.42766857147217,key_press,'x',low
80.82459688186646,key_press,Key.backspace,low
80.99538064002991,key_press,'c',low
81.08365440368652,key_press,'o',low
81.31826710700989,key_press,'n',low
81.77271580696106,key_press,'g',low
81.94253301620483,key_press,'i',low
83.21205449104309,key_press,'n',low
83.36445236206055,key_press,'i',low
84.83677911758423,key_press,'v',low
84.93197393417358,key_press,'a',low
85.28098630905151,key_press,'t',low
85.71813869476318,key_press,'i',low
85.8703362941742,key_press,'v',low
86.04282116889954,key_press,'e',low
86.10802125930786,key_press,Key.space,low
87.11177968978882,key_press,'k',low
87.53818821907043,key_press,'=',low
87.76882576942444,key_press,'l',low
87.93560004234314,key_press,'o',low
88.00137376785278,key_press,'a',low
88.22399926185608,key_press,'d',low
88.43381237983704,key_press,Key.space,low
89.48860716819763,key_press,'b',low
89.59695625305176,key_press,'e',low
89.93009829521179,key_press,'c',low
90.10070967674255,key_press,'a',low
90.3631579875946,key_press,'u',low
90.48256063461304,key_press,'s',low
90.63431692123413,key_press,'e',low
90.81778383255005,key_press,Key.space,low
91.03549289703369,key_press,'t',low
91.1467809677124,key_press,'h',low
91.19701075553894,key_press,'e',low
91.40292692184448,key_press,Key.space,low
92.25221729278564,key_press,'b',low
92.35011553764343,key_press,'a',low
92.84897923469543,key_press,'i',low
93.0309464931488,key_press,'n',low
93.20643186569214,key_press,Key.space,low
93.36169648170471,key_press,'i',low
93.57810139656067,key_press,Key.space,low
94.17707204818726,key_press,'s',low
94.60418105125427,key_press,'i',low
94.78479838371277,key_press,'t',low
94.95951652526855,key_press,Key.space,low
96.26163148880005,key_press,'u',low
96.44152426719666,key_press,'n',low
96.59956312179565,key_press,'d',low
96.80015540122986,key_press,'e',low
96.85406827926636,key_press,'r',low
97.07583570480347,key_press,'s',low
97.08950972557068,key_press,Key.space,low
97.27600121498108,key_press,'t',low
97.44756770133972,key_press,'r',low
97.69657135009766,key_press,'r',low
97.9412350654602,key_press,'e',low
98.33228826522827,key_press,Key.backspace,low
98.57310891151428,key_press,'s',low
98.75491118431091,key_press,'s',low
98.94072651863098,key_press,Key.space,low
99.59875679016113,key_press,'a',low
99.74156928062439,key_press,'n',low
99.86549115180969,key_press,'d',low
99.9878761768341,key_press,Key.space,low
100.1949417591095,key_press,'t',low
100.3340904712677,key_press,'h',low
100.39002132415771,key_press,'e',low
100.55068230628967,key_press,Key.space,low
100.94281244277954,key_press,'t',low
101.18293833732605,key_press,'h',low
101.361337184906,key_press,'o',low
101.5466377735138,key_press,'u',low
101.88031363487244,key_press,'g',low
101.98813557624817,key_press,'h',low
102.12038850784302,key_press,'t',low
102.32355833053589,key_press,'s',low
102.49376511573792,key_press,Key.space,low
103.61933517456055,key_press,'a',low
103.8480818271637,key_press,'r',low
103.94554615020752,key_press,'e',low
104.06610083580017,key_press,Key.space,low
104.18462872505188,key_press,'s',low
104.31690430641174,key_press,'i',low
104.54343962669373,key_press,'m',low
104.92046523094177,key_press,'l',low
105.10570073127747,key_press,'e',low
105.37658500671387,key_press,'a',low
105.48920202255249,key_press,Key.space,low
105.81346774101257,key_press,'n',low
106.18663740158081,key_press,'d',low
106.33084177970886,key_press,Key.space,low
107.09814786911011,key_press,'e',low
107.28575038909912,key_press,'a',low
107.55679559707642,key_press,'s',low
107.8494336605072,key_press,'y',low
108.0836238861084,key_press,Key.space,low
110.24220108985901,key_press,'t',low
110.33185386657715,key_press,'o',low
110.52208113670349,key_press,Key.space,low
110.97393608093262,key_press,'e',low
111.27448987960815,key_press,'x',low
111.52547025680542,key_press,'p',low
111.65520715713501,key_press,'r',low
111.80219388008118,key_press,'e',low
112.04098606109619,key_press,'s',low
112.21992087364197,key_press,'s',low
112.36734652519226,key_press,Key.space,low
112.58437275886536,key_press,'i',low
112.8288094997406,key_press,Key.space,low
113.03834700584412,key_press,'m',low
113.08485221862793,key_press,'a',low
113.26869130134583,key_press,Key.space,low
113.68577194213867,key_press,'c',low
114.06789231300354,key_press,'i',low
114.24986219406128,key_press,'n',low
114.65058374404907,key_press,'t',low
115.0519118309021,key_press,'u',low
115.25332880020142,key_press,'i',low
115.43187499046326,key_press,'n',low
115.72444319725037,key_press,'g',low
115.85068798065186,key_press,Key.space,low
116.3003523349762,key_press,'o',low
116.97330236434937,key_press,'=',low
117.38409686088562,key_press,'t',low
117.51027584075928,key_press,'o',low
117.7207522392273,key_press,Key.space,low
117.97288680076599,key_press,'t',low
118.3492374420166,key_press,'p',low
118.48774337768555,key_press,'e',low
118.68577361106873,key_press,Key.space,low
120.56724762916565,key_press,'m',low
120.71078562736511,key_press,'o',low
120.9130642414093,key_press,'e',low
120.94169569015503,key_press,'r',low
121.07907891273499,key_press,Key.space,low
121.34824109077454,key_press,'s',low
121.47678303718567,key_press,'e',low
121.6483199596405,key_press,'n',low
121.96411538124084,key_press,'t',low
122.1141619682312,key_press,'e',low
122.86837840080261,key_press,'n',low
123.10456776618958,key_press,'c',low
123.26974582672119,key_press,'e',low
123.49431014060974,key_press,'s',low
123.75092196464539,key_press,Key.space,low
124.48261380195618,key_press,'i',low
124.64874315261841,key_press,'n',low
124.8379430770874,key_press,Key.space,low
124.98873805999756,key_press,'a',low
125.0388560295105,key_press,Key.space,low
125.72813105583191,key_press,'t',low
125.8220682144165,key_press,'h',low
125.9158627986908,key_press,'e',low
126.06193590164185,key_press,Key.space,low
126.26995134353638,key_press,'s',low
126.4413070678711,key_press,'a',low
126.68427300453186,key_press,'m',low
126.86411666870117,key_press,'e',low
126.95361852645874,key_press,Key.space,low
127.19590544700623,key_press,'a',low
127.61402750015259,key_press,Key.backspace,low
127.70695662498474,key_press,'w',low
127.86528968811035,key_press,'a',low
128.0857744216919,key_press,'r',low
128.27792358398438,key_press,Key.space,low
129.45411491394043,key_press,'s',low
129.6263301372528,key_press,'o',low
129.81762218475342,key_press,Key.space,low
129.9075424671173,key_press,'e',low
130.10800123214722,key_press,'t',low
130.14354610443115,key_press,'b',low
130.28319120407104,key_press,'a',low
130.4111771583557,key_press,'e',low
130.55157208442688,key_press,Key.space,low
130.8008794784546,key_press,'h',low
130.82438158988953,key_press,'t',low
130.96569108963013,key_press,'e',low
131.0939130783081,key_press,Key.space,low
131.25501537322998,key_press,'s',low
131.84274435043335,key_press,'t',low
132.03551173210144,key_press,'y',low
132.1992642879486,key_press,'p',low
132.42537140846252,key_press,'i',low
132.63396000862122,key_press,'n',low
132.75369668006897,key_press,'g',low
132.8864107131958,key_press,Key.space,low
134.25640964508057,key_press,'p',low
134.62687468528748,key_press,'a',low
135.20906281471252,key_press,'t',low
135.37872767448425,key_press,'t',low
135.58958506584167,key_press,'e',low
135.665287733078,key_press,'r',low
135.89706206321716,key_press,'a',low
135.98259568214417,key_press,'n',low
136.1989824771881,key_press,Key.space,low
136.4265375137329,key_press,'r',low
136.5661747455597,key_press,'e',low
136.7573254108429,key_press,'m',low
136.812273979187,key_press,'a',low
137.03694105148315,key_press,'i',low
137.2257101535797,key_press,'n',low
137.42275524139404,key_press,'d',low
137.58577013015747,key_press,Key.space,low
138.27256655693054,key_press,'u',low
138.4417691230774,key_press,'n',low
138.61961007118225,key_press,'i',low
138.89779472351074,key_press,'f',low
139.08140921592712,key_press,'r',low
139.20706248283386,key_press,'o',low
139.46318459510803,key_press,'m',low
139.70079374313354,key_press,Key.space,low
140.13954639434814,key_press,'a',low
140.31802606582642,key_press,'n',low
140.47977590560913,key_press,'d',low
140.61394095420837,key_press,Key.space,low
140.8314826488495,key_press,'s',low
141.05011224746704,key_press,'t',low
141.25924968719482,key_press,'a',low
141.55235886573792,key_press,'v',low
141.72158336639404,key_press,'e',low
141.80512261390686,key_press,'l',low
142.0272388458252,key_press,Key.space,low
142.2978777885437,key_press,'t',low
142.4930465221405,key_press,'h',low
143.03411412239075,key_press,'r',low
143.13004970550537,key_press,'o',low
143.33087515830994,key_press,'u',low
143.64151644706726,key_press,'g',low
143.7421534061432,key_press,'h',low
143.99887132644653,key_press,'o',low
144.30201148986816,key_press,'u',low
144.4567952156067,key_press,'t',low
144.6045663356781,key_press,Key.space,low
146.47884798049927,key_press,'t',low
146.6610164642334,key_press,'h',low
146.7683355808258,key_press,'e',low
147.00711178779602,key_press,Key.space,low
147.1917688846588,key_press,'s',low
147.37500619888306,key_press,'e',low
147.74343490600586,key_press,'s',low
147.94102096557617,key_press,'s',low
148.11665296554565,key_press,'i',low
148.24181509017944,key_press,'o',low
148.4445481300354,key_press,'n',low
148.63028526306152,key_press,Key.space,low
149.36612248420715,key_press,'i',low
149.5665144920349,key_press,Key.space,low
149.7229504585266,key_press,'a',low
150.09179782867432,key_press,'m',low
150.3484869003296,key_press,Key.space,low
150.62970113754272,key_press,'n',low
150.79722428321838,key_press,'o',low
150.99357056617737,key_press,'r',low
151.10566878318787,key_press,'e',low
151.11939024925232,key_press,Key.space,low
151.65681982040405,key_press,'r',low
151.91258645057678,key_press,'t',low
152.34884071350098,key_press,'=',low
152.69391083717346,key_press,'y',low
152.92211031913757,key_press,'e',low
153.6991639137268,key_press,'y',low
153.92361760139465,key_press,'i',low
154.12222981452942,key_press,'n',low
154.28428983688354,key_press,'g',low
154.40363812446594,key_press,Key.space,low
154.5460946559906,key_press,'t',low
154.71396660804749,key_press,'o',low
154.9051537513733,key_press,Key.space,low
154.99798035621643,key_press,'s',low
155.1543288230896,key_press,'o',low
155.3770215511322,key_press,'l',low
155.59738683700562,key_press,'v',low
155.74343585968018,key_press,'e',low
155.86837911605835,key_press,Key.space,low
156.07468223571777,key_press,'a',low
156.13231134414673,key_press,'n',low
156.41472506523132,key_press,'y',low
156.6607048511505,key_press,Key.space,low
159.2316174507141,key_press,'j',low
159.31437301635742,key_press,'a',low
159.37960195541382,key_press,'k',low
159.43354511260986,key_press,'d',low
159.54219365119934,key_press,'j',low
159.58768153190613,key_press,'f',low
160.12856197357178,key_press,Key.space,low
160.26950359344482,key_press,'j',low
160.39452242851257,key_press,'b',low
160.7264416217804,key_press,'c',low
160.86061716079712,key_press,'d',low
160.89409565925598,key_press,'i',low
161.11230659484863,key_press,'n',low
161.30951595306396,key_press,'d',low
161.80246448516846,key_press,'u',low
161.93109917640686,key_press,'s',low
162.1544041633606,key_press,'t',low
162.283367395401,key_press,'e',low
162.49663376808167,key_press,'n',low
162.64113974571228,key_press,'t',low
162.77346181869507,key_press,Key.space,low
163.05059790611267,key_press,'d',low
163.29579758644104,key_press,'a',low
163.47004508972168,key_press,'t',low
163.63017654418945,key_press,'a',low
163.72518110275269,key_press,Key.space,low
163.85059189796448,key_press,'t',low
163.9865915775299,key_press,'h',low
164.1464719772339,key_press,'a',low
164.4551019668579,key_press,Key.space,low
165.17730236053467,key_press,'c',low
165.3061125278473,key_press,'a',low
165.4564962387085,key_press,'n',low
165.6022548675537,key_press,Key.space,low
165.91069221496582,key_press,'b',low
166.01270985603333,key_press,'e',low
166.60515809059143,key_press,Key.space,low
167.6517322063446,key_press,'u',low
167.72367787361145,key_press,'s',low
167.9105246067047,key_press,'e',low
168.14242434501648,key_press,'d',low
168.3307580947876,key_press,Key.space,low
168.50370979309082,key_press,'r',low
168.61283707618713,key_press,'h',low
168.91888403892517,key_press,'e',low
169.7778046131134,key_press,Key.space,low
170.27186846733093,key_press,'r',low
170.4045684337616,key_press,'e',low
170.54025387763977,key_press,'p',low
171.1486315727234,key_press,'r',low
171.28585600852966,key_press,'e',low
171.60106801986694,key_press,'s',low
171.66586875915527,key_press,'e',low
171.99531722068787,key_press,'t',low
172.14505815505981,key_press,Key.space,low
172.77015852928162,key_press,'l',low
172.9858546257019,key_press,'o',low
173.2984495162964,key_press,'w',low
173.47461771965027,key_press,Key.space,low
173.8295133113861,key_press,'c',low
174.24112486839294,key_press,'i',low
174.53234434127808,key_press,'n',low
175.1090157032013,key_press,Key.backspace,low
175.20406293869019,key_press,'g',low
175.38577389717102,key_press,'n',low
175.56643390655518,key_press,'i',low
176.7224464416504,key_press,'t',low
176.88714146614075,key_press,'i',low
177.0567762851715,key_press,'v',low
177.19127941131592,key_press,'e',low
177.22463989257812,key_press,Key.space,low
177.62808966636658,key_press,'l',low
177.8683786392212,key_press,'a',low
177.91147899627686,key_press,'i',low
178.0979082584381,key_press,'d',low
178.30180716514587,key_press,Key.space,low
178.66239953041077,key_press,Key.backspace,low
178.9552264213562,key_press,Key.backspace,low
179.81542372703552,key_press,'a',low
179.96160888671875,key_press,'d',low
180.1768720149994,key_press,'j',low
180.19922852516174,key_press,'f',low
180.22111773490906,key_press,'j',low
180.42016792297363,key_press,'d',low
180.53169178962708,key_press,'f',low
180.60657119750977,key_press,'j',low
180.95876812934875,key_press,Key.space,low
181.65947556495667,key_press,'a',low
181.7761902809143,key_press,'o',low
181.96342658996582,key_press,'n',low
182.12854599952698,key_press,Key.space,low
182.3004367351532,key_press,'t',low
182.34865832328796,key_press,'h',low
182.38385653495789,key_press,'e',low
182.55105209350586,key_press,Key.space,low
182.8803265094757,key_press,'a',low
183.9800443649292,key_press,'-',low
184.00465488433838,key_press,'-',low
184.25424981117249,key_press,'m',low
184.4733009338379,key_press,'n',low
184.67555379867554,key_press,'c',low
185.0506546497345,key_press,'h',low
185.2564082145691,key_press,'i',low
185.45795249938965,key_press,'n',low
185.79162788391113,key_press,'v',low
185.84892177581787,key_press,'e',low
185.94933915138245,key_press,Key.space,low
186.88285303115845,key_press,'l',low
187.04343461990356,key_press,'e',low
187.22521471977234,key_press,'a',low
187.5811939239502,key_press,'r',low
187.6862759590149,key_press,'i',low
187.86838006973267,key_press,'n',low
188.4322075843811,key_press,'g',low
188.4322075843811,key_press,'b',low
188.7451615333557,key_press,Key.space,low
188.99138140678406,key_press,Key.space,low
189.42501068115234,key_press,'m',low
189.67113947868347,key_press,'o',low
189.79557871818542,key_press,'d',low
189.96375679969788,key_press,'e',low
190.08369302749634,key_press,'l',low
190.54622530937195,key_press,Key.space,low
190.7502179145813,key_press,'i',low
190.9874210357666,key_press,Key.space,low
191.0559446811676,key_press,'e',low
191.23906755447388,key_press,'i',low
191.47473692893982,key_press,'l',low
191.6369330883026,key_press,'l',low
191.7983000278473,key_press,Key.space,low
192.38088250160217,key_press,'c',low
192.4809193611145,key_press,'o',low
192.6676323413849,key_press,'n',low
192.81841492652893,key_press,'t',low
192.97318077087402,key_press,'i',low
193.17621421813965,key_press,'n',low
193.29955101013184,key_press,'e',low
193.5370273590088,key_press,'u',low
193.99096155166626,key_press,Key.space,low
195.09518003463745,key_press,'t',low
195.29604029655457,key_press,'y',low
195.43822193145752,key_press,'p',low
195.61417055130005,key_press,'i',low
195.81808519363403,key_press,'n',low
195.95913815498352,key_press,'g',low
196.25473356246948,key_press,'l',low
196.47403621673584,key_press,'i',low
196.74215650558472,key_press,'k',low
196.8763518333435,key_press,'e',low
197.05013394355774,key_press,Key.space,low
197.4527199268341,key_press,'w',low
197.58474111557007,key_press,'i',low
197.9514195919037,key_press,'t',low
198.1183660030365,key_press,'h',low
198.9412178993225,key_press,Key.space,low
199.5059232711792,key_press,'w',low
199.61175441741943,key_press,'i',low
199.81007432937622,key_press,'r',low
199.8348274230957,key_press,'r',low
200.1619246006012,key_press,'h',low
200.3621962070465,key_press,'o',low
200.58295512199402,key_press,'u',low
200.84879612922668,key_press,'r',low
201.01484727859497,key_press,Key.space,low
201.20593237876892,key_press,'t',low
201.336519241333,key_press,'h',low
201.48839211463928,key_press,'i',low
201.52343940734863,key_press,'s',low
201.78270411491394,key_press,Key.space,low
201.94172835350037,key_press,'a',low
202.20919394493103,key_press,'d',low
202.26530933380127,key_press,'n',low
202.4656150341034,key_press,Key.space,low
204.3331253528595,key_press,'p',low
204.65013360977173,key_press,'a',low
205.0214548110962,key_press,'s',low
205.17641973495483,key_press,'i',low
205.380286693573,key_press,'e',low
205.61332631111145,key_press,'s',low
205.73471188545227,key_press,'e',low
205.86600923538208,key_press,Key.space,low
205.97818446159363,key_press,'a',low
206.10535645484924,key_press,'n',low
206.1353404521942,key_press,'d',low
206.33737063407898,key_press,Key.space,low
206.68306422233582,key_press,'w',low
206.88322377204895,key_press,'i',low
207.12833285331726,key_press,'t',low
207.23821115493774,key_press,'h',low
207.39778184890747,key_press,'o',low
207.67950057983398,key_press,'t',low
208.46113324165344,key_press,'=',low
208.6927890777588,key_press,'u',low
208.8199098110199,key_press,'t',low
209.05436730384827,key_press,'a',low
209.1402313709259,key_press,Key.space,low
209.4050314426422,key_press,'n',low
209.8690321445465,key_press,Key.space,low
211.2386758327484,key_press,'i',low
211.44162249565125,key_press,'n',low
211.82113766670227,key_press,'t',low
211.97273540496826,key_press,'e',low
212.15082168579102,key_press,'r',low
212.31311798095703,key_press,'o',low
212.97419619560242,key_press,'p',low
213.1170608997345,key_press,'e',low
213.27092266082764,key_press,'r',low
213.55114889144897,key_press,'t',low
213.68774008750916,key_press,'i',low
213.83820509910583,key_press,'o',low
214.05750513076782,key_press,'n',low
214.23070454597473,key_press,Key.space,low
215.6045684814453,key_press,'s',low
216.14705610275269,key_press,'t',low
216.30103063583374,key_press,'a',low
216.60728549957275,key_press,'t',low
216.6543004512787,key_press,Key.space,low
217.0819947719574,key_press,'t',low
217.20795392990112,key_press,'h',low
217.32071805000305,key_press,'e',low
217.4921600818634,key_press,Key.space,low
217.74106001853943,key_press,'s',low
218.10874009132385,key_press,'s',low
218.2232539653778,key_press,'j',low
219.05151772499084,key_press,'t',low
219.23121094703674,key_press,'e',low
219.55679512023926,key_press,Key.space,low
219.80104398727417,key_press,Key.space,low
220.03437042236328,key_press,'c',low
220.22309827804565,key_press,'a',low
220.3338131904602,key_press,'n',low
220.5082404613495,key_press,Key.space,low
220.70756888389587,key_press,'c',low
220.95691394805908,key_press,'l',low
221.06926345825195,key_press,'e',low
221.28562378883362,key_press,'s',low
221.39779591560364,key_press,'a',low
221.53486609458923,key_press,'t',low
221.7915358543396,key_press,'l',low
221.9498176574707,key_press,'y',low
222.1172375679016,key_press,Key.space,low
222.3480417728424,key_press,'u',low
222.66096353530884,key_press,'s',low
222.83221292495728,key_press,'e',low
222.98665857315063,key_press,'r',low
223.27174949645996,key_press,'a',low
223.65005087852478,key_press,'s',low
223.84941720962524,key_press,'t',low
224.03040623664856,key_press,'a',low
224.23679995536804,key_press,'n',low
224.38516306877136,key_press,'d',low
224.5260398387909,key_press,Key.space,low
224.84874820709229,key_press,'t',low
224.9507086277008,key_press,'h',low
225.11330699920654,key_press,'e',low
225.2196753025055,key_press,Key.space,low
225.768901348114,key_press,'d',low
226.1135540008545,key_press,'i',low
226.34998750686646,key_press,'i',low
227.08259415626526,key_press,'f',low
227.42584013938904,key_press,'f',low
227.66897439956665,key_press,'e',low
227.7858350276947,key_press,'r',low
227.9837727546692,key_press,'n',low
228.0751178264618,key_press,'e',low
228.36872601509094,key_press,'c',low
228.4334921836853,key_press,'e',low
228.62913417816162,key_press,Key.space,low
229.66095614433289,key_press,'s',low
230.70732808113098,key_press,'b',low
230.9475965499878,key_press,'e',low
231.69107818603516,key_press,'t',low
231.9087336063385,key_press,'w',low
232.37082409858704,key_press,'n',low
232.47618198394775,key_press,'n',low
232.66710591316223,key_press,Key.space,low
232.9627058506012,key_press,'s',low
233.44430828094482,key_press,'n',low
233.6962857246399,key_press,'o',low
233.8619270324707,key_press,'o',low
234.02474236488342,key_press,'t',low
234.1352882385254,key_press,'h',low
234.32719349861145,key_press,'a',low
234.38462209701538,key_press,Key.space,low
234.72215962409973,key_press,'t',low
235.37874913215637,key_press,'y',low
235.40650820732117,mouse_move,"""1239,1075""",low
235.5862271785736,key_press,'p',low
235.7564651966095,key_press,'u',low
236.02197289466858,key_press,'b',low
236.31913232803345,key_press,'d',low
236.50496554374695,key_press,Key.space,low
236.78966808319092,key_press,'a',low
236.98634219169617,key_press,'b',low
237.12888932228088,key_press,'d',low
237.25391292572021,key_press,'f',low
237.33865475654602,key_press,Key.space,low
238.50919556617737,key_press,'i',low
239.1502730846405,key_press,'r',low
239.3508517742157,key_press,'r',low
240.20701909065247,key_press,'e',low
240.46322536468506,key_press,'g',low
240.7319996356964,key_press,'u',low
240.79107785224915,key_press,'a',low
240.98766827583313,key_press,'l',low
241.2849555015564,key_press,Key.space,low
242.3635494709015,mouse_move,"""1239,1075""",low
242.37042903900146,mouse_move,"""1239,1075""",low
242.37844157218933,mouse_move,"""1238,1075""",low
242.38558769226074,mouse_move,"""1237,1073""",low
242.39154934883118,mouse_move,"""1236,1072""",low
242.39770984649658,mouse_move,"""1235,1071""",low
242.40629386901855,mouse_move,"""1234,1070""",low
242.413640499115,mouse_move,"""1233,1069""",low
242.41664719581604,mouse_move,"""1233,1068""",low
242.42810916900635,mouse_move,"""1233,1066""",low
242.43418645858765,mouse_move,"""1233,1066""",low
242.78391909599304,key_press,'t',low
243.1031882762909,key_press,'y',low
243.41256880760193,key_press,'p',low
243.6502332687378,key_press,'i',low
243.9079430103302,key_press,'n',low
244.3335177898407,key_press,'g',low
244.97769951820374,mouse_move,"""1232,1064""",low
244.9901967048645,mouse_move,"""1232,1063""",low
244.99709177017212,mouse_move,"""1229,1062""",low
245.004784822464,mouse_move,"""1227,1060""",low
245.01187753677368,mouse_move,"""1226,1058""",low
245.0189106464386,mouse_move,"""1223,1057""",low
245.02614164352417,mouse_move,"""1221,1054""",low
245.03325366973877,mouse_move,"""1218,1052""",low
245.0403368473053,mouse_move,"""1216,1050""",low
245.04725074768066,mouse_move,"""1214,1047""",low
245.05457091331482,mouse_move,"""1210,1041""",low
245.06151366233826,mouse_move,"""1207,1037""",low
245.06884050369263,mouse_move,"""1206,1033""",low
245.07563424110413,mouse_move,"""1204,1029""",low
245.08267879486084,mouse_move,"""1203,1026""",low
245.090149641037,mouse_move,"""1201,1023""",low
245.45728635787964,mouse_move,"""1190,1015""",low
245.47417974472046,mouse_move,"""1176,1005""",low
245.48131346702576,mouse_move,"""1162,995""",low
245.4874837398529,mouse_move,"""1148,987""",low
245.49534702301025,mouse_move,"""1136,978""",low
245.50249004364014,mouse_move,"""1122,973""",low
245.50998663902283,mouse_move,"""1108,966""",low
245.51665425300598,mouse_move,"""1094,962""",low
245.52383136749268,mouse_move,"""1081,956""",low
245.5308849811554,mouse_move,"""1065,951""",low
245.5378999710083,mouse_move,"""1050,944""",low
245.54496026039124,mouse_move,"""1033,940""",low
245.55203127861023,mouse_move,"""1015,932""",low
245.56003999710083,mouse_move,"""997,924""",low
245.5667462348938,mouse_move,"""975,916""",low
245.57376146316528,mouse_move,"""949,901""",low
245.58143663406372,mouse_move,"""926,889""",low
245.58816194534302,mouse_move,"""905,873""",low
245.59599590301514,mouse_move,"""885,853""",low
245.6026635169983,mouse_move,"""866,834""",low
246.0207884311676,mouse_move,"""858,825""",low
246.02990126609802,mouse_move,"""850,811""",low
246.03641939163208,mouse_move,"""841,795""",low
246.04385685920715,mouse_move,"""828,777""",low
246.0510013103485,mouse_move,"""814,754""",low
246.05810379981995,mouse_move,"""801,728""",low
246.0650191307068,mouse_move,"""784,695""",low
246.07234811782837,mouse_move,"""771,666""",low
246.07888388633728,mouse_move,"""755,637""",low
246.08685207366943,mouse_move,"""744,609""",low
246.0936861038208,mouse_move,"""732,577""",low
246.10080409049988,mouse_move,"""724,555""",low
246.10729956626892,mouse_move,"""717,535""",low
246.1148645877838,mouse_move,"""712,519""",low
246.12202262878418,mouse_move,"""708,506""",low
246.1290500164032,mouse_move,"""705,494""",low
246.13671708106995,mouse_move,"""702,483""",low
246.1431121826172,mouse_move,"""700,473""",low
246.15085625648499,mouse_move,"""697,463""",low
246.15733575820923,mouse_move,"""696,454""",low
246.16419672966003,mouse_move,"""695,445""",low
246.1724500656128,mouse_move,"""694,438""",low
246.17949390411377,mouse_move,"""694,432""",low
246.1854968070984,mouse_move,"""694,425""",low
248.37860822677612,key_press,'p',low
248.50393414497375,key_press,'a',low
248.89414834976196,key_press,'t',low
249.13270664215088,key_press,'t',low
249.28740215301514,key_press,'e',low
249.43501472473145,key_press,'r',low
249.63406658172607,key_press,'n',low
249.67326998710632,key_press,'s',low
249.91121006011963,key_press,Key.space,low
250.50115394592285,key_press,Key.enter,low
251.14664149284363,mouse_move,"""708,410""",low
251.153657913208,mouse_move,"""730,389""",low
251.1607208251953,mouse_move,"""754,364""",low
251.1679322719574,mouse_move,"""783,337""",low
251.17501306533813,mouse_move,"""815,304""",low
251.18201303482056,mouse_move,"""846,272""",low
251.18901252746582,mouse_move,"""878,230""",low
251.1961317062378,mouse_move,"""907,189""",low
251.2041940689087,mouse_move,"""934,152""",low
251.2101604938507,mouse_move,"""958,114""",low
251.2183973789215,mouse_move,"""979,81""",low
251.22561931610107,mouse_move,"""997,51""",low
251.2326202392578,mouse_move,"""1016,26""",low
251.2396252155304,mouse_move,"""1029,9""",low
251.24668645858765,mouse_move,"""1037,-4""",low
251.46629929542542,mouse_click,Button.left,low
251.83678889274597,mouse_move,"""1032,16""",low
251.8438103199005,mouse_move,"""1025,44""",low
251.84995985031128,mouse_move,"""1015,74""",low
251.85810828208923,mouse_move,"""1005,109""",low
251.86573338508606,mouse_move,"""995,149""",low
251.87274026870728,mouse_move,"""987,186""",low
251.87931275367737,mouse_move,"""976,226""",low
251.88543486595154,mouse_move,"""968,266""",low
251.89169239997864,mouse_move,"""959,306""",low
251.89768767356873,mouse_move,"""953,345""",low
251.90823340415955,mouse_move,"""949,384""",low
251.915700674057,mouse_move,"""945,423""",low
251.92182326316833,mouse_move,"""941,458""",low
251.92995500564575,mouse_move,"""941,492""",low
251.9340374469757,mouse_move,"""941,526""",low
251.94410228729248,mouse_move,"""944,562""",low
251.95080089569092,mouse_move,"""947,591""",low
251.95825266838074,mouse_move,"""953,617""",low
251.96454501152039,mouse_move,"""959,641""",low
251.97033166885376,mouse_move,"""967,660""",low
251.97877073287964,mouse_move,"""974,675""",low
251.98607301712036,mouse_move,"""981,689""",low
251.99341440200806,mouse_move,"""989,701""",low
252.0004222393036,mouse_move,"""999,712""",low
252.00608587265015,mouse_move,"""1008,722""",low
252.2500123977661,mouse_move,"""1011,740""",low
252.25634717941284,mouse_move,"""1015,766""",low
252.2633888721466,mouse_move,"""1020,792""",low
252.27143573760986,mouse_move,"""1022,817""",low
252.27838230133057,mouse_move,"""1025,843""",low
252.28555130958557,mouse_move,"""1028,869""",low
252.2923128604889,mouse_move,"""1032,891""",low
252.2999610900879,mouse_move,"""1033,909""",low
252.30449795722961,mouse_move,"""1034,926""",low
252.3125307559967,mouse_move,"""1036,941""",low
252.32056736946106,mouse_move,"""1037,953""",low
252.32839965820312,mouse_move,"""1040,965""",low
252.33489871025085,mouse_move,"""1042,975""",low
252.340487241745,mouse_move,"""1046,986""",low
252.34959197044373,mouse_move,"""1050,998""",low
252.3543062210083,mouse_move,"""1056,1008""",low
252.54613733291626,key_press,Key.ctrl_l,low
252.8843755722046,key_press,'\x03',low
1.431248664855957,key_press,'h',low
1.589684009552002,key_press,'i',low
1.8550341129302979,key_press,Key.space,low
2.1582138538360596,key_press,'r',low
2.2908082008361816,key_press,'a',low
2.4620349407196045,key_press,Key.space,low
3.1582283973693848,key_press,'e',low
3.3704137802124023,key_press,'l',low
3.4836652278900146,key_press,'a',low
3.737945079803467,key_press,Key.space,low
3.884032964706421,key_press,'v',low
4.104979991912842,key_press,'u',low
4.272829294204712,key_press,'n',low
4.3827900886535645,key_press,'a',low
4.561899900436401,key_press,'v',low
4.772148132324219,key_press,Key.space,low
5.367615699768066,key_press,'a',low
5.516130447387695,key_press,'n',low
5.838745355606079,key_press,'d',low
6.041717290878296,key_press,'h',low
6.185667037963867,key_press,'a',low
6.471677780151367,key_press,'r',low
6.841301441192627,key_press,'u',low
7.076315402984619,key_press,Key.space,low
7.3739635944366455,key_press,'b',low
7.482813596725464,key_press,'a',low
7.882513046264648,key_press,'g',low
8.410012483596802,key_press,'u',low
8.652223110198975,key_press,'n',low
8.813260555267334,key_press,'a',low
9.006691217422485,key_press,'a',low
9.342682838439941,key_press,'r',low
9.569225072860718,key_press,'u',low
9.785939693450928,key_press,'a',low
10.638648748397827,key_press,'r',low
10.751410245895386,key_press,'a',low
10.965320348739624,key_press,Key.space,low
11.63210678100586,mouse_move,"""783,1044""",low
11.641911268234253,mouse_move,"""783,1045""",low
11.878253698348999,key_press,'i',low
12.023569583892822,key_press,'n',low
12.744067907333374,key_press,'k',low
12.847269773483276,key_press,'a',low
12.954537153244019,key_press,Key.space,low
13.150825023651123,key_press,'e',low
13.340742588043213,key_press,'m',low
13.521937131881714,key_press,Key.space,low
13.83208417892456,key_press,'c',low
13.960330486297607,key_press,'h',low
14.134883880615234,key_press,'e',low
14.310673952102661,key_press,'s',low
14.523930072784424,key_press,'t',low
14.721166133880615,key_press,'u',low
14.91356086730957,key_press,'n',low
14.997479915618896,key_press,'a',low
15.243191957473755,key_press,'m',low
15.358460187911987,key_press,'a',low
15.549848556518555,key_press,Key.space,low
16.2160165309906,key_press,'a',low
16.47515320777893,key_press,'n',low
16.82719612121582,key_press,'d',low
17.005074977874756,key_press,'h',low
17.085073471069336,key_press,'a',low
17.352924823760986,key_press,'r',low
17.643463373184204,key_press,'u',low
17.89921259880066,key_press,Key.space,low
18.114758729934692,key_press,'i',low
18.324175357818604,key_press,'n',low
18.60754632949829,key_press,'t',low
18.773406505584717,key_press,'l',low
19.31490993499756,key_press,'o',low
19.578033685684204,key_press,Key.space,low
19.75930166244507,key_press,'a',low
19.906240940093994,key_press,'n',low
20.17568016052246,key_press,'d',low
20.3537917137146,key_press,'h',low
20.48183798789978,key_press,'a',low
20.734807014465332,key_press,'r',low
20.992846488952637,key_press,'u',low
21.284453868865967,key_press,Key.space,low
21.514355421066284,key_press,'b',low
21.67528247833252,key_press,'a',low
22.45775556564331,key_press,'g',low
22.606467962265015,key_press,'u',low
22.791944980621338,key_press,'n',low
22.943848609924316,key_press,'n',low
23.04015016555786,key_press,'a',low
23.40175700187683,key_press,'r',low
23.63319158554077,key_press,'a',low
23.948400259017944,key_press,Key.space,low
24.5454158782959,key_press,'a',low
24.795673608779907,key_press,'n',low
25.171359539031982,key_press,'d',low
25.368661403656006,key_press,'h',low
25.52350401878357,key_press,'a',low
25.829161643981934,key_press,'r',low
26.173439264297485,key_press,'u',low
26.449788570404053,key_press,Key.space,low
26.95893669128418,key_press,'a',low
27.05400276184082,key_press,'n',low
27.99916911125183,key_press,'i',low
28.22973608970642,key_press,Key.space,low
28.980197191238403,key_press,'a',low
29.284878730773926,key_press,'d',low
29.505492210388184,key_press,'u',low
30.023264169692993,key_press,Key.backspace,low
30.23271632194519,key_press,'i',low
30.330554008483887,key_press,'g',low
30.449883460998535,key_press,'a',low
30.619495391845703,key_press,Key.space,low
30.983426094055176,key_press,'a',low
31.06817388534546,key_press,'n',low
31.23258113861084,key_press,'i',low
31.49214458465576,key_press,Key.space,low
31.73503088951111,key_press,'c',low
31.883568048477173,key_press,'h',low
32.0478515625,key_press,'e',low
32.46312475204468,key_press,'p',low
32.623671531677246,key_press,'p',low
33.5942804813385,key_press,'u',low
33.860960245132446,key_press,Key.space,low
35.22514224052429,key_press,'n',low
35.915000438690186,key_press,'i',low
36.170496463775635,key_press,Key.space,low
37.10427474975586,key_press,'k',low
37.23294687271118,key_press,'a',low
37.385170698165894,key_press,'n',low
37.725863218307495,key_press,'t',low
37.84924530982971,key_press,'a',low
38.276514291763306,key_press,Key.space,low
38.89894080162048,mouse_move,"""783,1044""",low
38.90673303604126,mouse_move,"""784,1044""",low
38.913748264312744,mouse_move,"""785,1042""",low
38.921602725982666,mouse_move,"""785,1041""",low
38.92866635322571,mouse_move,"""785,1041""",low
38.93080115318298,mouse_move,"""785,1040""",low
38.93080115318298,mouse_move,"""787,1040""",low
38.95001029968262,mouse_move,"""787,1039""",low
39.35573649406433,key_press,'e',low
39.63145160675049,key_press,'k',low
39.79754185676575,key_press,'k',low
40.08173370361328,key_press,'u',low
40.542073249816895,key_press,'v',low
40.628899574279785,key_press,'a',low
40.89765548706055,key_press,Key.space,low
41.6208221912384,key_press,'e',low
41.769296407699585,key_press,'e',low
41.933011054992676,key_press,Key.space,low
42.47386837005615,key_press,'k',low
42.60701322555542,key_press,'a',low
42.91188907623291,key_press,'d',low
43.26306509971619,key_press,'u',low
43.52082896232605,key_press,Key.space,low
43.76829981803894,key_press,'n',low
43.881081104278564,key_press,'a',low
44.063254594802856,key_press,'k',low
44.34865474700928,key_press,'u',low
44.605684757232666,key_press,Key.space,low
44.786255836486816,key_press,'v',low
44.91930651664734,key_press,'a',low
45.23436236381531,key_press,'d',low
45.589345932006836,key_press,'h',low
45.72212862968445,key_press,'u',low
46.02268075942993,key_press,Key.space,low
46.87645101547241,key_press,'i',low
47.02656126022339,key_press,'n',low
47.48734974861145,key_press,'k',low
47.77538251876831,key_press,'a',low
47.953659534454346,key_press,Key.space,low
48.1533260345459,key_press,'e',low
48.34581017494202,key_press,'n',low
48.430823802948,key_press,'n',low
48.631009101867676,key_press,'t',low
48.79727840423584,key_press,'i',low
49.00378918647766,key_press,Key.space,low
49.23333954811096,key_press,'s',low
49.48314666748047,key_press,'a',low
49.672995805740356,key_press,'n',low
50.097800493240356,key_press,'g',low
50.259559869766235,key_press,'i',low
50.56344223022461,key_press,'t',low
50.700270891189575,key_press,'a',low
51.00678610801697,key_press,'l',low
51.327356815338135,key_press,'u',low
51.58328700065613,key_press,Key.space,low
52.552196979522705,key_press,'a',low
53.73005747795105,key_press,'i',low
53.89765214920044,key_press,'n',low
54.09237551689148,key_press,'i',low
54.343130350112915,key_press,'k',low
54.56906723976135,key_press,'u',low
54.81780815124512,key_press,Key.space,low
54.9699547290802,key_press,'i',low
55.153337478637695,key_press,'s',low
55.35976195335388,key_press,'t',low
55.482293128967285,key_press,'a',low
55.5470232963562,key_press,'m',low
55.75909233093262,key_press,Key.space,low
55.87848353385925,key_press,'a',low
56.12263345718384,key_press,'i',low
56.513352155685425,key_press,Key.space,low
57.01347827911377,key_press,'m',low
57.17133331298828,key_press,'a',low
57.74421501159668,key_press,'n',low
58.21290564537048,key_press,'g',low
58.42485046386719,key_press,'o',low
58.469512701034546,key_press,'s',low
58.67129683494568,key_press,Key.space,low
59.052958726882935,key_press,'a',low
59.32605004310608,key_press,'d',low
59.52001762390137,key_press,'n',low
59.74908947944641,key_press,Key.space,low
60.39292907714844,key_press,'t',low
60.50690317153931,key_press,'a',low
60.90450859069824,key_press,'h',low
61.1059889793396,key_press,'t',low
61.2795090675354,key_press,'i',low
61.544206857681274,key_press,Key.space,low
62.200133085250854,key_press,'m',low
62.71599817276001,key_press,'u',low
62.939701318740845,key_press,'n',low
63.183313846588135,key_press,'g',low
63.37176179885864,key_press,'u',low
63.627631425857544,key_press,'l',low
63.837353467941284,key_press,'u',low
64.11156272888184,key_press,Key.space,low
64.69488310813904,key_press,'t',low
64.87365102767944,key_press,'e',low
65.3816294670105,key_press,'s',low
65.66047811508179,key_press,'u',low
66.04107642173767,key_press,'k',low
66.26201033592224,key_press,'u',low
66.56941294670105,key_press,'c',low
66.71616911888123,key_press,'a',low
67.4097375869751,key_press,'c',low
67.55344462394714,key_press,'h',low
67.61672019958496,key_press,'a',low
67.93240356445312,key_press,'r',low
68.12538719177246,key_press,'a',low
68.20910382270813,key_press,Key.space,low
69.61704444885254,key_press,'n',low
70.39723086357117,key_press,'a',low
70.60800004005432,key_press,'b',low
70.88018488883972,key_press,'v',low
71.448073387146,key_press,'u',low
71.64141917228699,key_press,'n',low
71.86951231956482,key_press,'u',low
72.06880593299866,key_press,Key.space,low
72.67950868606567,key_press,'n',low
72.84417867660522,key_press,'i',low
73.12093234062195,key_press,'k',low
73.33897399902344,key_press,'u',low
73.568843126297,key_press,Key.space,low
74.0124626159668,key_press,'e',low
74.12178564071655,key_press,'n',low
74.24840807914734,key_press,'t',low
74.39310622215271,key_press,'a',low
74.5247392654419,key_press,Key.space,low
75.00853610038757,key_press,'r',low
75.14387583732605,key_press,'a',low
75.31087470054626,key_press,Key.space,low
75.64609456062317,key_press,'r',low
75.77391219139099,key_press,'a',low
76.14158201217651,key_press,'n',low
76.28337717056274,key_press,'k',low
76.52003765106201,key_press,Key.space,low
76.94465899467468,key_press,'j',low
77.1129539012909,key_press,'e',low
77.32430982589722,key_press,'e',low
77.47116088867188,key_press,Key.space,low
78.08513927459717,key_press,'l',low
78.33039975166321,key_press,'o',low
78.58777904510498,key_press,Key.space,low
79.25187659263611,key_press,'m',low
79.35060787200928,key_press,'a',low
79.52859854698181,key_press,'n',low
79.87718677520752,key_press,'c',low
80.12699365615845,key_press,'h',low
80.24218201637268,key_press,'i',low
80.54863333702087,key_press,'g',low
80.69514012336731,key_press,'i',low
80.87114596366882,key_press,'a',low
81.12859106063843,key_press,Key.space,low
81.94664359092712,key_press,'v',low
82.08769845962524,key_press,'a',low
82.28811860084534,key_press,'n',low
82.48281955718994,key_press,'c',low
82.73721170425415,key_press,'h',low
82.88039660453796,key_press,'i',low
83.08153796195984,key_press,'n',low
83.30647921562195,key_press,'f',low
83.96175813674927,key_press,'d',low
84.23074626922607,key_press,'h',low
84.35005140304565,key_press,'i',low
84.58727431297302,key_press,Key.space,low
84.74642252922058,key_press,'a',low
84.9732825756073,key_press,'n',low
85.22882294654846,key_press,'i',low
85.43838286399841,key_press,Key.space,low
86.02131509780884,key_press,'v',low
86.19227838516235,key_press,'i',low
86.3766553401947,key_press,'n',low
86.54649043083191,key_press,'n',low
86.71232390403748,key_press,'a',low
86.9197952747345,key_press,Key.space,low
88.62812280654907,key_press,'s',low
89.10957431793213,key_press,'a',low
89.3502094745636,key_press,'r',low
89.46877002716064,key_press,'e',low
89.63763761520386,key_press,Key.space,low
90.05148696899414,key_press,'a',low
91.100257396698,key_press,'g',low
91.32639360427856,key_press,'u',low
91.46880960464478,key_press,'u',low
91.72325110435486,key_press,Key.space,low
92.23976707458496,key_press,'k',low
92.48331904411316,key_press,'o',low
92.72251415252686,key_press,'n',low
93.01255989074707,key_press,'c',low
93.20188188552856,key_press,'h',low
93.34694027900696,key_press,'a',low
93.50416159629822,key_press,'m',low
93.83030915260315,key_press,Key.space,low
94.16051769256592,key_press,'s',low
94.4341299533844,key_press,'e',low
94.72663927078247,key_press,'p',low
95.0752182006836,key_press,'u',low
95.36549043655396,key_press,Key.space,low
95.58148670196533,key_press,'a',low
96.19999670982361,key_press,'y',low
96.34592413902283,key_press,'i',low
96.5811517238617,key_press,'n',low
96.74476671218872,key_press,'a',low
96.93949222564697,key_press,Key.space,low
97.66139149665833,key_press,'t',low
97.79391765594482,key_press,'a',low
98.07597255706787,key_press,'r',low
98.38152837753296,key_press,'u',low
98.67102098464966,key_press,'v',low
98.80422043800354,key_press,'a',low
99.02766966819763,key_press,'t',low
99.1494653224945,key_press,'h',low
99.26155018806458,key_press,'a',low
99.46268653869629,key_press,Key.space,low
99.84703803062439,key_press,'c',low
100.17872405052185,key_press,'a',low
100.39394664764404,key_press,'l',low
100.55073595046997,key_press,'l',low
100.72671246528625,key_press,Key.space,low
100.92397618293762,key_press,'c',low
101.08680629730225,key_press,'h',low
101.18217754364014,key_press,'e',low
101.39642858505249,key_press,'s',low
101.62300086021423,key_press,'t',low
101.76959323883057,key_press,'h',low
101.76959323883057,key_press,'a',low
102.09926462173462,key_press,Key.space,low
102.91137027740479,key_press,'m',low
103.06995177268982,key_press,'a',low
103.26308369636536,key_press,'l',low
103.41600894927979,key_press,'l',low
103.60185408592224,key_press,'i',low
103.82239270210266,key_press,Key.space,low
104.53252577781677,key_press,'m',low
104.68250465393066,key_press,'a',low
104.82762217521667,key_press,Key.space,low
105.01033473014832,key_press,'v',low
105.10745000839233,key_press,'a',low
105.5094895362854,key_press,'l',low
105.68611168861389,key_press,'l',low
105.96453762054443,key_press,'u',low
106.21173191070557,key_press,Key.space,low
106.54610896110535,key_press,'d',low
106.73741912841797,key_press,'e',low
106.90189409255981,key_press,'n',low
107.09459447860718,key_press,'g',low
107.30423188209534,key_press,'u',low
107.49125289916992,key_press,'t',low
107.65931177139282,key_press,'h',low
107.66759467124939,key_press,'a',low
108.19109749794006,key_press,'r',low
108.34687566757202,key_press,'u',low
108.59868144989014,key_press,Key.space,low
109.59605574607849,key_press,'a',low
110.04563927650452,key_press,'s',low
110.40062189102173,key_press,'o',low
110.63234233856201,key_press,Key.space,low
111.2874505519867,key_press,'b',low
112.17850661277771,key_press,'o',low
112.32060956954956,key_press,'i',low
112.50683259963989,key_press,'i',low
112.61545443534851,key_press,'i',low
112.87215733528137,key_press,Key.space,low
113.13505387306213,key_press,'b',low
113.37787437438965,key_press,'o',low
113.5661768913269,key_press,'i',low
113.74459218978882,key_press,'i',low
113.87255692481995,key_press,'i',low
114.19742178916931,key_press,Key.enter,low
114.44917726516724,key_press,Key.ctrl_l,low
114.67578434944153,key_press,'\x03',low
1.2558352947235107,mouse_move,"""1083,1081""",low
1.2626194953918457,mouse_move,"""1082,1082""",low
1.2709836959838867,mouse_move,"""1082,1082""",low
1.2782018184661865,mouse_move,"""1081,1082""",low
1.2840330600738525,mouse_move,"""1080,1082""",low
1.2911465167999268,mouse_move,"""1079,1083""",low
1.2994611263275146,mouse_move,"""1079,1083""",low
1.3055157661437988,mouse_move,"""1077,1084""",low
1.314326286315918,mouse_move,"""1076,1084""",low
1.540635347366333,key_press,'h',low
1.688565969467163,key_press,'i',low
1.9800467491149902,key_press,Key.space,low
2.70110821723938,key_press,'a',low
2.8555731773376465,key_press,'n',low
3.157209634780884,key_press,'d',low
3.3371617794036865,key_press,'h',low
3.5573337078094482,key_press,'a',low
3.8823485374450684,key_press,'r',low
4.140929937362671,key_press,'u',low
4.378766298294067,key_press,Key.space,low
5.031189203262329,key_press,'e',low
5.256275653839111,key_press,'l',low
5.326765775680542,key_press,'a',low
5.82332706451416,key_press,'v',low
6.034202337265015,key_press,'u',low
6.276997089385986,key_press,'n',low
6.449006080627441,key_press,'n',low
6.483691453933716,key_press,'a',low
6.693884372711182,key_press,'r',low
6.886768817901611,key_press,'u',low
7.157977819442749,key_press,Key.space,low
8.136660099029541,key_press,'b',low
8.309795379638672,key_press,'a',low
8.582093715667725,key_press,'f',low
9.298275232315063,key_press,Key.backspace,low
9.474194288253784,key_press,'g',low
9.539516925811768,key_press,'a',low
9.782282829284668,key_press,Key.space,low
10.50704836845398,key_press,'t',low
10.676849126815796,key_press,'i',low
10.813287019729614,key_press,'n',low
10.959829330444336,key_press,'t',low
11.211260795593262,key_press,'u',low
11.422102451324463,key_press,'n',low
11.48439645767212,key_press,'a',low
11.706512212753296,key_press,'r',low
11.850301265716553,key_press,'a',low
12.054259538650513,key_press,Key.space,low
13.090720653533936,key_press,'a',low
13.216174602508545,key_press,'n',low
13.41715931892395,key_press,'s',low
13.57930326461792,key_press,'d',low
13.875945806503296,key_press,'h',low
14.132386445999146,key_press,'a',low
14.303205013275146,key_press,'r',low
14.509024381637573,key_press,'u',low
14.757262229919434,key_press,Key.space,low
14.965642929077148,key_press,'b',low
15.135418891906738,key_press,'a',low
15.51122522354126,key_press,'g',low
15.70506238937378,key_press,'g',low
15.92786431312561,key_press,'u',low
16.210803508758545,key_press,'n',low
16.306697130203247,key_press,'a',low
16.594230890274048,key_press,'e',low
16.771089553833008,key_press,'r',low
16.989989280700684,key_press,'a',low
17.28608465194702,key_press,Key.space,low
18.159096002578735,key_press,'a',low
19.35994291305542,key_press,'n',low
19.519779920578003,key_press,'e',low
19.71967101097107,key_press,'u',low
19.898582220077515,key_press,Key.space,low
21.05866503715515,key_press,'e',low
21.17499327659607,key_press,'k',low
21.334673166275024,key_press,'k',low
21.396655082702637,key_press,'a',low
21.96590256690979,key_press,'e',low
22.054829597473145,key_press,'d',low
22.125235080718994,key_press,'a',low
22.377554893493652,key_press,Key.space,low
22.790557622909546,key_press,'k',low
23.1372389793396,key_press,'u',low
23.550177812576294,key_press,'l',low
23.66202712059021,key_press,'a',low
23.89203977584839,key_press,'s',low
24.086888790130615,key_press,'a',low
24.601898431777954,key_press,'n',low
24.701125621795654,key_press,'a',low
25.19405460357666,key_press,'e',low
25.357181549072266,key_press,Key.space,low
26.25042414665222,key_press,'m',low
26.477211475372314,key_press,'i',low
26.904595136642456,key_press,'e',low
27.676571369171143,mouse_move,"""1076,1084""",low
27.696019649505615,mouse_move,"""1077,1084""",low
27.7108256816864,mouse_move,"""1077,1085""",low
27.714916706085205,mouse_move,"""1078,1085""",low
27.731927156448364,mouse_move,"""1078,1086""",low
27.739555835723877,mouse_move,"""1078,1086""",low
27.741552114486694,mouse_move,"""1079,1087""",low
27.76015567779541,mouse_move,"""1080,1087""",low
27.796931266784668,mouse_move,"""1080,1087""",low
27.838419198989868,key_press,'r',low
28.030903577804565,key_press,'u',low
28.28776240348816,key_press,Key.space,low
28.442121982574463,key_press,'a',low
28.65286660194397,key_press,'n',low
29.159440517425537,key_press,'d',low
29.337597131729126,key_press,'h',low
29.40343165397644,key_press,'a',low
29.662131547927856,key_press,'r',low
30.22119164466858,key_press,'u',low
30.48813009262085,key_press,Key.space,low
31.076374769210815,mouse_move,"""1080,1088""",low
31.083713054656982,mouse_move,"""1082,1089""",low
31.090397834777832,mouse_move,"""1083,1091""",low
31.097917795181274,mouse_move,"""1085,1091""",low
31.099074125289917,mouse_move,"""1086,1091""",low
31.11323380470276,mouse_move,"""1088,1091""",low
31.115215063095093,mouse_move,"""1089,1091""",low
31.122672080993652,mouse_move,"""1093,1091""",low
31.133527517318726,mouse_move,"""1096,1090""",low
31.138561010360718,mouse_move,"""1100,1088""",low
31.147490739822388,mouse_move,"""1104,1088""",low
31.155038595199585,mouse_move,"""1109,1088""",low
31.521186590194702,key_press,'k',low
31.746759176254272,key_press,'u',low
32.288094997406006,key_press,'l',low
32.528700828552246,key_press,'a',low
33.31664061546326,key_press,'s',low
33.498507499694824,key_press,'e',low
33.73185133934021,key_press,'a',low
33.73847770690918,key_press,'n',low
34.361138105392456,key_press,'a',low
34.80836200714111,key_press,'n',low
34.96916699409485,key_press,'a',low
35.32819652557373,key_press,'n',low
35.60128879547119,key_press,Key.space,low
35.91196870803833,key_press,'a',low
36.13782978057861,key_press,'n',low
36.30121469497681,key_press,'i',low
36.53379678726196,key_press,Key.space,low
36.635730266571045,key_press,'a',low
36.81608843803406,key_press,'n',low
37.10752081871033,key_press,'u',low
37.355119705200195,key_press,'k',low
37.61270499229431,key_press,'u',low
37.856494665145874,key_press,'n',low
38.06335926055908,key_press,'n',low
38.27418541908264,key_press,'a',low
38.468005657196045,key_press,Key.space,low
38.9742271900177,key_press,'i',low
39.405216455459595,key_press,'n',low
39.65013003349304,key_press,'k',low
39.943891763687134,key_press,'a',low
40.08211135864258,key_press,Key.space,low
40.969135761260986,key_press,'a',low
41.746288537979126,key_press,'a',low
41.7657470703125,key_press,'n',low
42.25034832954407,key_press,'d',low
42.348142862319946,key_press,'h',low
42.45637321472168,key_press,'a',low
42.82092881202698,key_press,'r',low
43.04616165161133,key_press,'u',low
43.29730558395386,key_press,Key.space,low
43.85570025444031,key_press,'i',low
44.088176250457764,key_press,'n',low
44.265830755233765,key_press,'k',low
44.43122839927673,key_press,'a',low
44.54777956008911,key_press,Key.space,low
44.77862071990967,key_press,'a',low
45.004305839538574,key_press,'l',low
45.60224795341492,key_press,'s',low
45.82710814476013,key_press,Key.space,low
46.418684005737305,key_press,'e',low
47.00220489501953,key_press,'=',low
47.22101950645447,key_press,'v',low
47.390830755233765,key_press,'u',low
47.551820039749146,key_press,'n',low
47.7097487449646,key_press,'n',low
47.776122093200684,key_press,'a',low
48.35272145271301,key_press,'r',low
48.50893044471741,key_press,'u',low
48.71888327598572,key_press,Key.space,low
49.40010380744934,key_press,'m',low
49.61084532737732,key_press,'i',low
49.85513162612915,key_press,'k',low
50.09602499008179,key_press,'u',low
50.30376696586609,key_press,Key.space,low
50.486876010894775,key_press,'i',low
50.71583867073059,key_press,'n',low
50.99960970878601,key_press,'t',low
51.160537242889404,key_press,'l',low
51.37777519226074,key_press,'o',low
51.63888692855835,key_press,Key.space,low
51.905680656433105,key_press,'a',low
52.10062837600708,key_press,'n',low
52.3407883644104,key_press,'t',low
52.47939658164978,key_press,'a',low
52.682249546051025,key_press,Key.space,low
52.89618110656738,key_press,'b',low
53.109946727752686,key_press,'a',low
53.37442398071289,key_press,'g',low
53.55857467651367,key_press,'u',low
53.719435930252075,key_press,'u',low
53.952850341796875,key_press,'n',low
53.96921181678772,key_press,'a',low
54.17815184593201,key_press,'n',low
54.376863956451416,key_press,'r',low
54.47412395477295,key_press,'a',low
54.72081279754639,key_press,Key.space,low
55.12186670303345,key_press,'m',low
55.26875114440918,key_press,'a',low
55.60348033905029,key_press,Key.space,low
55.84112596511841,key_press,'i',low
55.98661017417908,key_press,'n',low
56.29692053794861,key_press,'t',low
56.47202968597412,key_press,'l',low
56.63270282745361,key_press,'o',low
56.88042330741882,key_press,Key.space,low
57.162484884262085,key_press,'b',low
57.31999659538269,key_press,'a',low
57.699708700180054,key_press,'g',low
57.85735011100769,key_press,'u',low
58.259456157684326,key_press,'n',low
58.43392610549927,key_press,'n',low
58.54696440696716,key_press,'a',low
58.774877309799194,key_press,'r',low
59.049195766448975,key_press,'u',low
59.33087873458862,key_press,Key.space,low
59.988757371902466,key_press,'a',low
60.26321482658386,key_press,'n',low
60.56799507141113,key_press,'d',low
60.73016571998596,key_press,Key.space,low
61.378690004348755,key_press,'h',low
61.6236367225647,key_press,'e',low
61.774897813797,key_press,Key.space,low
62.05716586112976,key_press,'i',low
62.25995922088623,key_press,'d',low
62.40681576728821,key_press,Key.space,low
63.01959681510925,key_press,'v',low
63.16606831550598,key_press,'e',low
63.40440917015076,key_press,'r',low
63.66945028305054,key_press,'y',low
63.91850781440735,key_press,Key.space,low
65.20281314849854,key_press,'g',low
65.44566917419434,key_press,'o',low
65.58055233955383,key_press,'o',low
66.00357556343079,key_press,'d',low
66.16068363189697,key_press,Key.space,low
66.67464089393616,key_press,'b',low
66.84913468360901,key_press,'o',low
67.09598159790039,key_press,'y',low
67.25435519218445,key_press,Key.space,low
67.41524863243103,key_press,'a',low
67.63962697982788,key_press,'n',low
67.78490042686462,key_press,'d',low
67.97473454475403,key_press,Key.space,low
68.70008134841919,key_press,'a',low
69.0088222026825,key_press,'b',low
69.35877966880798,key_press,'h',low
69.6291286945343,key_press,'k',low
69.93650579452515,key_press,'j',low
69.98084759712219,key_press,'o',low
70.45513701438904,key_press,'n',low
70.63796353340149,key_press,Key.space,low
71.06397199630737,key_press,'a',low
71.30346870422363,key_press,'d',low
71.46478295326233,key_press,'f',low
71.5204496383667,key_press,'b',low
71.8951690196991,key_press,'h',low
72.02312731742859,key_press,'i',low
72.2158088684082,key_press,'r',low
72.35231518745422,key_press,'a',low
72.51878690719604,key_press,'m',low
72.7241530418396,key_press,Key.space,low
73.47790575027466,key_press,'c',low
73.63254189491272,key_press,'h',low
73.75364995002747,key_press,'u',low
73.90089750289917,key_press,'n',low
74.12547063827515,key_press,'d',low
74.24154734611511,key_press,'u',low
74.5466742515564,key_press,'r',low
74.68361806869507,key_press,'u',low
74.89424562454224,key_press,Key.space,low
75.67145562171936,key_press,'v',low
75.8479118347168,key_press,'e',low
75.99902129173279,key_press,'n',low
76.14167976379395,key_press,'k',low
76.26552391052246,key_press,'a',low
76.48170852661133,key_press,'t',low
76.70781993865967,key_press,'a',low
76.73834300041199,key_press,Key.space,low
77.22056007385254,key_press,'a',low
77.42049622535706,key_press,'n',low
77.63848686218262,key_press,'b',low
77.85495519638062,key_press,'h',low
78.0128607749939,key_press,'i',low
78.29716062545776,key_press,'t',low
78.41162371635437,key_press,'a',low
78.5713005065918,key_press,'m',low
78.767995595932,key_press,Key.space,low
79.3248393535614,key_press,'d',low
79.61072874069214,key_press,'b',low
79.82101392745972,key_press,'v',low
79.91318535804749,key_press,'e',low
80.46684455871582,key_press,'n',low
80.63037848472595,key_press,'k',low
80.79003381729126,key_press,'a',low
80.9564380645752,key_press,'u',low
81.19938039779663,key_press,'g',low
81.42777609825134,key_press,'n',low
81.5218288898468,key_press,'d',low
81.7337703704834,key_press,Key.space,low
82.53541779518127,mouse_move,"""1109,1088""",low
82.53738045692444,mouse_move,"""1110,1089""",low
82.54938745498657,mouse_move,"""1110,1091""",low
82.55327606201172,mouse_move,"""1111,1093""",low
82.56322050094604,mouse_move,"""1111,1095""",low
82.57047152519226,mouse_move,"""1111,1097""",low
82.57724738121033,mouse_move,"""1111,1097""",low
82.57724738121033,mouse_move,"""1111,1100""",low
82.59188866615295,mouse_move,"""1110,1102""",low
82.598548412323,mouse_move,"""1110,1104""",low
82.60183143615723,mouse_move,"""1108,1107""",low
82.61081290245056,mouse_move,"""1106,1110""",low
82.6202232837677,mouse_move,"""1105,1113""",low
82.62667918205261,mouse_move,"""1103,1115""",low
82.63405418395996,mouse_move,"""1102,1117""",low
82.64150023460388,mouse_move,"""1101,1119""",low
82.64755201339722,mouse_move,"""1101,1121""",low
82.64921474456787,mouse_move,"""1100,1122""",low
82.66204309463501,mouse_move,"""1100,1123""",low
82.66654706001282,mouse_move,"""1100,1124""",low
82.67694044113159,mouse_move,"""1100,1125""",low
82.68388104438782,mouse_move,"""1100,1126""",low
82.6902642250061,mouse_move,"""1100,1127""",low
82.69552421569824,mouse_move,"""1101,1127""",low
82.7050461769104,mouse_move,"""1102,1129""",low
82.71192526817322,mouse_move,"""1104,1129""",low
82.71192526817322,mouse_move,"""1106,1130""",low
82.72704100608826,mouse_move,"""1108,1130""",low
82.73481488227844,mouse_move,"""1109,1129""",low
82.7361216545105,mouse_move,"""1112,1128""",low
82.74653840065002,mouse_move,"""1115,1126""",low
83.90163397789001,key_press,'c',low
84.06119966506958,key_press,'h',low
84.1938705444336,key_press,'u',low
84.33952212333679,key_press,'n',low
84.65395712852478,key_press,'d',low
84.80946087837219,key_press,'u',low
84.98940849304199,key_press,'r',low
85.21531796455383,key_press,'u',low
85.43337512016296,key_press,Key.space,low
86.1085364818573,key_press,'l',low
86.22420310974121,key_press,'a',low
86.37808752059937,key_press,'l',low
86.58035969734192,key_press,'i',low
86.76029992103577,key_press,'t',low
86.92210698127747,key_press,'h',low
87.1489269733429,key_press,Key.space,low
87.921053647995,key_press,'d',low
88.23149943351746,key_press,'u',low
88.5106611251831,key_press,'r',low
88.76964902877808,key_press,'g',low
88.88433408737183,key_press,'a',low
89.09528160095215,key_press,Key.space,low
89.35361170768738,key_press,'p',low
89.5738434791565,key_press,'r',low
89.77167654037476,key_press,'e',low
89.9421055316925,key_press,'e',low
90.16685819625854,key_press,'t',low
90.33408117294312,key_press,'h',low
90.4236011505127,key_press,'a',low
90.65420150756836,key_press,'m',low
90.84035086631775,key_press,Key.space,low
91.06612944602966,key_press,'i',low
91.21325206756592,key_press,'s',low
91.3094527721405,key_press,Key.space,low
91.48329377174377,key_press,'a',low
91.68196129798889,key_press,Key.space,low
92.90402507781982,key_press,'g',low
93.08333492279053,key_press,'o',low
93.21988105773926,key_press,'o',low
93.46675133705139,key_press,'f',low
93.86798071861267,key_press,Key.backspace,low
94.05313920974731,key_press,'d',low
94.1892192363739,key_press,Key.space,low
94.79302144050598,key_press,'b',low
95.08921384811401,key_press,'o',low
95.3990433216095,key_press,'y',low
95.63664197921753,key_press,Key.space,low
95.97821831703186,key_press,'a',low
96.22280788421631,key_press,'k',low
96.26279997825623,key_press,'d',low
96.43977069854736,key_press,'f',low
96.57157135009766,key_press,'j',low
97.14135837554932,key_press,Key.space,low
97.66997003555298,key_press,'d',low
97.92294549942017,key_press,'j',low
98.1797468662262,key_press,'h',low
98.51445579528809,key_press,'y',low
98.7677640914917,key_press,'i',low
99.1199254989624,key_press,'n',low
99.50137066841125,key_press,Key.space,low
100.07032132148743,key_press,'a',low
100.87386918067932,key_press,'h',low
101.1546938419342,key_press,'e',low
101.29670596122742,key_press,Key.space,low
101.46574115753174,key_press,'i',low
101.69270300865173,key_press,'d',low
101.84226202964783,key_press,Key.space,low
102.08909296989441,key_press,'t',low
102.22760939598083,key_press,'h',low
102.2634756565094,key_press,'e',low
102.47007822990417,key_press,Key.space,low
103.79927849769592,key_press,'a',low
104.09356999397278,key_press,'b',low
104.26968216896057,key_press,'h',low
104.3264479637146,key_press,'i',low
104.4714457988739,key_press,'r',low
104.59214282035828,key_press,'a',low
104.77226448059082,key_press,'m',low
104.94212007522583,key_press,Key.space,low
105.64990949630737,mouse_move,"""1118,1128""",low
105.65679574012756,mouse_move,"""1121,1131""",low
105.66164517402649,mouse_move,"""1123,1132""",low
105.66665363311768,mouse_move,"""1124,1134""",low
105.67793202400208,mouse_move,"""1126,1135""",low
105.68015265464783,mouse_move,"""1127,1137""",low
105.68751668930054,mouse_move,"""1129,1138""",low
105.69460916519165,mouse_move,"""1131,1139""",low
105.70545506477356,mouse_move,"""1133,1140""",low
105.71060872077942,mouse_move,"""1135,1141""",low
105.74458026885986,mouse_move,"""1136,1142""",low
105.76355767250061,mouse_move,"""1136,1143""",low
105.7751693725586,mouse_move,"""1136,1143""",low
105.78340291976929,mouse_move,"""1136,1143""",low
105.79088521003723,mouse_move,"""1136,1144""",low
105.79481649398804,mouse_move,"""1135,1145""",low
105.80673551559448,mouse_move,"""1134,1145""",low
105.81088280677795,mouse_move,"""1133,1145""",low
105.81088280677795,mouse_move,"""1132,1145""",low
105.82588076591492,mouse_move,"""1131,1145""",low
105.83138298988342,mouse_move,"""1130,1145""",low
105.84203028678894,mouse_move,"""1129,1145""",low
105.85571575164795,mouse_move,"""1129,1145""",low
105.93587446212769,mouse_move,"""1129,1145""",low
105.94282341003418,key_press,'i',low
106.079106092453,key_press,'s',low
106.21508407592773,key_press,Key.space,low
106.37345242500305,key_press,'a',low
106.53600096702576,key_press,Key.space,low
106.95698237419128,key_press,'v',low
107.11246299743652,key_press,'e',low
107.83537149429321,key_press,'r',low
107.97628879547119,key_press,'y',low
108.1809344291687,key_press,Key.space,low
108.55760931968689,key_press,'g',low
108.7814724445343,key_press,'o',low
108.92985224723816,key_press,'o',low
109.21641826629639,key_press,'d',low
109.37660717964172,key_press,Key.space,low
109.5888831615448,key_press,'b',low
109.73799324035645,key_press,'o',low
110.69114875793457,key_press,Key.space,low
110.84205389022827,key_press,'y',low
111.07405066490173,key_press,'a',low
111.23743104934692,key_press,'n',low
111.32603597640991,key_press,'d',low
111.52443838119507,key_press,Key.space,low
112.86571955680847,key_press,'i',low
113.03086733818054,key_press,Key.space,low
113.24765944480896,key_press,'a',low
113.39251399040222,key_press,'m',low
113.5752158164978,key_press,Key.space,low
114.28292679786682,key_press,'s',low
114.60505557060242,key_press,'t',low
114.8766520023346,key_press,'u',low
115.02106022834778,key_press,'d',low
115.37839865684509,key_press,'y',low
115.51841115951538,key_press,'i',low
115.72231960296631,key_press,'n',low
115.9085693359375,key_press,'g',low
116.04174852371216,key_press,Key.space,low
116.21189451217651,key_press,'i',low
116.38482475280762,key_press,'n',low
116.54388403892517,key_press,Key.space,low
116.70742917060852,key_press,'a',low
116.84327864646912,key_press,'m',low
116.98740220069885,key_press,'r',low
117.11804747581482,key_press,'i',low
117.35665845870972,key_press,'t',low
117.46771049499512,key_press,'a',low
117.58155226707458,key_press,Key.space,low
117.95456147193909,key_press,'a',low
118.10123181343079,key_press,'m',low
118.74727630615234,mouse_move,"""1129,1145""",low
118.76250052452087,mouse_move,"""1129,1144""",low
118.76650786399841,mouse_move,"""1129,1144""",low
118.79178023338318,mouse_move,"""1128,1143""",low
118.79178023338318,mouse_move,"""1127,1142""",low
118.80032658576965,mouse_move,"""1126,1142""",low
118.809396982193,mouse_move,"""1125,1142""",low
118.81369829177856,mouse_move,"""1124,1141""",low
118.82476687431335,key_press,'=',low
119.03612232208252,key_press,'v',low
119.20283937454224,key_press,'i',low
119.46271204948425,key_press,'s',low
119.72043442726135,key_press,'h',low
119.97483277320862,key_press,'w',low
120.16479349136353,key_press,'a',low
120.63198733329773,key_press,Key.space,low
121.00705432891846,key_press,'v',low
121.13706040382385,key_press,'i',low
121.36056709289551,key_press,'f',low
121.93752694129944,key_press,'=',low
122.00851631164551,key_press,'d',low
122.1955816745758,key_press,'d',low
122.31622672080994,key_press,'h',low
122.56737327575684,key_press,'y',low
122.68181371688843,key_press,'a',low
123.32123112678528,key_press,'p',low
123.6238603591919,key_press,'r',low
124.13144874572754,key_press,'e',low
124.39818382263184,key_press,'t',low
124.55794715881348,key_press,'t',low
124.72082185745239,key_press,'a',low
124.84796380996704,key_press,'h',low
125.0822401046753,key_press,'m',low
125.23758959770203,key_press,Key.space,low
125.93963694572449,key_press,'i',low
126.0797266960144,key_press,'n',low
126.2885673046112,key_press,Key.space,low
127.27427220344543,key_press,'c',low
127.50096130371094,key_press,'i',low
127.97430276870728,key_press,'m',low
128.3421528339386,key_press,'b',low
128.42601609230042,key_press,'a',low
128.71123337745667,key_press,'t',low
128.97532653808594,key_press,'o',low
129.161696434021,key_press,'r',low
129.2726080417633,key_press,'e',low
129.48272156715393,key_press,Key.space,low
129.96892738342285,key_press,'a',low
130.1416780948639,key_press,'n',low
130.27406811714172,key_press,'d',low
130.43070912361145,key_press,Key.space,low
131.30751180648804,key_press,'i',low
131.51985025405884,key_press,Key.space,low
132.7470679283142,key_press,'w',low
133.31692743301392,key_press,'a',low
133.56326627731323,key_press,'m',low
133.74888134002686,key_press,'e',low
133.99100589752197,key_press,Key.space,low
134.21272921562195,key_press,'f',low
134.32662177085876,key_press,'o',low
134.46136593818665,key_press,'r',low
134.6328523159027,key_press,Key.space,low
135.14113330841064,key_press,'v',low
135.30476665496826,key_press,'i',low
135.46799278259277,key_press,'j',low
135.57971715927124,key_press,'a',low
136.30788564682007,mouse_move,"""1122,1141""",low
136.31591033935547,mouse_move,"""1118,1139""",low
136.32266855239868,mouse_move,"""1112,1136""",low
136.32699608802795,mouse_move,"""1106,1133""",low
136.33279514312744,mouse_move,"""1099,1130""",low
136.34307956695557,mouse_move,"""1093,1127""",low
136.34823846817017,mouse_move,"""1086,1123""",low
136.35718822479248,mouse_move,"""1078,1118""",low
136.36580991744995,mouse_move,"""1069,1113""",low
136.37246417999268,mouse_move,"""1060,1108""",low
136.37654829025269,mouse_move,"""1049,1101""",low
136.3848774433136,mouse_move,"""1039,1093""",low
136.3942244052887,mouse_move,"""1025,1083""",low
136.40143156051636,mouse_move,"""1010,1072""",low
136.40795373916626,mouse_move,"""995,1060""",low
136.41332578659058,key_press,'u',low
136.41332578659058,mouse_move,"""977,1045""",low
136.4218897819519,mouse_move,"""956,1029""",low
136.42736315727234,mouse_move,"""938,1016""",low
136.43609833717346,mouse_move,"""928,1007""",low
136.43609833717346,key_press,'u',low
136.4434792995453,mouse_move,"""920,997""",low
136.44568967819214,key_press,'y',low
136.45049118995667,mouse_move,"""916,990""",low
136.53662943840027,key_press,'a',low
136.89377760887146,key_press,'w',low
137.21918988227844,key_press,'a',low
137.56741881370544,key_press,'d',low
137.75907611846924,key_press,'a',low
137.92320466041565,key_press,Key.space,low
138.24399757385254,key_press,'a',low
138.87500667572021,key_press,'t',low
138.9857532978058,key_press,'o',low
139.22211480140686,key_press,Key.space,low
139.56731152534485,key_press,'s',low
139.9727087020874,key_press,'t',low
140.15164756774902,key_press,'u',low
140.32915425300598,key_press,'d',low
140.58899092674255,key_press,'y',low
140.79837942123413,key_press,Key.space,low
141.03153586387634,key_press,'i',low
141.14212131500244,key_press,'n',low
141.32643508911133,key_press,Key.space,low
141.5441210269928,key_press,'t',low
141.7090721130371,key_press,'h',low
141.8821942806244,key_press,'i',low
142.06664276123047,key_press,'s',low
142.25000047683716,key_press,Key.space,low
142.71156811714172,key_press,'a',low
142.85380005836487,key_press,'m',low
143.06265234947205,key_press,'a',low
143.43535804748535,key_press,'z',low
143.61469507217407,key_press,'o',low
144.03578519821167,key_press,'i',low
144.20035529136658,key_press,'n',low
144.36713528633118,key_press,'g',low
144.51772570610046,key_press,Key.space,low
144.93978595733643,key_press,'c',low
145.43834471702576,key_press,'o',low
145.63861632347107,key_press,'l',low
145.75602650642395,key_press,'l',low
145.93177819252014,key_press,'e',low
146.2039315700531,key_press,'g',low
146.35910034179688,key_press,'e',low
146.52304887771606,key_press,Key.space,low
146.80609154701233,key_press,'a',low
147.0162718296051,key_press,'n',low
147.11060166358948,key_press,'d',low
147.31624174118042,key_press,Key.space,low
148.0391399860382,key_press,'a',low
148.90446734428406,mouse_move,"""916,990""",low
148.90446734428406,mouse_move,"""918,990""",low
148.9151382446289,mouse_move,"""921,990""",low
148.92287850379944,mouse_move,"""922,990""",low
148.9321300983429,mouse_move,"""924,990""",low
148.93432021141052,mouse_move,"""926,990""",low
148.94291925430298,mouse_move,"""927,990""",low
148.9533567428589,mouse_move,"""928,990""",low
148.96066737174988,mouse_move,"""929,990""",low
148.96718525886536,mouse_move,"""929,990""",low
148.97881722450256,mouse_move,"""930,990""",low
149.00993084907532,mouse_move,"""930,990""",low
149.013108253479,mouse_move,"""930,989""",low
149.02043914794922,mouse_move,"""930,989""",low
149.0336410999298,mouse_move,"""929,987""",low
149.04546332359314,mouse_move,"""928,986""",low
149.05236411094666,mouse_move,"""926,986""",low
149.06005430221558,mouse_move,"""926,984""",low
149.4588315486908,key_press,'i',low
149.63882970809937,key_press,Key.space,low
149.8639841079712,key_press,'a',low
149.9851942062378,key_press,'m',low
150.1825692653656,key_press,Key.space,low
150.90734434127808,key_press,'h',low
151.05531477928162,key_press,'u',low
151.58838033676147,key_press,'g',low
151.95017647743225,key_press,'u',low
152.309983253479,key_press,'e',low
152.5080292224884,key_press,Key.space,low
153.2065532207489,key_press,'f',low
153.33293557167053,key_press,'a',low
153.43409729003906,key_press,'n',low
153.62140226364136,key_press,Key.space,low
153.78222584724426,key_press,'n',low
153.89159679412842,key_press,'a',low
154.15220069885254,key_press,'t',low
154.33043766021729,key_press,'u',low
154.45888471603394,key_press,'r',low
154.5970549583435,key_press,'e',low
154.7714581489563,key_press,'a',low
154.83568215370178,key_press,Key.space,low
155.12998700141907,key_press,'d',low
155.39720702171326,key_press,'n',low
155.62221765518188,key_press,Key.space,low
156.00396418571472,key_press,'o',low
156.38110494613647,key_press,'h',low
156.54085087776184,key_press,'i',low
156.77532267570496,key_press,'t',low
156.89731192588806,key_press,'i',low
157.42471194267273,key_press,'g',low
157.71079540252686,key_press,'r',low
157.92944860458374,key_press,'a',low
158.15633273124695,key_press,'p',low
158.41801404953003,key_press,'h',low
159.00588846206665,key_press,'y',low
159.17662811279297,key_press,Key.space,low
160.00306010246277,key_press,'f',low
160.11288237571716,key_press,'o',low
160.3490183353424,key_press,Key.space,low
160.5783131122589,key_press,'t',low
161.2905514240265,key_press,Key.space,low
161.44604325294495,key_press,'i',low
161.6214325428009,key_press,Key.space,low
162.16814064979553,key_press,'e',low
162.57155394554138,key_press,'w',low
162.76414012908936,key_press,'a',low
162.93458557128906,key_press,'n',low
163.05462384223938,key_press,'n',low
163.18589520454407,key_press,'a',low
163.3513412475586,key_press,Key.space,low
164.1971800327301,mouse_move,"""926,985""",low
164.2066786289215,mouse_move,"""928,989""",low
164.21045398712158,mouse_move,"""931,992""",low
164.22037076950073,mouse_move,"""933,996""",low
164.22445440292358,mouse_move,"""937,1000""",low
164.23399901390076,mouse_move,"""939,1003""",low
164.2419319152832,mouse_move,"""944,1009""",low
164.2492799758911,mouse_move,"""946,1013""",low
164.2560806274414,mouse_move,"""949,1016""",low
164.2589409351349,mouse_move,"""951,1019""",low
164.26878595352173,mouse_move,"""952,1021""",low
164.50191164016724,key_press,'t',low
165.15573120117188,mouse_move,"""953,1021""",low
165.16642236709595,mouse_move,"""953,1021""",low
165.17256450653076,mouse_move,"""955,1021""",low
165.1801404953003,mouse_move,"""956,1021""",low
165.18814158439636,mouse_move,"""956,1021""",low
165.18814158439636,mouse_move,"""957,1021""",low
165.20182466506958,mouse_move,"""958,1022""",low
165.20934414863586,mouse_move,"""958,1022""",low
165.21310687065125,mouse_move,"""959,1023""",low
165.22162747383118,mouse_move,"""960,1023""",low
165.23059630393982,mouse_move,"""961,1024""",low
165.2351734638214,mouse_move,"""961,1024""",low
165.238023519516,mouse_move,"""962,1024""",low
165.25180625915527,mouse_move,"""964,1024""",low
165.25407600402832,mouse_move,"""964,1024""",low
165.26323413848877,mouse_move,"""965,1024""",low
165.2734990119934,mouse_move,"""965,1025""",low
165.27727890014648,mouse_move,"""967,1026""",low
165.28601932525635,mouse_move,"""967,1026""",low
165.29474425315857,mouse_move,"""968,1026""",low
165.30166053771973,mouse_move,"""969,1027""",low
165.3035068511963,mouse_move,"""971,1027""",low
165.3158757686615,mouse_move,"""974,1028""",low
165.31799626350403,mouse_move,"""977,1030""",low
165.32567143440247,mouse_move,"""980,1033""",low
165.33685398101807,mouse_move,"""981,1035""",low
165.34285712242126,mouse_move,"""983,1037""",low
165.3517129421234,mouse_move,"""984,1041""",low
165.358473777771,mouse_move,"""984,1041""",low
165.3786165714264,key_press,'o',low
165.61819076538086,key_press,Key.space,low
165.76596212387085,key_press,'d',low
165.8641972541809,key_press,'o',low
166.15859961509705,key_press,Key.space,low
167.41156554222107,key_press,'t',low
167.60602974891663,key_press,'h',low
167.70631170272827,key_press,'o',low
167.8721001148224,key_press,'s',low
168.05379843711853,key_press,'e',low
168.2308852672577,key_press,Key.space,low
168.41831231117249,key_press,'i',low
168.56211185455322,key_press,'n',low
168.80832290649414,key_press,Key.space,low
169.06957817077637,key_press,'t',low
169.21912693977356,key_press,'h',low
169.45511436462402,key_press,'a',low
169.72008800506592,key_press,'t',low
170.0930314064026,key_press,Key.space,low
170.3105115890503,key_press,'p',low
170.4735507965088,key_press,'e',low
170.57848000526428,key_press,'r',low
170.89039611816406,key_press,'f',low
171.05090069770813,key_press,'e',low
171.344300031662,key_press,'c',low
171.55036735534668,key_press,'t',low
171.6822624206543,key_press,Key.space,low
172.0918653011322,key_press,'y',low
172.31694412231445,key_press,'r',low
172.516206741333,key_press,'a',low
172.98077392578125,key_press,'t',low
173.19035363197327,key_press,Key.space,low
173.88913559913635,key_press,'a',low
174.05008459091187,key_press,'n',low
174.323139667511,key_press,'d',low
174.4948878288269,key_press,Key.space,low
175.10038375854492,key_press,'i',low
175.23527836799622,key_press,'n',low
175.55420875549316,key_press,Key.space,low
175.77406430244446,key_press,'e',low
176.31190133094788,key_press,'t',low
176.439799785614,key_press,'h',low
176.5278823375702,key_press,'e',low
176.67986297607422,key_press,Key.space,low
177.70879125595093,mouse_move,"""986,1045""",low
177.71826338768005,mouse_move,"""987,1049""",low
177.725026845932,mouse_move,"""987,1051""",low
177.72675681114197,mouse_move,"""987,1054""",low
177.7393970489502,mouse_move,"""987,1056""",low
177.74654507637024,mouse_move,"""986,1056""",low
177.7542781829834,mouse_move,"""986,1056""",low
177.76118421554565,mouse_move,"""983,1056""",low
177.76515936851501,mouse_move,"""980,1056""",low
177.77613759040833,mouse_move,"""980,1056""",low
177.7825310230255,mouse_move,"""978,1056""",low
177.80735731124878,mouse_move,"""978,1056""",low
177.81562161445618,mouse_move,"""978,1056""",low
177.82138013839722,mouse_move,"""979,1056""",low
177.8314597606659,mouse_move,"""981,1057""",low
177.83887434005737,mouse_move,"""983,1058""",low
177.8457908630371,mouse_move,"""985,1059""",low
177.84826850891113,mouse_move,"""985,1059""",low
177.85974860191345,mouse_move,"""987,1060""",low
177.8675036430359,mouse_move,"""988,1060""",low
177.8712935447693,mouse_move,"""988,1060""",low
177.90462732315063,mouse_move,"""988,1060""",low
177.9178500175476,mouse_move,"""988,1060""",low
177.92032265663147,mouse_move,"""986,1060""",low
177.92885661125183,key_press,'i',low
178.0626072883606,key_press,'n',low
178.23634457588196,key_press,Key.space,low
178.73719787597656,key_press,'t',low
178.84872794151306,key_press,'h',low
178.97213315963745,key_press,'e',low
179.1754059791565,key_press,Key.space,low
180.12006950378418,key_press,'y',low
180.29217100143433,key_press,'r',low
180.562246799469,key_press,'a',low
181.05069994926453,key_press,'r',low
181.24298095703125,key_press,Key.space,low
182.18016457557678,key_press,'j',low
182.36060643196106,key_press,'i',low
182.67865419387817,key_press,'h',low
183.16438269615173,key_press,'b',low
183.18122053146362,key_press,Key.space,low
183.33896207809448,key_press,Key.space,low
183.6932315826416,key_press,'j',low
183.79429936408997,key_press,'f',low
183.9038655757904,key_press,'a',low
184.11633372306824,key_press,'n',low
184.53601098060608,key_press,'v',low
184.62418293952942,key_press,'h',low
184.95433020591736,key_press,'o',low
185.22374987602234,key_press,'s',low
185.3196427822113,key_press,'m',low
185.54934930801392,key_press,Key.space,low
185.95663189888,key_press,'c',low
186.34168648719788,key_press,'h',low
186.59507203102112,key_press,'a',low
186.76606488227844,key_press,'h',low
186.92954325675964,key_press,'s',low
187.05872201919556,key_press,'d',low
187.18297910690308,key_press,'f',low
187.53438019752502,key_press,Key.space,low
187.74253869056702,key_press,'j',low
187.90188431739807,key_press,'b',low
188.12187838554382,key_press,'i',low
188.36619305610657,key_press,'n',low
188.62629079818726,key_press,Key.space,low
189.67401933670044,key_press,Key.ctrl_l,low
189.99239897727966,key_press,'\x03',low
1.802319049835205,key_press,'h',low
1.9274044036865234,key_press,'i',low
2.135779857635498,key_press,Key.space,low
2.365063190460205,key_press,'r',low
2.477992534637451,key_press,'a',low
2.5921154022216797,key_press,Key.space,low
3.1258130073547363,key_press,'e',low
3.267737865447998,key_press,'l',low
3.4265096187591553,key_press,'a',low
3.618192195892334,key_press,Key.space,low
3.913412094116211,key_press,'b',low
4.330040454864502,key_press,'v',low
4.796169757843018,key_press,'u',low
4.991416692733765,key_press,'n',low
5.1204259395599365,key_press,'a',low
5.243818759918213,key_press,'v',low
5.37575364112854,key_press,Key.space,low
5.8733460903167725,key_press,'b',low
5.965936899185181,key_press,'a',low
6.1776347160339355,key_press,'g',low
6.275235176086426,key_press,'u',low
6.435973405838013,key_press,'n',low
6.6374852657318115,key_press,'v',low
6.76797890663147,key_press,'a',low
6.994837522506714,key_press,Key.space,low
7.75123405456543,key_press,'i',low
7.944915294647217,key_press,'n',low
8.204856157302856,key_press,'t',low
8.335200548171997,key_press,'o',low
8.546130180358887,key_press,'l',low
8.744426012039185,key_press,'o',low
8.955127239227295,key_press,Key.space,low
9.337262153625488,key_press,'a',low
9.450599670410156,key_press,'n',low
9.689457654953003,key_press,'d',low
10.082706212997437,key_press,'h',low
10.273778915405273,key_press,'a',low
10.463833808898926,key_press,'r',low
10.664057731628418,key_press,'u',low
10.89045786857605,key_press,Key.space,low
11.113844871520996,key_press,'b',low
11.227046728134155,key_press,'a',low
11.837931871414185,key_press,'n',low
11.980237007141113,key_press,'e',low
12.106740236282349,key_press,Key.space,low
12.589797973632812,key_press,'v',low
12.703595161437988,key_press,'u',low
12.860425472259521,key_press,'n',low
13.020136594772339,key_press,'a',low
13.039713859558105,key_press,'n',low
13.290613412857056,key_press,'r',low
13.517595529556274,key_press,'a',low
13.748732805252075,key_press,Key.space,low
14.92374062538147,key_press,'s',low
15.02026915550232,key_press,'o',low
15.246593952178955,key_press,Key.space,low
15.872479915618896,key_press,'i',low
16.049999952316284,key_press,'n',low
16.384392499923706,key_press,'k',low
16.595746278762817,key_press,'a',low
16.72552490234375,key_press,Key.space,low
16.892727375030518,key_press,'e',low
17.03837513923645,key_press,'n',low
17.75181746482849,key_press,'t',low
17.843072175979614,key_press,'i',low
18.007165908813477,key_press,Key.space,low
18.215883255004883,key_press,'r',low
18.34544277191162,key_press,'a',low
18.47868299484253,key_press,Key.space,low
19.20181441307068,key_press,'t',low
19.347241640090942,key_press,'i',low
19.510703325271606,key_press,'n',low
19.765194416046143,key_press,'a',low
20.060415506362915,key_press,'v',low
20.166210174560547,key_press,'a',low
20.388450384140015,key_press,Key.space,low
22.079521894454956,key_press,'e',low
22.174469470977783,key_press,'m',low
22.383371591567993,key_press,Key.space,low
22.699005842208862,key_press,'t',low
22.82894730567932,key_press,'i',low
22.988577604293823,key_press,'n',low
23.136494159698486,key_press,'a',low
23.409695148468018,key_press,'v',low
23.564975023269653,key_press,'v',low
23.726897954940796,key_press,Key.space,low
24.32877492904663,key_press,'a',low
24.460415363311768,key_press,'n',low
24.571701526641846,key_press,'d',low
24.719014406204224,key_press,Key.space,low
25.97465991973877,key_press,'m',low
26.071808338165283,key_press,'a',low
26.186254501342773,key_press,Key.space,low
26.46555471420288,key_press,'i',low
26.620159149169922,key_press,'n',low
26.746071577072144,key_press,'t',low
26.842182636260986,key_press,'i',low
27.021838903427124,key_press,'l',low
27.20128870010376,key_press,'i',low
27.419426202774048,key_press,Key.space,low
28.422194480895996,key_press,'r',low
28.56471562385559,key_press,'a',low
28.740357160568237,key_press,'r',low
28.8680477142334,key_press,'a',low
29.10343885421753,key_press,Key.space,low
29.477818250656128,key_press,'e',low
29.637131690979004,key_press,'p',low
29.832191467285156,key_press,'p',low
30.05980610847473,key_press,'u',low
30.310946464538574,key_press,'d',low
30.476257801055908,key_press,'h',low
30.60133719444275,key_press,'u',low
30.820471048355103,key_press,Key.space,low
30.848433017730713,key_press,'a',low
31.090285062789917,key_press,'t',low
31.780593872070312,key_press,Key.backspace,low
31.93769884109497,key_press,'y',low
32.114001750946045,key_press,'i',low
32.226810693740845,key_press,'a',low
32.35670042037964,key_press,'n',low
32.558565855026245,key_press,Key.space,low
33.73196840286255,key_press,'s',low
33.95967197418213,key_press,'i',low
34.16292214393616,key_press,Key.space,low
34.93243861198425,key_press,'h',low
35.91781163215637,key_press,'j',low
36.43762230873108,key_press,'e',low
36.599427700042725,key_press,'n',low
36.63102912902832,key_press,'n',low
37.367802143096924,key_press,'n',low
37.52987790107727,key_press,'i',low
37.714386224746704,key_press,'j',low
37.725914001464844,key_press,'j',low
38.05574941635132,key_press,'l',low
38.25172209739685,key_press,'c',low
38.396783113479614,key_press,'n',low
38.60671138763428,key_press,'e',low
38.658198833465576,key_press,'i',low
38.81917691230774,key_press,'h',low
39.1647834777832,key_press,Key.space,low
39.43128681182861,key_press,'h',low
39.44729423522949,key_press,'h',low
39.47877788543701,key_press,'f',low
39.73372459411621,key_press,'n',low
39.99034023284912,key_press,'k',low
40.22784495353699,key_press,'j',low
40.6089928150177,key_press,'j',low
40.891515493392944,key_press,'e',low
41.22638392448425,key_press,'d',low
41.49673509597778,key_press,'c',low
41.78894090652466,key_press,'o',low
41.879618883132935,key_press,'s',low
42.351813077926636,key_press,Key.space,low
42.39091873168945,key_press,Key.space,low
42.63120913505554,key_press,'j',low
42.735880613327026,key_press,'a',low
42.940056800842285,key_press,'l',low
42.95533275604248,key_press,'d',low
43.24807357788086,key_press,'j',low
43.91944360733032,key_press,'i',low
43.95207476615906,key_press,'w',low
44.16226840019226,key_press,'u',low
44.33892607688904,key_press,'r',low
44.709911823272705,key_press,'h',low
44.9835889339447,key_press,'f',low
45.20355486869812,key_press,'i',low
45.36520457267761,key_press,'a',low
45.39767551422119,key_press,'o',low
45.8017897605896,key_press,'n',low
45.965171337127686,key_press,'e',low
45.99674725532532,key_press,'i',low
46.12048101425171,key_press,'h',low
46.41194295883179,key_press,'g',low
46.64607787132263,key_press,Key.space,low
46.97683024406433,key_press,'a',low
46.993303060531616,key_press,'d',low
47.09017300605774,key_press,'k',low
47.138888359069824,key_press,'f',low
47.2120726108551,key_press,'h',low
47.55325365066528,key_press,'j',low
47.719770431518555,key_press,'o',low
47.73076915740967,key_press,'o',low
48.0875186920166,key_press,'e',low
48.10390663146973,key_press,'w',low
48.12205958366394,key_press,'w',low
48.27530908584595,key_press,'n',low
48.62128806114197,key_press,'b',low
48.82355237007141,key_press,'u',low
48.935593366622925,key_press,'v',low
48.99937081336975,key_press,'h',low
49.21306777000427,key_press,Key.space,low
49.92545294761658,key_press,'h',low
50.410773277282715,key_press,'j',low
50.88611459732056,key_press,'s',low
51.04793572425842,key_press,'o',low
51.26052284240723,key_press,Key.space,low
51.55542516708374,key_press,'i',low
51.78199362754822,key_press,Key.space,low
52.008071184158325,key_press,'a',low
52.13845777511597,key_press,'m',low
52.31610631942749,key_press,Key.space,low
52.9338915348053,key_press,'i',low
53.306288957595825,key_press,'s',low
53.306288957595825,key_press,Key.space,low
53.9021430015564,key_press,'m',low
54.220707654953,key_press,'e',low
54.539616107940674,key_press,'g',low
54.637028217315674,key_press,'h',low
54.733235597610474,key_press,'a',low
54.982909202575684,key_press,'n',low
55.14850354194641,key_press,'a',low
55.32856202125549,key_press,'a',low
55.4986457824707,key_press,'a',low
55.775803565979004,key_press,'a',low
56.11575174331665,key_press,Key.space,low
56.3566529750824,key_press,'s',low
56.488590240478516,key_press,'i',low
56.83615040779114,key_press,'r',low
56.99648404121399,key_press,'r',low
58.22653079032898,key_press,'n',low
58.47092270851135,key_press,'j',low
58.681878328323364,key_press,'9',low
59.13565683364868,key_press,'e',low
59.26257371902466,key_press,'o',low
59.44936680793762,key_press,'i',low
59.96598505973816,key_press,'j',low
60.44961190223694,key_press,Key.space,low
60.63119697570801,key_press,'v',low
60.712438344955444,key_press,'h',low
60.9225857257843,key_press,'b',low
61.094379901885986,key_press,'a',low
61.12593603134155,key_press,'i',low
61.18934082984924,key_press,'d',low
61.18934082984924,key_press,'s',low
61.432950258255005,key_press,'j',low
61.68364882469177,key_press,'n',low
61.84577131271362,key_press,'c',low
61.92664337158203,key_press,'k',low
62.146729469299316,key_press,'p',low
62.198846101760864,key_press,'a',low
62.43804931640625,key_press,'i',low
62.45266556739807,key_press,'e',low
62.80697536468506,key_press,'r',low
62.96920704841614,key_press,'i',low
63.223039865493774,key_press,'n',low
63.40770101547241,key_press,'n',low
63.63850259780884,key_press,'i',low
63.774598360061646,key_press,'t',low
63.935781955718994,key_press,'j',low
64.0978364944458,key_press,'d',low
64.16900253295898,key_press,'j',low
64.32872462272644,key_press,'l',low
64.33252048492432,key_press,'k',low
64.41332507133484,key_press,'g',low
64.42957711219788,key_press,'j',low
64.76042819023132,key_press,Key.space,low
64.965829372406,key_press,'u',low
65.09308552742004,key_press,'9',low
65.23690867424011,key_press,'u',low
65.57470488548279,key_press,'w',low
65.86402034759521,key_press,'o',low
66.0417582988739,key_press,'i',low
66.10726046562195,key_press,'t',low
66.46356797218323,key_press,'h',low
67.2740831375122,key_press,'d',low
67.45078492164612,key_press,'j',low
67.52697396278381,key_press,'f',low
67.55341982841492,key_press,'f',low
67.66727828979492,key_press,'n',low
67.90832138061523,key_press,'i',low
68.101975440979,key_press,'v',low
68.71439909934998,key_press,'r',low
68.80987477302551,key_press,'j',low
69.12551879882812,key_press,'p',low
69.38297748565674,key_press,'i',low
69.7826178073883,key_press,'q',low
69.87808775901794,key_press,'o',low
70.40597081184387,key_press,Key.space,low
70.7077088356018,key_press,'j',low
70.72478604316711,key_press,'g',low
70.9287040233612,key_press,'i',low
71.00190114974976,key_press,'g',low
71.19344830513,key_press,'n',low
71.59874510765076,key_press,'b',low
71.79157519340515,key_press,'c',low
72.17866253852844,key_press,'p',low
72.30765581130981,key_press,'s',low
72.42013764381409,key_press,'o',low
72.73969578742981,key_press,'d',low
73.04856514930725,key_press,'g',low
73.08915710449219,key_press,'k',low
73.26751184463501,key_press,'h',low
73.3126745223999,key_press,'j',low
73.34426689147949,key_press,'j',low
73.55453872680664,key_press,'h',low
73.81833410263062,key_press,'w',low
74.04484391212463,key_press,'o',low
74.31468296051025,key_press,'u',low
74.62278485298157,key_press,Key.space,low
74.95086121559143,key_press,'h',low
75.16191291809082,key_press,'i',low
75.49843192100525,key_press,'8',low
76.12785172462463,key_press,'v',low
76.35301923751831,key_press,'g',low
76.66177034378052,key_press,'a',low
76.9616916179657,key_press,'d',low
76.97788166999817,key_press,'i',low
77.2537350654602,key_press,'j',low
77.48825478553772,key_press,'c',low
77.63548231124878,key_press,Key.space,low
77.85367131233215,key_press,'o',low
77.9014401435852,key_press,'s',low
77.95148372650146,key_press,'d',low
78.48017287254333,key_press,'u',low
78.49590706825256,key_press,'o',low
78.6249098777771,key_press,'h',low
78.64101767539978,key_press,'y',low
78.92711615562439,key_press,'9',low
78.97610878944397,key_press,'r',low
79.1870424747467,key_press,'i',low
79.39146375656128,key_press,'i',low
79.65605568885803,key_press,'k',low
79.68467998504639,key_press,'k',low
79.85965466499329,key_press,'r',low
79.93966269493103,key_press,'j',low
80.28065085411072,key_press,'h',low
80.30846571922302,key_press,'h',low
80.58390855789185,key_press,Key.space,low
82.87376880645752,key_press,'o',low
83.11503553390503,key_press,'s',low
83.35542106628418,key_press,'n',low
83.7279417514801,key_press,Key.space,low
84.41916370391846,key_press,'i',low
84.60215926170349,key_press,'n',low
84.63448739051819,key_press,'n',low
84.76380753517151,key_press,'n',low
85.09864330291748,key_press,'a',low
85.22396397590637,key_press,Key.space,low
85.58212280273438,key_press,'t',low
85.9296567440033,key_press,'e',low
86.04272723197937,key_press,'h',low
86.1554696559906,key_press,'i',low
86.45470881462097,key_press,'r',low
86.63320350646973,key_press,'a',low
86.74593591690063,key_press,Key.space,low
87.10459494590759,key_press,'h',low
87.29205989837646,key_press,'i',low
87.55310344696045,key_press,'i',low
87.91167044639587,key_press,'d',low
87.94401121139526,key_press,'d',low
88.04161548614502,key_press,'f',low
88.07396483421326,key_press,'f',low
88.09013509750366,key_press,'h',low
88.21907424926758,key_press,'o',low
88.21907424926758,key_press,'8',low
88.41972160339355,key_press,'h',low
88.61364960670471,key_press,'j',low
88.71266269683838,key_press,'n',low
88.88246440887451,key_press,'a',low
88.9492404460907,key_press,'h',low
88.98105216026306,key_press,'g',low
89.12485456466675,key_press,'j',low
89.26830649375916,key_press,Key.space,low
89.49250102043152,key_press,'i',low
89.52622532844543,key_press,'i',low
89.59030675888062,key_press,'h',low
89.84211540222168,key_press,'e',low
89.84211540222168,key_press,'w',low
89.9416356086731,key_press,'i',low
90.14288687705994,key_press,'a',low
90.1482880115509,key_press,'s',low
90.163982629776,key_press,'d',low
90.41954946517944,key_press,Key.space,low
90.7212975025177,key_press,'i',low
90.88229751586914,key_press,'h',low
90.89609098434448,key_press,'g',low
91.11856865882874,key_press,'l',low
91.13475775718689,key_press,'k',low
91.31390810012817,key_press,'g',low
91.45982527732849,key_press,'e',low
91.45982527732849,key_press,'n',low
91.49242520332336,key_press,'w',low
91.55741143226624,key_press,Key.space,low
91.64248037338257,key_press,'g',low
91.90202379226685,key_press,'a',low
91.9995493888855,key_press,'h',low
92.07898879051208,key_press,'g',low
92.1688461303711,key_press,'k',low
92.20236158370972,key_press,';',low
92.31645083427429,key_press,'j',low
92.46258330345154,key_press,'a',low
92.47854232788086,key_press,'w',low
92.51052689552307,key_press,'e',low
92.52638244628906,key_press,'e',low
92.71530246734619,key_press,Key.space,low
93.33010840415955,key_press,Key.enter,low
93.96753740310669,key_press,Key.ctrl_l,low
94.41413235664368,key_press,'\x03',low
0.9618957042694092,key_press,'h',low
1.0529391765594482,key_press,'i',low
1.3139684200286865,key_press,Key.space,low
1.530832052230835,key_press,'r',low
1.639819622039795,key_press,'a',low
1.720534324645996,key_press,Key.space,low
2.1423518657684326,key_press,'e',low
2.234684944152832,key_press,'l',low
2.3614540100097656,key_press,'a',low
2.7734901905059814,key_press,'v',low
2.874498128890991,key_press,Key.space,low
3.0312516689300537,key_press,'u',low
3.2050156593322754,key_press,'n',low
3.3452701568603516,key_press,'a',low
3.4676032066345215,key_press,'v',low
3.607097864151001,key_press,Key.space,low
4.079437971115112,key_press,'b',low
4.158085823059082,key_press,'a',low
4.3924596309661865,key_press,'g',low
4.531862258911133,key_press,'u',low
4.67706036567688,key_press,'n',low
4.7958664894104,key_press,'v',low
4.902368068695068,key_press,'a',low
5.0672197341918945,key_press,Key.space,low
5.517646074295044,key_press,'r',low
5.652109622955322,key_press,'a',low
6.26507830619812,key_press,Key.space,low
6.436168670654297,key_press,'i',low
6.545597791671753,key_press,'n',low
6.742517709732056,key_press,'k',low
6.900856018066406,key_press,'a',low
7.031477212905884,key_press,Key.space,low
7.361810922622681,key_press,'n',low
7.564897298812866,key_press,'e',low
7.580933332443237,key_press,'j',low
7.733496427536011,key_press,'b',low
7.9095377922058105,key_press,'i',low
8.281040906906128,key_press,Key.space,low
8.597620487213135,key_press,'s',low
8.86069941520691,key_press,'e',low
9.093346357345581,key_press,'n',low
9.328803300857544,key_press,'s',low
9.328803300857544,key_press,'o',low
9.53186559677124,key_press,'n',low
9.76607894897461,key_press,'d',low
10.094281673431396,key_press,'t',low
10.327864646911621,key_press,'i',low
10.718981504440308,key_press,'i',low
10.945431470870972,key_press,Key.space,low
11.313557863235474,key_press,'b',low
11.513664245605469,key_press,'i',low
11.710044622421265,key_press,'j',low
11.865586042404175,key_press,'n',low
12.093283414840698,key_press,'l',low
12.33151125907898,key_press,'t',low
12.506863117218018,key_press,Key.space,low
12.679320096969604,key_press,'i',low
12.872608184814453,key_press,Key.space,low
13.409859657287598,key_press,'a',low
13.679665803909302,key_press,'g',low
13.971473693847656,key_press,'n',low
14.593603372573853,key_press,'r',low
14.756156206130981,key_press,'a',low
14.852152347564697,key_press,Key.space,low
17.047779321670532,key_press,'n',low
17.250996828079224,key_press,'n',low
17.42035174369812,key_press,'k',low
17.626647233963013,key_press,'a',low
17.76534104347229,key_press,Key.space,low
18.130335092544556,key_press,'a',low
18.390013217926025,key_press,'e',low
18.603294849395752,key_press,Key.space,low
18.760531663894653,key_press,'a',low
19.301064252853394,key_press,'n',low
19.457916736602783,key_press,'k',low
19.640769958496094,key_press,'n',low
19.767639636993408,key_press,'i',low
20.127893686294556,key_press,'d',low
20.33761739730835,key_press,'l',low
20.35906410217285,key_press,'l',low
20.536142349243164,key_press,Key.space,low
20.773625135421753,key_press,Key.space,low
22.281548976898193,mouse_move,"""858,1115""",low
22.30204129219055,mouse_move,"""854,1113""",low
22.309108018875122,mouse_move,"""852,1111""",low
22.316002368927002,mouse_move,"""848,1108""",low
22.323002815246582,mouse_move,"""842,1106""",low
22.433151960372925,key_press,'o',low
22.624417781829834,key_press,'k',low
22.890745878219604,key_press,'n',low
23.719056844711304,key_press,'r',low
23.893784761428833,key_press,'a',low
24.109968423843384,key_press,Key.space,low
24.874460458755493,key_press,'l',low
25.11020064353943,key_press,'k',low
25.35438084602356,key_press,'j',low
26.2517032623291,key_press,Key.space,low
29.249532461166382,key_press,'s',low
29.390061855316162,key_press,'i',low
29.651245594024658,key_press,Key.space,low
29.93786120414734,key_press,'u',low
30.142595529556274,key_press,Key.space,low
30.578742742538452,key_press,'j',low
30.746286392211914,key_press,'a',low
30.868703365325928,key_press,Key.space,low
31.16954517364502,key_press,'r',low
31.331242561340332,key_press,'a',low
31.44968032836914,key_press,Key.space,low
32.01078963279724,key_press,'s',low
32.20449995994568,key_press,'a',low
32.625056743621826,key_press,'b',low
32.73462510108948,key_press,'g',low
32.84488320350647,key_press,'a',low
33.187862157821655,key_press,'t',low
33.42174029350281,key_press,'h',low
33.48405575752258,key_press,'i',low
33.70091223716736,key_press,'b',low
34.06281781196594,key_press,'r',low
34.19423842430115,key_press,'a',low
34.2995548248291,key_press,Key.space,low
34.752620220184326,key_press,'j',low
34.922571897506714,key_press,'h',low
35.448314905166626,key_press,Key.space,low
52.223387002944946,key_press,'j',low
52.39386606216431,key_press,'i',low
52.45764899253845,key_press,'f',low
52.493918657302856,key_press,'j',low
52.547815799713135,key_press,'s',low
52.60938239097595,key_press,'p',low
52.642109870910645,key_press,'g',low
52.66367769241333,key_press,'j',low
52.751248836517334,key_press,'p',low
52.76779127120972,key_press,'o',low
52.800716161727905,key_press,'f',low
52.845351696014404,key_press,'j',low
52.923346757888794,key_press,'p',low
53.514230728149414,key_press,'f',low
53.62687134742737,key_press,'i',low
53.686864137649536,key_press,'s',low
53.71899747848511,key_press,'j',low
54.23410415649414,key_press,Key.space,low
54.25418162345886,key_press,Key.space,low
55.17285633087158,key_press,'j',low
55.39464712142944,key_press,'j',low
55.56291842460632,key_press,'u',low
55.863585233688354,key_press,'n',low
56.03271245956421,key_press,'b',low
56.159069299697876,key_press,'f',low
56.34473276138306,key_press,'f',low
56.378899812698364,key_press,'j',low
56.56314539909363,key_press,'f',low
56.6285080909729,key_press,'n',low
56.6405143737793,key_press,'n',low
56.74969816207886,key_press,'f',low
56.81805896759033,key_press,'i',low
56.85506868362427,key_press,'d',low
56.93389368057251,key_press,'f',low
57.219844818115234,key_press,Key.space,low
57.564241886138916,key_press,'h',low
57.59706163406372,key_press,'f',low
57.734044551849365,key_press,'i',low
57.80956220626831,key_press,'j',low
57.80956220626831,key_press,'f',low
58.42538499832153,key_press,'e',low
58.62440299987793,key_press,'e',low
58.65610861778259,key_press,'h',low
58.825979471206665,key_press,'a',low
58.84343719482422,key_press,'o',low
59.00360107421875,key_press,'a',low
59.00360107421875,key_press,'j',low
59.26298952102661,key_press,'n',low
59.376646757125854,key_press,'d',low
59.392435789108276,key_press,'s',low
59.52874827384949,key_press,'f',low
59.59346890449524,key_press,'d',low
59.70404076576233,key_press,'f',low
59.78462553024292,key_press,'d',low
60.0217444896698,key_press,'v',low
60.0957818031311,key_press,'f',low
60.20505428314209,key_press,'j',low
60.20505428314209,key_press,'k',low
60.282175064086914,key_press,'b',low
60.356773853302,key_press,'v',low
60.41572856903076,key_press,'n',low
60.57808065414429,key_press,'o',low
60.593366861343384,key_press,'p',low
60.75140571594238,key_press,'s',low
60.75140571594238,key_press,'d',low
60.77873778343201,key_press,'j',low
60.83947563171387,key_press,'f',low
60.967966079711914,key_press,Key.space,low
61.00968384742737,key_press,'f',low
61.17273688316345,key_press,'b',low
61.31367588043213,key_press,'v',low
61.34214401245117,key_press,'h',low
61.41136980056763,key_press,'s',low
61.54442548751831,key_press,'f',low
61.56058168411255,key_press,'f',low
61.60882019996643,key_press,'d',low
61.60882019996643,key_press,'s',low
61.624491691589355,key_press,'j',low
61.79647254943848,key_press,'n',low
61.84400296211243,key_press,'f',low
61.945478677749634,key_press,'e',low
61.9861056804657,key_press,Key.space,low
62.0522198677063,key_press,'f',low
62.12471675872803,key_press,'s',low
62.17192983627319,key_press,'b',low
62.22150135040283,key_press,'f',low
62.28701567649841,key_press,'s',low
62.28701567649841,key_press,'d',low
62.35679745674133,key_press,'o',low
62.40909028053284,key_press,'f',low
62.486489057540894,key_press,'s',low
62.50810980796814,key_press,'j',low
62.686700105667114,key_press,Key.space,low
62.89948058128357,key_press,'z',low
62.90854525566101,key_press,Key.space,low
63.01438355445862,key_press,'d',low
63.03409790992737,key_press,'j',low
63.09724545478821,key_press,'b',low
63.23005962371826,key_press,'i',low
63.2340669631958,key_press,'p',low
63.24962401390076,key_press,'s',low
63.28157687187195,key_press,'j',low
63.32651925086975,key_press,'f',low
63.483322620391846,key_press,'r',low
63.672441482543945,key_press,'r',low
63.73782539367676,key_press,Key.space,low
63.743409395217896,key_press,'w',low
63.75584316253662,key_press,'e',low
63.86123299598694,key_press,'g',low
63.92176795005798,key_press,Key.space,low
63.954671144485474,key_press,'e',low
63.96431803703308,key_press,'r',low
64.06496906280518,key_press,'j',low
64.06496906280518,key_press,'g',low
64.1555233001709,key_press,'b',low
64.1635582447052,key_press,'s',low
64.28396129608154,key_press,'v',low
64.43739295005798,key_press,'n',low
64.53709769248962,key_press,'v',low
64.61504435539246,key_press,Key.space,low
64.67731976509094,key_press,'f',low
64.76498579978943,key_press,'v',low
64.82987117767334,key_press,'h',low
64.84831380844116,key_press,'s',low
64.86857008934021,key_press,'d',low
64.99893355369568,key_press,'f',low
65.0331563949585,key_press,'d',low
65.14247417449951,key_press,'c',low
65.22163653373718,key_press,Key.space,low
65.2517921924591,key_press,'s',low
65.26755619049072,key_press,'d',low
65.36296916007996,key_press,'v',low
65.42042374610901,key_press,'i',low
65.45198631286621,key_press,'s',low
65.56328511238098,key_press,'f',low
65.5933928489685,key_press,'n',low
65.66338872909546,key_press,'s',low
65.73360919952393,key_press,Key.space,low
65.76782202720642,key_press,'v',low
65.92316055297852,key_press,'f',low
65.92316055297852,key_press,'u',low
66.00907063484192,key_press,'v',low
66.03008365631104,key_press,'b',low
66.12603878974915,key_press,'d',low
66.14175772666931,key_press,'f',low
66.18002510070801,key_press,Key.space,low
66.3226809501648,key_press,'d',low
66.3436529636383,key_press,'f',low
66.3436529636383,key_press,'j',low
66.42218041419983,key_press,'n',low
66.43860697746277,key_press,'v',low
66.5317018032074,key_press,'f',low
66.59674787521362,key_press,Key.space,low
66.65883302688599,key_press,'v',low
66.69136023521423,key_press,'s',low
66.76820755004883,key_press,'v',low
66.86878800392151,key_press,Key.space,low
66.9999213218689,key_press,'i',low
67.07733988761902,key_press,'f',low
67.09336400032043,key_press,'d',low
67.15839958190918,key_press,Key.space,low
67.28019976615906,key_press,'f',low
67.33296537399292,key_press,'j',low
67.42213582992554,key_press,Key.space,low
67.57212996482849,key_press,'h',low
67.5794370174408,key_press,'j',low
67.61141562461853,key_press,'d',low
67.6752724647522,key_press,Key.space,low
67.79940938949585,key_press,'i',low
67.82456016540527,key_press,'f',low
67.89851570129395,key_press,Key.space,low
67.90824556350708,key_press,'v',low
67.98373818397522,key_press,'s',low
68.11473608016968,key_press,'v',low
68.22113823890686,key_press,'j',low
68.31443405151367,key_press,'v',low
68.37353253364563,key_press,Key.space,low
68.41103506088257,key_press,'s',low
68.49361395835876,key_press,'o',low
68.51249289512634,key_press,'j',low
68.52292823791504,key_press,'v',low
68.5778546333313,key_press,'d',low
68.59350848197937,key_press,'f',low
68.60979104042053,key_press,Key.space,low
68.73572039604187,key_press,'k',low
68.75148844718933,key_press,'j',low
68.79256224632263,key_press,'d',low
68.79556727409363,key_press,'f',low
68.82795667648315,key_press,'b',low
68.92134284973145,key_press,'v',low
69.00303387641907,key_press,'s',low
69.01251101493835,key_press,'f',low
69.08309602737427,key_press,Key.space,low
69.15772891044617,key_press,'v',low
69.19028210639954,key_press,'f',low
69.20627498626709,key_press,'s',low
69.34291648864746,key_press,'v',low
69.39191722869873,key_press,Key.space,low
69.44407320022583,key_press,'f',low
69.4520754814148,key_press,'d',low
69.55548334121704,key_press,'v',low
69.66772484779358,key_press,'d',low
69.67173147201538,key_press,'f',low
69.7059965133667,key_press,Key.space,low
69.8625922203064,key_press,'j',low
69.8801679611206,key_press,'f',low
69.89094305038452,key_press,'d',low
69.89943504333496,key_press,'z',low
69.98656225204468,key_press,Key.space,low
70.08634996414185,key_press,'d',low
70.09999489784241,key_press,'f',low
70.1561188697815,key_press,'j',low
70.26974081993103,key_press,'f',low
70.27570104598999,key_press,'d',low
70.34390258789062,key_press,'o',low
70.38493752479553,key_press,'v',low
70.43640637397766,key_press,Key.space,low
70.54584503173828,key_press,'k',low
70.5559618473053,key_press,'j',low
70.62608432769775,key_press,Key.space,low
70.6868987083435,key_press,'b',low
70.83368301391602,key_press,'e',low
70.85317325592041,key_press,'r',low
70.87456798553467,key_press,'i',low
71.0158257484436,key_press,Key.space,low
71.08877086639404,key_press,'d',low
71.09274983406067,key_press,'f',low
71.19904375076294,key_press,'j',low
71.28299760818481,key_press,Key.space,low
71.30825448036194,key_press,'d',low
71.393718957901,key_press,'b',low
71.42087459564209,key_press,'i',low
71.54681825637817,key_press,'d',low
71.69003963470459,key_press,'n',low
71.69378566741943,key_press,'k',low
71.84113073348999,key_press,Key.space,low
71.90688490867615,key_press,'s',low
71.93948268890381,key_press,'i',low
71.99990892410278,key_press,'v',low
72.12628746032715,key_press,Key.space,low
72.17259335517883,key_press,'s',low
72.18257880210876,key_press,'f',low
72.19256210327148,key_press,'j',low
72.29664921760559,key_press,'v',low
72.36057567596436,key_press,Key.space,low
72.41837644577026,key_press,'d',low
72.43441534042358,key_press,'f',low
72.49833798408508,key_press,'j',low
72.5995762348175,key_press,Key.space,low
72.65756130218506,key_press,'f',low
72.67355871200562,key_press,'d',low
72.68930697441101,key_press,'i',low
72.79716897010803,key_press,'v',low
72.85982394218445,key_press,Key.space,low
72.8845329284668,key_press,'r',low
73.03614926338196,key_press,'v',low
73.08081984519958,key_press,'s',low
73.09821844100952,key_press,'j',low
73.30153131484985,key_press,'v',low
73.45201683044434,key_press,'o',low
73.45201683044434,key_press,'i',low
73.46774387359619,key_press,'d',low
73.49047303199768,key_press,'f',low
73.62158155441284,key_press,'b',low
73.66194820404053,key_press,Key.space,low
73.71359920501709,key_press,'d',low
73.71860790252686,key_press,'f',low
73.80758213996887,key_press,'j',low
73.89220762252808,key_press,'b',low
73.96909689903259,key_press,Key.space,low
74.06262135505676,key_press,'x',low
74.07845616340637,key_press,'g',low
74.0942313671112,key_press,'d',low
74.15554714202881,key_press,'b',low
74.28121089935303,key_press,'n',low
74.29727578163147,key_press,'r',low
74.32951521873474,key_press,'a',low
74.34540057182312,key_press,'p',low
74.56238412857056,key_press,'n',low
74.58108592033386,key_press,'s',low
74.73909616470337,key_press,'j',low
74.75537061691284,key_press,'l',low
74.77134871482849,key_press,'l',low
74.81145811080933,key_press,'a',low
74.91355180740356,key_press,Key.space,low
75.01808595657349,key_press,'i',low
75.06205725669861,key_press,'w',low
75.06205725669861,key_press,'e',low
75.21969890594482,key_press,Key.space,low
75.23271489143372,key_press,'f',low
75.42431879043579,key_press,'a',low
75.48370695114136,key_press,'r',low
75.63000559806824,key_press,'v',low
75.6380124092102,key_press,Key.space,low
75.79648900032043,key_press,'i',low
75.81744384765625,key_press,'o',low
75.82980132102966,key_press,'f',low
75.82980132102966,key_press,'d',low
75.9524519443512,key_press,'v',low
75.99002504348755,key_press,'n',low
76.0470883846283,key_press,'d',low
76.06515979766846,key_press,'f',low
76.06515979766846,key_press,'z',low
76.17384958267212,key_press,'v',low
76.32327032089233,key_press,'d',low
76.33414268493652,key_press,'f',low
76.35954403877258,key_press,'i',low
76.48452663421631,key_press,Key.space,low
76.49958753585815,key_press,'n',low
76.61004090309143,key_press,'d',low
76.62695598602295,key_press,'o',low
76.73651790618896,key_press,'b',low
76.97127223014832,key_press,'k',low
76.99135780334473,key_press,'g',low
76.99927401542664,key_press,'k',low
77.11890387535095,key_press,'j',low
77.13242387771606,key_press,'r',low
77.28539371490479,key_press,'v',low
77.37630844116211,key_press,'n',low
77.40892267227173,key_press,Key.space,low
77.52031207084656,key_press,'d',low
77.56201767921448,key_press,'j',low
77.64024090766907,key_press,'b',low
77.70448660850525,key_press,'b',low
77.73052310943604,key_press,'f',low
77.86772394180298,key_press,'f',low
77.93092632293701,key_press,'e',low
77.93882036209106,key_press,'w',low
78.01606917381287,key_press,'i',low
78.0933051109314,key_press,'f',low
78.19574975967407,key_press,'j',low
78.3119056224823,key_press,'g',low
78.45714378356934,key_press,'f',low
78.47026896476746,key_press,'d',low
78.61310648918152,key_press,'g',low
78.72045040130615,key_press,'r',low
78.73653888702393,key_press,'n',low
78.87499070167542,key_press,'t',low
78.90887928009033,key_press,'i',low
78.92339658737183,key_press,'t',low
78.96775269508362,key_press,'w',low
79.02778244018555,key_press,'j',low
79.12747693061829,key_press,'f',low
79.14340233802795,key_press,'o',low
79.16935396194458,key_press,'p',low
79.18688344955444,key_press,'s',low
79.27953457832336,key_press,'j',low
79.28967213630676,key_press,'d',low
79.40599083900452,key_press,'p',low
79.439199924469,key_press,'z',low
79.45752263069153,key_press,'f',low
79.48681688308716,key_press,'d',low
79.57668209075928,key_press,'n',low
79.6243417263031,key_press,'v',low
79.75000953674316,key_press,'d',low
79.78317499160767,key_press,'i',low
79.78317499160767,key_press,'d',low
79.89232873916626,key_press,'g',low
79.89232873916626,key_press,'h',low
80.03286504745483,key_press,'a',low
80.04297137260437,key_press,'i',low
80.05289578437805,key_press,'p',low
80.17438626289368,key_press,'r',low
80.18328785896301,key_press,'j',low
80.49965739250183,key_press,'z',low
80.62623429298401,key_press,'v',low
80.78386759757996,key_press,'z',low
80.8159728050232,key_press,'d',low
80.82697749137878,key_press,'n',low
80.94637632369995,key_press,'g',low
80.95284080505371,key_press,'o',low
80.9684739112854,key_press,'i',low
81.04482102394104,key_press,'a',low
81.06210017204285,key_press,'r',low
81.06210017204285,key_press,'h',low
81.16754412651062,key_press,'g',low
81.21707892417908,key_press,'i',low
81.29998517036438,key_press,'a',low
81.42295980453491,key_press,'p',low
81.45793890953064,key_press,'i',low
81.54991436004639,key_press,'e',low
81.57740473747253,key_press,'j',low
81.6639986038208,key_press,'f',low
81.8323392868042,key_press,'a',low
81.84570121765137,key_press,'s',low
81.85075330734253,key_press,'d',low
81.87784337997437,key_press,'n',low
82.00374627113342,key_press,'g',low
82.05189847946167,key_press,"','",low
82.12368321418762,key_press,'z',low
82.17398285865784,key_press,'s',low
82.196448802948,key_press,'d',low
82.25074005126953,key_press,'n',low
82.3432834148407,key_press,'v',low
82.39210557937622,key_press,'i',low
82.46935367584229,key_press,'s',low
82.48576474189758,key_press,'a',low
82.57860493659973,key_press,'f',low
82.68531107902527,key_press,'a',low
82.69431829452515,key_press,'e',low
82.7045841217041,key_press,'w',low
82.71514344215393,key_press,'p',low
82.72418403625488,key_press,'i',low
82.82993197441101,key_press,'f',low
82.84572291374207,key_press,'j',low
82.95556426048279,key_press,'a',low
82.97125840187073,key_press,'s',low
82.99933362007141,key_press,'l',low
83.01554560661316,key_press,'k',low
83.02641868591309,key_press,'d',low
83.15677213668823,key_press,'n',low
83.18888425827026,key_press,'g',low
83.28088164329529,key_press,'o',low
83.28088164329529,key_press,'i',low
83.31742906570435,key_press,'a',low
83.32643580436707,key_press,'s',low
83.32743692398071,key_press,'r',low
83.45297145843506,key_press,'g',low
83.62702202796936,key_press,Key.space,low
85.3464674949646,key_press,Key.ctrl_l,low
85.58140540122986,key_press,'\x03',low
timestamp,event_type,value,high
2.3527207374572754,key_press,'h',high
2.4734556674957275,key_press,'i',high
2.6770362854003906,key_press,Key.space,high
3.288547992706299,key_press,'i',high
3.4698967933654785,key_press,Key.space,high
3.5807597637176514,key_press,'a',high
3.6712844371795654,key_press,'m',high
3.8352391719818115,key_press,Key.space,high
3.9982540607452393,key_press,'a',high
4.126586198806763,key_press,'b',high
4.298979759216309,key_press,'h',high
4.41923451423645,key_press,'i',high
4.499179363250732,key_press,'r',high
4.594165086746216,key_press,'a',high
4.690662622451782,key_press,'m',high
4.865875720977783,key_press,Key.space,high
5.010524749755859,key_press,'a',high
5.17833399772644,key_press,'b',high
5.697150945663452,key_press,'=',high
5.984903812408447,key_press,'n',high
6.240140676498413,key_press,'d',high
6.352303504943848,key_press,Key.space,high
7.134684324264526,key_press,'i',high
7.2628796100616455,key_press,Key.space,high
7.3744611740112305,key_press,'a',high
7.485520839691162,key_press,'m',high
7.62981390953064,key_press,Key.space,high
7.983067274093628,key_press,'a',high
8.18129277229309,key_press,Key.space,high
13.07668161392212,key_press,'h',high
13.21998405456543,key_press,'e',high
13.300183057785034,key_press,'r',high
13.41415023803711,key_press,'e',high
13.65074634552002,key_press,Key.space,high
15.073318481445312,key_press,'t',high
15.13618278503418,key_press,'o',high
15.313292980194092,key_press,Key.space,high
17.05391573905945,key_press,'p',high
17.149266481399536,key_press,'r',high
17.261985540390015,key_press,'e',high
17.485886096954346,key_press,'s',high
17.66040277481079,key_press,'e',high
17.77220129966736,key_press,'n',high
17.96493124961853,key_press,'t',high
18.060410261154175,key_press,Key.space,high
18.84303307533264,key_press,Key.backspace,high
18.99020743370056,key_press,Key.backspace,high
19.695667028427124,key_press,Key.backspace,high
19.83326292037964,key_press,Key.backspace,high
19.980661153793335,key_press,Key.backspace,high
20.255998849868774,key_press,'p',high
20.456782341003418,key_press,'t',high
21.01559567451477,key_press,Key.backspace,high
21.257596731185913,key_press,'r',high
21.382713556289673,key_press,'e',high
21.590123653411865,key_press,'s',high
22.10145401954651,key_press,'s',high
22.258699655532837,key_press,'e',high
22.420483589172363,key_press,'n',high
22.564695119857788,key_press,'t',high
22.740402936935425,key_press,Key.space,high
24.01855731010437,key_press,'t',high
24.114112854003906,key_press,'h',high
24.177613258361816,key_press,'e',high
24.32245945930481,key_press,Key.space,high
24.769208431243896,key_press,'d',high
24.928653478622437,key_press,'a',high
25.07596731185913,key_press,'t',high
25.19923973083496,key_press,'a',high
25.263452529907227,key_press,Key.space,high
26.432847023010254,key_press,'a',high
26.573885679244995,key_press,'b',high
26.925474405288696,key_press,'i',high
27.228506565093994,key_press,'u',high
27.373781442642212,key_press,'t',high
27.54834270477295,key_press,Key.space,high
27.915491819381714,key_press,'t',high
27.995718955993652,key_press,'h',high
28.074827432632446,key_press,'e',high
28.174790620803833,key_press,Key.space,high
28.538668155670166,key_press,'d',high
28.67608094215393,key_press,'a',high
28.810287952423096,key_press,'t',high
28.937960863113403,key_press,'a',high
29.033904314041138,key_press,Key.space,high
30.631614208221436,key_press,'i',high
30.790993452072144,key_press,Key.space,high
30.953360319137573,key_press,'h',high
31.02998375892639,key_press,'a',high
31.158345699310303,key_press,'v',high
31.28101921081543,key_press,'e',high
31.382298469543457,key_press,Key.space,high
32.03774547576904,key_press,'i',high
32.198410749435425,key_press,'n',high
32.53170418739319,key_press,'m',high
33.04262161254883,key_press,Key.backspace,high
33.266247034072876,key_press,Key.backspace,high
33.87369394302368,key_press,'i',high
34.04887890815735,key_press,'n',high
34.241077184677124,key_press,Key.space,high
34.387280225753784,key_press,'m',high
34.704004526138306,key_press,'y',high
34.8956139087677,key_press,Key.space,high
35.07078814506531,key_press,'h',high
35.16752886772156,key_press,'a',high
35.43933343887329,key_press,'n',high
35.79241871833801,key_press,'d',high
36.396968126297,mouse_move,"""1285,926""",high
36.417776107788086,mouse_move,"""1286,927""",high
36.431947469711304,mouse_move,"""1286,936""",high
36.4345920085907,mouse_move,"""1286,951""",high
36.445849657058716,mouse_move,"""1284,972""",high
36.45080542564392,mouse_move,"""1281,997""",high
36.46084642410278,mouse_move,"""1279,1022""",high
36.46640658378601,mouse_move,"""1278,1037""",high
36.46640658378601,mouse_move,"""1277,1046""",high
36.482473373413086,mouse_move,"""1276,1051""",high
36.482473373413086,mouse_move,"""1276,1055""",high
36.49282479286194,mouse_move,"""1276,1054""",high
36.51092743873596,mouse_move,"""1281,1045""",high
36.51491641998291,mouse_move,"""1289,1027""",high
36.525124073028564,mouse_move,"""1306,988""",high
36.53027105331421,mouse_move,"""1326,946""",high
36.53027105331421,mouse_move,"""1346,906""",high
36.54632329940796,mouse_move,"""1356,881""",high
36.54632329940796,mouse_move,"""1365,865""",high
36.56089520454407,mouse_move,"""1370,856""",high
36.5618999004364,mouse_move,"""1373,852""",high
36.57470345497131,mouse_move,"""1374,851""",high
36.581241607666016,mouse_move,"""1374,853""",high
36.58944630622864,mouse_move,"""1374,862""",high
36.59520244598389,mouse_move,"""1372,885""",high
36.60310196876526,mouse_move,"""1368,931""",high
36.61101675033569,mouse_move,"""1361,983""",high
36.61825132369995,mouse_move,"""1354,1045""",high
36.625123023986816,mouse_move,"""1344,1108""",high
36.63235116004944,mouse_move,"""1339,1170""",high
36.639559268951416,mouse_move,"""1335,1222""",high
36.64328074455261,mouse_move,"""1331,1238""",high
36.65005278587341,mouse_move,"""1328,1221""",high
36.655247926712036,mouse_move,"""1326,1214""",high
36.66834259033203,mouse_move,"""1325,1206""",high
36.674421072006226,mouse_move,"""1325,1203""",high
36.6865553855896,mouse_move,"""1326,1197""",high
36.69262194633484,mouse_move,"""1330,1190""",high
36.70169758796692,mouse_move,"""1335,1183""",high
36.710840463638306,mouse_move,"""1340,1175""",high
36.71686506271362,mouse_move,"""1344,1171""",high
36.72292137145996,mouse_move,"""1347,1168""",high
36.7279486656189,mouse_move,"""1349,1167""",high
36.739835262298584,mouse_move,"""1351,1167""",high
36.74679446220398,mouse_move,"""1352,1167""",high
36.752711057662964,mouse_move,"""1355,1168""",high
36.758840799331665,mouse_move,"""1357,1171""",high
36.76520109176636,mouse_move,"""1360,1174""",high
36.773624420166016,mouse_move,"""1362,1181""",high
36.7765429019928,mouse_move,"""1365,1195""",high
36.78987097740173,mouse_move,"""1368,1210""",high
36.79521036148071,mouse_move,"""1371,1217""",high
36.80207872390747,mouse_move,"""1372,1214""",high
36.806999921798706,mouse_move,"""1373,1213""",high
36.81301975250244,mouse_move,"""1375,1206""",high
36.82564902305603,mouse_move,"""1375,1203""",high
36.831578731536865,mouse_move,"""1375,1200""",high
36.8437774181366,mouse_move,"""1375,1198""",high
36.84976410865784,mouse_move,"""1375,1185""",high
36.861175537109375,mouse_move,"""1375,1157""",high
36.868186235427856,mouse_move,"""1375,1096""",high
36.874757051467896,mouse_move,"""1377,1021""",high
36.880555152893066,mouse_move,"""1377,937""",high
36.887308835983276,mouse_move,"""1377,856""",high
36.8931405544281,mouse_move,"""1377,791""",high
36.89806604385376,mouse_move,"""1377,754""",high
36.91114902496338,mouse_move,"""1377,736""",high
36.917134523391724,mouse_move,"""1377,724""",high
36.92329406738281,mouse_move,"""1377,719""",high
36.92956233024597,mouse_move,"""1375,717""",high
36.94003677368164,mouse_move,"""1374,718""",high
36.94054985046387,mouse_move,"""1370,724""",high
36.95396637916565,mouse_move,"""1361,737""",high
36.96019124984741,mouse_move,"""1351,762""",high
36.9658739566803,mouse_move,"""1335,795""",high
36.972264528274536,mouse_move,"""1318,833""",high
36.98081183433533,mouse_move,"""1301,866""",high
36.99060106277466,mouse_move,"""1289,892""",high
36.99644231796265,mouse_move,"""1278,909""",high
37.00189709663391,mouse_move,"""1270,917""",high
37.00762128829956,mouse_move,"""1265,921""",high
37.01364612579346,mouse_move,"""1262,921""",high
37.01984262466431,mouse_move,"""1258,919""",high
37.0323588848114,mouse_move,"""1251,904""",high
37.03899621963501,mouse_move,"""1243,867""",high
37.043781042099,mouse_move,"""1231,801""",high
37.05003833770752,mouse_move,"""1221,718""",high
37.056408405303955,mouse_move,"""1207,615""",high
37.06838059425354,mouse_move,"""1194,536""",high
37.074514627456665,mouse_move,"""1185,483""",high
37.08147859573364,mouse_move,"""1176,458""",high
37.08737230300903,mouse_move,"""1168,447""",high
37.09330487251282,mouse_move,"""1159,445""",high
37.099377155303955,mouse_move,"""1149,446""",high
37.11159157752991,mouse_move,"""1136,457""",high
37.117913246154785,mouse_move,"""1117,482""",high
37.123502254486084,mouse_move,"""1094,516""",high
37.13013029098511,mouse_move,"""1068,562""",high
37.135629653930664,mouse_move,"""1046,605""",high
37.1462984085083,mouse_move,"""1023,648""",high
37.15425252914429,mouse_move,"""1006,687""",high
37.16010046005249,mouse_move,"""993,713""",high
37.1664936542511,mouse_move,"""986,725""",high
37.172483921051025,mouse_move,"""983,729""",high
37.18280053138733,mouse_move,"""980,732""",high
37.189794063568115,mouse_move,"""978,732""",high
37.196433544158936,mouse_move,"""977,727""",high
37.20288562774658,mouse_move,"""977,714""",high
37.20897054672241,mouse_move,"""978,686""",high
37.216665506362915,mouse_move,"""982,653""",high
37.22522711753845,mouse_move,"""985,631""",high
37.226919174194336,mouse_move,"""988,617""",high
37.23549222946167,mouse_move,"""988,612""",high
37.244691371917725,mouse_move,"""988,612""",high
37.25306797027588,mouse_move,"""987,612""",high
37.25306797027588,mouse_move,"""984,613""",high
37.264057636260986,mouse_move,"""979,627""",high
37.27515387535095,mouse_move,"""969,652""",high
37.27515387535095,mouse_move,"""959,683""",high
37.28576588630676,mouse_move,"""944,722""",high
37.296765089035034,mouse_move,"""931,763""",high
37.29749083518982,mouse_move,"""921,800""",high
37.30730891227722,mouse_move,"""916,823""",high
37.31841802597046,mouse_move,"""913,837""",high
37.322415590286255,mouse_move,"""912,845""",high
37.32706928253174,mouse_move,"""912,848""",high
37.33680248260498,mouse_move,"""912,849""",high
37.3537814617157,mouse_move,"""913,845""",high
37.35458993911743,mouse_move,"""922,827""",high
37.36249256134033,mouse_move,"""944,787""",high
37.370022773742676,mouse_move,"""974,724""",high
37.376954555511475,mouse_move,"""1007,658""",high
37.38963341712952,mouse_move,"""1039,605""",high
37.396926403045654,mouse_move,"""1058,580""",high
37.40277814865112,mouse_move,"""1067,568""",high
37.40922021865845,mouse_move,"""1073,563""",high
37.41477036476135,mouse_move,"""1077,563""",high
37.42541241645813,mouse_move,"""1079,563""",high
37.43348693847656,mouse_move,"""1082,572""",high
37.43958115577698,mouse_move,"""1082,593""",high
37.44603109359741,mouse_move,"""1084,631""",high
37.45131301879883,mouse_move,"""1084,678""",high
37.45715546607971,mouse_move,"""1084,732""",high
37.46794843673706,mouse_move,"""1084,790""",high
37.47555899620056,mouse_move,"""1084,854""",high
37.482078313827515,mouse_move,"""1084,909""",high
37.48923993110657,mouse_move,"""1086,957""",high
37.4929473400116,mouse_move,"""1088,988""",high
37.504385232925415,mouse_move,"""1090,1005""",high
37.51139450073242,mouse_move,"""1090,1015""",high
37.51749587059021,mouse_move,"""1091,1019""",high
37.5235641002655,mouse_move,"""1091,1019""",high
37.53530430793762,mouse_move,"""1093,1017""",high
37.54690670967102,mouse_move,"""1098,1009""",high
37.5542778968811,mouse_move,"""1108,997""",high
37.56099200248718,mouse_move,"""1120,980""",high
37.566834449768066,mouse_move,"""1138,958""",high
37.57312297821045,mouse_move,"""1160,938""",high
37.578195333480835,mouse_move,"""1181,922""",high
37.589452266693115,mouse_move,"""1196,912""",high
37.59652495384216,mouse_move,"""1211,905""",high
37.60195851325989,mouse_move,"""1222,900""",high
37.608612060546875,mouse_move,"""1229,899""",high
37.61459946632385,mouse_move,"""1234,898""",high
37.625728607177734,mouse_move,"""1236,898""",high
37.63281726837158,mouse_move,"""1238,899""",high
37.638899087905884,mouse_move,"""1241,900""",high
37.645771980285645,mouse_move,"""1243,904""",high
37.6510329246521,mouse_move,"""1246,910""",high
37.65707612037659,mouse_move,"""1248,917""",high
37.668227434158325,mouse_move,"""1249,929""",high
37.67524194717407,mouse_move,"""1252,946""",high
37.682377338409424,mouse_move,"""1253,963""",high
37.6882061958313,mouse_move,"""1253,979""",high
37.69363594055176,mouse_move,"""1253,989""",high
37.702155113220215,mouse_move,"""1253,993""",high
37.71079111099243,mouse_move,"""1253,995""",high
37.72948956489563,mouse_move,"""1253,990""",high
37.738566398620605,mouse_move,"""1253,979""",high
37.74713611602783,mouse_move,"""1258,955""",high
37.754217863082886,mouse_move,"""1271,910""",high
37.76128888130188,mouse_move,"""1290,856""",high
37.76582741737366,mouse_move,"""1311,804""",high
37.77199411392212,mouse_move,"""1331,764""",high
37.77801871299744,mouse_move,"""1343,741""",high
37.78960585594177,mouse_move,"""1350,731""",high
37.79626727104187,mouse_move,"""1355,725""",high
37.8035352230072,mouse_move,"""1358,722""",high
37.80950474739075,mouse_move,"""1358,722""",high
37.814839363098145,mouse_move,"""1359,722""",high
37.82360863685608,mouse_move,"""1360,722""",high
37.832138538360596,mouse_move,"""1360,725""",high
37.840179443359375,mouse_move,"""1360,730""",high
37.8458309173584,mouse_move,"""1360,737""",high
37.85280203819275,mouse_move,"""1360,747""",high
37.8579421043396,mouse_move,"""1358,762""",high
37.86855602264404,mouse_move,"""1357,785""",high
37.875656604766846,mouse_move,"""1355,817""",high
37.88268423080444,mouse_move,"""1353,845""",high
37.88772416114807,mouse_move,"""1351,876""",high
37.89681601524353,mouse_move,"""1349,901""",high
37.899431467056274,mouse_move,"""1348,914""",high
37.911540269851685,mouse_move,"""1347,923""",high
37.91785216331482,mouse_move,"""1346,925""",high
37.9297878742218,mouse_move,"""1345,922""",high
37.93886661529541,mouse_move,"""1345,914""",high
37.9463574886322,mouse_move,"""1344,895""",high
37.95351481437683,mouse_move,"""1342,867""",high
37.96058893203735,mouse_move,"""1340,829""",high
37.967612504959106,mouse_move,"""1338,798""",high
37.97369313240051,mouse_move,"""1338,781""",high
37.98177933692932,mouse_move,"""1337,772""",high
37.98992729187012,mouse_move,"""1337,769""",high
37.997002601623535,mouse_move,"""1336,767""",high
38.00889301300049,mouse_move,"""1334,767""",high
38.01573348045349,mouse_move,"""1334,767""",high
38.02083110809326,mouse_move,"""1333,768""",high
38.032435178756714,mouse_move,"""1330,772""",high
38.039496421813965,mouse_move,"""1328,775""",high
38.04608917236328,mouse_move,"""1326,782""",high
38.0529842376709,mouse_move,"""1321,788""",high
38.058253049850464,mouse_move,"""1317,797""",high
38.06416320800781,mouse_move,"""1312,803""",high
38.07594585418701,mouse_move,"""1309,807""",high
38.081493854522705,mouse_move,"""1307,808""",high
38.087592124938965,mouse_move,"""1306,808""",high
38.09359884262085,mouse_move,"""1304,807""",high
38.10019493103027,mouse_move,"""1302,802""",high
38.11144828796387,mouse_move,"""1298,790""",high
38.118521213531494,mouse_move,"""1293,771""",high
38.125603675842285,mouse_move,"""1288,744""",high
38.131036043167114,mouse_move,"""1287,729""",high
38.13724327087402,mouse_move,"""1284,720""",high
38.14267158508301,mouse_move,"""1283,717""",high
38.15381145477295,mouse_move,"""1283,716""",high
38.16089963912964,mouse_move,"""1283,716""",high
38.16651225090027,mouse_move,"""1282,717""",high
38.17369318008423,mouse_move,"""1278,724""",high
38.18168330192566,mouse_move,"""1276,734""",high
38.185609340667725,mouse_move,"""1272,749""",high
38.19633173942566,mouse_move,"""1267,771""",high
38.203863859176636,mouse_move,"""1262,797""",high
38.21005177497864,mouse_move,"""1258,814""",high
38.217655181884766,mouse_move,"""1255,829""",high
38.22170066833496,mouse_move,"""1252,841""",high
38.232858419418335,mouse_move,"""1250,847""",high
38.239848613739014,mouse_move,"""1250,850""",high
38.26395344734192,mouse_move,"""1249,848""",high
38.27522134780884,mouse_move,"""1249,844""",high
38.282288789749146,mouse_move,"""1249,842""",high
38.2883563041687,mouse_move,"""1249,840""",high
38.294440507888794,mouse_move,"""1248,839""",high
38.31838011741638,mouse_move,"""1248,839""",high
38.32457089424133,mouse_move,"""1247,841""",high
38.33101415634155,mouse_move,"""1245,843""",high
38.337334632873535,mouse_move,"""1244,846""",high
38.34302496910095,mouse_move,"""1243,849""",high
38.34952688217163,mouse_move,"""1242,851""",high
38.36117911338806,mouse_move,"""1242,851""",high
38.39662790298462,mouse_move,"""1242,851""",high
38.403366804122925,mouse_move,"""1243,850""",high
38.40979290008545,mouse_move,"""1246,845""",high
38.41786170005798,mouse_move,"""1250,834""",high
38.42187690734863,mouse_move,"""1255,819""",high
38.427979946136475,mouse_move,"""1260,803""",high
38.43912434577942,mouse_move,"""1262,793""",high
38.446218490600586,mouse_move,"""1264,789""",high
38.45328950881958,mouse_move,"""1265,787""",high
38.481597661972046,mouse_move,"""1265,789""",high
38.48928928375244,mouse_move,"""1265,792""",high
38.495296001434326,mouse_move,"""1265,794""",high
38.501341104507446,mouse_move,"""1263,798""",high
38.5073676109314,mouse_move,"""1261,809""",high
38.51664328575134,mouse_move,"""1255,818""",high
38.524152517318726,mouse_move,"""1250,828""",high
38.53119206428528,mouse_move,"""1246,837""",high
38.53726816177368,mouse_move,"""1242,843""",high
38.54334020614624,mouse_move,"""1239,846""",high
38.549373626708984,mouse_move,"""1236,848""",high
38.55971550941467,mouse_move,"""1233,848""",high
38.56740045547485,mouse_move,"""1229,845""",high
38.57366108894348,mouse_move,"""1222,830""",high
38.57968544960022,mouse_move,"""1211,790""",high
38.586764335632324,mouse_move,"""1193,713""",high
38.595109701156616,mouse_move,"""1176,613""",high
38.60299348831177,mouse_move,"""1165,501""",high
38.61004567146301,mouse_move,"""1157,378""",high
38.61699604988098,mouse_move,"""1146,263""",high
38.623069524765015,mouse_move,"""1141,167""",high
38.62907838821411,mouse_move,"""1134,105""",high
38.63812565803528,mouse_move,"""1128,72""",high
38.64562368392944,mouse_move,"""1124,60""",high
38.65203785896301,mouse_move,"""1120,54""",high
38.65865993499756,mouse_move,"""1115,54""",high
38.66472125053406,mouse_move,"""1106,57""",high
38.674124240875244,mouse_move,"""1095,68""",high
38.676774978637695,mouse_move,"""1076,95""",high
38.687963247299194,mouse_move,"""1051,138""",high
38.695013761520386,mouse_move,"""1024,194""",high
38.70263957977295,mouse_move,"""996,256""",high
38.70689511299133,mouse_move,"""968,325""",high
38.71283531188965,mouse_move,"""943,390""",high
38.719844818115234,mouse_move,"""920,462""",high
38.73047065734863,mouse_move,"""903,526""",high
38.73803925514221,mouse_move,"""887,580""",high
38.7442581653595,mouse_move,"""874,615""",high
38.750309228897095,mouse_move,"""868,632""",high
38.75627160072327,mouse_move,"""865,641""",high
38.76259207725525,mouse_move,"""863,642""",high
38.77295136451721,mouse_move,"""862,642""",high
38.78101658821106,mouse_move,"""861,635""",high
38.786821603775024,mouse_move,"""864,599""",high
38.79360389709473,mouse_move,"""874,517""",high
38.798871994018555,mouse_move,"""899,403""",high
38.8047981262207,mouse_move,"""933,275""",high
38.81645178794861,mouse_move,"""970,150""",high
38.82309126853943,mouse_move,"""1006,42""",high
38.829602003097534,mouse_move,"""1027,-29""",high
38.834622383117676,mouse_move,"""1039,-35""",high
38.84046530723572,mouse_move,"""1046,-15""",high
38.8518590927124,mouse_move,"""1048,-3""",high
38.85851263999939,mouse_move,"""1049,2""",high
38.86453819274902,mouse_move,"""1051,16""",high
38.87316274642944,mouse_move,"""1051,61""",high
38.88008213043213,mouse_move,"""1051,132""",high
38.887134313583374,mouse_move,"""1051,217""",high
38.8943407535553,mouse_move,"""1054,312""",high
38.901394844055176,mouse_move,"""1059,407""",high
38.90792894363403,mouse_move,"""1064,505""",high
38.91457152366638,mouse_move,"""1070,607""",high
38.921294927597046,mouse_move,"""1072,699""",high
38.92615056037903,mouse_move,"""1080,788""",high
38.936835050582886,mouse_move,"""1083,863""",high
38.94404745101929,mouse_move,"""1087,915""",high
38.95107841491699,mouse_move,"""1089,943""",high
38.95676350593567,mouse_move,"""1090,958""",high
38.962538957595825,mouse_move,"""1090,963""",high
38.96877431869507,mouse_move,"""1091,965""",high
38.986236572265625,mouse_move,"""1093,964""",high
38.993980169296265,mouse_move,"""1099,957""",high
38.99889516830444,mouse_move,"""1105,945""",high
39.004595041275024,mouse_move,"""1116,934""",high
39.01115274429321,mouse_move,"""1123,926""",high
39.02285981178284,mouse_move,"""1130,922""",high
39.02928137779236,mouse_move,"""1136,920""",high
39.03495645523071,mouse_move,"""1141,920""",high
39.041104316711426,mouse_move,"""1148,921""",high
39.04743242263794,mouse_move,"""1154,926""",high
39.05317139625549,mouse_move,"""1162,936""",high
39.06443500518799,mouse_move,"""1172,948""",high
39.0721161365509,mouse_move,"""1181,966""",high
39.07803797721863,mouse_move,"""1192,995""",high
39.0839958190918,mouse_move,"""1203,1032""",high
39.09200620651245,mouse_move,"""1216,1073""",high
39.10078835487366,mouse_move,"""1225,1123""",high
39.107882499694824,mouse_move,"""1236,1176""",high
39.113415479660034,mouse_move,"""1243,1232""",high
39.12159466743469,mouse_move,"""1250,1255""",high
39.12559485435486,mouse_move,"""1257,1241""",high
39.13147711753845,mouse_move,"""1262,1229""",high
39.143736839294434,mouse_move,"""1263,1214""",high
39.15026569366455,mouse_move,"""1265,1206""",high
39.156115770339966,mouse_move,"""1265,1201""",high
39.16828918457031,mouse_move,"""1265,1195""",high
39.17422413825989,mouse_move,"""1266,1175""",high
39.18619108200073,mouse_move,"""1271,1123""",high
39.193119049072266,mouse_move,"""1276,1041""",high
39.19984221458435,mouse_move,"""1284,945""",high
39.20689105987549,mouse_move,"""1297,846""",high
39.21432971954346,mouse_move,"""1310,760""",high
39.2180290222168,mouse_move,"""1327,695""",high
39.22917127609253,mouse_move,"""1340,654""",high
39.23594570159912,mouse_move,"""1351,632""",high
39.24194836616516,mouse_move,"""1356,622""",high
39.24796676635742,mouse_move,"""1361,616""",high
39.255998849868774,mouse_move,"""1363,615""",high
39.26461434364319,mouse_move,"""1364,615""",high
39.270819425582886,mouse_move,"""1365,615""",high
39.27828907966614,mouse_move,"""1366,616""",high
39.28341794013977,mouse_move,"""1368,621""",high
39.29055857658386,mouse_move,"""1369,632""",high
39.296393632888794,mouse_move,"""1369,646""",high
39.307188987731934,mouse_move,"""1368,667""",high
39.31415891647339,mouse_move,"""1364,706""",high
39.320762157440186,mouse_move,"""1360,751""",high
39.32699179649353,mouse_move,"""1356,797""",high
39.332985162734985,mouse_move,"""1351,849""",high
39.34191942214966,mouse_move,"""1345,894""",high
39.349605321884155,mouse_move,"""1339,924""",high
39.35620307922363,mouse_move,"""1336,939""",high
39.36256408691406,mouse_move,"""1334,946""",high
39.36970400810242,mouse_move,"""1332,948""",high
39.37499928474426,mouse_move,"""1331,948""",high
39.381089210510254,mouse_move,"""1328,943""",high
39.39212226867676,mouse_move,"""1323,917""",high
39.399165868759155,mouse_move,"""1314,851""",high
39.405555725097656,mouse_move,"""1306,752""",high
39.41331720352173,mouse_move,"""1300,630""",high
39.420366525650024,mouse_move,"""1300,495""",high
39.42611575126648,mouse_move,"""1300,360""",high
39.434590101242065,mouse_move,"""1300,239""",high
39.44165277481079,mouse_move,"""1302,144""",high
39.44837713241577,mouse_move,"""1302,87""",high
39.4558207988739,mouse_move,"""1303,58""",high
39.460179805755615,mouse_move,"""1303,42""",high
39.46545886993408,mouse_move,"""1303,37""",high
39.477911949157715,mouse_move,"""1303,34""",high
39.489646434783936,mouse_move,"""1303,34""",high
39.49580693244934,mouse_move,"""1303,36""",high
39.50329923629761,mouse_move,"""1298,48""",high
39.5134539604187,mouse_move,"""1290,75""",high
39.52053999900818,mouse_move,"""1276,126""",high
39.527655601501465,mouse_move,"""1250,194""",high
39.534637212753296,mouse_move,"""1227,276""",high
39.541451930999756,mouse_move,"""1200,363""",high
39.54531288146973,mouse_move,"""1179,454""",high
39.555989503860474,mouse_move,"""1155,542""",high
39.563034772872925,mouse_move,"""1134,619""",high
39.569801330566406,mouse_move,"""1118,673""",high
39.57592463493347,mouse_move,"""1106,702""",high
39.58196020126343,mouse_move,"""1101,714""",high
39.588470697402954,mouse_move,"""1097,717""",high
39.59845304489136,mouse_move,"""1092,715""",high
39.605581760406494,mouse_move,"""1084,693""",high
39.61223340034485,mouse_move,"""1074,623""",high
39.61839437484741,mouse_move,"""1069,515""",high
39.62554168701172,mouse_move,"""1069,380""",high
39.63039755821228,mouse_move,"""1077,224""",high
39.64094829559326,mouse_move,"""1091,65""",high
39.64802527427673,mouse_move,"""1108,-65""",high
39.653621435165405,mouse_move,"""1121,-83""",high
39.65975260734558,mouse_move,"""1125,-49""",high
39.66574454307556,mouse_move,"""1130,-20""",high
39.6721715927124,mouse_move,"""1131,-7""",high
39.683995962142944,mouse_move,"""1133,-1""",high
39.690136432647705,mouse_move,"""1135,1""",high
39.69620656967163,mouse_move,"""1136,17""",high
39.70472550392151,mouse_move,"""1140,53""",high
39.71172261238098,mouse_move,"""1140,121""",high
39.71981477737427,mouse_move,"""1140,208""",high
39.726698875427246,mouse_move,"""1140,306""",high
39.732566118240356,mouse_move,"""1138,415""",high
39.740867376327515,mouse_move,"""1133,523""",high
39.745808839797974,mouse_move,"""1130,635""",high
39.751705169677734,mouse_move,"""1124,743""",high
39.75806498527527,mouse_move,"""1122,835""",high
39.76941537857056,mouse_move,"""1119,910""",high
39.776458501815796,mouse_move,"""1119,954""",high
39.781193256378174,mouse_move,"""1118,972""",high
39.787333965301514,mouse_move,"""1118,982""",high
39.794769287109375,mouse_move,"""1118,983""",high
39.81171226501465,mouse_move,"""1120,975""",high
39.81881499290466,mouse_move,"""1129,943""",high
39.82604146003723,mouse_move,"""1151,884""",high
39.83310055732727,mouse_move,"""1176,813""",high
39.840147256851196,mouse_move,"""1204,747""",high
39.84731101989746,mouse_move,"""1230,694""",high
39.85439133644104,mouse_move,"""1253,651""",high
39.8614444732666,mouse_move,"""1276,620""",high
39.867146492004395,mouse_move,"""1292,604""",high
39.87333011627197,mouse_move,"""1303,593""",high
39.87904596328735,mouse_move,"""1313,588""",high
39.88983154296875,mouse_move,"""1322,585""",high
39.89756202697754,mouse_move,"""1328,586""",high
39.90359139442444,mouse_move,"""1333,589""",high
39.90971875190735,mouse_move,"""1339,597""",high
39.91567134857178,mouse_move,"""1345,610""",high
39.92163443565369,mouse_move,"""1350,637""",high
39.933282136917114,mouse_move,"""1357,686""",high
39.939939975738525,mouse_move,"""1360,751""",high
39.946102142333984,mouse_move,"""1362,826""",high
39.95351791381836,mouse_move,"""1367,918""",high
39.95891237258911,mouse_move,"""1373,1009""",high
39.96870732307434,mouse_move,"""1378,1105""",high
39.97581601142883,mouse_move,"""1383,1190""",high
39.98161482810974,mouse_move,"""1390,1259""",high
39.98740530014038,mouse_move,"""1394,1238""",high
39.99476480484009,mouse_move,"""1396,1217""",high
39.999783754348755,mouse_move,"""1396,1209""",high
40.00576686859131,mouse_move,"""1396,1200""",high
40.023829221725464,mouse_move,"""1395,1190""",high
40.02996349334717,mouse_move,"""1395,1165""",high
40.03620386123657,mouse_move,"""1393,1110""",high
40.04202842712402,mouse_move,"""1393,1039""",high
40.05369734764099,mouse_move,"""1394,958""",high
40.061214208602905,mouse_move,"""1399,886""",high
40.06786584854126,mouse_move,"""1401,831""",high
40.072453022003174,mouse_move,"""1406,789""",high
40.08203673362732,mouse_move,"""1409,767""",high
40.08457279205322,mouse_move,"""1411,755""",high
40.09670424461365,mouse_move,"""1411,748""",high
40.10302734375,mouse_move,"""1412,745""",high
40.10972738265991,mouse_move,"""1412,745""",high
40.115010499954224,mouse_move,"""1412,745""",high
40.12105965614319,mouse_move,"""1412,745""",high
40.126975536346436,mouse_move,"""1409,745""",high
40.13868761062622,mouse_move,"""1405,747""",high
40.14620351791382,mouse_move,"""1395,752""",high
40.15186905860901,mouse_move,"""1379,761""",high
40.15832567214966,mouse_move,"""1346,779""",high
40.164024114608765,mouse_move,"""1299,807""",high
40.17258620262146,mouse_move,"""1243,834""",high
40.1821813583374,mouse_move,"""1177,864""",high
40.18881630897522,mouse_move,"""1109,887""",high
40.19622492790222,mouse_move,"""1036,902""",high
40.20012331008911,mouse_move,"""970,907""",high
40.206050872802734,mouse_move,"""905,901""",high
40.21757507324219,mouse_move,"""844,884""",high
40.22439694404602,mouse_move,"""787,852""",high
40.23076367378235,mouse_move,"""735,804""",high
40.23630237579346,mouse_move,"""689,743""",high
40.24240517616272,mouse_move,"""653,673""",high
40.24840259552002,mouse_move,"""627,598""",high
40.26005172729492,mouse_move,"""612,525""",high
40.26714539527893,mouse_move,"""604,456""",high
40.27360939979553,mouse_move,"""602,398""",high
40.280893087387085,mouse_move,"""605,359""",high
40.28549885749817,mouse_move,"""610,336""",high
40.295342445373535,mouse_move,"""618,322""",high
40.30251717567444,mouse_move,"""628,313""",high
40.309584856033325,mouse_move,"""636,311""",high
40.31624150276184,mouse_move,"""648,314""",high
40.32240653038025,mouse_move,"""664,330""",high
40.32850909233093,mouse_move,"""688,367""",high
40.333914279937744,mouse_move,"""717,423""",high
40.345831871032715,mouse_move,"""748,495""",high
40.35305595397949,mouse_move,"""780,577""",high
40.35878348350525,mouse_move,"""812,669""",high
40.364418029785156,mouse_move,"""844,761""",high
40.370400190353394,mouse_move,"""880,853""",high
40.37946271896362,mouse_move,"""911,932""",high
40.387537717819214,mouse_move,"""941,994""",high
40.39527463912964,mouse_move,"""961,1037""",high
40.400482416152954,mouse_move,"""973,1057""",high
40.406896352767944,mouse_move,"""981,1066""",high
40.412967920303345,mouse_move,"""985,1069""",high
40.424073934555054,mouse_move,"""991,1067""",high
40.43127489089966,mouse_move,"""1001,1050""",high
40.437005043029785,mouse_move,"""1019,1011""",high
40.443055868148804,mouse_move,"""1046,946""",high
40.44942331314087,mouse_move,"""1075,868""",high
40.45517683029175,mouse_move,"""1107,779""",high
40.466447830200195,mouse_move,"""1136,704""",high
40.473071813583374,mouse_move,"""1163,648""",high
40.479132413864136,mouse_move,"""1176,619""",high
40.48521685600281,mouse_move,"""1183,605""",high
40.495136737823486,mouse_move,"""1188,597""",high
40.497732400894165,mouse_move,"""1191,596""",high
40.50892663002014,mouse_move,"""1193,596""",high
40.51626372337341,mouse_move,"""1194,596""",high
40.52227473258972,mouse_move,"""1194,597""",high
40.528254985809326,mouse_move,"""1195,599""",high
40.53439235687256,mouse_move,"""1195,600""",high
40.54014563560486,mouse_move,"""1195,603""",high
40.552101850509644,mouse_move,"""1194,610""",high
40.55936574935913,mouse_move,"""1190,623""",high
40.56472635269165,mouse_move,"""1184,639""",high
40.571778535842896,mouse_move,"""1175,659""",high
40.57674288749695,mouse_move,"""1164,676""",high
40.58269286155701,mouse_move,"""1147,695""",high
44.71413230895996,key_press,'n',high
44.845295667648315,key_press,'o',high
44.976664304733276,key_press,'w',high
45.07670783996582,key_press,Key.space,high
45.51049518585205,key_press,'i',high
45.65174746513367,key_press,Key.space,high
46.31696629524231,key_press,'a',high
46.4388382434845,key_press,'m',high
46.58966517448425,key_press,Key.space,high
46.86125159263611,key_press,'t',high
46.91147065162659,key_press,'h',high
47.00175642967224,key_press,'e',high
47.10425662994385,key_press,Key.space,high
50.17813229560852,key_press,'c',high
50.359623670578,key_press,'l',high
50.399348974227905,key_press,'a',high
50.6214656829834,key_press,'d',high
50.793696641922,key_press,'s',high
51.145838499069214,key_press,Key.backspace,high
51.28673982620239,key_press,Key.backspace,high
51.85099387168884,key_press,Key.backspace,high
52.00252842903137,key_press,Key.backspace,high
53.715925455093384,key_press,'s',high
54.37116193771362,key_press,'t',high
54.52196955680847,key_press,'u',high
55.03691840171814,key_press,'d',high
55.52041435241699,key_press,'y',high
55.642003774642944,key_press,'i',high
55.81689214706421,key_press,'n',high
55.97461724281311,key_press,'g',high
56.03484797477722,key_press,Key.space,high
56.60954833030701,key_press,'1',high
56.73043155670166,key_press,'2',high
56.851096391677856,key_press,Key.space,high
57.01287770271301,key_press,'t',high
57.09311270713806,key_press,'h',high
57.27468514442444,key_press,Key.space,high
57.84976100921631,key_press,'c',high
57.95079970359802,key_press,'a',high
58.030653953552246,key_press,'l',high
58.1816680431366,key_press,'s',high
58.37342596054077,key_press,'s',high
58.575066804885864,key_press,Key.space,high
59.2506160736084,key_press,'a',high
59.350940465927124,key_press,'n',high
59.493053674697876,key_press,'d',high
61.327009439468384,key_press,'i',high
61.49344754219055,key_press,Key.space,high
61.51836681365967,key_press,'a',high
61.68069911003113,key_press,'m',high
61.7002592086792,key_press,'a',high
61.84127140045166,key_press,Key.space,high
62.08330535888672,key_press,'f',high
62.21652436256409,key_press,'a',high
62.35457921028137,key_press,'n',high
62.49626898765564,key_press,Key.space,high
62.96007537841797,key_press,'i',high
63.86732077598572,key_press,Key.backspace,high
64.14956855773926,key_press,'o',high
64.32609105110168,key_press,'f',high
64.46209406852722,key_press,Key.space,high
65.1578757762909,key_press,'m',high
65.3086211681366,key_press,'a',high
65.55697107315063,key_press,'y',high
65.78243470191956,key_press,Key.space,high
70.00673246383667,key_press,'s',high
70.17767930030823,key_press,'e',high
70.37944269180298,key_press,'l',high
70.55242466926575,key_press,'f',high
70.67193102836609,key_press,Key.space,high
70.803049325943,key_press,'a',high
70.93409514427185,key_press,'n',high
71.0752022266388,key_press,'d',high
71.2767596244812,key_press,Key.space,high
73.13175845146179,key_press,'h',high
73.2019407749176,key_press,'e',high
73.35343885421753,key_press,'h',high
73.5544798374176,key_press,'e',high
73.58480739593506,key_press,'h',high
73.78678750991821,key_press,'e',high
73.79677844047546,key_press,'h',high
73.97844648361206,key_press,'h',high
74.16024875640869,key_press,'e',high
74.2223527431488,key_press,'h',high
74.36183714866638,key_press,'e',high
74.41184544563293,key_press,'h',high
74.55270385742188,key_press,'h',high
74.59279251098633,key_press,'e',high
76.06509947776794,key_press,'h',high
76.1764121055603,key_press,'e',high
76.28988361358643,key_press,'h',high
76.50044012069702,key_press,'e',high
76.52885603904724,key_press,'h',high
76.7905523777008,key_press,'e',high
76.96201848983765,key_press,'h',high
77.14828562736511,key_press,'e',high
77.23485064506531,key_press,'h',high
77.42584991455078,key_press,'e',high
77.53644633293152,key_press,'h',high
77.6981348991394,key_press,'e',high
77.82900023460388,key_press,'h',high
80.75272274017334,key_press,'t',high
80.82171964645386,key_press,'h',high
80.89323902130127,key_press,'e',high
81.01459670066833,key_press,'n',high
81.15587544441223,key_press,Key.space,high
82.00264883041382,key_press,'e',high
82.3653073310852,key_press,Key.backspace,high
82.48622298240662,key_press,'w',high
82.63760662078857,key_press,'h',high
82.6882255077362,key_press,'a',high
82.8691349029541,key_press,'t',high
83.00009942054749,key_press,Key.space,high
83.16140913963318,key_press,'a',high
83.34286189079285,key_press,'r',high
83.47408056259155,key_press,'e',high
83.5751621723175,key_press,Key.space,high
84.43223524093628,key_press,'u',high
84.67367792129517,key_press,Key.space,high
84.83510613441467,key_press,'a',high
85.12755680084229,key_press,'l',high
85.28210282325745,key_press,'l',high
85.34967184066772,key_press,Key.space,high
85.86790800094604,key_press,'f',high
85.96468877792358,key_press,'a',high
86.11556458473206,key_press,'n',high
86.20624804496765,key_press,'d',high
86.3774471282959,key_press,Key.space,high
86.4788806438446,key_press,'s',high
86.69031500816345,key_press,Key.backspace,high
86.8309543132782,key_press,Key.backspace,high
86.94216918945312,key_press,'s',high
87.1115825176239,key_press,Key.space,high
87.58769726753235,key_press,'o',high
88.05090880393982,key_press,'f',high
88.15182423591614,key_press,Key.space,high
88.33335494995117,key_press,'t',high
88.4240038394928,key_press,'h',high
88.4940972328186,key_press,'e',high
88.63623929023743,key_press,Key.space,high
89.24037837982178,key_press,'g',high
89.34096574783325,key_press,'i',high
89.70420026779175,key_press,'r',high
89.93609189987183,key_press,'l',high
90.05785894393921,key_press,'s',high
90.20822644233704,key_press,Key.space,high
90.43074297904968,key_press,'o',high
90.77248930931091,key_press,'t',high
91.34739899635315,key_press,Key.backspace,high
91.50864768028259,key_press,'r',high
91.64047169685364,key_press,Key.space,high
92.17452502250671,key_press,'c',high
92.30504894256592,key_press,'a',high
92.56729507446289,key_press,'r',high
92.8600218296051,key_press,'s',high
93.14182758331299,key_press,Key.space,high
93.41368198394775,key_press,'\\',high
93.71602773666382,key_press,Key.enter,high
94.12958574295044,key_press,'i',high
95.08067345619202,key_press,'f',high
95.1979455947876,key_press,Key.space,high
95.6012351512909,key_press,'t',high
95.71196222305298,key_press,'h',high
97.01241827011108,key_press,Key.backspace,high
97.18397855758667,key_press,Key.backspace,high
97.31519222259521,key_press,Key.backspace,high
97.80411911010742,key_press,'y',high
98.22193098068237,key_press,'o',high
98.35327577590942,key_press,'u',high
98.52562379837036,key_press,'r',high
98.63545489311218,key_press,Key.space,high
98.81703758239746,key_press,'a',high
99.14045071601868,key_press,'r',high
99.26338791847229,key_press,'e',high
99.36127519607544,key_press,Key.space,high
110.48660016059875,key_press,'f',high
110.54705762863159,key_press,'a',high
110.7182731628418,key_press,'n',high
110.8695456981659,key_press,Key.space,high
111.02071046829224,key_press,'o',high
111.23248243331909,key_press,'f',high
111.3039448261261,key_press,Key.space,high
111.52427172660828,key_press,'c',high
111.66669178009033,key_press,'a',high
111.87768030166626,key_press,'r',high
112.05861639976501,key_press,'s',high
112.2098798751831,key_press,Key.space,high
112.38159441947937,key_press,'t',high
112.47218918800354,key_press,'h',high
112.57317018508911,key_press,'e',high
112.70433831214905,key_press,'n',high
112.84552812576294,key_press,Key.space,high
113.48027920722961,key_press,'y',high
113.61164498329163,key_press,'o',high
113.76277256011963,key_press,'u',high
113.9084985256195,key_press,'r',high
114.07510805130005,key_press,Key.space,high
114.13563275337219,key_press,'a',high
114.2865355014801,key_press,'r',high
114.37696647644043,key_press,'e',high
114.46832609176636,key_press,Key.space,high
114.7001941204071,key_press,'m',high
114.800856590271,key_press,'e',high
114.93181681632996,key_press,'n',high
115.09261846542358,key_press,Key.space,high
115.15660500526428,key_press,'a',high
115.31586575508118,key_press,'n',high
115.3376088142395,key_press,'d',high
115.49681568145752,key_press,Key.space,high
115.56806230545044,key_press,'f',high
115.59257173538208,key_press,'f',high
116.24604320526123,key_press,'t',high
116.3332006931305,key_press,'h',high
116.38333368301392,key_press,'e',high
116.52481460571289,key_press,Key.space,high
117.39173436164856,key_press,'p',high
117.56282424926758,key_press,'r',high
117.68442416191101,key_press,'e',high
118.05719017982483,key_press,Key.backspace,high
118.20827555656433,key_press,Key.backspace,high
118.3589551448822,key_press,Key.backspace,high
118.4904716014862,key_press,Key.backspace,high
118.6221215724945,key_press,Key.backspace,high
118.75292706489563,key_press,Key.backspace,high
118.93486404418945,key_press,Key.backspace,high
119.22647023200989,key_press,'p',high
119.40748429298401,key_press,'e',high
119.45803594589233,key_press,'r',high
119.65996861457825,key_press,'s',high
119.80096077919006,key_press,'i',high
119.97211766242981,key_press,'n',high
120.13344931602478,key_press,Key.space,high
120.31484317779541,key_press,'o',high
120.62743902206421,key_press,'g',high
120.75853848457336,key_press,Key.space,high
121.0313937664032,key_press,Key.backspace,high
121.18270254135132,key_press,Key.backspace,high
121.29274010658264,key_press,'f',high
121.44432926177979,key_press,Key.space,high
122.00844693183899,key_press,'w',high
122.22057342529297,key_press,'h',high
122.37134432792664,key_press,'o',high
123.17781853675842,key_press,Key.space,high
123.33905339241028,key_press,'l',high
123.5564296245575,key_press,'i',high
123.73272228240967,key_press,'k',high
123.9241464138031,key_press,'e',high
124.12540078163147,key_press,'s',high
124.24994659423828,key_press,Key.space,high
124.33655881881714,key_press,'t',high
124.34715390205383,key_press,'t',high
124.4781711101532,key_press,'h',high
124.51887035369873,key_press,'e',high
124.68008661270142,key_press,Key.space,high
125.1702721118927,key_press,'g',high
125.4070565700531,key_press,'i',high
125.74087858200073,key_press,'r',high
125.92907619476318,key_press,'s',high
126.21438479423523,key_press,Key.space,high
126.56033396720886,key_press,'a',high
126.70604372024536,key_press,'r',high
126.81493997573853,key_press,'e',high
126.91241550445557,key_press,Key.space,high
127.82021141052246,key_press,'v',high
128.16284155845642,key_press,Key.backspace,high
128.27811312675476,key_press,'c',high
128.4662549495697,key_press,'h',high
128.60592555999756,key_press,'u',high
128.7996175289154,key_press,'t',high
128.9457070827484,key_press,'i',high
129.15217518806458,key_press,'y',high
129.18861651420593,key_press,'a',high
129.3707275390625,key_press,Key.space,high
137.15338945388794,key_press,'=',high
137.22501373291016,key_press,'w',high
137.35862708091736,key_press,'h',high
137.48608374595642,key_press,'a',high
137.59540462493896,key_press,'t',high
137.64998316764832,key_press,Key.space,high
138.14156484603882,key_press,'e',high
138.32375979423523,key_press,'l',high
138.45119524002075,key_press,'s',high
138.61512112617493,key_press,'e',high
138.7729389667511,key_press,Key.space,high
139.44664430618286,key_press,'w',high
139.62275457382202,key_press,'e',high
139.75012707710266,key_press,Key.space,high
139.8776216506958,key_press,'a',high
139.99294924736023,key_press,'h',high
140.28426337242126,key_press,'c',high
140.6055784225464,key_press,Key.backspace,high
140.75888347625732,key_press,'v',high
140.81888365745544,key_press,'e',high
140.9581024646759,key_press,Key.space,high
144.2854540348053,key_press,'a',high
144.41837358474731,key_press,'n',high
144.54016876220703,key_press,'d',high
144.92740154266357,key_press,Key.backspace,high
145.49275255203247,key_press,Key.backspace,high
145.6632878780365,key_press,Key.backspace,high
145.85614037513733,key_press,'a',high
146.00261878967285,key_press,'n',high
146.21503114700317,key_press,'d',high
146.3971848487854,key_press,Key.space,high
149.07385778427124,key_press,'m',high
149.53527688980103,key_press,'y',high
149.77210569381714,key_press,Key.space,high
150.64000391960144,key_press,'f',high
150.90706253051758,key_press,'r',high
151.016273021698,key_press,'i',high
151.24092650413513,key_press,'j',high
151.32495737075806,key_press,'e',high
151.41671705245972,key_press,'i',high
151.99992656707764,key_press,Key.backspace,high
152.1637442111969,key_press,Key.backspace,high
152.4307472705841,key_press,Key.backspace,high
152.58240246772766,key_press,'r',high
152.63745069503784,key_press,'i',high
152.88645195960999,key_press,'e',high
153.05605697631836,key_press,'n',high
153.29243993759155,key_press,'d',high
153.44952154159546,key_press,Key.space,high
153.90000414848328,key_press,'i',high
154.05039238929749,key_press,'d',high
154.11825156211853,key_press,Key.space,high
154.28230166435242,key_press,'m',high
156.43690657615662,key_press,'a',high
156.64309978485107,key_press,Key.space,high
157.17126321792603,key_press,'k',high
157.46163988113403,key_press,'o',high
157.74824976921082,key_press,'j',high
157.88161945343018,key_press,'h',high
158.2157599925995,key_press,Key.backspace,high
158.58471512794495,key_press,Key.backspace,high
159.25220727920532,key_press,Key.backspace,high
159.50828218460083,key_press,'k',high
159.64164566993713,key_press,'o',high
159.83494448661804,key_press,'j',high
159.98746633529663,key_press,'j',high
160.10287952423096,key_press,'a',high
160.25510954856873,key_press,Key.space,high
161.20174551010132,key_press,'r',high
161.34250617027283,key_press,'e',high
161.604834318161,key_press,'d',high
161.74773383140564,key_press,'d',high
162.03590726852417,key_press,'y',high
162.27594327926636,key_press,Key.space,high
162.39724779129028,key_press,'a',high
162.59761762619019,key_press,'n',high
162.6828486919403,key_press,'d',high
162.8214054107666,key_press,Key.space,high
165.54772853851318,key_press,'d',high
165.89878225326538,key_press,'h',high
166.0574073791504,key_press,'i',high
166.59069395065308,key_press,'r',high
166.72072625160217,key_press,'e',high
166.84569668769836,key_press,'n',high
167.02176523208618,key_press,Key.space,high
167.53864002227783,key_press,'c',high
167.67207074165344,key_press,'h',high
167.80565237998962,key_press,'i',high
168.27813172340393,key_press,'=',high
168.4490098953247,key_press,'=',high
168.58253526687622,key_press,Key.backspace,high
168.74037098884583,key_press,Key.backspace,high
168.92243671417236,key_press,Key.backspace,high
169.08663749694824,key_press,Key.backspace,high
169.23231387138367,key_press,Key.backspace,high
169.3778510093689,key_press,Key.backspace,high
169.53460597991943,key_press,Key.backspace,high
170.75559449195862,key_press,'u',high
171.20502281188965,key_press,Key.backspace,high
171.45931005477905,key_press,'i',high
171.5837242603302,key_press,'s',high
171.72032618522644,key_press,Key.space,high
171.84163570404053,key_press,'a',high
171.9812569618225,key_press,Key.space,high
172.5639796257019,key_press,'g',high
172.73391962051392,key_press,'u',high
173.42592763900757,key_press,'d',high
173.5561511516571,key_press,Key.space,high
174.08448457717896,key_press,'b',high
174.2452917098999,key_press,'o',high
174.48806881904602,key_press,'y',high
174.63257765769958,key_press,'y',high
192.66125655174255,key_press,'t',high
192.770512342453,key_press,'h',high
192.8737187385559,key_press,'a',high
192.9646599292755,key_press,'h',high
193.3015627861023,key_press,'s',high
193.4442481994629,key_press,Key.space,high
194.0451943874359,key_press,'i',high
194.48222136497498,key_press,'t',high
194.5132462978363,key_press,'t',high
194.56112551689148,key_press,Key.space,high
195.1089105606079,key_press,'i',high
195.3139636516571,key_press,Key.space,high
195.38658785820007,key_press,'g',high
195.9875385761261,key_press,'f',high
196.04828763008118,key_press,'o',high
196.1939582824707,key_press,'r',high
196.29426860809326,key_press,Key.space,high
196.55809211730957,key_press,'t',high
196.8676917552948,key_press,'o',high
197.19545555114746,key_press,'d',high
197.32292199134827,key_press,'a',high
197.48076033592224,key_press,'t',high
197.62644696235657,key_press,Key.space,high
197.91787981987,key_press,'s',high
198.07596731185913,key_press,'e',high
198.3002417087555,key_press,'e',high
198.59152364730835,key_press,Key.space,high
199.11957550048828,key_press,Key.backspace,high
199.2896213531494,key_press,Key.backspace,high
199.46564769744873,key_press,Key.backspace,high
199.73877120018005,key_press,'s',high
199.90263485908508,key_press,'e',high
200.07818365097046,key_press,'e',high
200.2486228942871,key_press,Key.space,high
200.97092652320862,key_press,'u',high
201.2076313495636,key_press,Key.backspace,high
201.71145462989807,key_press,'y',high
201.9117410182953,key_press,'o',high
202.0452823638916,key_press,'u',high
202.30020952224731,key_press,Key.space,high
203.7261688709259,key_press,'t',high
204.02402567863464,key_press,'r',high
204.4186863899231,key_press,'m',high
204.88609719276428,key_press,'w',high
205.01947927474976,key_press,Key.backspace,high
205.19557237625122,key_press,Key.backspace,high
205.3472728729248,key_press,Key.backspace,high
205.49907159805298,key_press,Key.backspace,high
205.7479648590088,key_press,'t',high
205.98461747169495,key_press,'o',high
206.1304488182068,key_press,'m',high
206.2942831516266,key_press,'o',high
206.71302962303162,key_press,'r',high
206.858745098114,key_press,'r',high
207.2350480556488,key_press,'o',high
207.3807487487793,key_press,'e',high
207.53249168395996,key_press,Key.space,high
207.93912029266357,key_press,Key.enter,high
208.9163966178894,key_press,'.',high
209.17140746116638,key_press,Key.ctrl_l,high
209.54771041870117,key_press,'\x03',high
0.6677653789520264,mouse_move,"""1008,522""",high
0.675163745880127,mouse_move,"""1008,518""",high
0.6823832988739014,mouse_move,"""1008,515""",high
0.6872389316558838,mouse_move,"""1008,511""",high
0.6930751800537109,mouse_move,"""1008,509""",high
0.703683614730835,mouse_move,"""1008,505""",high
0.7107295989990234,mouse_move,"""1008,501""",high
1.6705048084259033,key_press,'t',high
2.0754308700561523,key_press,'h',high
2.2365870475769043,key_press,'e',high
2.3364639282226562,key_press,Key.space,high
3.68957257270813,key_press,'p',high
3.8817214965820312,key_press,'e',high
3.9219770431518555,key_press,'o',high
4.073183536529541,key_press,'p',high
4.2953104972839355,key_press,'l',high
4.436875104904175,key_press,'e',high
4.607758283615112,key_press,Key.space,high
10.140390872955322,key_press,'t',high
10.322160959243774,key_press,'h',high
10.443410396575928,key_press,'i',high
10.705716371536255,key_press,'n',high
10.887614965438843,key_press,'k',high
11.099292039871216,key_press,'s',high
11.220566511154175,key_press,Key.space,high
11.674419403076172,key_press,'s',high
11.845863819122314,key_press,'o',high
12.068715333938599,key_press,Key.space,high
17.52570605278015,key_press,Key.alt_l,high
17.673680305480957,key_press,Key.tab,high
20.946352005004883,key_press,Key.alt_l,high
21.152284622192383,key_press,Key.tab,high
24.418090343475342,key_press,'m',high
24.66552758216858,key_press,'u',high
24.977989196777344,key_press,'c',high
25.142560958862305,key_press,'h',high
25.340045928955078,key_press,Key.space,high
26.706502676010132,key_press,'b',high
27.002814531326294,key_press,'e',high
27.332677841186523,key_press,'f',high
27.332677841186523,key_press,'o',high
27.595625638961792,key_press,'r',high
27.74431824684143,key_press,'e',high
28.18852210044861,key_press,Key.space,high
28.830885887145996,key_press,'t',high
28.912578344345093,key_press,'h',high
29.011675357818604,key_press,'e',high
29.143266201019287,key_press,Key.space,high
29.686617136001587,key_press,'h',high
29.933528900146484,key_press,'u',high
30.163962364196777,key_press,'m',high
30.24645495414734,key_press,'a',high
30.411184787750244,key_press,'n',high
30.599668979644775,key_press,Key.space,high
49.85503625869751,key_press,'i',high
50.037172079086304,key_press,'n',high
50.19507932662964,key_press,Key.space,high
50.383163928985596,key_press,'t',high
50.49242877960205,key_press,'h',high
50.941614389419556,key_press,'e',high
51.112335205078125,key_press,Key.space,high
51.29981207847595,key_press,'s',high
51.95529222488403,key_press,'i',high
52.47127294540405,key_press,'t',high
52.61245942115784,key_press,'u',high
52.847548961639404,key_press,'a',high
53.02970910072327,key_press,'t',high
53.3348822593689,key_press,'i',high
53.47875237464905,key_press,'o',high
53.74582552909851,key_press,'n',high
53.92186880111694,key_press,Key.space,high
54.292222023010254,key_press,Key.backspace,high
54.49858903884888,key_press,Key.f12,high
54.65035033226013,key_press,Key.backspace,high
54.814215898513794,key_press,Key.backspace,high
55.12981176376343,key_press,Key.backspace,high
55.30564832687378,key_press,Key.backspace,high
55.439401149749756,key_press,'s',high
55.66999340057373,key_press,'i',high
55.852133989334106,key_press,'t',high
56.267680406570435,key_press,'u',high
56.477198362350464,key_press,'a',high
56.7262122631073,key_press,'t',high
56.87781286239624,key_press,'u',high
57.0115532875061,key_press,'i',high
57.254263401031494,key_press,'n',high
57.454636335372925,key_press,Key.space,high
57.654919147491455,key_press,'t',high
57.73979568481445,key_press,'h',high
57.85017800331116,key_press,'e',high
57.971534967422485,key_press,Key.space,high
60.386327028274536,key_press,'t',high
60.52385401725769,key_press,'h',high
60.738396406173706,key_press,Key.space,high
60.92041277885437,key_press,'e',high
61.84928321838379,key_press,'p',high
62.82184100151062,key_press,'e',high
62.990450859069824,key_press,'o',high
63.227054595947266,key_press,'p',high
63.524510622024536,key_press,'l',high
63.755110025405884,key_press,'e',high
63.97357201576233,key_press,Key.space,high
64.13150811195374,key_press,'a',high
64.44720077514648,key_press,'r',high
64.67778587341309,key_press,'e',high
64.8599259853363,key_press,Key.space,high
65.91728019714355,key_press,'s',high
66.66862773895264,key_press,'o',high
66.94179272651672,key_press,Key.space,high
67.22706508636475,key_press,'m',high
67.54268717765808,key_press,'j',high
68.30149221420288,key_press,'c',high
68.50179505348206,key_press,'h',high
68.71418046951294,key_press,Key.space,high
69.44952011108398,key_press,'d',high
69.71577215194702,key_press,'i',high
70.03744530677795,key_press,'f',high
70.20723938941956,key_press,'f',high
70.38538002967834,key_press,'e',high
70.49867653846741,key_press,'r',high
70.63612794876099,key_press,'e',high
71.27961611747742,key_press,'t',high
71.40922403335571,key_press,Key.space,high
71.62158823013306,key_press,'i',high
71.82802867889404,key_press,'n',high
72.0128722190857,key_press,Key.space,high
72.16792726516724,key_press,'t',high
72.19827008247375,key_press,'t',high
72.33188509941101,key_press,'h',high
72.57460904121399,key_press,'e',high
72.77500772476196,key_press,Key.space,high
74.17491793632507,key_press,'s',high
74.71921849250793,key_press,'i',high
75.30603575706482,key_press,'t',high
75.47607040405273,key_press,'u',high
75.60957765579224,key_press,'a',high
76.59904718399048,key_press,'t',high
76.7773015499115,key_press,'i',high
76.92064595222473,key_press,'o',high
77.25414228439331,key_press,'n',high
77.53380107879639,key_press,Key.space,high
78.28149104118347,key_press,'a',high
78.45591259002686,key_press,'n',high
78.65666198730469,key_press,'d',high
78.8387382030487,key_press,Key.space,high
98.24049139022827,key_press,'p',high
99.6401834487915,key_press,'e',high
100.55012011528015,key_press,Key.alt_l,high
100.6959171295166,key_press,Key.tab,high
101.88985800743103,key_press,Key.alt_l,high
101.97994303703308,key_press,Key.tab,high
102.91797423362732,key_press,'i',high
103.37930369377136,key_press,Key.space,high
103.60389852523804,key_press,'s',high
104.30192685127258,key_press,'r',high
104.98768043518066,key_press,'=',high
105.20634388923645,key_press,'t',high
105.32773685455322,key_press,'r',high
105.57055974006653,key_press,'d',high
105.74653100967407,key_press,'s',high
106.00144815444946,key_press,'s',high
106.26852416992188,key_press,Key.space,high
106.63878011703491,key_press,'i',high
106.8390588760376,key_press,'n',high
107.04547095298767,key_press,Key.space,high
107.19719672203064,key_press,'t',high
107.34248399734497,key_press,'h',high
107.34901571273804,key_press,'e',high
107.55554366111755,key_press,Key.space,high
108.56906723976135,key_press,'h',high
108.78750205039978,key_press,'u',high
109.01165509223938,key_press,'m',high
109.14567017555237,key_press,'a',high
109.26706838607788,key_press,'n',high
109.44305300712585,key_press,Key.space,high
109.61257982254028,key_press,'m',high
109.84983325004578,key_press,'i',high
110.08650827407837,key_press,'n',high
110.44458508491516,key_press,'d',high
110.57815504074097,key_press,Key.space,high
111.17904806137085,key_press,'c',high
111.28224396705627,key_press,'a',high
111.42182087898254,key_press,'n',high
111.62213230133057,key_press,'n',high
111.99845242500305,key_press,'o',high
112.46550130844116,key_press,'t',high
112.7209403514862,key_press,Key.space,high
112.95152974128723,key_press,'t',high
113.10931897163391,key_press,'h',high
113.30353498458862,key_press,'i',high
113.60707068443298,key_press,'n',high
113.86198234558105,key_press,'k',high
114.06828713417053,key_press,Key.space,high
114.17155981063843,key_press,'a',high
114.40216088294983,key_press,'s',high
114.59040069580078,key_press,Key.space,high
120.81808471679688,key_press,'e',high
121.03037714958191,key_press,'e',high
121.5431182384491,key_press,Key.backspace,high
121.97572135925293,key_press,Key.backspace,high
122.4628324508667,key_press,'e',high
122.71170234680176,key_press,'f',high
122.86345362663269,key_press,'f',high
123.11839556694031,key_press,'i',high
123.34305572509766,key_press,'c',high
123.47905421257019,key_press,'i',high
123.658686876297,key_press,'e',high
123.83468675613403,key_press,'n',high
123.9500343799591,key_press,'r',high
123.9562668800354,key_press,'t',high
124.11990094184875,key_press,Key.space,high
124.18067622184753,key_press,'a',high
124.65979504585266,key_press,'s',high
124.85235714912415,key_press,Key.space,high
125.07895421981812,key_press,'n',high
125.26913404464722,key_press,'o',high
125.46742081642151,key_press,'r',high
125.61916542053223,key_press,'a',high
125.6557788848877,key_press,'m',high
125.88028907775879,key_press,'l',high
126.15335369110107,key_press,Key.space,high
134.94251680374146,key_press,'s',high
135.39171242713928,key_press,'o',high
135.99867510795593,key_press,Key.space,high
136.2657790184021,key_press,'i',high
136.5110788345337,key_press,'t',high
136.72224283218384,key_press,Key.space,high
137.12160539627075,key_press,'d',high
137.35230827331543,key_press,'o',high
137.59603834152222,key_press,'e',high
137.8327615261078,key_press,'s',high
138.0511336326599,key_press,Key.space,high
140.37855696678162,key_press,'t',high
140.53897976875305,key_press,'h',high
140.74539279937744,key_press,'i',high
140.95167756080627,key_press,'n',high
141.14589309692383,key_press,Key.space,high
141.78338646888733,key_press,'d',high
141.947181224823,key_press,'i',high
142.90615677833557,key_press,'f',high
143.07008147239685,key_press,'f',high
143.47684359550476,key_press,'e',high
143.5978536605835,key_press,'r',high
143.7559621334076,key_press,'e',high
143.93202948570251,key_press,'n',high
144.06518363952637,key_press,'t',high
144.1867175102234,key_press,Key.space,high
145.158349275589,key_press,'i',high
145.36768078804016,key_press,'n',high
145.54659295082092,key_press,Key.space,high
145.7166748046875,key_press,'s',high
146.05037593841553,key_press,'t',high
146.2204110622406,key_press,'r',high
146.97905921936035,key_press,'e',high
147.59819674491882,key_press,'s',high
147.7924611568451,key_press,'s',high
148.22947597503662,key_press,'f',high
148.5451033115387,key_press,'u',high
148.8061020374298,key_press,'l',high
149.04288697242737,key_press,Key.space,high
149.9170150756836,key_press,'s',high
150.2143633365631,key_press,'i',high
150.47542715072632,key_press,'t',high
150.72425937652588,key_press,'u',high
150.8577241897583,key_press,'a',high
151.14311599731445,key_press,'t',high
151.70226120948792,key_press,'u',high
152.70904922485352,key_press,Key.backspace,high
152.90942978858948,key_press,Key.backspace,high
153.0853145122528,key_press,Key.backspace,high
153.26755475997925,key_press,Key.backspace,high
153.48595643043518,key_press,Key.backspace,high
153.6559281349182,key_press,Key.backspace,high
153.82667541503906,key_press,Key.backspace,high
154.29324507713318,key_press,'s',high
154.57212591171265,key_press,'i',high
154.89515161514282,key_press,'t',high
155.08845376968384,key_press,'u',high
155.13348364830017,key_press,'a',high
155.475280046463,key_press,'t',high
155.7319257259369,key_press,'i',high
155.88358068466187,key_press,'o',high
156.1567177772522,key_press,'n',high
156.2660574913025,key_press,'s',high
156.4067840576172,key_press,Key.space,high
157.3161256313324,key_press,Key.enter,high
157.9230601787567,key_press,Key.alt_l,high
158.12959361076355,key_press,Key.tab,high
160.9052755832672,key_press,Key.alt_l,high
161.03578996658325,key_press,Key.tab,high
162.55751705169678,key_press,'t',high
162.67588472366333,key_press,'h',high
163.1129114627838,key_press,'e',high
163.2828505039215,key_press,Key.space,high
164.89140629768372,key_press,'p',high
165.7351529598236,key_press,'e',high
165.92933344841003,key_press,'o',high
166.0745928287506,key_press,'p',high
166.31778216362,key_press,'l',high
166.56064558029175,key_press,'e',high
166.7179412841797,key_press,Key.space,high
169.1282024383545,key_press,'b',high
169.60164403915405,key_press,'e',high
170.2390193939209,key_press,'l',high
170.43273448944092,key_press,'i',high
170.66393971443176,key_press,'e',high
170.87627291679382,key_press,'v',high
171.00984811782837,key_press,'e',high
171.17981123924255,key_press,Key.space,high
171.3497748374939,key_press,'i',high
171.50149965286255,key_press,'n',high
171.68964314460754,key_press,Key.space,high
174.93703627586365,mouse_move,"""1008,501""",high
174.9492437839508,mouse_move,"""1008,502""",high
174.95570516586304,mouse_move,"""1007,502""",high
174.9626591205597,mouse_move,"""1007,503""",high
174.9683656692505,mouse_move,"""1007,504""",high
174.97445726394653,mouse_move,"""1006,504""",high
174.9804265499115,mouse_move,"""1006,506""",high
174.99128031730652,mouse_move,"""1006,507""",high
174.99891829490662,mouse_move,"""1006,507""",high
175.00398778915405,mouse_move,"""1005,508""",high
175.01097536087036,mouse_move,"""1005,510""",high
175.02233052253723,mouse_move,"""1005,511""",high
175.03385758399963,mouse_move,"""1005,512""",high
175.04079747200012,mouse_move,"""1005,513""",high
175.04772806167603,mouse_move,"""1005,514""",high
175.053852558136,mouse_move,"""1005,516""",high
175.0617711544037,mouse_move,"""1006,516""",high
175.069020986557,mouse_move,"""1007,518""",high
175.0770401954651,mouse_move,"""1007,519""",high
175.0837996006012,mouse_move,"""1007,519""",high
175.0888442993164,mouse_move,"""1007,520""",high
175.09820675849915,mouse_move,"""1007,521""",high
175.10521292686462,mouse_move,"""1007,522""",high
175.11261248588562,mouse_move,"""1008,522""",high
175.11977982521057,mouse_move,"""1008,522""",high
175.1313672065735,mouse_move,"""1008,523""",high
175.15505981445312,mouse_move,"""1008,524""",high
175.17378425598145,mouse_move,"""1009,524""",high
175.26820969581604,mouse_move,"""1009,524""",high
175.28255128860474,mouse_move,"""1009,524""",high
175.32507276535034,mouse_move,"""1008,523""",high
175.4737229347229,mouse_move,"""1008,523""",high
175.52577257156372,mouse_move,"""1009,523""",high
175.5440092086792,mouse_move,"""1009,523""",high
175.56219005584717,mouse_move,"""1010,523""",high
175.61466240882874,mouse_move,"""1011,523""",high
175.62298822402954,mouse_move,"""1011,522""",high
175.63507390022278,mouse_move,"""1012,522""",high
175.64328598976135,mouse_move,"""1012,521""",high
175.6654396057129,mouse_move,"""1012,520""",high
175.689692735672,mouse_move,"""1013,520""",high
175.70730805397034,mouse_move,"""1013,520""",high
175.7213442325592,mouse_move,"""1014,519""",high
175.7319974899292,mouse_move,"""1014,519""",high
175.75037384033203,mouse_move,"""1014,518""",high
175.7626690864563,mouse_move,"""1014,518""",high
175.78069806098938,mouse_move,"""1015,517""",high
175.8169388771057,mouse_move,"""1015,516""",high
175.82767581939697,mouse_move,"""1016,516""",high
175.84759855270386,mouse_move,"""1016,515""",high
175.86567449569702,mouse_move,"""1016,515""",high
175.8778555393219,mouse_move,"""1016,514""",high
175.88508868217468,mouse_move,"""1016,513""",high
175.89155197143555,mouse_move,"""1016,513""",high
175.89606285095215,mouse_move,"""1016,512""",high
175.90590834617615,mouse_move,"""1016,511""",high
175.9133858680725,mouse_move,"""1016,510""",high
175.92031979560852,mouse_move,"""1016,510""",high
175.9324414730072,mouse_move,"""1016,509""",high
175.9870753288269,mouse_move,"""1016,508""",high
176.02957582473755,mouse_move,"""1016,508""",high
176.13284611701965,mouse_move,"""1016,508""",high
176.13886189460754,mouse_move,"""1016,507""",high
177.14637446403503,mouse_move,"""1016,506""",high
177.15861797332764,mouse_move,"""1016,505""",high
177.18885445594788,mouse_move,"""1016,505""",high
177.19844245910645,mouse_move,"""1016,504""",high
177.21318697929382,mouse_move,"""1016,503""",high
177.2314910888672,mouse_move,"""1016,503""",high
177.26783967018127,mouse_move,"""1016,502""",high
177.27734661102295,mouse_move,"""1016,502""",high
177.291672706604,mouse_move,"""1016,501""",high
177.31030654907227,mouse_move,"""1016,501""",high
177.32594513893127,mouse_move,"""1016,500""",high
177.34067177772522,mouse_move,"""1015,500""",high
177.34679579734802,mouse_move,"""1015,499""",high
177.419695854187,mouse_move,"""1015,498""",high
177.45556354522705,mouse_move,"""1015,498""",high
177.4802267551422,mouse_move,"""1015,498""",high
177.632075548172,mouse_move,"""1015,497""",high
177.92929100990295,mouse_move,"""1015,497""",high
178.0144236087799,mouse_move,"""1015,497""",high
178.0386507511139,mouse_move,"""1014,496""",high
178.10640573501587,mouse_move,"""1014,496""",high
178.28761458396912,mouse_move,"""1014,496""",high
178.3240418434143,mouse_move,"""1014,495""",high
178.42110013961792,mouse_move,"""1014,494""",high
178.45144844055176,mouse_move,"""1014,494""",high
178.4940197467804,mouse_move,"""1015,494""",high
178.50241947174072,mouse_move,"""1015,494""",high
178.50618481636047,mouse_move,"""1015,495""",high
178.59700298309326,mouse_move,"""1015,495""",high
178.62747645378113,mouse_move,"""1015,494""",high
178.66995525360107,mouse_move,"""1015,493""",high
178.6805317401886,mouse_move,"""1016,492""",high
180.15095210075378,key_press,'o',high
180.5212161540985,key_press,'t',high
180.6607928276062,key_press,'h',high
180.7579686641693,key_press,'e',high
180.87539863586426,key_press,'r',high
181.00312900543213,key_press,Key.space,high
181.60792326927185,key_press,'p',high
181.91690349578857,key_press,'e',high
182.09334564208984,key_press,'o',high
182.24511241912842,key_press,'p',high
182.45780301094055,key_press,'l',high
182.6080174446106,key_press,'e',high
182.76107740402222,key_press,Key.space,high
182.95485138893127,key_press,'t',high
183.08889150619507,key_press,'h',high
183.38409209251404,key_press,'a',high
183.55615377426147,key_press,'n',high
183.74435186386108,key_press,Key.space,high
185.40146732330322,key_press,'t',high
185.52886724472046,key_press,'h',high
185.63949418067932,key_press,'e',high
186.36907076835632,key_press,Key.backspace,high
186.57680249214172,key_press,'w',high
186.7668421268463,key_press,'n',high
186.9367392063141,key_press,Key.space,high
187.87796783447266,key_press,'t',high
188.02970600128174,key_press,'h',high
188.14502954483032,key_press,'e',high
188.75823640823364,key_press,'m',high
189.1247842311859,key_press,'s',high
189.48054790496826,key_press,'e',high
189.6954460144043,key_press,'l',high
190.06877660751343,key_press,'v',high
190.26342940330505,key_press,'e',high
190.42729353904724,key_press,'s',high
190.68826627731323,key_press,Key.space,high
224.66754865646362,key_press,'s',high
224.9103353023529,key_press,'o',high
225.16511058807373,key_press,Key.space,high
225.39244723320007,key_press,'t',high
225.54152131080627,key_press,'h',high
225.57791090011597,key_press,'e',high
225.82673740386963,key_press,'y',high
226.03298044204712,key_press,Key.space,high
227.18862581253052,key_press,'b',high
227.25923204421997,key_press,'b',high
227.39021515846252,key_press,'r',high
227.63964939117432,key_press,'l',high
227.896550655365,key_press,'e',high
228.16471695899963,key_press,'v',high
228.26081204414368,key_press,'e',high
228.47559428215027,key_press,Key.space,high
228.85571718215942,key_press,'t',high
229.06208992004395,key_press,'h',high
229.06818509101868,key_press,'a',high
229.30734634399414,key_press,'n',high
229.4929563999176,key_press,Key.space,high
231.57495856285095,key_press,'o',high
231.99373149871826,key_press,'w',high
232.21222472190857,key_press,'n',high
232.40644025802612,key_press,Key.space,high
232.9771683216095,mouse_move,"""1016,492""",high
232.98326444625854,mouse_move,"""1016,492""",high
232.99489617347717,mouse_move,"""1015,494""",high
233.00236678123474,mouse_move,"""1015,495""",high
233.00877475738525,mouse_move,"""1015,496""",high
233.01362323760986,mouse_move,"""1015,498""",high
233.02269625663757,mouse_move,"""1015,500""",high
233.0298626422882,mouse_move,"""1015,504""",high
233.03711462020874,mouse_move,"""1015,506""",high
233.05615949630737,mouse_move,"""1015,509""",high
233.06557822227478,mouse_move,"""1015,512""",high
233.07397055625916,mouse_move,"""1015,515""",high
233.08098769187927,mouse_move,"""1015,519""",high
233.08782172203064,mouse_move,"""1014,520""",high
233.0947744846344,mouse_move,"""1013,523""",high
233.102032661438,mouse_move,"""1013,526""",high
233.1086392402649,mouse_move,"""1013,526""",high
233.1156394481659,mouse_move,"""1013,529""",high
233.1232831478119,mouse_move,"""1013,530""",high
233.13025045394897,mouse_move,"""1012,531""",high
233.13726687431335,mouse_move,"""1011,532""",high
233.14456820487976,mouse_move,"""1011,533""",high
233.15149927139282,mouse_move,"""1011,534""",high
233.15908908843994,mouse_move,"""1011,536""",high
233.16574358940125,mouse_move,"""1011,537""",high
233.17289233207703,mouse_move,"""1011,538""",high
233.17954874038696,mouse_move,"""1011,539""",high
233.18693470954895,mouse_move,"""1011,539""",high
233.20143914222717,mouse_move,"""1011,540""",high
233.2806429862976,key_press,'s',high
233.48331022262573,key_press,'e',high
233.71156430244446,key_press,'l',high
233.8935625553131,key_press,'f',high
234.07576251029968,key_press,Key.space,high
234.66714668273926,key_press,Key.alt_l,high
234.76780676841736,key_press,Key.tab,high
254.1305637359619,key_press,Key.alt_l,high
254.27623915672302,key_press,Key.tab,high
255.35685229301453,key_press,'w',high
256.13982462882996,key_press,'h',high
256.3522918224335,key_press,'e',high
256.5040159225464,key_press,'n',high
256.58896255493164,key_press,'a',high
256.6678464412689,key_press,Key.space,high
257.1898760795593,key_press,'p',high
257.66331148147583,key_press,'e',high
257.7786076068878,key_press,'r',high
257.93652296066284,key_press,'s',high
258.06397557258606,key_press,'o',high
258.2763764858246,key_press,'m',high
258.43418526649475,key_press,Key.space,high
258.67699790000916,key_press,'i',high
258.87116718292236,key_press,'s',high
258.99257230758667,key_press,Key.space,high
259.8484454154968,key_press,'c',high
259.9819359779358,key_press,'o',high
260.2125279903412,key_press,'n',high
260.6924090385437,key_press,'f',high
261.02278304100037,key_press,'u',high
261.0988438129425,key_press,'s',high
261.2261600494385,key_press,'e',high
261.5176079273224,key_press,'d',high
261.6571981906891,key_press,Key.space,high
262.2092514038086,key_press,'t',high
262.31287145614624,key_press,'h',high
262.3794631958008,key_press,'e',high
262.52080845832825,key_press,Key.space,high
282.6893095970154,mouse_move,"""1011,541""",high
282.70147800445557,mouse_move,"""1012,542""",high
282.7099061012268,mouse_move,"""1014,542""",high
282.72595620155334,mouse_move,"""1014,543""",high
282.7325007915497,mouse_move,"""1014,544""",high
282.7391839027405,mouse_move,"""1015,544""",high
282.7450649738312,mouse_move,"""1016,544""",high
282.7502865791321,mouse_move,"""1016,545""",high
282.75713777542114,mouse_move,"""1016,546""",high
282.76855540275574,mouse_move,"""1016,546""",high
282.7750725746155,mouse_move,"""1016,547""",high
282.78192043304443,mouse_move,"""1017,549""",high
282.7880096435547,mouse_move,"""1017,550""",high
282.79334807395935,mouse_move,"""1017,551""",high
282.7988934516907,mouse_move,"""1018,552""",high
282.818425655365,mouse_move,"""1019,554""",high
282.8254237174988,mouse_move,"""1019,554""",high
282.8324246406555,mouse_move,"""1019,555""",high
306.5682601928711,key_press,Key.alt_l,high
306.69656348228455,key_press,Key.tab,high
308.5621123313904,key_press,Key.alt_l,high
308.7527837753296,key_press,Key.tab,high
309.86753582954407,key_press,'c',high
309.9514408111572,key_press,'o',high
310.17236399650574,key_press,'n',high
310.2987105846405,key_press,'d',high
310.7410879135132,key_press,'u',high
310.8514392375946,key_press,'s',high
310.9458975791931,key_press,'e',high
311.15209197998047,key_press,'d',high
311.2467625141144,key_press,Key.space,high
311.38905596733093,key_press,'t',high
311.5308003425598,key_press,'h',high
311.57872915267944,key_press,'e',high
311.72077083587646,key_press,Key.space,high
312.40020084381104,key_press,'p',high
312.573609828949,key_press,'e',high
312.68456649780273,key_press,'r',high
313.0159001350403,key_press,'s',high
313.0953257083893,key_press,'o',high
313.5378067493439,key_press,Key.space,high
314.0963318347931,key_press,'t',high
314.29622411727905,key_press,'h',high
314.69149708747864,key_press,'n',high
315.0939235687256,key_press,'i',high
315.2520225048065,key_press,'n',high
315.43411326408386,key_press,'k',high
315.5994613170624,key_press,'s',high
315.710679769516,key_press,Key.space,high
316.02595114707947,key_press,'t',high
316.18403482437134,key_press,'a',high
316.3584175109863,key_press,'n',high
316.8912377357483,key_press,'d',high
317.04905462265015,key_press,'o',high
317.2978882789612,key_press,'m',high
317.516437292099,key_press,'l',high
318.1962971687317,mouse_move,"""1019,555""",high
318.2509367465973,mouse_move,"""1019,555""",high
318.2691571712494,mouse_move,"""1019,555""",high
318.27523016929626,mouse_move,"""1017,556""",high
318.3056266307831,key_press,'y',high
318.596937417984,key_press,Key.space,high
349.60775542259216,key_press,Key.alt_l,high
349.74392652511597,key_press,Key.tab,high
353.7565588951111,key_press,Key.alt_l,high
353.84326338768005,key_press,Key.tab,high
354.9089615345001,key_press,'w',high
355.21325874328613,key_press,'h',high
355.6309859752655,key_press,'o',high
355.8232455253601,key_press,'l',high
355.91949820518494,key_press,'e',high
356.1279652118683,key_press,Key.space,high
356.19234228134155,key_press,'t',high
356.4326856136322,key_press,'h',high
356.56090545654297,key_press,'i',high
356.7855064868927,key_press,'n',high
356.8980507850647,key_press,'k',high
357.1540710926056,key_press,'9',high
357.55509090423584,key_press,'n',high
357.8283522129059,key_press,'d',high
358.0203685760498,key_press,'g',high
358.1645681858063,key_press,Key.space,high
358.29328632354736,key_press,'t',high
358.42112970352173,key_press,'h',high
358.4854826927185,key_press,'e',high
358.6301169395447,key_press,Key.space,high
359.6083574295044,key_press,'p',high
359.76869320869446,key_press,'e',high
359.96111822128296,key_press,'o',high
360.1375813484192,key_press,'p',high
360.313969373703,key_press,'l',high
360.4100286960602,key_press,'e',high
360.58666014671326,key_press,Key.space,high
360.68313097953796,key_press,'a',high
360.8754630088806,key_press,'p',high
361.195823431015,key_press,'u',high
361.35928440093994,key_press,'s',high
361.436829328537,key_press,'e',high
361.61290884017944,key_press,Key.space,high
363.84263706207275,key_press,'b',high
364.04290890693665,key_press,'e',high
364.1713373661041,key_press,'a',high
364.47580337524414,key_press,'c',high
364.7481698989868,key_press,'u',high
364.7643494606018,key_press,'s',high
364.92490100860596,key_press,'e',high
365.0393416881561,key_press,Key.space,high
365.1985185146332,key_press,'t',high
365.3269691467285,key_press,'h',high
365.4058344364166,key_press,'e',high
365.5352201461792,key_press,Key.space,high
365.8076341152191,key_press,'p',high
366.5935137271881,key_press,'e',high
366.7237775325775,key_press,'o',high
366.8821744918823,key_press,'p',high
367.09112906455994,key_press,'l',high
367.28282141685486,key_press,'e',high
367.41512417793274,key_press,Key.space,high
367.58826899528503,key_press,'t',high
367.7642331123352,key_press,'h',high
367.8928859233856,key_press,'i',high
368.1033272743225,key_press,'n',high
368.27265071868896,key_press,'k',high
368.50322794914246,key_press,Key.space,high
368.82633113861084,key_press,'t',high
369.2257471084595,key_press,'w',high
369.38410806655884,key_press,'i',high
369.60847663879395,key_press,'k',high
370.36203813552856,key_press,Key.backspace,high
370.5553832054138,key_press,'c',high
370.8281729221344,key_press,'e',high
371.0843789577484,key_press,Key.space,high
371.1320834159851,key_press,'a',high
371.34105348587036,key_press,'n',high
371.4041600227356,key_press,'d',high
371.56595611572266,key_press,Key.space,high
383.47755885124207,mouse_move,"""1017,556""",high
383.48578333854675,mouse_move,"""1018,556""",high
383.50443601608276,mouse_move,"""1018,557""",high
383.5110881328583,mouse_move,"""1019,557""",high
384.40825271606445,key_press,'a',high
384.80279779434204,key_press,'n',high
384.9499480724335,key_press,'d',high
385.0830919742584,key_press,Key.space,high
388.85140013694763,key_press,'b',high
389.0032148361206,key_press,'e',high
389.2823677062988,key_press,'c',high
389.4342200756073,key_press,'o',high
389.64049553871155,key_press,"','",high
389.76198649406433,key_press,'e',high
389.89772725105286,key_press,Key.space,high
390.17428040504456,key_press,'s',high
390.49642634391785,key_press,'i',high
390.70881843566895,key_press,';',high
390.9759795665741,key_press,'l',high
391.0973289012909,key_press,'e',high
391.2612829208374,key_press,'n',high
391.3582556247711,key_press,'t',high
391.47970724105835,key_press,Key.space,high
392.83932161331177,key_press,'t',high
392.92541456222534,key_press,'o',high
393.1671459674835,key_press,Key.space,high
393.7771439552307,key_press,'h',high
393.8734817504883,key_press,'e',high
394.1042995452881,key_press,'a',high
394.2777965068817,key_press,'r',high
394.43879199028015,key_press,Key.space,high
395.03676080703735,key_press,'w',high
395.1704399585724,key_press,'h',high
395.21890473365784,key_press,'a',high
395.401841878891,key_press,'r',high
395.45547366142273,key_press,Key.space,high
396.1838729381561,key_press,Key.backspace,high
396.3295705318451,key_press,Key.backspace,high
396.4691228866577,key_press,Key.backspace,high
396.6083462238312,key_press,Key.backspace,high
396.7849426269531,key_press,'w',high
396.954708814621,key_press,'h',high
397.0639297962189,key_press,'a',high
397.2278325557709,key_press,'t',high
397.34320044517517,key_press,Key.space,high
416.9791748523712,mouse_move,"""1019,557""",high
416.9873261451721,mouse_move,"""1019,555""",high
416.994553565979,mouse_move,"""1019,554""",high
417.0015461444855,mouse_move,"""1019,550""",high
417.0089154243469,mouse_move,"""1021,546""",high
417.76224184036255,key_press,'t',high
417.89579129219055,key_press,'o',high
418.0899920463562,key_press,Key.space,high
418.33287835121155,key_press,'h',high
418.3753128051758,key_press,'e',high
418.8486931324005,key_press,'a',high
418.9945619106293,key_press,'r',high
419.637886762619,key_press,Key.space,high
419.77742886543274,key_press,'w',high
419.9533438682556,key_press,'h',high
420.044646024704,key_press,'a',high
420.2449095249176,key_press,'t',high
420.4269051551819,key_press,Key.space,high
420.9610204696655,key_press,'t',high
421.11278343200684,key_press,'h',high
421.2220096588135,key_press,'e',high
421.55591797828674,key_press,'u',high
421.8654479980469,key_press,Key.space,high
422.28429222106934,key_press,Key.backspace,high
422.92768454551697,key_press,'=',high
423.079425573349,key_press,'=',high
423.2494020462036,key_press,Key.backspace,high
423.3890001773834,key_press,Key.backspace,high
423.52859234809875,key_press,Key.backspace,high
423.6621403694153,key_press,Key.backspace,high
423.7956404685974,key_press,Key.backspace,high
424.09923124313354,mouse_move,"""1021,549""",high
424.1112585067749,mouse_move,"""1021,552""",high
424.1179130077362,mouse_move,"""1020,556""",high
424.12540435791016,mouse_move,"""1020,561""",high
424.1316006183624,mouse_move,"""1020,565""",high
424.13925790786743,mouse_move,"""1020,569""",high
424.14606285095215,mouse_move,"""1020,573""",high
424.1540279388428,mouse_move,"""1020,575""",high
424.160129070282,mouse_move,"""1020,579""",high
424.16778349876404,mouse_move,"""1020,582""",high
424.17473316192627,mouse_move,"""1020,584""",high
424.1819407939911,mouse_move,"""1020,587""",high
424.18891525268555,mouse_move,"""1020,589""",high
424.19658184051514,mouse_move,"""1020,590""",high
424.2036294937134,mouse_move,"""1020,591""",high
424.2086327075958,mouse_move,"""1020,593""",high
424.2164046764374,key_press,Key.backspace,high
424.21727180480957,mouse_move,"""1019,593""",high
424.2247495651245,mouse_move,"""1018,595""",high
424.2314348220825,mouse_move,"""1017,596""",high
424.2385334968567,mouse_move,"""1016,597""",high
424.2462327480316,mouse_move,"""1014,599""",high
424.40873670578003,key_press,Key.backspace,high
424.5605893135071,key_press,Key.backspace,high
424.8518023490906,key_press,'t',high
424.9367754459381,key_press,'h',high
425.10165762901306,key_press,'w',high
425.6045503616333,key_press,'y',high
425.9323525428772,key_press,Key.space,high
426.2100040912628,key_press,'r',high
426.4117615222931,key_press,'a',high
426.8792943954468,key_press,Key.backspace,high
427.0369482040405,key_press,Key.backspace,high
427.12800765037537,key_press,'a',high
427.30400943756104,key_press,'r',high
427.4506814479828,key_press,'e',high
427.66216135025024,key_press,Key.space,high
431.9415099620819,mouse_move,"""1014,599""",high
431.9475429058075,mouse_move,"""1014,599""",high
431.9536383152008,mouse_move,"""1015,598""",high
431.9624819755554,mouse_move,"""1015,596""",high
431.9695177078247,mouse_move,"""1015,595""",high
432.0385799407959,key_press,'s',high
432.20872831344604,key_press,'p',high
432.3481149673462,key_press,'e',high
432.52439546585083,key_press,'a',high
432.74872875213623,key_press,'k',high
432.9439709186554,key_press,'i',high
433.11911153793335,key_press,'n',high
433.2950565814972,key_press,'g',high
433.34967017173767,key_press,Key.space,high
433.8308050632477,key_press,Key.alt_l,high
434.1448254585266,key_press,Key.tab,high
435.07019209861755,mouse_move,"""1014,583""",high
435.0772614479065,mouse_move,"""1011,566""",high
435.08426237106323,mouse_move,"""1008,547""",high
435.09126234054565,mouse_move,"""1007,529""",high
435.09892654418945,mouse_move,"""1005,512""",high
435.1057229042053,mouse_move,"""1005,492""",high
435.112398147583,mouse_move,"""1005,474""",high
435.1200876235962,mouse_move,"""1005,457""",high
435.1272466182709,mouse_move,"""1006,441""",high
435.13448190689087,mouse_move,"""1007,426""",high
435.14153933525085,mouse_move,"""1009,411""",high
435.1483271121979,mouse_move,"""1010,397""",high
435.15546894073486,mouse_move,"""1013,384""",high
435.1627058982849,mouse_move,"""1013,372""",high
435.16963601112366,mouse_move,"""1014,362""",high
435.176637172699,mouse_move,"""1015,352""",high
435.1836361885071,mouse_move,"""1015,343""",high
435.1906352043152,mouse_move,"""1015,335""",high
435.19763946533203,mouse_move,"""1018,328""",high
435.20564365386963,mouse_move,"""1018,322""",high
435.21225929260254,mouse_move,"""1018,316""",high
435.21899676322937,mouse_move,"""1019,310""",high
435.22675681114197,mouse_move,"""1019,307""",high
435.2338008880615,mouse_move,"""1019,300""",high
435.2408664226532,mouse_move,"""1020,295""",high
435.24800300598145,mouse_move,"""1020,289""",high
435.25520420074463,mouse_move,"""1019,284""",high
435.262540102005,mouse_move,"""1019,280""",high
435.2695987224579,mouse_move,"""1018,277""",high
435.27639603614807,mouse_move,"""1017,274""",high
435.28343439102173,mouse_move,"""1016,272""",high
435.2904348373413,mouse_move,"""1014,271""",high
435.297438621521,mouse_move,"""1013,271""",high
435.30444049835205,mouse_move,"""1012,271""",high
435.3114378452301,mouse_move,"""1010,271""",high
435.31900215148926,mouse_move,"""1009,271""",high
435.3261811733246,mouse_move,"""1007,272""",high
435.3334882259369,mouse_move,"""1003,277""",high
435.33986043930054,mouse_move,"""998,283""",high
435.34778881073,mouse_move,"""991,292""",high
435.35465812683105,mouse_move,"""983,306""",high
435.361697435379,mouse_move,"""974,322""",high
435.36898279190063,mouse_move,"""966,341""",high
435.3760931491852,mouse_move,"""958,362""",high
435.38299441337585,mouse_move,"""951,386""",high
435.38963437080383,mouse_move,"""944,413""",high
435.3973457813263,mouse_move,"""939,436""",high
435.4044518470764,mouse_move,"""935,456""",high
435.411452293396,mouse_move,"""931,479""",high
435.4186761379242,mouse_move,"""930,497""",high
435.425678730011,mouse_move,"""927,516""",high
435.4330894947052,mouse_move,"""927,531""",high
435.4402494430542,mouse_move,"""927,544""",high
435.447128534317,mouse_move,"""927,554""",high
435.45444893836975,mouse_move,"""929,564""",high
435.46157360076904,mouse_move,"""930,572""",high
435.469007730484,mouse_move,"""932,579""",high
435.4759328365326,mouse_move,"""933,584""",high
435.4827175140381,mouse_move,"""935,590""",high
435.4899592399597,mouse_move,"""939,596""",high
437.69663643836975,key_press,Key.alt_l,high
437.7745726108551,key_press,Key.tab,high
438.0835201740265,mouse_move,"""939,609""",high
438.0878698825836,mouse_move,"""940,624""",high
438.09594655036926,mouse_move,"""942,641""",high
438.1046087741852,mouse_move,"""943,659""",high
438.10661220550537,mouse_move,"""946,680""",high
438.1180007457733,mouse_move,"""948,702""",high
438.12597489356995,mouse_move,"""951,721""",high
438.1311528682709,mouse_move,"""954,746""",high
438.140202999115,mouse_move,"""959,773""",high
438.14314317703247,mouse_move,"""963,798""",high
438.15361404418945,mouse_move,"""966,818""",high
438.1554579734802,mouse_move,"""969,840""",high
438.167364358902,mouse_move,"""972,859""",high
438.167364358902,mouse_move,"""975,881""",high
438.1795747280121,mouse_move,"""978,898""",high
438.1890149116516,mouse_move,"""979,913""",high
438.1969892978668,mouse_move,"""982,928""",high
438.2040650844574,mouse_move,"""983,942""",high
438.2111029624939,mouse_move,"""983,955""",high
438.21820545196533,mouse_move,"""985,967""",high
438.2250738143921,mouse_move,"""986,979""",high
438.23247504234314,mouse_move,"""986,989""",high
438.23919129371643,mouse_move,"""986,997""",high
438.2446689605713,mouse_move,"""986,1004""",high
438.253945350647,mouse_move,"""986,1009""",high
438.25739192962646,mouse_move,"""986,1015""",high
438.26843190193176,mouse_move,"""986,1018""",high
438.27550888061523,mouse_move,"""985,1021""",high
438.28160405158997,mouse_move,"""985,1025""",high
438.28837752342224,mouse_move,"""984,1026""",high
438.29387187957764,mouse_move,"""984,1029""",high
438.2999007701874,mouse_move,"""982,1031""",high
438.31091952323914,mouse_move,"""981,1034""",high
438.3180067539215,mouse_move,"""981,1035""",high
438.3242163658142,mouse_move,"""979,1037""",high
438.33025312423706,mouse_move,"""978,1039""",high
438.3363437652588,mouse_move,"""975,1041""",high
438.34228563308716,mouse_move,"""973,1044""",high
438.35387897491455,mouse_move,"""971,1045""",high
438.36058497428894,mouse_move,"""969,1047""",high
438.36663913726807,mouse_move,"""967,1048""",high
438.3731791973114,mouse_move,"""965,1050""",high
438.37873554229736,mouse_move,"""963,1052""",high
438.3847270011902,mouse_move,"""962,1052""",high
438.39595007896423,mouse_move,"""960,1053""",high
438.403208732605,mouse_move,"""959,1054""",high
438.4091658592224,mouse_move,"""958,1055""",high
438.4152989387512,mouse_move,"""956,1056""",high
438.42122507095337,mouse_move,"""954,1057""",high
438.4272894859314,mouse_move,"""953,1057""",high
438.4389021396637,mouse_move,"""951,1057""",high
438.4457724094391,mouse_move,"""950,1058""",high
438.4516775608063,mouse_move,"""949,1058""",high
438.4577965736389,mouse_move,"""947,1059""",high
438.46367597579956,mouse_move,"""946,1059""",high
438.4748537540436,mouse_move,"""946,1059""",high
438.481369972229,mouse_move,"""945,1059""",high
438.4873011112213,mouse_move,"""945,1060""",high
438.49419713020325,mouse_move,"""944,1060""",high
438.5002119541168,mouse_move,"""943,1060""",high
438.52371287345886,mouse_move,"""943,1060""",high
438.5419502258301,mouse_move,"""942,1060""",high
438.54882550239563,mouse_move,"""941,1060""",high
438.55987763404846,mouse_move,"""940,1058""",high
438.56705474853516,mouse_move,"""938,1056""",high
438.57305574417114,mouse_move,"""937,1054""",high
439.5388479232788,key_press,Key.ctrl_l,high
439.8895206451416,key_press,'\x03',high
1.1310021877288818,key_press,Key.shift,high
1.4177277088165283,key_press,'E',high
2.7379159927368164,key_press,'x',high
3.1753745079040527,key_press,'p',high
3.365588665008545,key_press,'l',high
3.7248449325561523,key_press,'a',high
3.8696210384368896,key_press,'i',high
4.146207809448242,key_press,'n',high
4.538296937942505,key_press,Key.space,high
5.067983865737915,key_press,'h',high
5.274320840835571,key_press,'o',high
6.230853080749512,key_press,'w',high
6.447184324264526,key_press,Key.space,high
7.055191278457642,key_press,'r',high
7.266727924346924,key_press,'e',high
7.2738988399505615,key_press,'r',high
7.8255391120910645,key_press,'c',high
8.110317707061768,key_press,'u',high
8.301145315170288,key_press,'r',high
8.737848043441772,key_press,'s',high
8.868034362792969,key_press,'i',high
9.030485153198242,key_press,'o',high
9.303690433502197,key_press,'m',high
9.565062284469604,key_press,Key.space,high
10.382211685180664,key_press,'w',high
10.66011118888855,key_press,'o',high
10.938684701919556,key_press,'r',high
11.130658388137817,key_press,'l',high
11.230250597000122,key_press,'s',high
11.447256803512573,key_press,Key.space,high
11.93152642250061,key_press,'i',high
12.087136268615723,key_press,'n',high
12.284225463867188,key_press,Key.space,high
12.544740915298462,key_press,'p',high
12.871204137802124,key_press,'r',high
13.05727767944336,key_press,'o',high
13.467548370361328,key_press,'h',high
13.868243217468262,key_press,Key.backspace,high
14.016838073730469,key_press,'g',high
14.278968334197998,key_press,'r',high
14.440621614456177,key_press,'a',high
14.734808444976807,key_press,'m',high
14.865852355957031,key_press,'m',high
15.051892518997192,key_press,'i',high
15.199414730072021,key_press,'n',high
15.464488983154297,key_press,'g',high
15.637495994567871,key_press,Key.space,high
18.295583963394165,key_press,'r',high
18.464820861816406,key_press,'e',high
18.80998945236206,key_press,'c',high
18.94964599609375,key_press,'u',high
19.1889967918396,key_press,'r',high
19.36937141418457,key_press,'i',high
19.487626314163208,key_press,'s',high
19.764487981796265,key_press,'i',high
19.956018686294556,key_press,'o',high
20.212085723876953,key_press,'n',high
20.45766282081604,key_press,Key.space,high
20.904127836227417,key_press,'i',high
21.172524213790894,key_press,Key.space,high
21.38593554496765,key_press,'s',high
22.013488292694092,key_press,Key.space,high
22.31027364730835,key_press,'a',high
22.676607847213745,key_press,Key.space,high
23.005632162094116,key_press,'m',high
23.312576055526733,key_press,'m',high
23.51952862739563,key_press,'e',high
23.6173312664032,key_press,'r',high
23.812511920928955,key_press,'t',high
23.886764526367188,key_press,'a',high
24.078418731689453,key_press,';',high
24.348483324050903,key_press,Key.space,high
25.156765937805176,key_press,Key.backspace,high
25.35183572769165,key_press,Key.backspace,high
25.546116828918457,key_press,Key.backspace,high
26.271159172058105,key_press,'m',high
26.46358895301819,key_press,'e',high
26.688243627548218,key_press,'t',high
26.817718982696533,key_press,'a',high
27.024009704589844,key_press,';',high
27.52569055557251,key_press,Key.space,high
28.824124813079834,key_press,'m',high
29.052164316177368,key_press,'e',high
29.33725380897522,key_press,'t',high
29.622424125671387,key_press,'h',high
29.78527283668518,key_press,'o',high
29.98896026611328,key_press,'d',high
30.24717879295349,key_press,Key.space,high
31.260130643844604,key_press,'w',high
31.48491096496582,key_press,'h',high
31.646291494369507,key_press,'e',high
31.79579472541809,key_press,'r',high
32.00202751159668,key_press,'e',high
32.2259738445282,key_press,Key.space,high
32.4502854347229,key_press,'a',high
32.638113260269165,key_press,Key.space,high
33.846017599105835,key_press,'f',high
34.1178936958313,key_press,'u',high
34.34684634208679,key_press,'n',high
34.41331648826599,key_press,'c',high
34.70749068260193,key_press,'t',high
34.83056974411011,key_press,'i',high
34.96375060081482,key_press,'o',high
35.17690706253052,key_press,'n',high
35.41627287864685,key_press,Key.space,high
36.10253620147705,key_press,'c',high
36.1927285194397,key_press,'a',high
36.614609241485596,key_press,'l',high
36.790584087371826,key_press,'l',high
37.07699251174927,key_press,Key.space,high
37.62170600891113,key_press,'i',high
37.96967840194702,key_press,'r',high
38.11426401138306,key_press,'s',high
39.13178253173828,key_press,'d',high
39.433558225631714,key_press,Key.space,high
39.6884880065918,key_press,'o',high
39.71199083328247,key_press,'i',high
39.90125393867493,key_press,'s',high
40.099435806274414,key_press,Key.space,high
40.38931941986084,key_press,'w',high
41.002230405807495,key_press,'o',high
41.28444766998291,key_press,'r',high
41.316718339920044,key_press,'t',high
41.53931021690369,key_press,'s',high
41.72573637962341,key_press,Key.space,high
41.989449977874756,key_press,'i',high
42.463799715042114,key_press,'n',high
42.69700384140015,key_press,Key.space,high
43.15393328666687,key_press,'w',high
43.90652513504028,key_press,'=',high
44.10712170600891,key_press,'t',high
44.66873049736023,key_press,'w',high
44.88839292526245,key_press,'o',high
45.184457778930664,key_press,Key.space,high
45.38647174835205,key_press,'m',high
45.51305150985718,key_press,'a',high
45.9412260055542,key_press,'i',high
45.9412260055542,key_press,'u',high
46.09710359573364,key_press,'n',high
46.294528007507324,key_press,Key.space,high
46.517476081848145,key_press,'p',high
46.88691329956055,key_press,'a',high
47.12018823623657,key_press,'r',high
47.38592767715454,key_press,'t',high
47.62200617790222,key_press,'s',high
48.02342176437378,key_press,Key.space,high
48.0491828918457,key_press,Key.space,high
48.8603138923645,key_press,'b',high
48.95700144767761,key_press,'a',high
49.21502447128296,key_press,'s',high
49.45792078971863,key_press,'e',high
49.81296634674072,key_press,Key.space,high
50.68112897872925,key_press,'c',high
50.84523916244507,key_press,'a',high
51.10323786735535,key_press,'s',high
51.35271763801575,key_press,'e',high
51.753236293792725,key_press,Key.space,high
51.9415442943573,key_press,'a',high
52.25042796134949,key_press,'n',high
52.26871037483215,key_press,'n',high
52.47146725654602,key_press,'d',high
52.73212027549744,key_press,Key.space,high
53.00174331665039,key_press,'r',high
53.16497087478638,key_press,'e',high
53.421770095825195,key_press,'c',high
53.701701164245605,key_press,'u',high
53.816572427749634,key_press,'r',high
54.50240612030029,key_press,'v',high
54.712361097335815,key_press,'i',high
54.8428111076355,key_press,'s',high
55.069775104522705,key_press,'e',high
55.45478534698486,key_press,Key.space,high
56.21244525909424,key_press,'c',high
56.30177140235901,key_press,'a',high
56.6061315536499,key_press,'s',high
56.89844632148743,key_press,'e',high
61.63795018196106,key_press,'b',high
61.890454053878784,key_press,'a',high
62.09204149246216,key_press,'s',high
62.311439990997314,key_press,'e',high
62.82736921310425,key_press,Key.space,high
62.99461889266968,key_press,'c',high
63.176950216293335,key_press,'a',high
63.40412759780884,key_press,'s',high
63.62795877456665,key_press,'e',high
63.93797564506531,key_press,Key.space,high
64.1987898349762,key_press,'i',high
64.46520161628723,key_press,'s',high
64.49320578575134,key_press,Key.space,high
64.72818922996521,key_press,'t',high
64.82348155975342,key_press,'h',high
64.96945071220398,key_press,'e',high
65.18508768081665,key_press,Key.space,high
65.44590973854065,key_press,'c',high
65.61456203460693,key_press,'o',high
65.85152173042297,key_press,'n',high
65.99835467338562,key_press,'d',high
66.16269111633301,key_press,'i',high
66.35360598564148,key_press,'t',high
66.50810265541077,key_press,'i',high
66.64834117889404,key_press,'o',high
66.91944861412048,key_press,'n',high
67.22642970085144,key_press,Key.space,high
68.11841297149658,key_press,Key.backspace,high
68.38679623603821,key_press,Key.backspace,high
69.89041948318481,key_press,'c',high
70.1697108745575,key_press,'o',high
70.38672995567322,key_press,'n',high
70.670001745224,key_press,'d',high
70.81616353988647,key_press,'i',high
71.05492663383484,key_press,'t',high
71.36015677452087,key_press,'i',high
71.50959587097168,key_press,'o',high
71.77103805541992,key_press,'n',high
72.19501280784607,key_press,Key.space,high
72.71655702590942,key_press,'w',high
72.92497706413269,key_press,'h',high
73.08489608764648,key_press,'e',high
73.2284505367279,key_press,'r',high
73.40350699424744,key_press,'e',high
73.68630385398865,key_press,Key.space,high
74.5846779346466,key_press,'t',high
74.73149132728577,key_press,'h',high
75.1011848449707,key_press,Key.space,high
75.27650141716003,key_press,'f',high
75.5583279132843,key_press,'u',high
75.79254364967346,key_press,'n',high
75.82533645629883,key_press,'c',high
76.13210725784302,key_press,'t',high
76.2774133682251,key_press,'i',high
76.41714692115784,key_press,'o',high
76.6724021434784,key_press,'n',high
76.93938112258911,key_press,Key.space,high
77.49494481086731,key_press,'r',high
77.63970351219177,key_press,'e',high
77.91739249229431,key_press,'c',high
78.27442836761475,key_press,'u',high
78.44575047492981,key_press,'r',high
79.07917594909668,key_press,'i',high
79.35390520095825,key_press,'s',high
79.7039086818695,key_press,'i',high
80.13582515716553,key_press,'v',high
80.31718921661377,key_press,'e',high
80.67217564582825,key_press,Key.space,high
82.26175045967102,key_press,'c',high
82.3988516330719,key_press,'a',high
82.65436053276062,key_press,'s',high
82.83877611160278,key_press,'s',high
82.87034487724304,key_press,'e',high
83.48852372169495,key_press,Key.space,high
83.70211958885193,key_press,'i',high
83.81595492362976,key_press,'s',high
83.96457886695862,key_press,Key.space,high
84.06220984458923,key_press,'t',high
84.28153395652771,key_press,'h',high
84.28153395652771,key_press,'e',high
84.54428362846375,key_press,Key.space,high
84.72096467018127,key_press,'w',high
85.07948899269104,key_press,'h',high
85.43677520751953,key_press,'e',high
85.57249999046326,key_press,'n',high
85.80178546905518,key_press,Key.space,high
86.47970080375671,key_press,'t',high
86.65558910369873,key_press,'h',high
86.68805885314941,key_press,'e',high
86.89125990867615,key_press,Key.space,high
87.30124258995056,key_press,'f',high
87.47525548934937,key_press,'u',high
87.68765664100647,key_press,'n',high
87.73592472076416,key_press,'c',high
88.07425785064697,key_press,'t',high
88.22943353652954,key_press,'i',high
88.37452507019043,key_press,'o',high
88.62380290031433,key_press,'n',high
88.85420870780945,key_press,Key.space,high
89.95592951774597,key_press,'k',high
90.28001666069031,key_press,'e',high
90.43100762367249,key_press,'e',high
90.57458353042603,key_press,'p',high
90.75678753852844,key_press,'s',high
90.9818685054779,key_press,Key.space,high
91.52008748054504,key_press,'a',high
91.9444649219513,key_press,Key.backspace,high
92.04076600074768,key_press,'c',high
92.1797525882721,key_press,'a',high
92.37281250953674,key_press,'l',high
92.49060606956482,key_press,'l',high
92.67788338661194,key_press,'i',high
92.84889459609985,key_press,'n',high
92.97017860412598,key_press,'g',high
93.16867160797119,key_press,Key.space,high
93.85301780700684,key_press,'i',high
94.156973361969,key_press,'t',high
94.29444575309753,key_press,Key.space,high
94.45744228363037,key_press,'s',high
94.63288903236389,key_press,'e',high
94.83032035827637,key_press,'l',high
95.54598069190979,key_press,'f',high
95.80121064186096,key_press,Key.space,high
97.28518342971802,key_press,Key.backspace,high
97.55109190940857,key_press,Key.backspace,high
97.90791177749634,key_press,Key.backspace,high
98.21460771560669,key_press,Key.backspace,high
98.79507255554199,key_press,Key.backspace,high
99.17090582847595,key_press,Key.backspace,high
99.43259930610657,key_press,Key.backspace,high
99.95007610321045,key_press,'d',high
100.40136575698853,key_press,Key.backspace,high
100.59509801864624,key_press,'f',high
100.82138085365295,key_press,'o',high
100.87017226219177,key_press,'r',high
101.70449829101562,key_press,'e',high
101.7472767829895,key_press,'e',high
102.05639052391052,key_press,'x',high
102.27047228813171,key_press,'a',high
102.43234467506409,key_press,'m',high
102.60018992424011,key_press,'p',high
102.8399293422699,key_press,'l',high
102.98678278923035,key_press,'e',high
103.20980286598206,key_press,Key.space,high
104.4675784111023,key_press,'f',high
104.58710503578186,key_press,'a',high
104.86365604400635,key_press,'c',high
105.55658769607544,key_press,'t',high
105.81740880012512,key_press,'o',high
106.0714373588562,key_press,'r',high
106.21526098251343,key_press,'a',high
106.36328268051147,key_press,';',high
106.68822479248047,key_press,Key.space,high
107.48572015762329,key_press,'o',high
107.79411578178406,key_press,'f',high
107.94395780563354,key_press,Key.space,high
108.6881411075592,key_press,'5',high
109.28253364562988,key_press,Key.space,high
114.67348194122314,key_press,'f',high
114.78760576248169,key_press,'a',high
115.15851163864136,key_press,'c',high
115.41616368293762,key_press,'t',high
115.73836779594421,key_press,'o',high
115.90367197990417,key_press,'r',high
116.02616357803345,key_press,'a',high
116.27811002731323,key_press,';',high
116.88049244880676,key_press,';',high
117.18237519264221,key_press,Key.space,high
117.81957244873047,key_press,'5',high
118.16624879837036,key_press,Key.space,high
118.73023629188538,key_press,'=',high
119.07023072242737,key_press,Key.space,high
119.9789936542511,key_press,'5',high
120.00798153877258,key_press,'5',high
120.3023145198822,key_press,Key.shift_r,high
120.75446820259094,key_press,'*',high
121.8901379108429,key_press,'f',high
122.03149175643921,key_press,'a',high
122.27817416191101,key_press,'c',high
122.56925559043884,key_press,'t',high
122.76757144927979,key_press,'o',high
122.92044472694397,key_press,'r',high
123.06603026390076,key_press,'a',high
123.17786860466003,key_press,';',high
123.50651383399963,key_press,Key.space,high
124.16022062301636,key_press,Key.shift_r,high
125.03295397758484,key_press,'$',high
129.631982088089,key_press,'f',high
129.76537942886353,key_press,'a',high
130.5402626991272,key_press,'o',high
130.6702756881714,key_press,'t',high
131.2568061351776,key_press,'r',high
131.38414001464844,key_press,'a',high
131.59896874427795,key_press,'l',high
131.87176895141602,key_press,Key.space,high
132.5366494655609,key_press,'4',high
133.57076334953308,key_press,'=',high
133.99311137199402,key_press,Key.shift_r,high
134.3721764087677,key_press,'*',high
135.70921158790588,key_press,'f',high
135.8478627204895,key_press,'a',high
136.815345287323,key_press,'f',high
137.32850742340088,key_press,'f',high
137.79024171829224,key_press,'f',high
138.94503474235535,key_press,'t',high
139.10989475250244,key_press,'o',high
139.52251744270325,key_press,'r',high
139.6991126537323,key_press,'a',high
139.87220430374146,key_press,'l',high
140.38201260566711,key_press,Key.space,high
141.11250185966492,key_press,'3',high
141.29509663581848,key_press,Key.space,high
145.70112991333008,key_press,'t',high
145.88217496871948,key_press,'h',high
146.0732400417328,key_press,'i',high
146.2965648174286,key_press,'s',high
146.48502373695374,key_press,Key.space,high
146.95807600021362,key_press,'c',high
147.15728878974915,key_press,'o',high
147.36873245239258,key_press,'n',high
147.52285432815552,key_press,'t',high
147.7312717437744,key_press,'i',high
148.05419540405273,key_press,'n',high
148.33149361610413,key_press,'o',high
148.54112720489502,key_press,'u',high
148.66799449920654,key_press,'s',high
148.84000849723816,key_press,Key.space,high
152.30411553382874,key_press,'u',high
152.5166425704956,key_press,'n',high
152.64409637451172,key_press,'t',high
152.79058623313904,key_press,'i',high
152.9859528541565,key_press,'l',high
153.2310755252838,key_press,Key.space,high
153.27779150009155,key_press,Key.space,high
154.45223593711853,key_press,'f',high
154.58532118797302,key_press,'a',high
154.88314652442932,key_press,'c',high
155.19523668289185,key_press,'t',high
155.4866054058075,key_press,'r',high
155.68640971183777,key_press,'o',high
155.91117930412292,key_press,'a',high
156.06769442558289,key_press,'l',high
156.34523272514343,key_press,Key.space,high
157.75143480300903,key_press,'1',high
158.0059928894043,key_press,Key.space,high
164.48293662071228,key_press,'i',high
164.6574409008026,key_press,Key.space,high
164.79476308822632,key_press,'a',high
164.92296814918518,key_press,'m',high
165.06858277320862,key_press,Key.space,high
165.38019180297852,key_press,'t',high
165.56596517562866,key_press,'r',high
165.87000060081482,key_press,'y',high
166.04602146148682,key_press,'i',high
166.2157552242279,key_press,'n',high
166.40357089042664,key_press,'g',high
166.53792548179626,key_press,Key.space,high
167.58805894851685,key_press,'t',high
167.7895393371582,key_press,'o',high
167.98415184020996,key_press,Key.space,high
168.38644242286682,key_press,'u',high
168.57497262954712,key_press,'n',high
168.75501775741577,key_press,'d',high
169.01337027549744,key_press,'r',high
169.5193328857422,key_press,Key.backspace,high
169.67568230628967,key_press,'e',high
169.79050850868225,key_press,'r',high
170.00042915344238,key_press,'s',high
170.2045590877533,key_press,'t',high
170.3135163784027,key_press,'a',high
170.48730540275574,key_press,'n',high
170.69317531585693,key_press,'d',high
170.93368482589722,key_press,Key.space,high
174.1007285118103,key_press,'t',high
174.29515266418457,key_press,'h',high
174.4304542541504,key_press,'s',high
174.48127365112305,key_press,'i',high
174.9314043521881,key_press,Key.space,high
175.67329597473145,key_press,'p',high
176.05394840240479,key_press,'r',high
176.16624069213867,key_press,'o',high
176.33122515678406,key_press,'p',high
176.52029871940613,key_press,'e',high
176.62805318832397,key_press,'r',high
176.90191769599915,key_press,'l',high
177.25984907150269,key_press,'y',high
177.47136640548706,key_press,Key.space,high
183.78093218803406,key_press,'1',high
187.8579158782959,key_press,Key.space,high
188.01600098609924,key_press,'i',high
188.126314163208,key_press,'a',high
188.30434799194336,key_press,Key.space,high
188.53309416770935,key_press,'m',high
188.7180998325348,key_press,Key.space,high
191.21173334121704,key_press,'t',high
191.37194633483887,key_press,'r',high
191.94607615470886,key_press,'y',high
192.0617699623108,key_press,'i',high
192.24407076835632,key_press,'n',high
192.5458629131317,key_press,'f',high
192.72443675994873,key_press,Key.space,high
193.55600237846375,key_press,'r',high
193.63232278823853,key_press,'e',high
194.00729155540466,key_press,'c',high
194.14577054977417,key_press,'u',high
194.3463122844696,key_press,'r',high
194.73120522499084,key_press,'s',high
194.84808230400085,key_press,'i',high
195.23164796829224,key_press,'v',high
195.36432480812073,key_press,'e',high
195.58674120903015,key_press,Key.space,high
197.3551504611969,key_press,'c',high
197.4873239994049,key_press,'a',high
197.6656060218811,key_press,'n',high
197.846027135849,key_press,Key.space,high
198.23032355308533,key_press,'v',high
198.3462655544281,key_press,'e',high
198.61202359199524,key_press,Key.space,high
200.02518367767334,key_press,'c',high
200.25363063812256,key_press,'o',high
200.43553948402405,key_press,'n',high
200.5730845928192,key_press,'d',high
200.7949299812317,key_press,'f',high
201.15604281425476,key_press,Key.backspace,high
201.4145839214325,key_press,'s',high
201.53106379508972,key_press,'u',high
201.6897008419037,key_press,'i',high
201.88173580169678,key_press,'n',high
202.106525182724,key_press,'g',high
202.2650442123413,key_press,Key.space,high
205.16289615631104,key_press,'s',high
205.40285348892212,key_press,'o',high
205.6463487148285,key_press,'m',high
205.79145050048828,key_press,'e',high
206.04236316680908,key_press,'t',high
206.29732513427734,key_press,'i',high
206.507985830307,key_press,'m',high
206.58577752113342,key_press,'e',high
206.81269025802612,key_press,'s',high
207.73392796516418,key_press,Key.space,high
208.1970615386963,key_press,'b',high
208.41437482833862,key_press,'e',high
208.82327699661255,key_press,'c',high
208.98637986183167,key_press,'a',high
209.38116455078125,key_press,'u',high
209.48650860786438,key_press,'s',high
209.5863802433014,key_press,'e',high
209.8626229763031,key_press,Key.space,high
210.71080994606018,key_press,'i',high
211.32080364227295,key_press,'t',high
211.4510989189148,key_press,Key.space,high
211.70412826538086,key_press,'r',high
211.8687298297882,key_press,'e',high
212.19994521141052,key_press,'p',high
212.54096293449402,key_press,'e',high
212.70139622688293,key_press,'a',high
212.99337220191956,key_press,'t',high
213.20439767837524,key_press,'s',high
213.46376705169678,key_press,Key.space,high
216.31139707565308,key_press,'i',high
216.4866406917572,key_press,'s',high
216.71251034736633,key_press,Key.space,high
218.7876319885254,key_press,'s',high
219.31476616859436,key_press,'t',high
219.53160095214844,key_press,'e',high
219.66328120231628,key_press,'p',high
219.8551902770996,key_press,'s',high
220.0611536502838,key_press,Key.space,high
224.27098298072815,key_press,'i',high
224.43072080612183,key_press,'f',high
224.48536491394043,key_press,'n',high
224.761296749115,key_press,'c',high
224.90222764015198,key_press,'a',high
225.38292813301086,key_press,'u',high
225.46865844726562,key_press,'s',high
225.6361367702484,key_press,'e',high
225.82705688476562,key_press,Key.space,high
227.468918800354,key_press,'c',high
227.57673335075378,key_press,'a',high
227.80267882347107,key_press,'s',high
228.02237820625305,key_press,'e',high
228.2543647289276,key_press,Key.space,high
228.59055471420288,key_press,'i',high
228.72376990318298,key_press,'s',high
228.83327054977417,key_press,Key.space,high
229.03192043304443,key_press,'m',high
229.27237629890442,key_press,'i',high
229.43338084220886,key_press,'s',high
229.5784125328064,key_press,'s',high
229.8243284225464,key_press,'i',high
230.07025408744812,key_press,'n',high
230.37098145484924,key_press,'g',high
230.51630115509033,key_press,Key.space,high
231.36800980567932,key_press,'t',high
231.4888231754303,key_press,'h',high
231.5546555519104,key_press,'e',high
231.7260136604309,key_press,Key.space,high
232.07487773895264,key_press,'p',high
232.2670795917511,key_press,'r',high
232.46796655654907,key_press,'o',high
232.98999881744385,key_press,'g',high
233.16447138786316,key_press,'r',high
233.37130403518677,key_press,'a',high
233.76942896842957,key_press,Key.space,high
238.8814618587494,key_press,'m',high
239.35510730743408,key_press,'y',high
239.4908094406128,key_press,Key.space,high
239.75249648094177,key_press,'p',high
240.0352020263672,key_press,'r',high
240.11254024505615,key_press,'o',high
240.3689479827881,key_press,'g',high
240.48616814613342,key_press,'r',high
240.6446213722229,key_press,'a',high
240.7619285583496,key_press,'m',high
240.98472476005554,key_press,Key.space,high
242.4894461631775,key_press,'m',high
242.7640082836151,key_press,'y',high
243.6628065109253,key_press,Key.backspace,high
243.79399824142456,key_press,'a',high
244.02110385894775,key_press,'y',high
244.26473951339722,key_press,Key.space,high
244.4030146598816,key_press,'c',high
244.64572548866272,key_press,'r',high
244.80813550949097,key_press,'a',high
244.993834733963,key_press,'s',high
245.23003888130188,key_press,Key.space,high
248.2301378250122,key_press,'a',high
248.41533970832825,key_press,'l',high
248.55610847473145,key_press,'s',high
248.83163380622864,key_press,'o',high
249.04002451896667,key_press,Key.space,high
249.38379788398743,key_press,'r',high
249.52341485023499,key_press,'e',high
249.76355147361755,key_press,'c',high
250.0049364566803,key_press,'u',high
250.37285256385803,key_press,'r',high
250.67812371253967,key_press,'d',high
250.87287759780884,key_press,'i',high
251.1798005104065,key_press,'v',high
251.33294796943665,key_press,'e',high
251.52278017997742,key_press,Key.space,high
252.5570719242096,key_press,'u',high
252.8202805519104,key_press,'e',high
253.37192034721375,key_press,Key.backspace,high
253.46531558036804,key_press,'s',high
253.60364747047424,key_press,'e',high
253.78643417358398,key_press,'s',high
254.00091075897217,key_press,Key.space,high
254.6301667690277,key_press,'m',high
254.7945282459259,key_press,'o',high
254.95641660690308,key_press,'r',high
255.0325026512146,key_press,'e',high
255.17992305755615,key_press,Key.space,high
255.38241410255432,key_press,'m',high
255.59732031822205,key_press,'e',high
255.7273347377777,key_press,'m',high
255.94550204277039,key_press,'o',high
256.19774079322815,key_press,'r',high
256.4795756340027,key_press,'h',high
256.5011224746704,key_press,'y',high
256.69394731521606,key_press,Key.space,high
257.7471332550049,key_press,'c',high
257.8857274055481,key_press,'o',high
258.0671377182007,key_press,'m',high
258.41730999946594,key_press,'p',high
258.7172393798828,key_press,'a',high
258.88819003105164,key_press,'r',high
258.9445219039917,key_press,'e',high
259.19616198539734,key_press,'d',high
259.4856286048889,key_press,Key.space,high
260.7252883911133,key_press,'t',high
260.90014839172363,key_press,'o',high
261.090537071228,key_press,Key.space,high
261.1097650527954,key_press,Key.space,high
261.2953004837036,key_press,';',high
261.5681712627411,key_press,'o',high
261.7118058204651,key_press,'o',high
261.8461992740631,key_press,'p',high
262.4347348213196,key_press,'s',high
263.24360632896423,key_press,Key.space,high
267.6319682598114,key_press,'i',high
267.82513213157654,key_press,'n',high
267.8449659347534,key_press,'n',high
267.97050499916077,key_press,'t',high
268.18031883239746,key_press,'h',high
268.3103573322296,key_press,'i',high
268.51821208000183,key_press,'n',high
268.6766211986542,key_press,'k',high
268.8869068622589,key_press,Key.space,high
269.7371332645416,key_press,';',high
270.2746090888977,key_press,'l',high
270.53419613838196,key_press,'o',high
270.6864216327667,key_press,'o',high
270.8125100135803,key_press,'p',high
270.9711365699768,key_press,'s',high
271.14636182785034,key_press,Key.space,high
271.7262165546417,key_press,'a',high
271.9379093647003,key_press,'r',high
272.0516743659973,key_press,'e',high
272.22208976745605,key_press,Key.space,high
289.2546730041504,key_press,'s',high
289.6125009059906,key_press,'o',high
289.79128861427307,key_press,'m',high
289.9244179725647,key_press,'e',high
290.1820237636566,key_press,'t',high
290.43362164497375,key_press,'o',high
290.4373252391815,key_press,'i',high
290.6447637081146,key_press,'m',high
290.72599816322327,key_press,'e',high
290.9574294090271,key_press,'s',high
291.1117310523987,key_press,Key.space,high
291.77330350875854,key_press,'b',high
291.98431944847107,key_press,'e',high
292.1467397212982,key_press,'e',high
292.3267843723297,key_press,'t',high
292.56866931915283,key_press,'r',high
292.6004903316498,key_press,'r',high
293.572229385376,key_press,'e',high
293.7469713687897,key_press,'r',high
294.0001618862152,key_press,Key.space,high
303.9950568675995,key_press,'b',high
304.19737577438354,key_press,'u',high
304.4148917198181,key_press,'t',high
304.5672073364258,key_press,Key.space,high
304.7157392501831,key_press,'r',high
304.8452823162079,key_press,'e',high
305.1310017108917,key_press,'c',high
305.3647427558899,key_press,'u',high
305.60411643981934,key_press,'r',high
305.8552520275116,key_press,'s',high
305.9770574569702,key_press,'i',high
306.19333815574646,key_press,'v',high
306.3568513393402,key_press,'e',high
306.5229570865631,key_press,Key.space,high
307.2149076461792,key_press,'i',high
307.53660702705383,key_press,'s',high
307.7229583263397,key_press,Key.space,high
308.8793988227844,key_press,'r',high
309.44710326194763,key_press,Key.backspace,high
309.51287627220154,key_press,'e',high
310.11080861091614,key_press,'a',high
310.39360904693604,key_press,'s',high
310.608193397522,key_press,'i',high
310.7392041683197,key_press,'e',high
310.88717460632324,key_press,'r',high
311.07518243789673,key_press,Key.space,high
311.74350690841675,key_press,'t',high
311.8734107017517,key_press,'o',high
312.0808138847351,key_press,Key.space,high
312.2724578380585,key_press,'w',high
312.4153845310211,key_press,'r',high
312.744127035141,key_press,'i',high
312.7763919830322,key_press,'u',high
312.9859342575073,key_press,'t',high
313.03385639190674,key_press,'e',high
313.23074769973755,key_press,Key.space,high
314.0622441768646,key_press,Key.ctrl_l,high
314.41708517074585,key_press,'\x03',high
2.9717249870300293,key_press,'h',high
3.1020090579986572,key_press,'i',high
3.3255016803741455,key_press,Key.space,high
3.701042890548706,key_press,'i',high
3.9069652557373047,key_press,Key.space,high
4.089098215103149,key_press,'a',high
4.137863636016846,key_press,'m',high
4.414242267608643,key_press,'b',high
4.744752883911133,key_press,'h',high
4.867098808288574,key_press,'i',high
5.014763116836548,key_press,'r',high
5.107593059539795,key_press,'a',high
5.285367727279663,key_press,'m',high
5.462829351425171,key_press,Key.space,high
5.584493160247803,key_press,'a',high
5.723688125610352,key_press,'n',high
5.902124643325806,key_press,'d',high
6.030524969100952,key_press,Key.space,high
6.206477403640747,key_press,'i',high
6.354676961898804,key_press,Key.space,high
6.600821018218994,key_press,'a',high
6.7488853931427,key_press,'m',high
6.910224914550781,key_press,Key.space,high
10.327119588851929,key_press,'p',high
10.44093656539917,key_press,'e',high
10.551953077316284,key_press,'r',high
10.800493478775024,key_press,'s',high
10.902067184448242,key_press,'i',high
11.084186315536499,key_press,'n',high
11.264821767807007,key_press,Key.space,high
11.721347332000732,key_press,'w',high
11.936574697494507,key_press,'w',high
12.031376123428345,key_press,'h',high
12.14202356338501,key_press,'o',high
12.677995204925537,key_press,'l',high
12.882684469223022,key_press,'o',high
13.085605144500732,key_press,'b',high
13.328495740890503,key_press,'e',high
13.600575923919678,key_press,'v',high
13.687534809112549,key_press,'s',high
13.841683149337769,key_press,Key.space,high
14.020777225494385,key_press,'e',high
14.180431127548218,key_press,'a',high
14.481822729110718,key_press,'t',high
14.63434624671936,key_press,'i',high
14.795692920684814,key_press,'n',high
14.960176229476929,key_press,'g',high
15.064841985702515,key_press,Key.space,high
15.274746894836426,key_press,'p',high
15.51376724243164,key_press,'l',high
15.617105484008789,key_press,'a',high
15.949728965759277,key_press,'y',high
16.090965509414673,key_press,'i',high
16.255902528762817,key_press,'n',high
16.464779376983643,key_press,'g',high
16.606666564941406,key_press,Key.space,high
17.70514225959778,key_press,'g',high
17.79573106765747,key_press,'a',high
17.957944631576538,key_press,'m',high
18.104327917099,key_press,'w',high
18.344563245773315,key_press,'s',high
18.396230936050415,key_press,Key.space,high
21.398903131484985,key_press,'m',high
21.896747589111328,key_press,'e',high
22.03180456161499,key_press,'o',high
22.30034613609314,key_press,'v',high
22.508050203323364,key_press,'e',high
22.66682195663452,key_press,'r',high
22.798423767089844,key_press,Key.space,high
22.982029676437378,key_press,'i',high
23.142017126083374,key_press,Key.space,high
23.32830309867859,key_press,'a',high
23.439186573028564,key_press,'m',high
23.601679801940918,key_press,Key.space,high
24.08469820022583,key_press,'f',high
24.20251727104187,key_press,'a',high
24.357118844985962,key_press,'m',high
24.5872802734375,key_press,'i',high
24.76507568359375,key_press,'l',high
25.0848867893219,key_press,'y',high
25.328829050064087,key_press,Key.space,high
25.48958134651184,key_press,'m',high
25.673577547073364,key_press,'a',high
25.786184787750244,key_press,'n',high
25.978505611419678,key_press,Key.space,high
28.4598548412323,key_press,'a',high
28.655139446258545,key_press,'n',high
28.75347352027893,key_press,'d',high
28.882182359695435,key_press,Key.space,high
29.743903875350952,key_press,'t',high
29.871040105819702,key_press,'h',high
29.96653389930725,key_press,'e',high
30.111396074295044,key_press,Key.space,high
31.138032913208008,key_press,Key.backspace,high
31.318623304367065,key_press,Key.backspace,high
31.46128535270691,key_press,Key.backspace,high
31.62750005722046,key_press,Key.backspace,high
31.75231099128723,key_press,Key.backspace,high
31.916978120803833,key_press,Key.backspace,high
32.06345748901367,key_press,Key.backspace,high
32.207605838775635,key_press,Key.backspace,high
32.34501242637634,key_press,Key.backspace,high
32.49378418922424,key_press,Key.backspace,high
32.61908507347107,key_press,Key.backspace,high
32.751821517944336,key_press,Key.backspace,high
32.869876861572266,key_press,Key.backspace,high
33.01530623435974,key_press,'a',high
33.15010976791382,key_press,'n',high
33.324387073516846,key_press,'d',high
33.47258400917053,key_press,Key.space,high
33.64064335823059,key_press,'t',high
33.77789568901062,key_press,'h',high
33.808820962905884,key_press,'e',high
34.00367522239685,key_press,Key.space,high
34.33393836021423,key_press,'p',high
34.73661732673645,key_press,'e',high
34.851364612579346,key_press,'o',high
34.98046135902405,key_press,'p',high
35.191487312316895,key_press,'l',high
35.34096050262451,key_press,'e',high
35.48326802253723,key_press,Key.space,high
35.57009482383728,key_press,'a',high
35.83137488365173,key_press,'r',high
36.101327896118164,key_press,'o',high
36.31337022781372,key_press,'u',high
36.53582978248596,key_press,'n',high
37.06666111946106,key_press,'d',high
37.19353747367859,key_press,Key.space,high
37.34018850326538,key_press,'m',high
37.50037860870361,key_press,'e',high
37.62895965576172,key_press,Key.space,high
38.076683044433594,key_press,'m',high
38.23746132850647,key_press,'a',high
38.38379621505737,key_press,'k',high
38.7889187335968,key_press,'e',high
38.91777515411377,key_press,Key.space,high
39.09069204330444,key_press,'m',high
39.21967673301697,key_press,'e',high
39.35637807846069,key_press,Key.space,high
40.6776967048645,key_press,Key.backspace,high
40.8546404838562,key_press,Key.backspace,high
40.99141573905945,key_press,Key.backspace,high
41.34220504760742,key_press,'f',high
41.818382024765015,key_press,'u',high
41.97873854637146,key_press,'n',high
42.1631920337677,key_press,Key.space,high
42.704734325408936,key_press,'o',high
43.731348276138306,key_press,'i',high
44.31484079360962,key_press,Key.backspace,high
44.49642300605774,key_press,'u',high
44.655540466308594,key_press,'t',high
44.77249097824097,key_press,Key.space,high
45.185439586639404,key_press,'o',high
45.76371383666992,key_press,'f',high
45.89090967178345,key_press,Key.space,high
46.02605867385864,key_press,'m',high
46.15470767021179,key_press,'e',high
46.322184801101685,key_press,Key.space,high
46.84058499336243,key_press,'v',high
46.97418427467346,key_press,'e',high
47.18208861351013,key_press,'r',high
47.44307518005371,key_press,'y',high
47.659775495529175,key_press,Key.space,high
48.12623739242554,key_press,'u',high
48.536014795303345,key_press,'v',high
48.711108446121216,key_press,'h',high
48.8967661857605,key_press,Key.space,high
48.906749963760376,key_press,'a',high
49.50535750389099,key_press,'a',high
49.639840841293335,key_press,'s',high
49.79894661903381,key_press,Key.space,high
50.279796838760376,key_press,'t',high
50.40755820274353,key_press,'h',high
50.474231481552124,key_press,'e',high
50.802733421325684,key_press,'y',high
50.99028658866882,key_press,Key.space,high
51.17426538467407,key_press,'a',high
51.3740394115448,key_press,'r',high
51.462385177612305,key_press,'e',high
51.68219494819641,key_press,Key.space,high
52.20870089530945,key_press,Key.backspace,high
52.342039585113525,key_press,Key.backspace,high
53.001731634140015,key_press,'w',high
53.177693605422974,key_press,'w',high
53.211596965789795,key_press,'e',high
53.384072065353394,key_press,'r',high
53.56240224838257,key_press,'e',high
53.80519509315491,key_press,Key.space,high
54.234206199645996,key_press,'h',high
54.34989833831787,key_press,'e',high
54.506590843200684,key_press,'r',high
54.75452375411987,key_press,'o',high
54.88408446311951,key_press,'e',high
55.11969566345215,key_press,'d',high
55.31491684913635,key_press,Key.space,high
57.25725960731506,key_press,'t',high
57.353564977645874,key_press,'h',high
57.515387773513794,key_press,'e',high
57.965086221694946,key_press,'y',high
58.21955943107605,key_press,Key.space,high
58.517356634140015,key_press,'r',high
58.66094613075256,key_press,'a',high
58.88498139381409,key_press,'e',high
59.094090700149536,key_press,'r',high
59.1633620262146,key_press,Key.space,high
59.75796937942505,mouse_move,"""758,992""",high
59.76459002494812,mouse_move,"""759,992""",high
59.77292561531067,mouse_move,"""762,992""",high
59.78004240989685,mouse_move,"""768,992""",high
59.81269836425781,key_press,'j',high
59.98195457458496,key_press,'u',high
60.113356828689575,key_press,'s',high
60.41496777534485,key_press,'t',high
60.78462529182434,key_press,Key.space,high
66.5556128025055,key_press,'c',high
66.71808934211731,key_press,'h',high
66.87723469734192,key_press,'u',high
67.21939063072205,key_press,'t',high
67.426349401474,key_press,'i',high
67.63339567184448,key_press,'a',high
67.8446786403656,key_press,'y',high
68.02787232398987,key_press,'a',high
68.1751172542572,key_press,Key.space,high
68.50947093963623,key_press,'n',high
68.6384813785553,key_press,'o',high
68.86811923980713,key_press,Key.space,high
69.12912487983704,key_press,'1',high
69.35019946098328,key_press,Key.space,high
69.53220653533936,key_press,'a',high
69.70907473564148,key_press,'n',high
69.81606793403625,key_press,'d',high
70.00123858451843,key_press,Key.space,high
71.04451751708984,mouse_move,"""768,992""",high
71.04973602294922,mouse_move,"""765,992""",high
71.05719375610352,mouse_move,"""763,993""",high
71.0663411617279,mouse_move,"""762,993""",high
71.0663411617279,mouse_move,"""761,993""",high
71.08098030090332,mouse_move,"""760,994""",high
71.08776021003723,mouse_move,"""760,994""",high
71.13097310066223,mouse_move,"""760,994""",high
71.14654064178467,mouse_move,"""760,994""",high
71.15497326850891,mouse_move,"""761,994""",high
71.16289472579956,mouse_move,"""762,994""",high
71.17282009124756,mouse_move,"""765,993""",high
71.181560754776,mouse_move,"""769,992""",high
71.18659281730652,mouse_move,"""770,992""",high
71.19425511360168,mouse_move,"""774,991""",high
71.20252895355225,mouse_move,"""777,991""",high
71.205153465271,mouse_move,"""781,990""",high
71.21346616744995,mouse_move,"""786,990""",high
71.61013269424438,key_press,'e',high
71.93044900894165,key_press,'k',high
72.14457178115845,key_press,Key.space,high
72.42699098587036,key_press,'d',high
72.71906852722168,key_press,'u',high
72.92857098579407,key_press,'m',high
73.08815050125122,key_press,Key.space,high
73.26228952407837,key_press,'l',high
73.4151759147644,key_press,'a',high
73.77769780158997,key_press,'n',high
74.46482515335083,key_press,'j',high
74.50665473937988,key_press,'a',high
74.69870185852051,key_press,'s',high
74.92335653305054,key_press,Key.space,high
85.98582172393799,key_press,'f',high
86.2218074798584,key_press,'i',high
86.36187982559204,key_press,'n',high
86.55028295516968,key_press,'k',high
86.74746465682983,key_press,'a',high
86.93630123138428,key_press,Key.space,high
88.49956727027893,key_press,'n',high
88.83022379875183,key_press,'n',high
88.87423825263977,key_press,'e',high
88.98520374298096,key_press,'e',high
89.1366798877716,key_press,'u',high
89.37647485733032,key_press,Key.space,high
90.01520609855652,mouse_move,"""787,990""",high
90.04148697853088,mouse_move,"""787,989""",high
90.06272268295288,mouse_move,"""787,989""",high
90.0693051815033,key_press,'c',high
90.26106071472168,key_press,'h',high
90.26468348503113,key_press,'a',high
90.55158853530884,key_press,'l',high
90.68378710746765,key_press,'a',high
90.90871262550354,key_press,Key.space,high
91.49193286895752,key_press,'m',high
91.62647151947021,key_press,'a',high
91.78078651428223,key_press,'n',high
91.96042251586914,key_press,'c',high
92.17552733421326,key_press,'h',high
92.27300691604614,key_press,'i',high
92.47505211830139,key_press,Key.space,high
93.07205080986023,key_press,'a',high
93.19859647750854,key_press,'b',high
93.35620212554932,key_press,'b',high
93.55412149429321,key_press,'a',high
93.6974093914032,key_press,'i',high
93.91638970375061,key_press,Key.space,high
94.10818886756897,key_press,'a',high
94.27059936523438,key_press,'n',high
94.57188010215759,key_press,'t',high
94.71641755104065,key_press,'a',high
95.05933213233948,key_press,'r',high
95.23315405845642,key_press,'u',high
95.4762954711914,key_press,Key.space,high
96.10225343704224,mouse_move,"""786,989""",high
96.10958886146545,mouse_move,"""785,989""",high
96.11831760406494,mouse_move,"""784,989""",high
96.12526297569275,mouse_move,"""783,989""",high
96.13274788856506,mouse_move,"""782,990""",high
96.13274788856506,mouse_move,"""781,990""",high
96.14625477790833,mouse_move,"""780,990""",high
96.15149211883545,mouse_move,"""779,991""",high
96.15899729728699,mouse_move,"""779,991""",high
96.16849684715271,mouse_move,"""778,991""",high
96.17528557777405,mouse_move,"""777,991""",high
96.18258309364319,mouse_move,"""777,991""",high
96.19089984893799,mouse_move,"""776,991""",high
96.20324230194092,mouse_move,"""775,991""",high
96.21766066551208,mouse_move,"""775,991""",high
96.22502374649048,mouse_move,"""774,991""",high
96.2320339679718,mouse_move,"""772,991""",high
96.23510026931763,mouse_move,"""772,991""",high
96.24015307426453,mouse_move,"""770,991""",high
96.25209856033325,mouse_move,"""768,991""",high
96.25658631324768,mouse_move,"""767,990""",high
96.26828837394714,mouse_move,"""764,990""",high
96.27529239654541,mouse_move,"""761,989""",high
96.28258085250854,mouse_move,"""759,989""",high
96.28486585617065,mouse_move,"""756,989""",high
96.2961037158966,mouse_move,"""753,989""",high
96.30173420906067,mouse_move,"""751,989""",high
96.30712795257568,mouse_move,"""748,989""",high
96.31793570518494,mouse_move,"""744,988""",high
96.32534337043762,mouse_move,"""741,988""",high
96.32692575454712,mouse_move,"""739,987""",high
96.3342878818512,mouse_move,"""737,987""",high
96.34565663337708,mouse_move,"""734,986""",high
96.3517472743988,mouse_move,"""733,986""",high
96.35817909240723,mouse_move,"""731,985""",high
96.36825275421143,mouse_move,"""730,984""",high
96.37528896331787,mouse_move,"""730,983""",high
96.3778612613678,mouse_move,"""729,983""",high
96.38433265686035,mouse_move,"""728,981""",high
96.39599990844727,mouse_move,"""728,979""",high
96.40272617340088,mouse_move,"""728,978""",high
96.40771913528442,mouse_move,"""728,976""",high
96.40771913528442,key_press,'u',high
96.71142673492432,key_press,'t',high
96.8373475074768,key_press,'e',high
97.06229090690613,key_press,Key.space,high
97.09889650344849,key_press,'a',high
97.34208750724792,key_press,'n',high
97.4405665397644,key_press,'d',high
97.60570812225342,key_press,Key.space,high
97.89124703407288,key_press,'l',high
97.98167824745178,key_press,'a',high
98.51733303070068,key_press,'d',high
98.69623136520386,key_press,'d',high
98.86587738990784,key_press,'u',high
99.13728427886963,key_press,Key.space,high
99.60673642158508,key_press,'r',high
99.73023962974548,key_press,'a',high
100.17553067207336,key_press,'s',high
100.34002208709717,key_press,'u',high
100.75184917449951,key_press,'g',high
101.17148923873901,key_press,'l',high
101.55920457839966,key_press,Key.backspace,high
101.70398592948914,key_press,Key.backspace,high
101.86700749397278,key_press,Key.backspace,high
102.01505708694458,key_press,Key.backspace,high
102.18858122825623,key_press,Key.backspace,high
102.36041402816772,key_press,Key.backspace,high
102.5073254108429,key_press,Key.backspace,high
102.6648097038269,key_press,Key.backspace,high
102.81120729446411,key_press,Key.backspace,high
102.98116707801819,key_press,Key.backspace,high
103.12066650390625,key_press,Key.backspace,high
103.97896242141724,mouse_move,"""726,976""",high
103.98549056053162,mouse_move,"""725,977""",high
103.99181151390076,mouse_move,"""722,977""",high
103.99923515319824,mouse_move,"""721,978""",high
104.0042507648468,mouse_move,"""721,978""",high
104.07783365249634,mouse_move,"""721,979""",high
104.09808158874512,mouse_move,"""724,979""",high
104.10511660575867,mouse_move,"""728,979""",high
104.11380624771118,mouse_move,"""729,979""",high
104.11590766906738,mouse_move,"""732,979""",high
104.36664199829102,key_press,'a',high
104.52979588508606,key_press,'n',high
105.40882182121277,key_press,'t',high
105.55204653739929,key_press,'e',high
105.77141904830933,key_press,Key.space,high
106.16323614120483,key_press,'k',high
106.51015448570251,key_press,'e',high
106.65972232818604,key_press,Key.space,high
107.48872995376587,mouse_move,"""732,979""",high
107.49605679512024,mouse_move,"""732,979""",high
108.13720536231995,key_press,'m',high
108.65235161781311,key_press,'i',high
108.83771991729736,key_press,'k',high
109.08374238014221,key_press,'u',high
109.30294275283813,key_press,Key.space,high
113.33827662467957,key_press,'n',high
113.40805530548096,key_press,'e',high
113.53853178024292,key_press,'n',high
113.80409383773804,key_press,'u',high
114.18443846702576,key_press,Key.space,high
114.35939145088196,key_press,'a',high
116.01459956169128,key_press,'n',high
116.13290810585022,key_press,'a',high
116.35041451454163,key_press,Key.space,high
116.55191659927368,key_press,'l',high
116.77941846847534,key_press,'a',high
117.21430945396423,key_press,'g',high
117.36369442939758,key_press,'a',high
117.57160186767578,key_press,Key.space,high
118.20230746269226,key_press,'n',high
118.37219619750977,key_press,'e',high
118.59874153137207,key_press,Key.space,high
118.97272324562073,key_press,'v',high
119.8024594783783,key_press,'n',high
119.96476936340332,key_press,'u',high
120.1876494884491,key_press,Key.space,high
120.4306161403656,key_press,'v',high
120.6077253818512,key_press,'u',high
120.75511837005615,key_press,'u',high
120.93016958236694,key_press,'n',high
121.14108777046204,key_press,'t',high
121.26218104362488,key_press,'e',high
121.45276188850403,key_press,Key.space,high
122.70776605606079,key_press,'a',high
123.55212211608887,key_press,'e',high
123.69957542419434,key_press,'m',high
123.86114239692688,key_press,Key.space,high
124.17388224601746,key_press,'v',high
124.32652997970581,key_press,'u',high
124.49006676673889,key_press,'n',high
124.59916186332703,key_press,'s',high
124.94718074798584,key_press,'d',high
125.01078844070435,key_press,'h',high
125.15565180778503,key_press,'a',high
125.40966796875,key_press,'h',high
125.52646970748901,key_press,'u',high
126.03558945655823,key_press,Key.enter,high
126.35979771614075,key_press,Key.ctrl_l,high
126.50868344306946,key_press,'\x03',high
2.560462713241577,key_press,'t',high
2.680147409439087,key_press,'h',high
3.1284146308898926,key_press,'e',high
3.2829995155334473,key_press,Key.space,high
3.616861343383789,key_press,'c',high
3.8237757682800293,key_press,'o',high
4.24732232093811,key_press,'g',high
4.421640396118164,key_press,'i',high
4.55532431602478,key_press,'n',high
4.663884401321411,key_press,'a',high
4.916147470474243,key_press,'t',high
5.06182861328125,key_press,'i',high
5.207879543304443,key_press,'v',high
5.338160514831543,key_press,'e',high
5.368643283843994,key_press,Key.space,high
5.945217609405518,key_press,'d',high
6.167341232299805,key_press,'a',high
6.3944923877716064,key_press,'t',high
6.562048673629761,key_press,'a',high
6.727595806121826,key_press,Key.space,high
7.718390703201294,key_press,'w',high
7.938326597213745,key_press,'o',high
8.75044560432434,key_press,'r',high
8.921590328216553,key_press,'k',high
9.05134654045105,key_press,'s',high
9.26782774925232,key_press,Key.space,high
10.110683679580688,key_press,'u',high
10.266149520874023,key_press,'s',high
10.376910209655762,key_press,'i',high
10.544554233551025,key_press,'n',high
10.902831792831421,key_press,'g',high
11.053853034973145,key_press,Key.space,high
11.235427141189575,key_press,'a',high
11.453611850738525,key_press,Key.space,high
13.593774318695068,key_press,'d',high
13.778563499450684,key_press,'a',high
14.003528118133545,key_press,'t',high
14.139955997467041,key_press,'a',high
14.496229887008667,key_press,Key.space,high
14.815436601638794,key_press,'s',high
15.133087635040283,key_press,'e',high
15.323856353759766,key_press,'t',high
15.483547687530518,key_press,Key.space,high
15.539415836334229,key_press,'a',high
15.781607151031494,key_press,'n',high
15.908128261566162,key_press,'d',high
16.096470832824707,key_press,Key.space,high
25.729417324066162,key_press,'i',high
25.886704921722412,key_press,'n',high
26.031113386154175,key_press,Key.space,high
26.20478367805481,key_press,'t',high
26.32163405418396,key_press,'h',high
26.43125009536743,key_press,'a',high
26.59242343902588,key_press,'t',high
26.705096006393433,key_press,Key.space,high
27.226786613464355,key_press,'t',high
27.410495042800903,key_press,'h',high
27.534836292266846,key_press,'e',high
27.84425139427185,key_press,'y',high
28.05255913734436,key_press,Key.space,high
28.14650273323059,key_press,'a',high
28.4247784614563,key_press,'r',high
28.588268518447876,key_press,'e',high
28.71130609512329,key_press,Key.space,high
29.089893341064453,key_press,'l',high
29.288642168045044,key_press,'o',high
29.49532651901245,key_press,'w',high
29.610414028167725,key_press,Key.space,high
29.722950220108032,key_press,'a',high
29.886727571487427,key_press,'n',high
30.052042961120605,key_press,'d',high
30.18004298210144,key_press,Key.space,high
30.92550563812256,mouse_move,"""773,964""",high
30.940322637557983,mouse_move,"""773,964""",high
30.95936608314514,mouse_move,"""774,964""",high
30.99586033821106,mouse_move,"""774,965""",high
31.03903889656067,mouse_move,"""774,967""",high
31.14694881439209,mouse_move,"""774,967""",high
31.14694881439209,mouse_move,"""774,967""",high
31.212480545043945,mouse_move,"""774,968""",high
31.23279595375061,mouse_move,"""774,969""",high
31.252523183822632,mouse_move,"""773,970""",high
31.25899028778076,mouse_move,"""773,970""",high
31.268654823303223,mouse_move,"""772,971""",high
31.288071155548096,mouse_move,"""772,972""",high
31.294607877731323,mouse_move,"""772,972""",high
31.3149094581604,mouse_move,"""770,972""",high
31.32369351387024,mouse_move,"""769,972""",high
31.335423469543457,key_press,'h',high
31.462340831756592,key_press,'i',high
31.61103057861328,key_press,'g',high
31.687868118286133,key_press,'h',high
31.921632766723633,key_press,Key.space,high
32.666804790496826,mouse_move,"""769,972""",high
32.699607849121094,mouse_move,"""770,972""",high
32.7534065246582,mouse_move,"""770,971""",high
32.7784857749939,mouse_move,"""770,971""",high
32.79161620140076,mouse_move,"""770,970""",high
32.821096420288086,mouse_move,"""770,968""",high
32.834572315216064,mouse_move,"""770,968""",high
32.834572315216064,mouse_move,"""770,967""",high
32.85308814048767,mouse_move,"""770,966""",high
32.85917377471924,mouse_move,"""770,965""",high
32.86514687538147,mouse_move,"""769,965""",high
32.881184101104736,mouse_move,"""769,964""",high
32.888272285461426,mouse_move,"""769,963""",high
32.90134048461914,mouse_move,"""769,963""",high
33.09191393852234,mouse_move,"""769,962""",high
33.12376856803894,mouse_move,"""769,961""",high
33.13222146034241,mouse_move,"""769,960""",high
33.163784980773926,mouse_move,"""769,960""",high
33.17991495132446,mouse_move,"""769,959""",high
33.24401068687439,mouse_move,"""770,959""",high
33.331971406936646,mouse_move,"""770,958""",high
33.364063024520874,mouse_move,"""770,958""",high
33.368879318237305,mouse_move,"""770,957""",high
33.39317584037781,mouse_move,"""770,956""",high
33.408912897109985,mouse_move,"""770,955""",high
33.60337233543396,mouse_move,"""770,954""",high
33.63503623008728,mouse_move,"""770,953""",high
33.642154932022095,mouse_move,"""770,952""",high
33.64851427078247,mouse_move,"""770,951""",high
33.666300535202026,mouse_move,"""770,950""",high
33.77630972862244,mouse_move,"""770,950""",high
33.840012311935425,mouse_move,"""770,950""",high
33.87177395820618,mouse_move,"""770,950""",high
33.88765501976013,mouse_move,"""770,949""",high
33.91518235206604,mouse_move,"""770,948""",high
34.10704517364502,mouse_move,"""770,947""",high
34.140974283218384,mouse_move,"""770,947""",high
34.36750102043152,mouse_move,"""770,946""",high
34.373942375183105,mouse_move,"""770,945""",high
34.37694263458252,mouse_move,"""770,945""",high
34.39551258087158,mouse_move,"""770,944""",high
34.40242099761963,mouse_move,"""770,944""",high
34.460450887680054,mouse_move,"""770,943""",high
34.473790884017944,mouse_move,"""770,942""",high
34.48773384094238,mouse_move,"""770,942""",high
34.4938530921936,mouse_move,"""770,942""",high
34.49783730506897,mouse_move,"""770,941""",high
34.523337602615356,mouse_move,"""770,940""",high
34.523337602615356,mouse_move,"""770,940""",high
34.53873562812805,mouse_move,"""770,939""",high
34.5954647064209,mouse_move,"""770,938""",high
34.60756802558899,mouse_move,"""771,937""",high
34.622862815856934,mouse_move,"""771,937""",high
34.625306606292725,mouse_move,"""771,936""",high
34.844154596328735,mouse_move,"""771,936""",high
34.90881562232971,mouse_move,"""771,936""",high
35.62829279899597,mouse_move,"""771,936""",high
35.680795431137085,mouse_move,"""771,935""",high
35.709803342819214,mouse_move,"""771,935""",high
35.709803342819214,key_press,'t',high
35.77418637275696,key_press,'h',high
35.88455414772034,key_press,'e',high
35.96782827377319,key_press,Key.space,high
36.1495156288147,key_press,'l',high
36.580883502960205,key_press,'o',high
36.877898931503296,key_press,'w',high
37.01129961013794,key_press,Key.space,high
37.68456983566284,mouse_move,"""771,935""",high
37.68865466117859,key_press,'t',high
37.78123092651367,key_press,'h',high
37.8968288898468,key_press,'e',high
38.05647563934326,key_press,Key.space,high
38.57349491119385,key_press,'p',high
38.59826135635376,key_press,'p',high
38.936235189437866,key_press,'e',high
39.053009033203125,key_press,'r',high
39.29659080505371,key_press,'w',high
39.38834762573242,key_press,'s',high
39.469045639038086,key_press,'o',high
39.688390254974365,key_press,'n',high
39.850019693374634,key_press,Key.space,high
39.999860763549805,key_press,'i',high
40.158807039260864,key_press,'s',high
40.23942971229553,key_press,Key.space,high
40.85531973838806,mouse_move,"""771,934""",high
40.86867547035217,mouse_move,"""771,932""",high
40.87170147895813,mouse_move,"""772,930""",high
40.87170147895813,mouse_move,"""772,928""",high
40.890048027038574,mouse_move,"""774,925""",high
40.8970308303833,mouse_move,"""775,922""",high
40.90402603149414,mouse_move,"""778,919""",high
40.91104221343994,mouse_move,"""780,915""",high
40.91835904121399,mouse_move,"""781,910""",high
40.92544484138489,mouse_move,"""783,905""",high
41.31351447105408,mouse_move,"""783,905""",high
41.37761473655701,mouse_move,"""783,905""",high
41.39601397514343,mouse_move,"""783,904""",high
41.40842890739441,mouse_move,"""784,903""",high
41.4124276638031,mouse_move,"""785,903""",high
41.42383432388306,mouse_move,"""786,902""",high
41.430145502090454,mouse_move,"""787,901""",high
41.43741512298584,mouse_move,"""789,900""",high
41.44447064399719,mouse_move,"""789,899""",high
41.45152497291565,mouse_move,"""791,898""",high
41.45849013328552,mouse_move,"""792,896""",high
41.46612238883972,mouse_move,"""792,896""",high
41.47215270996094,mouse_move,"""793,894""",high
41.48001456260681,mouse_move,"""793,891""",high
41.48648262023926,mouse_move,"""794,889""",high
41.49413561820984,mouse_move,"""795,887""",high
41.50101399421692,mouse_move,"""796,885""",high
41.508700370788574,mouse_move,"""796,884""",high
41.515753507614136,mouse_move,"""796,881""",high
41.52279758453369,mouse_move,"""797,879""",high
41.52943801879883,mouse_move,"""798,876""",high
41.53709554672241,mouse_move,"""798,874""",high
41.54368782043457,mouse_move,"""799,871""",high
41.551262617111206,mouse_move,"""800,870""",high
41.558279037475586,mouse_move,"""800,868""",high
41.56522035598755,mouse_move,"""800,864""",high
42.15912389755249,key_press,'n',high
42.29768466949463,key_press,'o',high
42.760003328323364,key_press,'r',high
42.894336462020874,key_press,'m',high
42.91463589668274,key_press,'a',high
43.076595067977905,key_press,'l',high
43.33744192123413,key_press,'a',high
43.61086082458496,key_press,Key.space,high
43.77361464500427,key_press,'d',high
43.88676929473877,key_press,'n',high
44.04917073249817,key_press,Key.space,high
44.646878480911255,key_press,'l',high
44.75560402870178,key_press,'e',high
44.994054555892944,key_press,'d',high
45.46767044067383,key_press,'s',high
45.6828396320343,key_press,'s',high
46.245694398880005,key_press,Key.backspace,high
46.39489436149597,key_press,Key.backspace,high
46.52350211143494,key_press,Key.backspace,high
46.669190645217896,key_press,Key.backspace,high
47.06799030303955,key_press,'l',high
47.261255741119385,key_press,'e',high
47.52057242393494,key_press,'s',high
47.668407917022705,key_press,'s',high
47.82791328430176,key_press,Key.space,high
48.1208119392395,key_press,'d',high
48.51659536361694,key_press,Key.backspace,high
48.72869372367859,key_press,'s',high
49.099345445632935,key_press,'t',high
49.25054121017456,key_press,'r',high
49.794429063797,key_press,'e',high
50.031665086746216,key_press,'s',high
50.22802400588989,key_press,'s',high
50.410624504089355,key_press,'e',high
50.61465239524841,key_press,'d',high
50.84649348258972,key_press,Key.space,high
50.880852937698364,key_press,'a',high
51.0906982421875,key_press,'n',high
51.15854334831238,key_press,'d',high
51.36554956436157,key_press,Key.space,high
51.81768178939819,key_press,'h',high
51.91497278213501,key_press,'i',high
52.113895654678345,key_press,'g',high
52.13291263580322,key_press,'h',high
52.32408833503723,key_press,Key.space,high
52.46927571296692,key_press,'i',high
53.53466081619263,key_press,Key.backspace,high
53.7781867980957,key_press,Key.space,high
53.940908432006836,key_press,'m',high
54.036986112594604,key_press,'w',high
54.181658029556274,key_press,'n',high
54.98963642120361,key_press,Key.backspace,high
55.15255856513977,key_press,'e',high
55.331501960754395,key_press,'a',high
55.49484372138977,key_press,'n',high
55.62254238128662,key_press,'s',high
55.78865361213684,key_press,Key.space,high
57.315287351608276,key_press,'t',high
57.387333393096924,key_press,'h',high
57.45954179763794,key_press,'e',high
57.60609269142151,key_press,Key.space,high
57.86964273452759,key_press,'p',high
58.0625319480896,key_press,'e',high
58.15696120262146,key_press,'r',high
58.36674690246582,key_press,'s',high
58.482136726379395,key_press,'o',high
58.707865476608276,key_press,'n',high
58.863985538482666,key_press,Key.space,high
59.028573989868164,key_press,'i',high
59.22123670578003,key_press,'s',high
59.35104441642761,key_press,Key.space,high
64.76711654663086,key_press,'s',high
65.14464735984802,key_press,'t',high
65.77497577667236,key_press,'r',high
65.90570640563965,key_press,'e',high
66.13415002822876,key_press,'s',high
66.26432824134827,key_press,'s',high
66.4592821598053,key_press,'e',high
66.7368700504303,key_press,'d',high
66.94318532943726,key_press,Key.space,high
67.05278301239014,key_press,'a',high
67.21130108833313,key_press,'n',high
67.30234265327454,key_press,'d',high
67.4160737991333,key_press,Key.space,high
68.06440377235413,mouse_move,"""800,864""",high
68.06440377235413,mouse_move,"""801,864""",high
68.08868908882141,mouse_move,"""802,865""",high
68.1036593914032,mouse_move,"""802,866""",high
68.12833738327026,mouse_move,"""802,866""",high
68.14435315132141,mouse_move,"""802,867""",high
68.16063141822815,mouse_move,"""803,867""",high
68.1734893321991,mouse_move,"""803,868""",high
68.1890377998352,mouse_move,"""803,868""",high
68.22581267356873,mouse_move,"""804,869""",high
68.3869321346283,mouse_move,"""805,869""",high
68.41739797592163,mouse_move,"""805,870""",high
68.5875494480133,mouse_move,"""805,871""",high
68.61503720283508,mouse_move,"""805,871""",high
68.92575526237488,mouse_move,"""805,871""",high
68.94037365913391,mouse_move,"""805,871""",high
68.94037365913391,mouse_move,"""804,871""",high
68.96284580230713,mouse_move,"""803,871""",high
68.97327780723572,mouse_move,"""803,871""",high
68.98106789588928,mouse_move,"""802,870""",high
68.99337196350098,mouse_move,"""801,870""",high
69.07898879051208,mouse_move,"""801,869""",high
69.10720825195312,mouse_move,"""801,869""",high
69.14102005958557,mouse_move,"""802,869""",high
69.18545866012573,mouse_move,"""802,869""",high
69.18545866012573,mouse_move,"""802,869""",high
69.20671963691711,mouse_move,"""802,868""",high
69.23380494117737,mouse_move,"""802,867""",high
69.24289107322693,mouse_move,"""802,867""",high
69.2516257762909,mouse_move,"""802,867""",high
69.27171230316162,mouse_move,"""802,867""",high
69.38575077056885,mouse_move,"""802,866""",high
69.40619850158691,mouse_move,"""801,866""",high
69.40619850158691,mouse_move,"""801,865""",high
69.42046236991882,mouse_move,"""801,865""",high
69.42752408981323,mouse_move,"""801,864""",high
69.4340832233429,mouse_move,"""801,863""",high
69.44210362434387,mouse_move,"""800,862""",high
69.4489061832428,mouse_move,"""800,861""",high
69.4555971622467,mouse_move,"""799,859""",high
69.46271967887878,mouse_move,"""798,858""",high
69.46977210044861,mouse_move,"""798,857""",high
69.47740721702576,mouse_move,"""798,855""",high
69.48459911346436,mouse_move,"""797,855""",high
69.49105405807495,mouse_move,"""797,853""",high
69.49881219863892,mouse_move,"""796,852""",high
69.5058765411377,mouse_move,"""796,852""",high
69.51084232330322,mouse_move,"""795,850""",high
69.52011203765869,mouse_move,"""795,849""",high
69.52737855911255,mouse_move,"""795,848""",high
69.5343804359436,mouse_move,"""795,847""",high
69.54135584831238,mouse_move,"""795,845""",high
69.54852676391602,mouse_move,"""795,844""",high
69.55569505691528,mouse_move,"""796,842""",high
69.56236743927002,mouse_move,"""796,839""",high
69.57004237174988,mouse_move,"""798,837""",high
69.5760190486908,mouse_move,"""799,835""",high
69.58366894721985,mouse_move,"""799,833""",high
69.59129452705383,mouse_move,"""801,831""",high
69.5982015132904,mouse_move,"""801,829""",high
69.60551071166992,mouse_move,"""801,827""",high
69.61271595954895,mouse_move,"""803,824""",high
69.61921882629395,mouse_move,"""804,820""",high
77.04558825492859,mouse_move,"""804,819""",high
77.08802056312561,mouse_move,"""804,819""",high
77.11987090110779,mouse_move,"""804,818""",high
77.13605284690857,mouse_move,"""803,818""",high
77.15790677070618,mouse_move,"""803,817""",high
77.16508984565735,mouse_move,"""802,817""",high
77.2870090007782,mouse_move,"""802,816""",high
77.30747365951538,mouse_move,"""801,816""",high
77.33293223381042,mouse_move,"""801,816""",high
77.33293223381042,mouse_move,"""801,815""",high
77.34860229492188,mouse_move,"""800,815""",high
77.34860229492188,mouse_move,"""800,814""",high
77.36917304992676,mouse_move,"""799,814""",high
77.37945580482483,mouse_move,"""799,814""",high
77.38667130470276,mouse_move,"""799,813""",high
77.39366722106934,mouse_move,"""798,813""",high
77.4008116722107,mouse_move,"""798,812""",high
77.41222476959229,mouse_move,"""798,811""",high
77.43735814094543,mouse_move,"""797,811""",high
77.51221299171448,mouse_move,"""797,811""",high
77.53420400619507,mouse_move,"""796,811""",high
77.55849027633667,mouse_move,"""795,810""",high
77.56495833396912,mouse_move,"""794,810""",high
77.57977271080017,mouse_move,"""794,809""",high
77.58782291412354,mouse_move,"""794,809""",high
77.61967635154724,mouse_move,"""793,809""",high
77.63727736473083,mouse_move,"""793,808""",high
77.83011174201965,mouse_move,"""793,807""",high
77.92250537872314,mouse_move,"""793,806""",high
78.13157272338867,mouse_move,"""793,806""",high
78.14783382415771,mouse_move,"""793,806""",high
78.16440343856812,mouse_move,"""793,805""",high
78.21561765670776,mouse_move,"""793,804""",high
78.26650977134705,mouse_move,"""793,804""",high
78.26650977134705,mouse_move,"""793,804""",high
78.36561036109924,mouse_move,"""793,803""",high
78.40638732910156,mouse_move,"""794,803""",high
78.55324482917786,mouse_move,"""795,803""",high
78.72335982322693,mouse_move,"""795,802""",high
78.7941644191742,mouse_move,"""795,802""",high
78.82590889930725,mouse_move,"""795,801""",high
78.85816311836243,mouse_move,"""795,800""",high
78.86257886886597,mouse_move,"""795,800""",high
78.86257886886597,mouse_move,"""795,799""",high
78.9286527633667,mouse_move,"""795,799""",high
78.94446539878845,mouse_move,"""794,798""",high
78.97876214981079,mouse_move,"""794,797""",high
78.99615716934204,mouse_move,"""794,797""",high
79.027259349823,mouse_move,"""794,797""",high
79.027259349823,mouse_move,"""794,796""",high
79.06691455841064,mouse_move,"""794,795""",high
79.08615708351135,mouse_move,"""793,794""",high
79.09969472885132,mouse_move,"""793,794""",high
79.15664410591125,mouse_move,"""792,794""",high
79.16443490982056,mouse_move,"""792,793""",high
79.17211771011353,mouse_move,"""792,792""",high
79.19282460212708,mouse_move,"""792,792""",high
79.22091102600098,mouse_move,"""792,792""",high
79.24648237228394,mouse_move,"""792,791""",high
79.27841138839722,mouse_move,"""791,790""",high
79.32128143310547,mouse_move,"""791,789""",high
79.33523654937744,mouse_move,"""790,789""",high
79.342050075531,mouse_move,"""790,789""",high
79.35740494728088,mouse_move,"""790,788""",high
79.37797904014587,mouse_move,"""789,788""",high
79.45809674263,mouse_move,"""789,787""",high
79.68239951133728,mouse_move,"""789,787""",high
79.97634863853455,mouse_move,"""790,788""",high
80.00574922561646,mouse_move,"""791,788""",high
80.04531192779541,mouse_move,"""791,788""",high
80.0690381526947,mouse_move,"""791,789""",high
80.08962917327881,mouse_move,"""792,790""",high
80.10100722312927,mouse_move,"""793,790""",high
80.12520027160645,mouse_move,"""793,791""",high
80.22403979301453,mouse_move,"""793,791""",high
80.42454671859741,mouse_move,"""793,791""",high
80.73478388786316,mouse_move,"""793,791""",high
80.75238251686096,mouse_move,"""794,792""",high
80.76559233665466,mouse_move,"""794,793""",high
80.77293038368225,mouse_move,"""795,793""",high
80.78060412406921,mouse_move,"""795,793""",high
80.78060412406921,mouse_move,"""795,794""",high
80.80472302436829,mouse_move,"""796,795""",high
80.82465720176697,mouse_move,"""796,796""",high
80.82465720176697,mouse_move,"""796,796""",high
81.00817608833313,mouse_move,"""796,796""",high
81.033456325531,mouse_move,"""796,796""",high
81.04953074455261,mouse_move,"""796,796""",high
81.06574320793152,mouse_move,"""796,797""",high
81.28611278533936,mouse_move,"""797,798""",high
81.2917730808258,mouse_move,"""797,798""",high
81.29664516448975,mouse_move,"""799,800""",high
81.30658197402954,mouse_move,"""799,802""",high
81.31318211555481,mouse_move,"""801,803""",high
81.32083535194397,mouse_move,"""802,805""",high
81.32806706428528,mouse_move,"""803,807""",high
81.33504915237427,mouse_move,"""804,808""",high
81.34212684631348,mouse_move,"""804,809""",high
81.34917759895325,mouse_move,"""805,810""",high
81.35624742507935,mouse_move,"""805,811""",high
81.35724830627441,mouse_move,"""806,811""",high
81.37328004837036,mouse_move,"""806,812""",high
81.39201426506042,mouse_move,"""807,812""",high
81.55302953720093,mouse_move,"""807,814""",high
81.56997442245483,mouse_move,"""808,814""",high
81.59440445899963,key_press,'a',high
81.89715123176575,key_press,'d',high
82.14218211174011,key_press,Key.space,high
86.08838558197021,key_press,'t',high
86.28398442268372,key_press,'y',high
86.51129961013794,key_press,'p',high
86.75936889648438,key_press,'i',high
86.95395517349243,key_press,'n',high
87.1286780834198,key_press,'g',high
87.24368357658386,key_press,Key.space,high
88.03575158119202,key_press,'i',high
88.31294918060303,key_press,'t',high
88.45249843597412,key_press,Key.space,high
88.75908327102661,key_press,'t',high
88.90470004081726,key_press,'h',high
89.00077867507935,key_press,'i',high
89.1886420249939,key_press,'n',high
89.69791865348816,key_press,'k',high
90.03473901748657,key_press,'n',high
90.20352745056152,key_press,Key.space,high
90.30818176269531,key_press,'g',high
90.47055339813232,key_press,Key.space,high
90.52054023742676,key_press,'a',high
90.73169779777527,key_press,'n',high
90.76442861557007,key_press,'d',high
90.98290681838989,key_press,Key.space,high
91.60255527496338,mouse_move,"""808,814""",high
91.60255527496338,mouse_move,"""808,813""",high
91.62615370750427,mouse_move,"""808,812""",high
91.6281590461731,mouse_move,"""808,812""",high
91.64132380485535,mouse_move,"""808,811""",high
91.64832878112793,mouse_move,"""808,810""",high
91.65176439285278,mouse_move,"""809,809""",high
91.66270899772644,mouse_move,"""810,807""",high
91.66992211341858,mouse_move,"""810,805""",high
91.6761372089386,mouse_move,"""810,804""",high
91.68419528007507,mouse_move,"""810,802""",high
91.69134950637817,mouse_move,"""810,801""",high
91.6982855796814,mouse_move,"""810,798""",high
91.7055037021637,mouse_move,"""810,795""",high
91.71255683898926,mouse_move,"""810,793""",high
91.71962475776672,mouse_move,"""810,790""",high
91.7261426448822,mouse_move,"""810,788""",high
91.73311519622803,mouse_move,"""810,786""",high
91.74013948440552,mouse_move,"""810,783""",high
91.74808478355408,mouse_move,"""810,781""",high
91.75527262687683,mouse_move,"""811,777""",high
91.76225662231445,mouse_move,"""811,776""",high
91.76926279067993,mouse_move,"""811,772""",high
91.7765326499939,mouse_move,"""811,767""",high
91.78334403038025,mouse_move,"""811,763""",high
92.5356194972992,key_press,'o',high
92.8589186668396,key_press,'b',high
93.10035061836243,key_press,'s',high
93.25341629981995,key_press,'e',high
93.53708362579346,key_press,'r',high
93.84768390655518,key_press,'v',high
93.9784677028656,key_press,'i',high
94.15150451660156,key_press,'n',high
94.32702398300171,key_press,'g',high
94.42100691795349,key_press,Key.space,high
94.5728874206543,key_press,'i',high
94.7188036441803,key_press,'t',high
94.81631255149841,key_press,Key.space,high
94.89910125732422,key_press,'a',high
95.07001185417175,key_press,'l',high
95.20035600662231,key_press,'l',high
95.3308515548706,key_press,Key.space,high
95.56422686576843,key_press,'t',high
95.70114541053772,key_press,'h',high
95.71160101890564,key_press,'e',high
95.8822853565216,key_press,Key.space,high
96.58387207984924,key_press,'t',high
96.680579662323,key_press,'h',high
96.71327638626099,key_press,'e',high
96.89108538627625,key_press,Key.space,high
99.49307537078857,mouse_move,"""811,769""",high
99.50662875175476,mouse_move,"""812,774""",high
99.50662875175476,mouse_move,"""813,780""",high
99.52044582366943,mouse_move,"""813,782""",high
99.52839183807373,mouse_move,"""814,785""",high
99.53539109230042,mouse_move,"""815,788""",high
99.54267740249634,mouse_move,"""815,789""",high
100.286865234375,key_press,'p',high
100.64648127555847,key_press,'y',high
100.84611535072327,key_press,'t',high
100.96848917007446,key_press,'h',high
101.25936627388,key_press,'n',high
101.41853594779968,key_press,Key.space,high
102.01635575294495,key_press,'c',high
102.13387966156006,key_press,'o',high
102.25183486938477,key_press,'d',high
102.44226408004761,key_press,'e',high
102.67835187911987,key_press,'s',high
102.85650587081909,key_press,Key.space,high
103.14177942276001,key_press,'h',high
103.3959310054779,key_press,'r',high
103.98826098442078,key_press,Key.backspace,high
104.16382884979248,key_press,'e',high
104.2965977191925,key_press,'l',high
104.47371506690979,key_press,'p',high
104.69467949867249,key_press,Key.space,high
104.9490818977356,key_press,'u',high
105.11621236801147,key_press,'s',high
105.19966053962708,key_press,Key.space,high
105.38327860832214,key_press,'t',high
105.51434254646301,key_press,'o',high
105.74364709854126,key_press,Key.space,high
110.0525848865509,key_press,'l',high
110.25521206855774,key_press,'o',high
110.42786073684692,key_press,'o',high
111.88671398162842,key_press,Key.backspace,high
112.09872055053711,key_press,'g',high
112.26195287704468,key_press,'g',high
112.56268119812012,key_press,'e',high
112.96093010902405,key_press,'r',high
113.24890422821045,key_press,Key.space,high
113.6129093170166,key_press,'i',high
113.78058552742004,key_press,'n',high
114.03414583206177,key_press,'t',high
114.52942848205566,key_press,'o',high
114.71863031387329,key_press,Key.space,high
114.9138388633728,key_press,'e',high
115.52783799171448,key_press,'x',high
115.80451774597168,key_press,'c',high
115.98065638542175,key_press,'e',high
116.19721984863281,key_press,'l',high
116.4201135635376,key_press,Key.space,high
116.51757645606995,key_press,'a',high
116.69663119316101,key_press,'n',high
116.84489512443542,key_press,'d',high
116.97739100456238,key_press,Key.space,high
117.76571416854858,key_press,'t',high
117.86181497573853,key_press,'h',high
117.97770833969116,key_press,'e',high
118.15174198150635,key_press,Key.space,high
119.7812614440918,key_press,'t',high
119.90995979309082,key_press,'h',high
120.04072546958923,key_press,'e',high
120.18316626548767,key_press,Key.space,high
121.15936779975891,key_press,'f',high
121.33029317855835,key_press,'e',high
121.4928240776062,key_press,'a',high
121.65471529960632,key_press,'t',high
121.8788709640503,key_press,'u',high
121.98747634887695,key_press,'r',high
122.0886549949646,key_press,'e',high
122.2006664276123,key_press,Key.space,high
122.94649314880371,key_press,'e',high
123.65181684494019,key_press,'x',high
123.91913843154907,key_press,'t',high
124.03185200691223,key_press,'r',high
124.24266958236694,key_press,'a',high
124.48014712333679,key_press,'c',high
124.74961185455322,key_press,'t',high
124.90865755081177,key_press,'o',high
125.04080843925476,key_press,'r',high
125.23349189758301,key_press,Key.space,high
126.41087627410889,key_press,'h',high
126.55137658119202,key_press,'e',high
126.63350772857666,key_press,'l',high
126.82726573944092,key_press,'p',high
126.94594740867615,key_press,'s',high
127.12608528137207,key_press,Key.space,high
127.15476298332214,key_press,Key.space,high
130.7363841533661,key_press,'t',high
130.85512971878052,key_press,'o',high
131.0685169696808,key_press,Key.space,high
131.09923458099365,key_press,Key.space,high
134.0845239162445,mouse_move,"""815,789""",high
134.09776091575623,mouse_move,"""816,789""",high
134.10043811798096,mouse_move,"""817,789""",high
134.11870002746582,mouse_move,"""817,790""",high
134.12433552742004,mouse_move,"""818,790""",high
134.14069390296936,mouse_move,"""819,790""",high
134.16164684295654,mouse_move,"""819,791""",high
134.67994451522827,mouse_move,"""819,790""",high
135.41207242012024,key_press,'e',high
136.02190351486206,key_press,'x',high
136.31853413581848,key_press,'t',high
136.4147651195526,key_press,'r',high
136.57237362861633,key_press,'a',high
137.03673791885376,key_press,'c',high
137.2631094455719,key_press,'t',high
137.42598628997803,key_press,Key.space,high
137.54156064987183,key_press,'t',high
137.68937611579895,key_press,'h',high
137.73869609832764,key_press,'e',high
137.8998396396637,key_press,Key.space,high
138.09897470474243,key_press,'d',high
138.2785816192627,key_press,'a',high
138.474214553833,key_press,'t',high
138.6042082309723,key_press,'a',high
138.68613386154175,key_press,Key.space,high
138.85765957832336,key_press,'d',high
139.42982840538025,key_press,Key.backspace,high
139.5206491947174,key_press,'f',high
139.74592876434326,key_press,'r',high
139.8044674396515,key_press,'o',high
139.9704339504242,key_press,'m',high
140.16782927513123,key_press,Key.space,high
140.28908276557922,key_press,'t',high
140.43482398986816,key_press,'h',high
140.46391677856445,key_press,'e',high
140.6714572906494,key_press,Key.space,high
141.16360235214233,key_press,'l',high
141.31950330734253,key_press,'o',high
141.56163835525513,key_press,'w',high
141.7113015651703,key_press,Key.space,high
142.20278573036194,key_press,Key.backspace,high
142.3132963180542,key_press,'w',high
142.49643850326538,key_press,Key.space,high
142.54977869987488,key_press,'a',high
142.90361213684082,key_press,'d',high
143.05763339996338,key_press,Key.space,high
143.48644399642944,key_press,'h',high
143.6008265018463,key_press,'i',high
143.75807452201843,key_press,'g',high
144.14575386047363,key_press,'h',high
144.34888219833374,key_press,Key.space,high
144.57445454597473,key_press,'d',high
144.70418977737427,key_press,'a',high
144.9269573688507,key_press,'t',high
145.42936897277832,key_press,'a',high
145.66855716705322,key_press,'s',high
145.92924618721008,key_press,'e',high
146.0658733844757,key_press,'t',high
146.23212051391602,key_press,Key.space,high
146.32736492156982,key_press,'s',high
146.57154822349548,key_press,Key.space,high
153.02434921264648,key_press,'t',high
153.14504384994507,key_press,'h',high
153.23511862754822,key_press,'e',high
153.37753081321716,key_press,Key.space,high
154.60029363632202,key_press,'t',high
154.6957700252533,key_press,'r',high
154.826242685318,key_press,'a',high
154.90966701507568,key_press,'i',high
155.0849289894104,key_press,'n',high
155.31052708625793,key_press,Key.space,high
155.65163254737854,key_press,'m',high
155.81619358062744,key_press,'o',high
155.94651460647583,key_press,'d',high
156.1294286251068,key_press,'e',high
156.25377202033997,key_press,'l',high
156.49659085273743,key_press,Key.space,high
157.12910223007202,key_press,'w',high
157.61349081993103,key_press,'i',high
157.84437561035156,key_press,'l',high
158.01967191696167,key_press,'l',high
158.20824217796326,key_press,Key.space,high
158.70070099830627,key_press,'t',high
158.85754895210266,key_press,'a',high
159.00638604164124,key_press,'i',high
159.1843364238739,key_press,'n',high
159.36645483970642,key_press,Key.space,high
159.40424704551697,key_press,'a',high
159.6409912109375,key_press,'n',high
159.7096860408783,key_press,'d',high
159.91734099388123,key_press,Key.space,high
160.64403367042542,key_press,'p',high
160.8228621482849,key_press,'r',high
160.959303855896,key_press,'e',high
161.20959281921387,key_press,'d',high
161.37644338607788,key_press,'i',high
161.56549501419067,key_press,'c',high
161.79186034202576,key_press,'t',high
161.90323138237,key_press,Key.space,high
162.04550790786743,key_press,'e',high
162.077410697937,key_press,'e',high
162.30489373207092,key_press,'t',high
162.32128953933716,key_press,'h',high
162.50917315483093,key_press,'e',high
162.56783032417297,key_press,Key.space,high
165.1128966808319,key_press,'g',high
165.70628690719604,key_press,Key.backspace,high
165.81833505630493,key_press,'f',high
165.95783591270447,key_press,'i',high
166.1209592819214,key_press,'n',high
166.32802367210388,key_press,'a',high
166.42560386657715,key_press,'l',high
166.63731288909912,key_press,Key.space,high
166.80070996284485,key_press,'a',high
167.28488564491272,key_press,'c',high
167.4315469264984,key_press,'c',high
167.62923860549927,key_press,'u',high
167.73220014572144,key_press,'r',high
167.91081547737122,key_press,'a',high
168.51333737373352,key_press,'c',high
168.6855170726776,key_press,'y',high
168.8965904712677,key_press,Key.space,high
177.41445803642273,key_press,'w',high
177.65862464904785,key_press,'s',high
177.81684184074402,key_press,'o',high
178.00750637054443,key_press,Key.space,high
178.17994666099548,key_press,'t',high
178.33490228652954,key_press,'h',high
178.5127227306366,key_press,'i',high
178.528990983963,key_press,'s',high
178.7589921951294,key_press,Key.space,high
178.95714044570923,key_press,'i',high
179.1031835079193,key_press,'s',high
179.29076504707336,key_press,Key.space,high
179.50418424606323,key_press,'m',high
179.85386490821838,key_press,'y',high
180.09605145454407,key_press,Key.space,high
180.3344178199768,key_press,'p',high
180.68865394592285,key_press,'o',high
180.83506393432617,key_press,'f',high
181.17181301116943,key_press,'h',high
181.35871481895447,key_press,'j',high
181.45933032035828,key_press,'e',high
181.72360038757324,key_press,'c',high
181.9464943408966,key_press,'t',high
182.14553332328796,key_press,'s',high
182.37711024284363,key_press,Key.space,high
182.7742214202881,key_press,Key.ctrl_l,high
183.06782865524292,key_press,'\x03',high
1.0385136604309082,mouse_move,"""957,989""",high
1.108142614364624,mouse_move,"""957,989""",high
1.1200802326202393,mouse_move,"""958,989""",high
1.1354830265045166,mouse_move,"""960,989""",high
1.1364843845367432,mouse_move,"""961,989""",high
1.387054443359375,mouse_move,"""961,990""",high
1.6673264503479004,mouse_move,"""961,989""",high
1.682891607284546,mouse_move,"""961,988""",high
1.682891607284546,mouse_move,"""961,985""",high
1.6980574131011963,mouse_move,"""961,983""",high
1.705176830291748,mouse_move,"""962,983""",high
1.7119174003601074,mouse_move,"""962,981""",high
1.719264268875122,mouse_move,"""962,980""",high
1.7265541553497314,mouse_move,"""963,978""",high
1.7336375713348389,mouse_move,"""963,975""",high
1.7409472465515137,mouse_move,"""964,972""",high
1.7479281425476074,mouse_move,"""964,970""",high
1.7552480697631836,mouse_move,"""965,967""",high
1.7620670795440674,mouse_move,"""965,965""",high
1.769517183303833,mouse_move,"""965,964""",high
1.7767560482025146,mouse_move,"""965,960""",high
2.220393419265747,key_press,'m',high
2.527864694595337,key_press,'y',high
2.7342123985290527,key_press,Key.space,high
3.0433051586151123,key_press,'c',high
3.1459970474243164,key_press,'p',high
3.34975004196167,key_press,'s',high
3.461153268814087,key_press,Key.space,high
3.6723034381866455,key_press,'p',high
3.851738691329956,key_press,'r',high
3.9812965393066406,key_press,'o',high
4.565241098403931,key_press,'j',high
4.6308753490448,key_press,'e',high
4.8411641120910645,key_press,'c',high
5.514462947845459,key_press,'t',high
5.670037746429443,key_press,Key.space,high
5.810476064682007,key_press,'i',high
5.923539400100708,key_press,'s',high
6.068844318389893,key_press,Key.space,high
6.349980115890503,key_press,'b',high
6.443370342254639,key_press,'a',high
6.5723912715911865,key_press,'s',high
6.795634031295776,key_press,'e',high
7.0534303188323975,key_press,'d',high
7.186526775360107,key_press,Key.space,high
7.350260496139526,key_press,'i',high
7.4783313274383545,key_press,'n',high
7.657483339309692,key_press,Key.space,high
7.811913728713989,key_press,Key.space,high
8.13188362121582,key_press,'a',high
8.310880661010742,key_press,'i',high
8.611769437789917,key_press,'t',high
8.84102201461792,key_press,Key.space,high
9.197801113128662,key_press,Key.backspace,high
9.632108211517334,key_press,Key.backspace,high
9.777056694030762,mouse_move,"""965,960""",high
9.777056694030762,mouse_move,"""965,961""",high
9.793238401412964,mouse_move,"""966,963""",high
9.798929214477539,mouse_move,"""966,964""",high
9.806870460510254,key_press,'r',high
9.95357871055603,key_press,Key.space,high
10.29444932937622,key_press,'d',high
10.455504894256592,key_press,'e',high
11.101917505264282,mouse_move,"""967,964""",high
11.130525588989258,mouse_move,"""968,964""",high
11.187231540679932,mouse_move,"""968,965""",high
11.206506967544556,mouse_move,"""967,965""",high
11.230807065963745,mouse_move,"""967,965""",high
11.25208306312561,mouse_move,"""967,965""",high
11.257416725158691,mouse_move,"""966,965""",high
11.30678653717041,key_press,'f',high
11.41711139678955,key_press,'e',high
11.670892000198364,key_press,'c',high
12.05918264389038,key_press,'n',high
12.501889944076538,key_press,'e',high
12.670047044754028,key_press,Key.space,high
12.784106254577637,key_press,'s',high
13.005305051803589,key_press,'y',high
13.087311744689941,key_press,'s',high
13.394927740097046,key_press,'t',high
13.576025009155273,key_press,'e',high
13.707966804504395,key_press,'m',high
13.893960952758789,key_press,Key.space,high
14.479646921157837,mouse_move,"""965,965""",high
14.495632648468018,mouse_move,"""965,965""",high
14.563814640045166,mouse_move,"""965,965""",high
14.563814640045166,mouse_move,"""965,965""",high
14.571504592895508,mouse_move,"""966,965""",high
14.571504592895508,mouse_move,"""966,966""",high
14.5873703956604,mouse_move,"""969,968""",high
14.594318389892578,mouse_move,"""970,968""",high
14.605676651000977,mouse_move,"""971,970""",high
14.61247992515564,mouse_move,"""973,971""",high
14.61883807182312,mouse_move,"""975,973""",high
14.625935316085815,mouse_move,"""977,975""",high
14.633846998214722,mouse_move,"""978,976""",high
14.640944242477417,mouse_move,"""980,978""",high
14.648200988769531,mouse_move,"""982,979""",high
14.654572248458862,mouse_move,"""983,980""",high
14.662274599075317,mouse_move,"""984,981""",high
14.668712377548218,mouse_move,"""985,982""",high
14.675976991653442,mouse_move,"""985,982""",high
14.683619976043701,mouse_move,"""988,983""",high
14.7027428150177,mouse_move,"""990,983""",high
14.737046480178833,mouse_move,"""990,983""",high
14.768288612365723,mouse_move,"""990,983""",high
14.768288612365723,mouse_move,"""990,981""",high
14.768288612365723,mouse_move,"""991,981""",high
14.788511514663696,mouse_move,"""991,979""",high
14.788511514663696,mouse_move,"""991,978""",high
14.80464506149292,mouse_move,"""991,977""",high
14.812047958374023,mouse_move,"""991,976""",high
14.818360328674316,mouse_move,"""991,975""",high
14.824122428894043,mouse_move,"""990,973""",high
14.832613468170166,mouse_move,"""990,972""",high
14.840217351913452,mouse_move,"""989,971""",high
14.846834182739258,mouse_move,"""989,969""",high
14.854482650756836,mouse_move,"""989,968""",high
14.86163854598999,mouse_move,"""989,967""",high
14.86881947517395,mouse_move,"""989,966""",high
14.875252962112427,mouse_move,"""989,965""",high
14.878746747970581,mouse_move,"""989,964""",high
14.890146493911743,mouse_move,"""990,963""",high
14.897210359573364,mouse_move,"""990,961""",high
14.904161214828491,mouse_move,"""990,960""",high
14.909160852432251,mouse_move,"""990,959""",high
14.925358295440674,mouse_move,"""990,959""",high
14.927313327789307,mouse_move,"""991,959""",high
14.927313327789307,mouse_move,"""991,958""",high
14.967615604400635,mouse_move,"""991,958""",high
14.993247985839844,mouse_move,"""991,958""",high
14.993247985839844,mouse_move,"""991,958""",high
15.010343313217163,mouse_move,"""991,959""",high
15.017550230026245,mouse_move,"""992,960""",high
15.02522897720337,mouse_move,"""992,962""",high
15.03157901763916,mouse_move,"""993,963""",high
15.03961992263794,mouse_move,"""993,964""",high
15.04658031463623,mouse_move,"""995,966""",high
15.053809881210327,mouse_move,"""997,968""",high
15.060875654220581,mouse_move,"""997,969""",high
15.067917823791504,mouse_move,"""999,970""",high
15.074529886245728,mouse_move,"""999,971""",high
15.079144954681396,mouse_move,"""1000,972""",high
15.08849835395813,mouse_move,"""1001,973""",high
15.096562623977661,mouse_move,"""1001,975""",high
15.103398323059082,mouse_move,"""1003,976""",high
15.986434936523438,mouse_move,"""1003,976""",high
15.986434936523438,mouse_move,"""1003,976""",high
15.999780178070068,mouse_move,"""1003,974""",high
15.999780178070068,mouse_move,"""1002,974""",high
16.01330828666687,mouse_move,"""1000,972""",high
16.02216124534607,mouse_move,"""1000,971""",high
16.026264190673828,mouse_move,"""999,971""",high
16.036323070526123,mouse_move,"""997,970""",high
16.0435528755188,mouse_move,"""997,969""",high
16.0506854057312,mouse_move,"""996,969""",high
16.057159662246704,mouse_move,"""995,968""",high
16.06443500518799,mouse_move,"""995,968""",high
16.070451498031616,mouse_move,"""994,968""",high
16.07906484603882,mouse_move,"""993,967""",high
16.086196184158325,mouse_move,"""992,967""",high
16.093184232711792,mouse_move,"""992,967""",high
16.099925994873047,mouse_move,"""991,967""",high
16.114654541015625,mouse_move,"""990,967""",high
16.13481307029724,mouse_move,"""990,967""",high
16.186620712280273,mouse_move,"""990,967""",high
16.197094917297363,mouse_move,"""991,967""",high
16.213651180267334,mouse_move,"""992,967""",high
16.221093893051147,mouse_move,"""993,965""",high
16.22743058204651,mouse_move,"""995,964""",high
16.235496282577515,mouse_move,"""996,964""",high
16.23842716217041,mouse_move,"""997,961""",high
16.249545574188232,mouse_move,"""998,961""",high
16.2565975189209,mouse_move,"""999,958""",high
16.26375651359558,mouse_move,"""1000,956""",high
16.270919799804688,mouse_move,"""1000,955""",high
16.274698972702026,mouse_move,"""1001,952""",high
16.28464126586914,mouse_move,"""1001,951""",high
16.29240870475769,mouse_move,"""1001,950""",high
16.299132108688354,mouse_move,"""1002,948""",high
16.30650544166565,mouse_move,"""1002,946""",high
16.313568115234375,mouse_move,"""1002,946""",high
16.32040309906006,mouse_move,"""1002,945""",high
16.323405265808105,mouse_move,"""1003,944""",high
16.34202003479004,mouse_move,"""1004,944""",high
16.35581612586975,mouse_move,"""1006,944""",high
16.362814903259277,mouse_move,"""1008,945""",high
16.370538473129272,mouse_move,"""1009,945""",high
16.378172636032104,mouse_move,"""1009,947""",high
16.38420033454895,mouse_move,"""1012,950""",high
16.39121150970459,mouse_move,"""1014,951""",high
16.900989294052124,key_press,'a',high
17.11262822151184,key_press,'n',high
17.194199085235596,key_press,'d',high
17.355344772338867,key_press,Key.space,high
18.576950073242188,key_press,'t',high
18.695650100708008,key_press,'h',high
19.082679510116577,key_press,'i',high
19.188382148742676,key_press,'s',high
19.353426933288574,key_press,Key.space,high
20.000257968902588,key_press,'i',high
20.211546659469604,key_press,'s',high
20.38742470741272,key_press,Key.space,high
20.56989073753357,key_press,'a',high
20.85837984085083,key_press,Key.space,high
21.5787193775177,mouse_move,"""1016,951""",high
21.5971360206604,mouse_move,"""1016,951""",high
21.599134922027588,mouse_move,"""1018,952""",high
21.611128568649292,mouse_move,"""1019,953""",high
21.625568628311157,mouse_move,"""1020,954""",high
22.03094244003296,mouse_move,"""1020,954""",high
22.032949447631836,mouse_move,"""1019,951""",high
22.04559087753296,mouse_move,"""1018,948""",high
22.047590255737305,mouse_move,"""1017,947""",high
22.06014347076416,mouse_move,"""1016,944""",high
22.067258834838867,mouse_move,"""1015,943""",high
22.074104070663452,mouse_move,"""1014,942""",high
22.08102560043335,mouse_move,"""1014,940""",high
22.088866710662842,mouse_move,"""1014,938""",high
22.09601855278015,mouse_move,"""1013,937""",high
22.103097915649414,mouse_move,"""1013,935""",high
22.113918781280518,mouse_move,"""1013,934""",high
22.12442374229431,mouse_move,"""1013,934""",high
22.194464921951294,mouse_move,"""1013,933""",high
22.223687648773193,mouse_move,"""1013,933""",high
22.255736351013184,mouse_move,"""1014,932""",high
22.353492498397827,mouse_move,"""1014,931""",high
22.41593599319458,mouse_move,"""1014,931""",high
22.43189573287964,mouse_move,"""1015,931""",high
22.43189573287964,mouse_move,"""1015,931""",high
22.96828007698059,key_press,'g',high
23.107295513153076,key_press,'g',high
23.19938087463379,key_press,'o',high
23.46621608734131,key_press,'d',high
23.625276803970337,key_press,Key.space,high
23.817304372787476,key_press,'o',high
24.110166311264038,key_press,'i',high
24.25243830680847,key_press,'d',high
24.443538665771484,key_press,'e',high
24.62307620048523,key_press,'a',high
24.840863466262817,key_press,Key.space,high
25.112459659576416,key_press,'t',high
25.245351791381836,key_press,'o',high
25.42625594139099,key_press,Key.space,high
25.617685317993164,key_press,'d',high
25.779629707336426,key_press,'i',high
26.033079624176025,key_press,'t',high
26.24599313735962,key_press,Key.space,high
27.07772731781006,key_press,'j',high
29.628666639328003,mouse_move,"""1015,931""",high
29.660303354263306,mouse_move,"""1015,932""",high
30.25042462348938,mouse_move,"""1016,932""",high
30.297682762145996,mouse_move,"""1017,932""",high
30.32709813117981,mouse_move,"""1017,932""",high
30.342896699905396,mouse_move,"""1018,932""",high
30.357990026474,mouse_move,"""1019,932""",high
30.549736499786377,key_press,'s',high
31.05226755142212,key_press,'o',high
31.29622459411621,key_press,Key.space,high
31.999370574951172,key_press,'t',high
32.14775109291077,key_press,'h',high
32.16184091567993,key_press,'e',high
32.370307207107544,key_press,Key.space,high
32.66732907295227,key_press,'p',high
32.80880951881409,key_press,'r',high
32.949328660964966,key_press,'o',high
32.96554136276245,key_press,'o',high
33.5104033946991,key_press,'j',high
33.59607744216919,key_press,'e',high
33.818259477615356,key_press,'c',high
34.00499415397644,key_press,'t',high
34.19701361656189,key_press,Key.space,high
34.38133978843689,key_press,'i',high
34.54408502578735,key_press,'s',high
34.62497639656067,key_press,Key.space,high
35.210577726364136,mouse_move,"""1020,932""",high
35.22473192214966,mouse_move,"""1020,931""",high
35.24068546295166,mouse_move,"""1025,929""",high
35.25013756752014,mouse_move,"""1025,929""",high
35.25647449493408,mouse_move,"""1026,928""",high
35.26448202133179,mouse_move,"""1028,926""",high
35.271018266677856,mouse_move,"""1029,926""",high
35.27857542037964,mouse_move,"""1031,925""",high
35.28572154045105,mouse_move,"""1032,925""",high
35.29284930229187,mouse_move,"""1032,924""",high
35.29921841621399,mouse_move,"""1032,923""",high
35.30637717247009,mouse_move,"""1033,923""",high
35.31414842605591,mouse_move,"""1033,923""",high
35.321279764175415,mouse_move,"""1034,922""",high
35.34266519546509,mouse_move,"""1034,922""",high
35.35591173171997,mouse_move,"""1034,921""",high
35.41078734397888,mouse_move,"""1034,921""",high
35.42789649963379,mouse_move,"""1035,921""",high
35.42789649963379,mouse_move,"""1035,921""",high
35.43820548057556,mouse_move,"""1036,921""",high
35.44973301887512,mouse_move,"""1037,921""",high
35.45642113685608,mouse_move,"""1037,921""",high
35.46355962753296,mouse_move,"""1038,921""",high
35.470707178115845,mouse_move,"""1039,922""",high
35.51658368110657,mouse_move,"""1039,922""",high
35.57078433036804,mouse_move,"""1039,921""",high
35.577574014663696,mouse_move,"""1039,920""",high
35.59189057350159,mouse_move,"""1039,920""",high
35.595109701156616,mouse_move,"""1039,919""",high
35.60596418380737,mouse_move,"""1038,918""",high
35.720707178115845,mouse_move,"""1038,918""",high
35.72334432601929,mouse_move,"""1039,918""",high
35.77827215194702,mouse_move,"""1039,918""",high
35.77827215194702,mouse_move,"""1039,917""",high
35.795496463775635,mouse_move,"""1038,916""",high
35.81153225898743,mouse_move,"""1038,915""",high
35.826884508132935,mouse_move,"""1037,915""",high
35.83370113372803,mouse_move,"""1036,914""",high
35.85925102233887,mouse_move,"""1036,914""",high
35.87644600868225,mouse_move,"""1035,914""",high
35.986900806427,mouse_move,"""1035,914""",high
36.019206285476685,mouse_move,"""1035,914""",high
36.067283391952515,mouse_move,"""1035,913""",high
36.14599251747131,mouse_move,"""1035,912""",high
36.153725147247314,mouse_move,"""1036,912""",high
36.167569637298584,mouse_move,"""1037,912""",high
36.17490577697754,mouse_move,"""1037,912""",high
36.19409370422363,mouse_move,"""1038,912""",high
36.203683853149414,mouse_move,"""1039,912""",high
36.23114085197449,mouse_move,"""1039,912""",high
36.27158832550049,mouse_move,"""1039,912""",high
36.32101082801819,mouse_move,"""1039,912""",high
36.37226366996765,mouse_move,"""1039,911""",high
36.428927183151245,mouse_move,"""1039,911""",high
36.428927183151245,mouse_move,"""1039,911""",high
36.44554853439331,mouse_move,"""1039,911""",high
38.72777318954468,mouse_move,"""1039,911""",high
38.744134187698364,mouse_move,"""1038,912""",high
38.75274443626404,mouse_move,"""1038,913""",high
38.77232837677002,mouse_move,"""1037,914""",high
38.781904458999634,mouse_move,"""1036,914""",high
38.800599336624146,mouse_move,"""1036,914""",high
38.83147859573364,mouse_move,"""1036,914""",high
38.83147859573364,mouse_move,"""1037,915""",high
38.84941911697388,mouse_move,"""1037,915""",high
38.865264654159546,mouse_move,"""1038,915""",high
38.865264654159546,mouse_move,"""1039,916""",high
38.92259979248047,mouse_move,"""1039,916""",high
38.93947196006775,mouse_move,"""1039,917""",high
38.950729846954346,mouse_move,"""1039,917""",high
38.95273017883301,mouse_move,"""1038,917""",high
38.96501564979553,mouse_move,"""1038,918""",high
38.97163200378418,mouse_move,"""1037,918""",high
38.97865629196167,mouse_move,"""1036,918""",high
38.99344038963318,mouse_move,"""1036,918""",high
39.044341802597046,mouse_move,"""1035,919""",high
39.07770609855652,mouse_move,"""1035,919""",high
39.07770609855652,mouse_move,"""1035,919""",high
39.092790365219116,mouse_move,"""1037,919""",high
39.10015892982483,mouse_move,"""1037,919""",high
39.103431224823,mouse_move,"""1038,918""",high
39.11400747299194,mouse_move,"""1039,918""",high
39.531667709350586,key_press,'b',high
39.62664222717285,key_press,'a',high
39.75694751739502,key_press,'s',high
40.01045608520508,key_press,'r',high
40.229289293289185,key_press,'d',high
40.378159284591675,key_press,Key.space,high
40.697892904281616,key_press,'s',high
40.90453743934631,key_press,'e',high
41.14390182495117,key_press,'r',high
41.453858613967896,key_press,'v',high
41.60957336425781,key_press,'o',high
41.82167029380798,key_press,Key.space,high
42.55169939994812,key_press,'m',high
42.75562787055969,key_press,'o',high
42.93847417831421,key_press,'t',high
43.097779512405396,key_press,'o',high
43.27656888961792,key_press,'r',high
43.46263933181763,key_press,'s',high
43.64599347114563,key_press,Key.space,high
43.74482202529907,key_press,'a',high
43.91001749038696,key_press,'n',high
44.0539915561676,key_press,'d',high
44.227006673812866,key_press,Key.space,high
44.83094763755798,mouse_move,"""1040,918""",high
44.837647438049316,mouse_move,"""1041,918""",high
44.957345724105835,key_press,'b',high
45.37117075920105,key_press,'r',high
45.549171924591064,key_press,'e',high
45.72674536705017,key_press,'a',high
46.02818584442139,key_press,'s',high
46.02818584442139,key_press,'d',high
47.54514169692993,key_press,'b',high
47.74931859970093,key_press,'o',high
47.86390781402588,key_press,'a',high
48.12988615036011,key_press,'r',high
48.495325565338135,key_press,'d',high
48.79608869552612,key_press,Key.space,high
54.40399622917175,mouse_move,"""1042,918""",high
54.416383266448975,mouse_move,"""1043,918""",high
54.424381494522095,mouse_move,"""1043,918""",high
54.43981146812439,mouse_move,"""1043,918""",high
54.44266390800476,mouse_move,"""1044,918""",high
54.45387077331543,mouse_move,"""1045,919""",high
54.45838212966919,key_press,'t',high
54.563153982162476,key_press,'h',high
54.64284801483154,key_press,'e',high
54.82534193992615,key_press,Key.space,high
55.73954176902771,key_press,'r',high
55.90490698814392,key_press,'a',high
56.132598876953125,key_press,'n',high
56.45792841911316,key_press,'g',high
56.59696841239929,key_press,'e',high
56.67267322540283,key_press,Key.space,high
58.01995658874512,key_press,'2',high
58.351786851882935,key_press,'0',high
58.51150894165039,key_press,'0',high
58.74216914176941,key_press,Key.space,high
58.77082300186157,key_press,Key.space,high
58.96357822418213,key_press,'c',high
59.05890941619873,key_press,'m',high
59.30664658546448,key_press,'s',high
59.455127477645874,key_press,Key.space,high
59.62749099731445,key_press,'a',high
62.500028133392334,key_press,'t',high
62.61676526069641,key_press,'h',high
62.707674503326416,key_press,'e',high
62.856239318847656,key_press,Key.space,high
63.13246965408325,key_press,'p',high
63.29522347450256,key_press,'r',high
63.41599798202515,key_press,'o',high
63.88618063926697,key_press,'j',high
63.960177183151245,key_press,'e',high
64.15883469581604,key_press,'c',high
64.39834713935852,key_press,'t',high
64.55399227142334,key_press,Key.space,high
65.34599351882935,key_press,'i',high
65.46674132347107,key_press,'s',high
65.55074691772461,key_press,Key.space,high
67.52833724021912,mouse_move,"""1045,917""",high
67.53747272491455,mouse_move,"""1045,913""",high
67.54075598716736,mouse_move,"""1045,907""",high
67.54075598716736,mouse_move,"""1045,900""",high
67.55864095687866,mouse_move,"""1046,893""",high
67.56548047065735,mouse_move,"""1047,884""",high
67.57240200042725,mouse_move,"""1048,876""",high
67.5799572467804,mouse_move,"""1048,866""",high
68.0098180770874,key_press,'a',high
68.15511631965637,key_press,'p',high
68.30190849304199,key_press,'p',high
68.43234848976135,key_press,'r',high
68.54938840866089,key_press,'o',high
68.75947046279907,key_press,'v',high
68.90185236930847,key_press,'e',high
69.14874815940857,key_press,'d',high
69.37957191467285,key_press,Key.space,high
69.6002414226532,key_press,'m',high
69.89607834815979,key_press,'t',high
69.91769504547119,key_press,'t',high
70.09547662734985,key_press,Key.space,high
70.86767435073853,key_press,'t',high
70.93253016471863,key_press,'h',high
71.01197743415833,key_press,'e',high
71.14412117004395,key_press,Key.space,high
71.50294065475464,key_press,'c',high
71.71710300445557,key_press,'a',high
71.81368970870972,key_press,'l',high
72.0752432346344,key_press,'s',high
72.24062442779541,key_press,'s',high
72.42374324798584,key_press,Key.space,high
73.11256647109985,mouse_move,"""1048,866""",high
73.12866687774658,mouse_move,"""1048,866""",high
73.14902114868164,mouse_move,"""1048,867""",high
73.15538358688354,mouse_move,"""1048,868""",high
73.15634202957153,mouse_move,"""1049,869""",high
73.15634202957153,mouse_move,"""1050,870""",high
73.17656469345093,mouse_move,"""1050,871""",high
73.18637776374817,mouse_move,"""1051,871""",high
73.20516848564148,mouse_move,"""1051,872""",high
73.21140575408936,mouse_move,"""1052,874""",high
73.2161226272583,mouse_move,"""1052,874""",high
73.22637248039246,mouse_move,"""1053,876""",high
73.23463606834412,mouse_move,"""1053,877""",high
73.24779534339905,mouse_move,"""1054,877""",high
73.25480437278748,mouse_move,"""1054,880""",high
73.26149082183838,mouse_move,"""1054,881""",high
73.26482510566711,mouse_move,"""1055,883""",high
73.2763147354126,mouse_move,"""1055,885""",high
73.2832944393158,mouse_move,"""1055,886""",high
73.28904724121094,mouse_move,"""1055,888""",high
73.2974648475647,mouse_move,"""1054,890""",high
73.30471897125244,mouse_move,"""1054,891""",high
73.31142520904541,mouse_move,"""1054,893""",high
73.32165336608887,mouse_move,"""1054,894""",high
73.33305144309998,mouse_move,"""1053,896""",high
73.33978199958801,mouse_move,"""1053,897""",high
73.3468222618103,mouse_move,"""1053,898""",high
73.96626830101013,key_press,'s',high
74.32156133651733,key_press,'u',high
74.58247470855713,key_press,'b',high
75.2960684299469,key_press,'j',high
75.38923144340515,key_press,'r',high
75.4088077545166,key_press,'e',high
75.58364129066467,key_press,'c',high
75.81714224815369,key_press,'t',high
75.99576139450073,key_press,Key.space,high
77.97740292549133,key_press,'t',high
78.12644910812378,key_press,'r',high
78.93061995506287,key_press,'t',high
79.16520547866821,key_press,'e',high
79.3997151851654,key_press,'a',high
79.62720203399658,key_press,'c',high
79.83545303344727,key_press,'h',high
79.93230271339417,key_press,'e',high
80.06742906570435,key_press,'r',high
80.17713642120361,key_press,Key.space,high
83.40818190574646,mouse_move,"""1053,898""",high
83.42016077041626,mouse_move,"""1052,897""",high
83.42016077041626,mouse_move,"""1052,896""",high
83.43274211883545,mouse_move,"""1052,896""",high
83.43904757499695,mouse_move,"""1051,896""",high
83.4460997581482,mouse_move,"""1051,895""",high
83.45009088516235,mouse_move,"""1051,894""",high
83.46820569038391,mouse_move,"""1051,894""",high
83.59492063522339,mouse_move,"""1051,894""",high
83.60993981361389,mouse_move,"""1050,893""",high
83.6169650554657,mouse_move,"""1049,892""",high
83.62051558494568,mouse_move,"""1048,891""",high
83.62051558494568,mouse_move,"""1047,891""",high
83.63861870765686,mouse_move,"""1046,890""",high
83.64589548110962,mouse_move,"""1045,890""",high
83.65289068222046,mouse_move,"""1045,889""",high
83.66255617141724,mouse_move,"""1045,888""",high
83.67472338676453,mouse_move,"""1045,888""",high
83.68176674842834,mouse_move,"""1045,887""",high
83.68788695335388,mouse_move,"""1045,886""",high
83.69534373283386,mouse_move,"""1046,886""",high
83.70206022262573,mouse_move,"""1047,886""",high
83.70976829528809,mouse_move,"""1048,885""",high
83.71721005439758,mouse_move,"""1050,884""",high
83.72368288040161,mouse_move,"""1051,884""",high
83.73046255111694,mouse_move,"""1052,883""",high
83.73772501945496,mouse_move,"""1053,883""",high
83.74550700187683,mouse_move,"""1054,883""",high
83.75263214111328,mouse_move,"""1055,882""",high
83.75974106788635,mouse_move,"""1056,882""",high
83.76693558692932,mouse_move,"""1057,882""",high
83.773934841156,mouse_move,"""1057,882""",high
83.77693319320679,key_press,'a',high
83.96574854850769,key_press,'n',high
84.15757441520691,key_press,'d',high
84.31339240074158,key_press,Key.space,high
85.6587462425232,mouse_move,"""1057,883""",high
85.67635750770569,mouse_move,"""1057,884""",high
85.69114899635315,mouse_move,"""1057,884""",high
85.75626826286316,mouse_move,"""1057,884""",high
86.07622385025024,mouse_move,"""1057,884""",high
86.15708184242249,mouse_move,"""1057,884""",high
86.15708184242249,mouse_move,"""1057,884""",high
86.17286849021912,mouse_move,"""1057,884""",high
86.23774313926697,mouse_move,"""1057,884""",high
86.25886702537537,mouse_move,"""1057,884""",high
86.3180935382843,mouse_move,"""1057,883""",high
86.34532713890076,mouse_move,"""1057,883""",high
86.44211864471436,mouse_move,"""1057,883""",high
86.45830917358398,mouse_move,"""1057,883""",high
86.57227516174316,mouse_move,"""1057,883""",high
86.7318205833435,mouse_move,"""1056,883""",high
86.75229525566101,mouse_move,"""1055,883""",high
86.7714614868164,mouse_move,"""1055,883""",high
86.78742718696594,mouse_move,"""1055,882""",high
86.80176782608032,mouse_move,"""1054,882""",high
86.8088743686676,mouse_move,"""1053,881""",high
86.81891632080078,mouse_move,"""1053,881""",high
86.83732748031616,mouse_move,"""1052,881""",high
86.85140538215637,mouse_move,"""1052,880""",high
86.85807943344116,mouse_move,"""1051,880""",high
86.8723611831665,mouse_move,"""1051,880""",high
86.87336850166321,mouse_move,"""1050,880""",high
86.88928318023682,mouse_move,"""1049,880""",high
86.95564723014832,mouse_move,"""1049,880""",high
86.95564723014832,mouse_move,"""1050,880""",high
86.96922206878662,mouse_move,"""1050,880""",high
86.98652744293213,mouse_move,"""1051,880""",high
86.99306631088257,mouse_move,"""1052,880""",high
87.03246688842773,mouse_move,"""1052,879""",high
87.04969120025635,mouse_move,"""1051,878""",high
87.05805397033691,mouse_move,"""1051,878""",high
87.0650806427002,mouse_move,"""1050,877""",high
87.07189607620239,mouse_move,"""1049,877""",high
87.07892346382141,mouse_move,"""1048,876""",high
87.08642816543579,mouse_move,"""1048,876""",high
87.09367513656616,mouse_move,"""1047,876""",high
87.10020136833191,mouse_move,"""1047,875""",high
87.10416793823242,mouse_move,"""1046,875""",high
87.11486458778381,mouse_move,"""1046,874""",high
87.12199854850769,mouse_move,"""1046,874""",high
87.19275903701782,mouse_move,"""1046,874""",high
87.19275903701782,mouse_move,"""1046,874""",high
87.20822429656982,mouse_move,"""1047,874""",high
87.22083783149719,mouse_move,"""1048,875""",high
87.23559999465942,mouse_move,"""1049,875""",high
87.24268245697021,mouse_move,"""1050,875""",high
87.25013899803162,mouse_move,"""1050,876""",high
87.27204418182373,mouse_move,"""1051,876""",high
87.28679251670837,mouse_move,"""1052,876""",high
87.34291052818298,mouse_move,"""1053,876""",high
87.35605835914612,mouse_move,"""1053,876""",high
87.36364412307739,mouse_move,"""1054,876""",high
87.38648009300232,mouse_move,"""1055,876""",high
87.52614879608154,key_press,'i',high
87.68084144592285,key_press,Key.space,high
87.90514278411865,key_press,'h',high
88.05193138122559,key_press,'a',high
88.26823377609253,key_press,'v',high
88.43176221847534,key_press,'e',high
88.61105179786682,key_press,Key.space,high
88.87982749938965,key_press,'p',high
89.01135468482971,key_press,'r',high
89.15669798851013,key_press,'e',high
89.40909719467163,key_press,'s',high
89.57202959060669,key_press,'e',high
89.7473213672638,key_press,'n',high
89.79936242103577,key_press,'t',high
90.04571723937988,key_press,'e',high
90.32975149154663,key_press,'d',high
90.4111967086792,key_press,Key.space,high
92.2861876487732,key_press,'a',high
92.43420147895813,key_press,'t',high
92.62892723083496,key_press,Key.space,high
92.6728310585022,key_press,'a',high
92.91482591629028,key_press,'n',high
92.94735050201416,key_press,'a',high
93.49302959442139,key_press,'k',high
93.86396312713623,key_press,'h',high
93.98060965538025,key_press,'a',high
94.0947060585022,key_press,Key.space,high
94.35688853263855,key_press,'t',high
94.48710536956787,key_press,'e',high
94.72255730628967,key_press,'c',high
94.88549208641052,key_press,'h',high
95.07976603507996,key_press,Key.space,high
95.49607062339783,key_press,'f',high
95.62812805175781,key_press,'e',high
95.83104348182678,key_press,'w',high
95.9293167591095,key_press,'s',high
96.1091480255127,key_press,'t',high
96.29065322875977,key_press,Key.space,high
98.61183643341064,key_press,'a',high
98.75829887390137,key_press,'n',high
98.87213802337646,key_press,'d',high
99.01393008232117,key_press,Key.space,high
100.2994773387909,key_press,'i',high
100.4235622882843,key_press,'t',high
100.6552484035492,key_press,Key.space,high
100.77392792701721,key_press,'e',high
101.22354936599731,key_press,'a',high
101.51700401306152,key_press,'s',high
101.66447639465332,key_press,Key.space,high
101.92004728317261,key_press,'l',high
102.29166626930237,key_press,'k',high
102.4415123462677,key_press,'e',high
102.6424810886383,key_press,'d',high
102.76240181922913,key_press,Key.space,high
103.82062530517578,key_press,'b',high
104.019287109375,key_press,'y',high
104.21318292617798,key_press,Key.space,high
104.44660186767578,key_press,'t',high
104.61457252502441,key_press,'h',high
104.65429496765137,key_press,'e',high
104.89062833786011,key_press,Key.space,high
109.03186178207397,mouse_move,"""1055,875""",high
109.03186178207397,mouse_move,"""1055,873""",high
109.04716467857361,mouse_move,"""1055,872""",high
109.04716467857361,mouse_move,"""1055,872""",high
109.0622010231018,mouse_move,"""1055,871""",high
109.06884169578552,mouse_move,"""1055,870""",high
109.075510263443,mouse_move,"""1055,869""",high
109.08382320404053,mouse_move,"""1055,868""",high
109.09043478965759,mouse_move,"""1055,867""",high
109.09787058830261,mouse_move,"""1056,864""",high
109.104496717453,mouse_move,"""1056,863""",high
109.11149382591248,mouse_move,"""1056,862""",high
109.1193585395813,mouse_move,"""1056,862""",high
109.1193585395813,mouse_move,"""1057,862""",high
109.13282299041748,mouse_move,"""1057,861""",high
109.14055299758911,mouse_move,"""1058,860""",high
109.1560320854187,mouse_move,"""1058,860""",high
109.16486144065857,mouse_move,"""1058,858""",high
109.17618989944458,mouse_move,"""1059,858""",high
109.23336434364319,mouse_move,"""1059,858""",high
109.2654333114624,mouse_move,"""1059,859""",high
109.2761800289154,mouse_move,"""1060,861""",high
109.27757930755615,mouse_move,"""1060,862""",high
109.29732656478882,mouse_move,"""1060,863""",high
109.3038022518158,mouse_move,"""1060,864""",high
109.31080651283264,mouse_move,"""1059,865""",high
109.31885647773743,mouse_move,"""1059,865""",high
109.31985187530518,mouse_move,"""1059,867""",high
109.33292818069458,mouse_move,"""1058,868""",high
109.34002995491028,mouse_move,"""1058,868""",high
109.3440351486206,mouse_move,"""1058,869""",high
109.35379099845886,mouse_move,"""1057,870""",high
109.36136984825134,mouse_move,"""1057,871""",high
109.36860656738281,mouse_move,"""1057,871""",high
109.36860656738281,mouse_move,"""1057,872""",high
109.38974332809448,mouse_move,"""1058,874""",high
109.39322185516357,mouse_move,"""1058,874""",high
109.40411472320557,mouse_move,"""1058,875""",high
109.41852569580078,mouse_move,"""1058,877""",high
109.42525291442871,mouse_move,"""1059,879""",high
109.43219423294067,mouse_move,"""1059,880""",high
109.43971371650696,mouse_move,"""1060,880""",high
109.44636464118958,mouse_move,"""1060,880""",high
109.47937440872192,mouse_move,"""1060,880""",high
109.49565744400024,mouse_move,"""1060,880""",high
109.51156568527222,mouse_move,"""1060,880""",high
109.52743148803711,mouse_move,"""1060,879""",high
109.53823661804199,mouse_move,"""1059,879""",high
109.56115913391113,mouse_move,"""1059,879""",high
109.56381845474243,mouse_move,"""1058,879""",high
109.57473492622375,mouse_move,"""1057,879""",high
109.70685648918152,mouse_move,"""1057,879""",high
109.72487497329712,mouse_move,"""1056,878""",high
109.73348927497864,mouse_move,"""1055,878""",high
109.74571323394775,key_press,'t',high
109.85230469703674,key_press,'h',high
109.88206744194031,key_press,'e',high
110.13896942138672,key_press,Key.space,high
114.73789358139038,mouse_move,"""1055,878""",high
114.75868058204651,mouse_move,"""1055,877""",high
114.77209281921387,mouse_move,"""1054,877""",high
114.77737045288086,mouse_move,"""1054,876""",high
114.79395794868469,mouse_move,"""1053,876""",high
114.80810594558716,mouse_move,"""1052,876""",high
114.8192229270935,mouse_move,"""1052,876""",high
115.58815360069275,mouse_move,"""1052,875""",high
117.51300930976868,mouse_move,"""1052,874""",high
117.99401760101318,mouse_move,"""1052,874""",high
118.27804374694824,mouse_move,"""1052,873""",high
119.26517224311829,mouse_move,"""1052,873""",high
119.2870364189148,mouse_move,"""1052,873""",high
119.2870364189148,mouse_move,"""1053,873""",high
119.2987744808197,mouse_move,"""1055,874""",high
119.2987744808197,mouse_move,"""1055,875""",high
119.3139238357544,mouse_move,"""1058,876""",high
119.32106137275696,mouse_move,"""1060,876""",high
119.32741379737854,mouse_move,"""1060,876""",high
119.33519721031189,mouse_move,"""1061,876""",high
119.33519721031189,mouse_move,"""1062,876""",high
119.37742567062378,mouse_move,"""1062,876""",high
119.37742567062378,mouse_move,"""1062,876""",high
119.39521050453186,mouse_move,"""1062,875""",high
119.40790867805481,mouse_move,"""1061,875""",high
119.41533279418945,mouse_move,"""1061,875""",high
119.42037916183472,mouse_move,"""1060,875""",high
119.42037916183472,mouse_move,"""1058,875""",high
119.43530535697937,mouse_move,"""1058,875""",high
119.44259405136108,mouse_move,"""1056,875""",high
119.44954252243042,mouse_move,"""1056,874""",high
119.45792865753174,mouse_move,"""1055,874""",high
119.50664734840393,mouse_move,"""1055,874""",high
119.52054119110107,mouse_move,"""1055,873""",high
119.62895441055298,mouse_move,"""1055,873""",high
119.62895441055298,mouse_move,"""1055,873""",high
119.85535168647766,mouse_move,"""1055,873""",high
119.85535168647766,mouse_move,"""1054,873""",high
119.869389295578,mouse_move,"""1053,872""",high
119.87038707733154,mouse_move,"""1052,872""",high
120.0272753238678,mouse_move,"""1052,871""",high
120.03244924545288,mouse_move,"""1052,871""",high
120.03880214691162,mouse_move,"""1052,870""",high
120.04080820083618,mouse_move,"""1051,869""",high
120.05418372154236,mouse_move,"""1050,868""",high
120.06160020828247,mouse_move,"""1050,866""",high
120.06794595718384,mouse_move,"""1048,860""",high
120.07574963569641,mouse_move,"""1048,855""",high
120.08277678489685,mouse_move,"""1047,848""",high
120.08916735649109,mouse_move,"""1046,840""",high
120.09711623191833,mouse_move,"""1044,829""",high
120.1040506362915,mouse_move,"""1043,819""",high
120.11112594604492,mouse_move,"""1041,809""",high
120.11838459968567,mouse_move,"""1039,799""",high
120.12539505958557,mouse_move,"""1038,789""",high
120.13182663917542,mouse_move,"""1034,778""",high
120.138916015625,mouse_move,"""1033,768""",high
120.14672303199768,mouse_move,"""1030,759""",high
120.1538314819336,mouse_move,"""1028,749""",high
120.16075778007507,mouse_move,"""1027,742""",high
120.16788911819458,mouse_move,"""1024,733""",high
120.175208568573,mouse_move,"""1022,726""",high
120.18227910995483,mouse_move,"""1019,718""",high
120.18899774551392,mouse_move,"""1017,713""",high
120.19607949256897,mouse_move,"""1016,709""",high
120.20386409759521,mouse_move,"""1015,706""",high
120.21069955825806,mouse_move,"""1014,702""",high
120.21789741516113,mouse_move,"""1014,700""",high
120.22498798370361,mouse_move,"""1014,698""",high
120.22777581214905,mouse_move,"""1014,695""",high
120.23899412155151,mouse_move,"""1014,694""",high
120.24637913703918,mouse_move,"""1014,692""",high
120.25289177894592,mouse_move,"""1014,691""",high
120.25990009307861,mouse_move,"""1016,690""",high
120.26697421073914,mouse_move,"""1016,688""",high
120.27483296394348,mouse_move,"""1017,687""",high
120.2823851108551,mouse_move,"""1019,687""",high
120.28926372528076,mouse_move,"""1019,686""",high
120.29633927345276,mouse_move,"""1020,685""",high
120.303297996521,mouse_move,"""1022,684""",high
120.31036758422852,mouse_move,"""1022,684""",high
120.31237173080444,mouse_move,"""1023,684""",high
120.3245701789856,mouse_move,"""1024,683""",high
120.33678722381592,mouse_move,"""1025,683""",high
120.34528183937073,mouse_move,"""1025,682""",high
120.37868452072144,mouse_move,"""1025,682""",high
120.39248490333557,mouse_move,"""1025,681""",high
120.4100980758667,mouse_move,"""1025,680""",high
120.48725724220276,mouse_move,"""1025,680""",high
120.48725724220276,mouse_move,"""1025,680""",high
120.50302624702454,mouse_move,"""1026,681""",high
120.50302624702454,mouse_move,"""1027,681""",high
120.5165627002716,mouse_move,"""1027,683""",high
120.52165365219116,mouse_move,"""1028,685""",high
120.53139352798462,mouse_move,"""1028,686""",high
120.53817534446716,mouse_move,"""1029,688""",high
120.54530549049377,mouse_move,"""1030,690""",high
120.5517008304596,mouse_move,"""1030,692""",high
120.55967259407043,mouse_move,"""1031,694""",high
120.56664776802063,mouse_move,"""1032,696""",high
120.57377195358276,mouse_move,"""1033,698""",high
120.58061480522156,mouse_move,"""1033,700""",high
120.58768773078918,mouse_move,"""1034,703""",high
120.59305763244629,key_press,'a',high
121.26579403877258,mouse_move,"""1034,703""",high
121.28188753128052,mouse_move,"""1034,704""",high
121.30270671844482,mouse_move,"""1034,705""",high
121.33832168579102,mouse_move,"""1034,706""",high
121.33832168579102,mouse_move,"""1034,706""",high
121.35338163375854,mouse_move,"""1034,707""",high
121.37085056304932,mouse_move,"""1034,707""",high
121.37468934059143,mouse_move,"""1035,708""",high
121.3843343257904,mouse_move,"""1035,708""",high
121.39212036132812,mouse_move,"""1035,709""",high
121.40674304962158,mouse_move,"""1035,710""",high
121.41328430175781,mouse_move,"""1036,711""",high
121.43230676651001,mouse_move,"""1036,711""",high
121.44942474365234,mouse_move,"""1036,712""",high
121.49769759178162,key_press,'n',high
121.65611147880554,key_press,'i',high
121.89287376403809,key_press,'k',high
122.1373872756958,key_press,'h',high
122.40440344810486,key_press,'a',high
122.49868059158325,key_press,Key.space,high
122.95777010917664,key_press,'t',high
123.0629575252533,key_press,'e',high
123.36730670928955,key_press,'c',high
123.53221845626831,key_press,'h',high
123.73861503601074,key_press,Key.space,high
124.06742119789124,key_press,'f',high
124.25710368156433,key_press,'e',high
124.49563312530518,key_press,'a',high
124.82347989082336,key_press,'c',high
125.08988547325134,key_press,'t',high
125.43623208999634,key_press,Key.space,high
125.60785102844238,key_press,'a',high
125.83872747421265,key_press,'d',high
125.8824896812439,key_press,'n',high
126.18664050102234,key_press,Key.space,high
126.4829933643341,key_press,'t',high
126.62652444839478,key_press,'e',high
126.6323139667511,key_press,'h',high
126.86360478401184,key_press,Key.space,high
129.34661722183228,key_press,'t',high
129.47822165489197,key_press,'h',high
129.65601515769958,key_press,'i',high
129.89373421669006,key_press,'n',high
130.18731999397278,key_press,'g',high
130.4589328765869,key_press,Key.space,high
130.67898631095886,key_press,'i',high
130.8390395641327,key_press,'s',high
131.02670431137085,key_press,Key.space,high
132.57838559150696,key_press,'t',high
132.76395630836487,key_press,'h',high
132.77537536621094,key_press,'a',high
133.0907998085022,key_press,'t',high
133.2212953567505,key_press,Key.space,high
134.61138772964478,key_press,'k',high
134.9459810256958,key_press,'j',high
135.53825855255127,key_press,'n',high
135.67347812652588,key_press,'e',high
135.8133807182312,key_press,'n',high
135.99720191955566,key_press,'i',high
136.19536018371582,key_press,Key.space,high
136.21586537361145,key_press,Key.space,high
136.79253387451172,key_press,Key.space,high
137.06405687332153,key_press,'h',high
137.15931868553162,key_press,'d',high
137.3383595943451,key_press,'f',high
137.52624225616455,key_press,'a',high
137.64381647109985,key_press,'k',high
137.6701648235321,key_press,'l',high
137.81292271614075,key_press,'d',high
137.90353226661682,key_press,'f',high
137.96773076057434,key_press,'u',high
138.1949245929718,key_press,'n',high
138.43191051483154,key_press,Key.space,high
138.77808380126953,key_press,'a',high
138.99025416374207,key_press,'s',high
139.09378480911255,key_press,'d',high
139.23788571357727,key_press,'k',high
139.49866318702698,key_press,'j',high
139.79279565811157,key_press,'h',high
140.0120804309845,key_press,'i',high
140.26787304878235,key_press,'d',high
140.46531009674072,key_press,'n',high
140.69804906845093,key_press,'e',high
140.82700729370117,key_press,Key.space,high
141.2459797859192,key_press,'j',high
141.52690362930298,key_press,'a',high
141.5938901901245,key_press,'o',high
141.75215339660645,key_press,'d',high
141.8987967967987,key_press,'h',high
142.40747714042664,key_press,'t',high
142.70661449432373,key_press,'k',high
142.84935569763184,key_press,'s',high
143.06052446365356,key_press,'d',high
143.0769603252411,key_press,'n',high
143.26850867271423,key_press,'f',high
143.5179479122162,key_press,Key.space,high
147.59608840942383,key_press,'t',high
147.79225850105286,key_press,'e',high
147.8125331401825,key_press,'h',high
148.1032636165619,key_press,Key.space,high
148.7533881664276,key_press,'p',high
149.06863951683044,key_press,'r',high
149.6268835067749,key_press,'e',high
149.80795788764954,key_press,'h',high
149.93587684631348,key_press,'c',high
150.15526700019836,key_press,'t',high
150.29392194747925,key_press,Key.space,high
150.85306859016418,key_press,'i',high
151.04278802871704,key_press,'s',high
151.25396823883057,key_press,Key.space,high
151.92963099479675,key_press,'f',high
152.1021146774292,key_press,'i',high
152.26240611076355,key_press,'i',high
152.46515130996704,key_press,'d',high
152.67245435714722,key_press,Key.space,high
153.85290694236755,key_press,'p',high
154.09690594673157,key_press,'r',high
154.55755972862244,key_press,'n',high
154.82120299339294,key_press,'e',high
155.06307172775269,key_press,'c',high
155.36058449745178,key_press,'t',high
155.54404592514038,key_press,Key.space,high
156.08714032173157,key_press,Key.ctrl_l,high
156.3594672679901,key_press,'\x03',high
1.6363673210144043,key_press,'f',high
1.817046880722046,key_press,'i',high
2.185420036315918,key_press,'r',high
2.4270708560943604,key_press,'s',high
2.6226789951324463,key_press,'t',high
2.753129005432129,key_press,Key.space,high
3.3677687644958496,key_press,'t',high
3.492135763168335,key_press,'o',high
3.508039951324463,key_press,'i',high
3.6364920139312744,key_press,'m',high
3.8475253582000732,key_press,'e',high
3.9012539386749268,key_press,Key.space,high
4.968261003494263,key_press,'d',high
5.194681167602539,key_press,'h',high
5.309799671173096,key_press,'i',high
5.506241798400879,key_press,'r',high
5.63048529624939,key_press,'e',high
5.793602705001831,key_press,'n',high
5.939397096633911,key_press,Key.space,high
6.402207136154175,key_press,'n',high
6.517164945602417,key_press,'i',high
6.664796352386475,key_press,Key.space,high
7.09175443649292,key_press,Key.space,high
7.205057144165039,key_press,'c',high
7.3314208984375,key_press,'h',high
7.428849220275879,key_press,'u',high
7.669238805770874,key_press,'s',high
8.349574089050293,key_press,'i',high
8.528341293334961,key_press,Key.space,high
8.913100242614746,key_press,'a',high
12.747828722000122,key_press,'a',high
13.753562688827515,key_press,Key.backspace,high
13.927184820175171,key_press,Key.backspace,high
14.098002433776855,key_press,Key.backspace,high
14.720167398452759,key_press,'n',high
14.850028038024902,key_press,'a',high
14.96278977394104,key_press,Key.space,high
15.159321308135986,key_press,'a',high
15.42081594467163,key_press,'p',high
15.567868947982788,key_press,'p',high
15.81493854522705,key_press,'u',high
16.393744707107544,key_press,'h',high
16.523617267608643,key_press,'u',high
16.76351523399353,key_press,Key.space,high
17.30616855621338,key_press,'l',high
17.447804927825928,key_press,'a',high
17.82281804084778,key_press,'n',high
18.325103521347046,key_press,'j',high
18.43971300125122,key_press,'a',high
18.64165449142456,key_press,Key.space,high
24.14333987236023,key_press,'a',high
24.543569803237915,key_press,'n',high
24.73945379257202,key_press,'u',high
25.322869062423706,key_press,'k',high
25.54047989845276,key_press,'u',high
25.726743459701538,key_press,'n',high
25.890520572662354,key_press,'n',high
26.0367693901062,key_press,'a',high
26.213722944259644,key_press,Key.space,high
26.769469261169434,key_press,'g',high
26.83461308479309,key_press,'a',high
27.041836500167847,key_press,'n',high
27.15919589996338,key_press,'i',high
27.331746816635132,key_press,Key.space,high
27.68277645111084,key_press,'m',high
27.786217212677002,key_press,'a',high
27.996638298034668,key_press,'n',high
28.35147476196289,key_press,'c',high
28.565205574035645,key_press,'h',high
28.74453616142273,key_press,'o',high
29.049333810806274,key_press,'d',high
29.195605516433716,key_press,'h',high
29.389950275421143,key_press,'e',high
29.523772478103638,key_press,Key.space,high
33.5207793712616,key_press,'e',high
33.80875205993652,key_press,'p',high
33.93956708908081,key_press,'p',high
34.235039949417114,key_press,'u',high
34.556758642196655,key_press,'d',high
34.749107837677,key_press,'h',high
34.82962656021118,key_press,'u',high
34.98925232887268,key_press,'h',high
35.00512957572937,key_press,'u',high
35.330838203430176,key_press,Key.space,high
36.43316650390625,key_press,'n',high
36.559367418289185,key_press,'a',high
36.67811322212219,key_press,'k',high
36.979825496673584,key_press,'u',high
37.20832633972168,key_press,Key.space,high
37.65729379653931,key_press,'o',high
37.87906312942505,key_press,'k',high
38.09125256538391,key_press,'a',high
38.23672366142273,key_press,Key.space,high
38.41214632987976,key_press,'m',high
38.51663088798523,key_press,'a',high
38.67393755912781,key_press,'n',high
38.99431800842285,key_press,'c',high
39.1887469291687,key_press,'h',high
39.27102756500244,key_press,'i',high
39.51784038543701,key_press,Key.space,high
39.84372138977051,key_press,'f',high
40.019014835357666,key_press,'r',high
40.24948573112488,key_press,'i',high
40.830681562423706,key_press,'e',high
41.12488532066345,key_press,'n',high
41.29938840866089,key_press,'d',high
41.62762093544006,key_press,'s',high
41.88369560241699,key_press,'a',high
42.567766427993774,key_press,Key.backspace,high
42.73837637901306,key_press,Key.backspace,high
43.08245038986206,key_press,'s',high
43.5827100276947,key_press,Key.space,high
44.33729434013367,key_press,'a',high
44.72445321083069,key_press,'y',high
44.924832344055176,key_press,'a',high
46.92519998550415,key_press,'u',high
47.1526575088501,key_press,Key.space,high
51.92923903465271,key_press,'e',high
52.246426582336426,key_press,'m',high
52.279191732406616,key_press,'f',high
52.393160581588745,key_press,'o',high
52.6348602771759,key_press,Key.space,high
52.848692178726196,key_press,'c',high
53.243037700653076,key_press,'h',high
53.433576583862305,key_press,'u',high
53.63435912132263,key_press,'d',high
53.74416995048523,key_press,'a',high
53.98396944999695,key_press,'l',high
54.20645523071289,key_press,'i',high
54.406875133514404,key_press,Key.space,high
55.20885920524597,key_press,'n',high
55.351174116134644,key_press,'a',high
55.52393293380737,key_press,Key.space,high
56.19097876548767,key_press,'p',high
56.564239263534546,key_press,'o',high
57.02038073539734,key_press,'j',high
57.14480185508728,key_press,'e',high
57.390198707580566,key_press,'c',high
57.61196565628052,key_press,'t',high
57.77293276786804,key_press,Key.space,high
58.13311266899109,key_press,'g',high
58.42579174041748,key_press,'r',high
58.5879967212677,key_press,'o',high
58.81511664390564,key_press,'u',high
58.96120238304138,key_press,'p',high
59.46674394607544,key_press,Key.space,high
60.33075404167175,key_press,'l',high
60.52333855628967,key_press,'o',high
61.122702836990356,key_press,Key.space,high
64.42371940612793,key_press,Key.backspace,high
64.63530421257019,key_press,Key.backspace,high
64.83132147789001,key_press,Key.backspace,high
65.35622525215149,key_press,'e',high
65.52396941184998,key_press,'m',high
65.70146012306213,key_press,Key.space,high
65.9372398853302,key_press,'a',high
66.26077556610107,key_press,'y',high
66.40571069717407,key_press,'o',high
66.65782952308655,key_press,'n',high
66.9241235256195,key_press,'a',high
67.10350227355957,key_press,Key.space,high
67.36001300811768,key_press,'n',high
70.37580513954163,key_press,'v',high
70.6059467792511,key_press,'h',high
70.70296001434326,key_press,'a',high
70.89828562736511,key_press,'n',high
71.18237018585205,key_press,'f',high
71.44857668876648,key_press,'g',high
71.59476399421692,key_press,'r',high
71.82030630111694,key_press,'s',high
72.06570196151733,key_press,Key.space,high
72.86273264884949,key_press,'r',high
72.92661690711975,key_press,'a',high
73.19594764709473,key_press,'v',high
73.31490802764893,key_press,'a',high
73.55785202980042,key_press,'c',high
73.73978352546692,key_press,'h',high
73.91307473182678,key_press,'u',high
74.1567394733429,key_press,Key.space,high
75.1343469619751,key_press,'e',high
75.43383884429932,key_press,'k',high
75.74194431304932,key_press,'o',high
75.97173619270325,key_press,Key.space,high
76.57544302940369,key_press,'a',high
77.14076924324036,key_press,'=',high
77.15685772895813,key_press,Key.backspace,high
77.3712306022644,key_press,Key.backspace,high
77.55010056495667,key_press,Key.backspace,high
78.1918375492096,key_press,'e',high
78.482093334198,key_press,'n',high
78.51718425750732,key_press,'n',high
78.75908493995667,key_press,'d',high
79.19513392448425,key_press,'h',high
79.32541131973267,key_press,'u',high
79.60531234741211,key_press,'k',high
79.79199314117432,key_press,'u',high
80.021981716156,key_press,Key.space,high
80.30697631835938,key_press,'a',high
80.48468089103699,key_press,'n',high
80.63348531723022,key_press,'r',high
80.84209752082825,key_press,'r',high
80.8931872844696,key_press,'t',high
81.16286897659302,key_press,Key.space,high
81.3609824180603,key_press,'n',high
81.4929301738739,key_press,'a',high
81.61930441856384,key_press,Key.space,high
85.55049657821655,key_press,'m',high
85.68087697029114,key_press,'a',high
86.00516152381897,key_press,'d',high
86.16344046592712,key_press,'h',high
86.27699542045593,key_press,'u',high
86.4882960319519,key_press,Key.space,high
86.76594161987305,key_press,'v',high
86.83435940742493,key_press,'a',high
87.1216721534729,key_press,'l',high
87.26941680908203,key_press,'l',high
87.3828330039978,key_press,'a',high
87.59125685691833,key_press,Key.space,high
87.8064956665039,key_press,'n',high
87.91225051879883,key_press,'a',high
88.05788588523865,key_press,Key.space,high
89.90793204307556,key_press,'a',high
90.29348373413086,key_press,'f',high
90.49314713478088,key_press,Key.backspace,high
90.6855161190033,key_press,'d',high
90.82762384414673,key_press,'a',high
91.06896758079529,key_press,'n',high
91.41004967689514,key_press,'t',high
91.55545473098755,key_press,'l',high
91.73374247550964,key_press,'o',high
91.9605598449707,key_press,Key.space,high
92.66782236099243,key_press,'p',high
92.80944085121155,key_press,'o',high
92.95657634735107,key_press,'s',high
93.14793300628662,key_press,'i',high
93.39159536361694,key_press,'t',high
93.55687308311462,key_press,'i',high
93.59946584701538,key_press,'o',high
93.81311321258545,key_press,'n',high
93.96062183380127,key_press,Key.space,high
94.98921918869019,key_press,'9',high
95.13485598564148,key_press,'9',high
96.75789165496826,key_press,'p',high
96.9502010345459,key_press,'e',high
97.0640618801117,key_press,'r',high
97.38601994514465,key_press,'c',high
97.58037948608398,key_press,'e',high
97.71304225921631,key_press,'n',high
97.80478811264038,key_press,'t',high
97.96872544288635,key_press,Key.space,high
99.60821723937988,key_press,'p',high
99.8063280582428,key_press,'o',high
100.31983208656311,key_press,'d',high
100.51693534851074,key_press,'h',high
100.6564371585846,key_press,'u',high
100.85063767433167,key_press,Key.space,high
102.25842237472534,key_press,'c',high
102.49645471572876,key_press,'h',high
102.8060564994812,key_press,'u',high
103.74698376655579,key_press,'d',high
103.91410231590271,key_press,'a',high
104.05093336105347,key_press,'l',high
104.21377229690552,key_press,'i',high
104.45748496055603,key_press,Key.space,high
108.66736197471619,key_press,'k',high
108.87139630317688,key_press,'a',high
109.08271098136902,key_press,'n',high
109.22811508178711,key_press,'i',high
109.41033673286438,key_press,Key.space,high
109.99145913124084,key_press,'n',high
110.1064441204071,key_press,'a',high
110.25267839431763,key_press,'k',high
110.46570611000061,key_press,'u',high
110.68863725662231,key_press,Key.space,high
110.93895936012268,key_press,'t',high
111.06995844841003,key_press,'e',high
111.21499419212341,key_press,'l',high
111.3422589302063,key_press,'s',high
111.61888384819031,key_press,'u',high
112.5059826374054,key_press,Key.space,high
112.80361747741699,key_press,'o',high
112.91703867912292,key_press,'a',high
113.13435792922974,key_press,'p',high
113.70548939704895,key_press,'k',high
113.84537816047668,key_press,'a',high
114.00952696800232,key_press,'k',high
114.16776609420776,key_press,'k',high
114.40795373916626,key_press,Key.space,high
115.77479910850525,key_press,'n',high
116.08609914779663,key_press,'n',high
116.31354928016663,key_press,'u',high
116.54109978675842,key_press,Key.space,high
117.20234560966492,key_press,'k',high
117.28161859512329,key_press,'a',high
117.49255895614624,key_press,'d',high
117.65307831764221,key_press,'h',high
118.05066347122192,key_press,'u',high
118.23536372184753,key_press,Key.space,high
118.35054397583008,key_press,'a',high
118.48530840873718,key_press,'n',high
118.58974862098694,key_press,'i',high
118.75142574310303,key_press,Key.space,high
123.25674080848694,key_press,'c',high
123.55013656616211,key_press,'u',high
124.3406331539154,key_press,'d',high
124.51946711540222,key_press,'a',high
124.76631379127502,key_press,'l',high
124.95582222938538,key_press,'i',high
125.16438913345337,key_press,Key.space,high
125.34835410118103,key_press,'a',high
125.5210657119751,key_press,'a',high
125.79765796661377,key_press,Key.space,high
126.09525346755981,key_press,'d',high
126.25824904441833,key_press,'e',high
126.59752345085144,key_press,'v',high
126.80994081497192,key_press,'u',high
127.06508183479309,key_press,'s',high
127.43523526191711,key_press,'h',high
127.55746126174927,key_press,'u',high
127.76079893112183,key_press,Key.space,high
128.04800486564636,key_press,'n',high
128.16269874572754,key_press,'a',high
128.33966612815857,key_press,Key.space,high
128.98621249198914,key_press,'j',high
129.16658926010132,key_press,'e',high
129.53797054290771,key_press,'v',high
129.7480616569519,key_press,'i',high
129.93478178977966,key_press,'t',high
130.10325288772583,key_press,'h',high
130.13613963127136,key_press,'a',high
130.39715147018433,key_press,'m',high
130.5877661705017,key_press,Key.space,high
130.8344657421112,key_press,'l',high
131.07910299301147,key_press,'o',high
131.2887749671936,key_press,Key.space,high
132.0058994293213,key_press,'e',high
132.20676469802856,key_press,'m',high
132.36593317985535,key_press,Key.space,high
133.40338492393494,key_press,'r',high
133.54301261901855,key_press,'a',high
134.14188075065613,key_press,'s',high
134.33787059783936,key_press,'a',high
135.05482149124146,key_press,Key.backspace,high
135.30834698677063,key_press,'i',high
135.34000420570374,key_press,'i',high
135.50685787200928,key_press,'p',high
136.07052779197693,key_press,'e',high
136.45671129226685,key_press,'t',high
136.63394570350647,key_press,'t',high
136.82884860038757,key_press,'o',high
137.02438235282898,key_press,'f',high
137.18363332748413,key_press,'h',high
137.5183846950531,key_press,'o',high
137.76666951179504,key_press,Key.space,high
140.2660686969757,key_press,'i',high
140.44380450248718,key_press,'n',high
140.60249733924866,key_press,'k',high
140.76642656326294,key_press,'a',high
140.94820857048035,key_press,Key.space,high
144.3248679637909,key_press,'a',high
144.55991435050964,key_press,'n',high
144.74446535110474,key_press,'t',high
144.9250922203064,key_press,'e',high
145.12148332595825,key_press,Key.space,high
145.81122756004333,key_press,'e',high
146.08881187438965,key_press,'v',high
146.1875319480896,key_press,'a',high
146.41048789024353,key_press,'l',high
146.62242007255554,key_press,'a',high
147.28247237205505,key_press,Key.backspace,high
147.4615662097931,key_press,Key.backspace,high
147.62496495246887,key_press,Key.backspace,high
147.79755330085754,key_press,Key.backspace,high
147.94984531402588,key_press,Key.backspace,high
148.08439660072327,key_press,Key.backspace,high
150.34527325630188,key_press,'i',high
151.04003238677979,key_press,'n',high
151.26529455184937,key_press,'i',high
151.41152334213257,key_press,'i',high
151.605397939682,key_press,'k',high
151.76766991615295,key_press,'i',high
152.00582361221313,key_press,Key.space,high
152.60719227790833,key_press,Key.ctrl_l,high
153.33402490615845,key_press,'\x03',high
2.6318650245666504,key_press,'e',high
2.879321813583374,key_press,'m',high
3.054755449295044,key_press,'o',high
3.7336883544921875,key_press,Key.space,high
3.888740301132202,key_press,'n',high
4.002291440963745,key_press,'a',high
4.10028600692749,key_press,Key.space,high
5.357131242752075,key_press,'p',high
5.632965564727783,key_press,'r',high
5.859025239944458,key_press,'o',high
6.508737564086914,key_press,'j',high
6.601968288421631,key_press,'e',high
6.8164284229278564,key_press,'d',high
7.134416103363037,key_press,'t',high
7.26214861869812,key_press,'s',high
7.42491340637207,key_press,Key.space,high
7.689002513885498,key_press,'a',high
7.850496768951416,key_press,'n',high
7.982066869735718,key_press,'n',high
8.09894323348999,key_press,'i',high
8.287946224212646,key_press,Key.space,high
10.791492938995361,key_press,'b',high
10.833744764328003,key_press,'a',high
11.053714275360107,key_press,'f',high
11.202994585037231,key_press,'a',high
11.685764789581299,key_press,Key.space,high
12.45070743560791,key_press,'a',high
12.710986614227295,key_press,'v',high
12.985068559646606,key_press,'a',high
13.781288623809814,key_press,Key.backspace,high
13.956080913543701,key_press,Key.backspace,high
14.120124340057373,key_press,Key.backspace,high
14.266862869262695,key_press,'a',high
14.471949100494385,key_press,'v',high
14.941541910171509,key_press,'v',high
15.186367750167847,key_press,'a',high
15.399208784103394,key_press,'l',high
15.58948826789856,key_press,'i',high
15.786795616149902,key_press,Key.space,high
20.633917093276978,key_press,'a',high
20.797946453094482,key_press,'n',high
20.99280619621277,key_press,'u',high
21.199872732162476,key_press,'k',high
21.39781427383423,key_press,'u',high
21.59079146385193,key_press,'n',high
21.865827083587646,key_press,'t',high
22.0454523563385,key_press,'u',high
22.207781076431274,key_press,'n',high
22.32402205467224,key_press,'a',high
22.46809434890747,key_press,Key.space,high
22.87009596824646,key_press,'v',high
23.13510227203369,key_press,'h',high
23.281182527542114,key_press,'u',high
23.57235074043274,key_press,'d',high
23.703392505645752,key_press,'a',high
23.88214349746704,key_press,'l',high
24.06232237815857,key_press,'i',high
24.283754110336304,key_press,Key.space,high
24.810584783554077,key_press,'i',high
24.95763325691223,key_press,'n',high
25.13460683822632,key_press,'k',high
25.313565492630005,key_press,'a',high
25.50597643852234,key_press,Key.space,high
26.515591382980347,key_press,'e',high
26.725646257400513,key_press,'m',high
26.8891179561615,key_press,'a',high
27.099129676818848,key_press,Key.space,high
27.59955930709839,key_press,Key.backspace,high
27.76496458053589,key_press,Key.backspace,high
27.8952214717865,key_press,Key.backspace,high
28.121015071868896,key_press,'e',high
28.310097455978394,key_press,'m',high
28.489522457122803,key_press,Key.space,high
28.840560913085938,key_press,'a',high
29.097642183303833,key_press,'v',high
29.497808694839478,key_press,'u',high
30.0204861164093,key_press,'t',high
30.21433973312378,key_press,'h',high
30.383930206298828,key_press,'o',high
30.76581883430481,key_press,'d',high
30.910908699035645,key_press,'h',high
31.085814952850342,key_press,'o',high
31.464072704315186,key_press,Key.backspace,high
31.607254028320312,key_press,Key.backspace,high
31.74997329711914,key_press,Key.backspace,high
32.412752866744995,key_press,'a',high
32.63072681427002,key_press,'v',high
32.984484910964966,key_press,'u',high
33.262027978897095,key_press,'t',high
33.38531708717346,key_press,'h',high
33.54729676246643,key_press,'i',high
33.8753399848938,key_press,'d',high
34.181337118148804,key_press,'o',high
34.42377853393555,key_press,Key.space,high
39.16809630393982,key_press,'i',high
39.34444069862366,key_press,'n',high
39.49083065986633,key_press,'k',high
39.61972236633301,key_press,'a',high
39.784674644470215,key_press,Key.space,high
40.05840802192688,key_press,'a',high
40.30318760871887,key_press,'i',high
40.49555516242981,key_press,'m',high
40.62616515159607,key_press,'l',high
40.855072021484375,key_press,Key.space,high
41.06120824813843,key_press,'a',high
41.8383252620697,key_press,'e',high
42.22868800163269,key_press,'v',high
42.32685685157776,key_press,'a',high
42.523897886276245,key_press,'l',high
42.71400213241577,key_press,'i',high
42.97187161445618,key_press,'d',high
43.991522789001465,key_press,'y',high
44.219247817993164,key_press,Key.space,high
44.40059518814087,key_press,'k',high
44.62860059738159,key_press,'u',high
45.00049042701721,key_press,'d',high
45.244933128356934,key_press,'a',high
45.408748626708984,key_press,Key.space,high
47.62468647956848,key_press,'t',high
47.853572607040405,key_press,'a',high
48.01591348648071,key_press,'k',high
48.29336643218994,key_press,'u',high
48.64398002624512,key_press,'u',high
48.807268381118774,key_press,'v',high
48.88838195800781,key_press,'a',high
49.066986322402954,key_press,'a',high
49.375283002853394,key_press,Key.space,high
49.405423164367676,key_press,Key.space,high
49.99854779243469,key_press,'e',high
50.207754135131836,key_press,'w',high
50.437233209609985,key_press,Key.space,high
51.062623262405396,key_press,'v',high
51.32337307929993,key_press,'u',high
51.518903493881226,key_press,'n',high
51.70991039276123,key_press,'d',high
51.82412910461426,key_press,'i',high
52.015565633773804,key_press,Key.space,high
53.79793381690979,key_press,Key.backspace,high
53.945658922195435,key_press,Key.backspace,high
54.129905700683594,key_press,Key.backspace,high
54.299803256988525,key_press,Key.backspace,high
54.46402359008789,key_press,Key.backspace,high
54.578633308410645,key_press,Key.backspace,high
55.29979228973389,key_press,'k',high
55.41043210029602,key_press,'a',high
55.53676199913025,key_press,'n',high
55.681082248687744,key_press,'i',high
55.864447355270386,key_press,Key.space,high
56.235931634902954,key_press,'n',high
56.43882179260254,key_press,'e',high
56.691213846206665,key_press,'x',high
56.95610451698303,key_press,'t',high
57.11452627182007,key_press,Key.space,high
57.28219127655029,key_press,'t',high
57.39384078979492,key_press,'i',high
57.653181314468384,key_press,'m',high
57.8398916721344,key_press,'e',high
57.96743369102478,key_press,Key.space,high
60.80800819396973,key_press,'p',high
60.95631170272827,key_press,'a',high
61.13281559944153,key_press,'k',high
61.26534819602966,key_press,'k',high
61.45920205116272,key_press,'a',high
61.590829610824585,key_press,Key.space,high
61.88901090621948,key_press,'c',high
62.11728811264038,key_press,'h',high
62.22956681251526,key_press,'u',high
62.42770266532898,key_press,'s',high
62.62346649169922,key_press,'u',high
62.96006989479065,key_press,'k',high
63.10663151741028,key_press,'o',high
63.4808669090271,key_press,'v',high
63.542073488235474,key_press,'a',high
63.720685720443726,key_press,'l',high
63.89319705963135,key_press,'i',high
64.12232828140259,key_press,Key.space,high
69.6553750038147,key_press,'a',high
69.85068106651306,key_press,'n',high
69.98315167427063,key_press,'i',high
70.15564036369324,key_press,Key.space,high
70.50387835502625,key_press,'a',high
70.6829023361206,key_press,'n',high
70.84303522109985,key_press,'u',high
71.1022436618805,key_press,'k',high
71.26152157783508,key_press,'u',high
71.42425179481506,key_press,'n',high
71.71875429153442,key_press,'t',high
72.20323395729065,key_press,'h',high
72.32948446273804,key_press,'u',high
72.4942979812622,key_press,'n',high
72.59276509284973,key_press,'a',high
72.72336745262146,key_press,Key.space,high
73.29828882217407,key_press,Key.backspace,high
73.4685161113739,key_press,Key.backspace,high
73.62552785873413,key_press,Key.backspace,high
73.8154628276825,key_press,Key.backspace,high
73.98124480247498,key_press,Key.backspace,high
74.18233704566956,key_press,Key.backspace,high
74.30652403831482,key_press,Key.backspace,high
74.57765603065491,key_press,'a',high
74.74104142189026,key_press,'n',high
74.85811448097229,key_press,'i',high
75.04776215553284,key_press,Key.space,high
75.44018268585205,key_press,'a',high
75.60627388954163,key_press,'p',high
75.99132418632507,key_press,'k',high
76.1423454284668,key_press,'k',high
76.26698422431946,key_press,'a',high
76.43296813964844,key_press,Key.space,high
76.76537919044495,key_press,'a',high
76.9562771320343,key_press,'v',high
77.2478415966034,key_press,'v',high
77.53054714202881,key_press,'a',high
77.7210967540741,key_press,'l',high
77.89623594284058,key_press,'i',high
78.12389850616455,key_press,Key.space,high
79.0178325176239,key_press,'i',high
79.21478271484375,key_press,Key.space,high
79.38669228553772,key_press,'p',high
79.71179175376892,key_press,'r',high
79.84775900840759,key_press,'o',high
80.16445112228394,key_press,'v',high
80.35741257667542,key_press,'e',high
80.6819269657135,key_press,'m',high
80.78068447113037,key_press,'e',high
80.92427182197571,key_press,'n',high
81.1025779247284,key_press,'t',high
81.21658658981323,key_press,Key.space,high
91.22692942619324,mouse_move,"""1157,1103""",high
91.23210978507996,mouse_move,"""1158,1104""",high
91.23956489562988,mouse_move,"""1159,1106""",high
91.2462100982666,mouse_move,"""1160,1107""",high
91.25339841842651,mouse_move,"""1161,1109""",high
91.26079106330872,mouse_move,"""1161,1109""",high
91.26783466339111,mouse_move,"""1161,1111""",high
91.27520966529846,mouse_move,"""1162,1112""",high
91.2821683883667,mouse_move,"""1162,1112""",high
91.28938293457031,mouse_move,"""1163,1114""",high
91.29441785812378,mouse_move,"""1163,1115""",high
91.29441785812378,mouse_move,"""1163,1115""",high
91.30937623977661,mouse_move,"""1163,1116""",high
91.30937623977661,mouse_move,"""1163,1118""",high
91.32501792907715,mouse_move,"""1163,1118""",high
91.32653665542603,mouse_move,"""1163,1119""",high
91.34286522865295,mouse_move,"""1163,1120""",high
91.35938549041748,mouse_move,"""1163,1120""",high
91.37527060508728,mouse_move,"""1163,1121""",high
91.37589931488037,mouse_move,"""1164,1121""",high
91.37589931488037,mouse_move,"""1164,1122""",high
91.39269042015076,mouse_move,"""1164,1123""",high
91.40950632095337,mouse_move,"""1164,1124""",high
91.40950632095337,mouse_move,"""1165,1124""",high
91.4251754283905,mouse_move,"""1166,1126""",high
91.42618799209595,mouse_move,"""1166,1126""",high
91.44272041320801,mouse_move,"""1166,1126""",high
91.44272041320801,mouse_move,"""1167,1127""",high
91.46395707130432,mouse_move,"""1168,1127""",high
91.47708082199097,mouse_move,"""1168,1127""",high
91.50925183296204,mouse_move,"""1169,1128""",high
91.50925183296204,mouse_move,"""1170,1128""",high
91.52648830413818,mouse_move,"""1170,1128""",high
91.52648830413818,key_press,'l',high
91.62464833259583,key_press,'e',high
91.76006531715393,key_press,'d',high
91.91010236740112,key_press,'h',high
92.07944583892822,key_press,Key.space,high
92.17685031890869,key_press,'a',high
92.32257866859436,key_press,'n',high
92.46710133552551,key_press,'t',high
92.61246371269226,key_press,'e',high
92.7241199016571,key_press,Key.space,high
94.1733148097992,key_press,'l',high
94.25575137138367,key_press,'a',high
94.5463855266571,key_press,'s',high
94.60708689689636,key_press,'k',high
94.77010154724121,key_press,'t',high
94.89732909202576,key_press,'a',high
95.04783582687378,key_press,'m',high
95.20412254333496,key_press,Key.space,high
95.86513543128967,mouse_move,"""1170,1128""",high
95.86513543128967,mouse_move,"""1170,1127""",high
95.89015412330627,mouse_move,"""1170,1127""",high
96.0917398929596,key_press,'r',high
96.22183728218079,key_press,'a',high
96.3968620300293,key_press,Key.space,high
96.99884724617004,mouse_move,"""1171,1127""",high
97.01457929611206,mouse_move,"""1171,1127""",high
97.01457929611206,mouse_move,"""1172,1127""",high
97.04857420921326,mouse_move,"""1173,1127""",high
97.05550599098206,mouse_move,"""1174,1127""",high
97.06247210502625,mouse_move,"""1175,1127""",high
97.06939435005188,mouse_move,"""1176,1127""",high
97.07739472389221,mouse_move,"""1176,1127""",high
97.09110379219055,mouse_move,"""1177,1128""",high
97.09773564338684,mouse_move,"""1189,1128""",high
97.10473895072937,mouse_move,"""1199,1128""",high
97.10880613327026,key_press,'c',high
97.51837944984436,key_press,'g',high
97.69428586959839,key_press,'a',high
97.8090386390686,key_press,'p',high
97.94005179405212,key_press,'a',high
98.13888144493103,key_press,Key.space,high
103.3822135925293,key_press,'e',high
103.52606701850891,key_press,'m',high
103.64678645133972,key_press,'o',high
103.80305790901184,key_press,Key.space,high
103.9908561706543,key_press,'i',high
104.13787961006165,key_press,'n',high
104.30035853385925,key_press,'k',high
104.31668782234192,key_press,'a',high
104.50875544548035,key_press,'a',high
104.55793285369873,key_press,Key.space,high
105.08643555641174,key_press,'c',high
105.21241974830627,key_press,'h',high
105.293372631073,key_press,'u',high
106.49193167686462,mouse_move,"""1198,1130""",high
106.49976348876953,mouse_move,"""1195,1131""",high
107.96342134475708,key_press,'a',high
108.5267686843872,key_press,Key.backspace,high
108.68634939193726,key_press,'d',high
108.85157656669617,key_press,'a',high
109.00951743125916,key_press,'l',high
109.26851630210876,key_press,'i',high
109.5166699886322,key_press,Key.space,high
132.46851468086243,key_press,'h',high
132.8448348045349,key_press,'m',high
132.98590850830078,key_press,'m',high
133.11644411087036,key_press,Key.space,high
133.28336644172668,key_press,'a',high
133.39732694625854,key_press,'n',high
133.9209268093109,key_press,'t',high
134.0840950012207,key_press,'e',high
134.23361372947693,key_press,Key.space,high
134.4052495956421,key_press,'l',high
134.58538389205933,key_press,'e',high
134.65041399002075,key_press,Key.space,high
135.21634435653687,key_press,'i',high
135.3570578098297,key_press,'n',high
135.40824174880981,key_press,'n',high
135.55082178115845,key_press,'k',high
135.76066279411316,key_press,'a',high
135.92322850227356,key_press,Key.space,high
137.88795614242554,key_press,'e',high
138.0997052192688,key_press,'v',high
138.19505381584167,key_press,'a',high
138.35986042022705,key_press,'l',high
138.55280232429504,key_press,'i',high
140.18366146087646,key_press,'t',high
140.29836320877075,key_press,'i',high
140.4776258468628,key_press,'k',high
140.62252926826477,key_press,'i',high
140.84934043884277,key_press,Key.space,high
141.51862788200378,key_press,Key.ctrl_l,high
141.79260087013245,key_press,'\x03',high
2.760960578918457,key_press,'h',high
2.946964740753174,key_press,'u',high
3.1754300594329834,key_press,Key.space,high
3.7748429775238037,key_press,'r',high
3.9080612659454346,key_press,'a',high
4.079107999801636,key_press,Key.space,high
4.966423511505127,key_press,'e',high
5.174336671829224,key_press,'l',high
5.321646690368652,key_press,'a',high
5.504904508590698,key_press,Key.space,high
5.751524925231934,key_press,'v',high
5.951758861541748,key_press,'u',high
6.14261531829834,key_press,'n',high
6.194157600402832,key_press,'a',high
6.432275056838989,key_press,'v',high
6.614673137664795,key_press,Key.space,high
7.857654333114624,key_press,'b',high
7.874181270599365,key_press,'b',high
7.938095331192017,key_press,'a',high
8.14945936203003,key_press,'g',high
8.313639163970947,key_press,'u',high
8.576171159744263,key_press,'n',high
8.7016282081604,key_press,'n',high
8.782785892486572,key_press,'a',high
8.91178035736084,key_press,'v',high
9.042824506759644,key_press,'a',high
9.16945481300354,key_press,Key.space,high
10.592580080032349,mouse_move,"""734,889""",high
10.608019351959229,mouse_move,"""731,889""",high
10.609294176101685,mouse_move,"""729,889""",high
10.622156620025635,mouse_move,"""725,889""",high
10.629274129867554,mouse_move,"""722,889""",high
10.635785818099976,mouse_move,"""719,889""",high
10.643783807754517,mouse_move,"""717,889""",high
10.651195764541626,mouse_move,"""714,889""",high
10.657901287078857,mouse_move,"""711,889""",high
11.98397421836853,key_press,'i',high
12.150277853012085,key_press,'n',high
12.344958543777466,key_press,'k',high
12.548588037490845,key_press,'a',high
12.708165884017944,key_press,Key.space,high
13.13262128829956,key_press,'e',high
13.304775476455688,key_press,'n',high
13.465611457824707,key_press,'t',high
13.612863540649414,key_press,'i',high
13.633505582809448,key_press,'o',high
13.790168523788452,key_press,Key.space,high
14.438562870025635,key_press,'s',high
14.667775869369507,key_press,'a',high
14.84224534034729,key_press,'n',high
15.099879503250122,key_press,'g',high
15.19581651687622,key_press,'a',high
15.426053047180176,key_press,'t',high
16.0433828830719,key_press,'h',high
16.18584632873535,key_press,'i',high
16.49457359313965,key_press,'l',high
16.6873300075531,key_press,'u',high
16.88329315185547,key_press,Key.space,high
18.77434015274048,key_press,Key.backspace,high
18.936872243881226,key_press,Key.backspace,high
19.052266836166382,key_press,Key.backspace,high
19.191347122192383,key_press,Key.backspace,high
19.32247018814087,key_press,Key.backspace,high
19.469537019729614,key_press,Key.backspace,high
20.29083228111267,mouse_move,"""711,889""",high
20.306540489196777,mouse_move,"""710,889""",high
20.306540489196777,mouse_move,"""709,889""",high
20.32683777809143,mouse_move,"""709,889""",high
20.33456063270569,mouse_move,"""708,889""",high
20.355562686920166,mouse_move,"""707,888""",high
20.36982297897339,mouse_move,"""706,888""",high
20.376665353775024,mouse_move,"""706,888""",high
20.391485929489136,mouse_move,"""705,888""",high
20.398486375808716,mouse_move,"""704,887""",high
20.40614914894104,mouse_move,"""704,887""",high
20.420323133468628,mouse_move,"""703,887""",high
20.427129983901978,mouse_move,"""702,887""",high
20.44143557548523,mouse_move,"""702,887""",high
20.448440313339233,mouse_move,"""702,887""",high
20.463099718093872,mouse_move,"""701,887""",high
20.470198392868042,mouse_move,"""700,886""",high
20.484042167663574,mouse_move,"""699,886""",high
20.51628565788269,mouse_move,"""699,885""",high
20.51628565788269,mouse_move,"""699,884""",high
20.533357858657837,mouse_move,"""699,884""",high
20.54065775871277,mouse_move,"""700,884""",high
20.548598289489746,mouse_move,"""701,884""",high
20.553395986557007,key_press,'c',high
20.75275945663452,key_press,'h',high
20.965964794158936,key_press,'e',high
21.346914291381836,key_press,'p',high
21.477121829986572,key_press,'p',high
21.656240701675415,key_press,'l',high
21.80043935775757,key_press,'a',high
21.962857484817505,key_press,'i',high
22.625109434127808,key_press,'r',high
22.76174306869507,key_press,'a',high
22.966794967651367,key_press,Key.space,high
24.34564995765686,key_press,'a',high
25.176241397857666,key_press,Key.backspace,high
25.31915783882141,key_press,'e',high
25.450214862823486,key_press,'l',high
25.547632455825806,key_press,'a',high
25.738624334335327,key_press,Key.space,high
26.023212909698486,key_press,'v',high
26.211654663085938,key_press,'i',high
26.388752937316895,key_press,'n',high
26.503756046295166,key_press,'a',high
26.714345455169678,key_press,'v',high
26.875699043273926,key_press,Key.space,high
27.309953451156616,key_press,'r',high
27.556573629379272,key_press,'u',high
27.767568349838257,key_press,Key.space,high
28.36060619354248,mouse_move,"""701,884""",high
28.36060619354248,mouse_move,"""700,883""",high
28.442566871643066,mouse_move,"""700,883""",high
28.442566871643066,mouse_move,"""701,883""",high
28.47502613067627,mouse_move,"""702,883""",high
28.482468843460083,mouse_move,"""703,883""",high
28.489655017852783,mouse_move,"""704,883""",high
28.496607065200806,mouse_move,"""706,883""",high
28.503923416137695,mouse_move,"""707,883""",high
28.51047444343567,mouse_move,"""709,884""",high
28.517356872558594,mouse_move,"""713,885""",high
28.525068283081055,mouse_move,"""716,886""",high
28.532313346862793,mouse_move,"""719,888""",high
28.53894281387329,mouse_move,"""724,890""",high
28.545401334762573,key_press,'r',high
28.646287441253662,key_press,'a',high
28.79113507270813,key_press,Key.space,high
30.288557052612305,key_press,'a',high
30.529691696166992,key_press,'n',high
30.95919108390808,key_press,'d',high
31.100460290908813,key_press,'h',high
31.239744186401367,key_press,'a',high
31.58199977874756,key_press,'r',high
31.82199454307556,key_press,'u',high
32.03715682029724,key_press,Key.space,high
32.6067955493927,mouse_move,"""726,890""",high
32.612799406051636,mouse_move,"""726,891""",high
32.62041449546814,mouse_move,"""728,891""",high
32.62698554992676,mouse_move,"""728,892""",high
32.63415884971619,mouse_move,"""729,892""",high
32.64138746261597,mouse_move,"""730,892""",high
32.64839243888855,mouse_move,"""730,893""",high
32.6549608707428,mouse_move,"""731,893""",high
32.67016243934631,mouse_move,"""731,893""",high
32.677164793014526,mouse_move,"""732,894""",high
32.68373513221741,mouse_move,"""733,894""",high
32.690345764160156,mouse_move,"""733,894""",high
32.69835019111633,mouse_move,"""734,895""",high
32.70541596412659,mouse_move,"""735,895""",high
32.711649894714355,mouse_move,"""736,896""",high
32.71816086769104,mouse_move,"""736,896""",high
32.72594094276428,mouse_move,"""737,897""",high
32.73940086364746,mouse_move,"""738,897""",high
32.747013330459595,mouse_move,"""739,898""",high
32.7541778087616,mouse_move,"""741,898""",high
32.76079201698303,mouse_move,"""744,899""",high
32.768526792526245,mouse_move,"""746,900""",high
32.77534794807434,mouse_move,"""749,901""",high
32.78251361846924,mouse_move,"""750,901""",high
32.789395570755005,mouse_move,"""750,901""",high
32.79639482498169,mouse_move,"""751,901""",high
32.80388116836548,mouse_move,"""753,902""",high
32.81118416786194,mouse_move,"""754,902""",high
32.81745409965515,mouse_move,"""756,902""",high
32.82494521141052,mouse_move,"""758,902""",high
32.83137321472168,mouse_move,"""760,903""",high
32.838584423065186,mouse_move,"""762,903""",high
32.84595274925232,mouse_move,"""763,903""",high
32.853166341781616,mouse_move,"""763,904""",high
32.85972619056702,mouse_move,"""765,904""",high
32.86708974838257,mouse_move,"""765,904""",high
32.873945236206055,mouse_move,"""766,904""",high
32.8883318901062,mouse_move,"""767,904""",high
32.89508056640625,mouse_move,"""768,904""",high
32.923534631729126,mouse_move,"""768,904""",high
33.05938005447388,mouse_move,"""768,904""",high
33.065295457839966,key_press,'b',high
33.18469977378845,key_press,'a',high
33.41978478431702,key_press,'g',high
33.62239146232605,key_press,'u',high
33.84717869758606,key_press,'n',high
33.975300788879395,key_press,'n',high
34.12061047554016,key_press,'a',high
34.26706314086914,key_press,'t',high
34.39414024353027,key_press,'a',high
34.54235291481018,key_press,Key.space,high
41.30551838874817,key_press,'f',high
41.547823429107666,key_press,'r',high
41.71017670631409,key_press,'i',high
42.00540471076965,key_press,'e',high
42.14571952819824,key_press,'n',high
42.27554965019226,key_press,'d',high
42.43734121322632,key_press,'s',high
42.649298906326294,key_press,Key.space,high
42.96355438232422,key_press,'a',high
43.17445969581604,key_press,'y',high
43.36652994155884,key_press,'y',high
43.561405181884766,key_press,'a',high
43.868948459625244,key_press,'r',high
43.99638652801514,key_press,'q',high
44.142624378204346,key_press,Key.space,high
50.65733098983765,key_press,'a',high
51.04010987281799,key_press,'k',high
51.176517486572266,key_press,'k',high
51.27346849441528,key_press,'a',high
51.48467016220093,key_press,Key.space,high
51.87034296989441,key_press,'b',high
51.98206973075867,key_press,'a',high
52.20084881782532,key_press,'g',high
52.35707640647888,key_press,'u',high
52.53742742538452,key_press,'n',high
52.68025231361389,key_press,'n',high
52.7188401222229,key_press,'a',high
52.96140956878662,key_press,'r',high
53.120999336242676,key_press,'a',high
53.26328921318054,key_press,Key.space,high
54.66263294219971,key_press,'a',high
54.85868716239929,key_press,'n',high
55.26158165931702,key_press,'d',high
55.48603129386902,key_press,'h',high
55.55814480781555,key_press,'a',high
55.77968621253967,key_press,'r',high
56.02109956741333,key_press,'u',high
56.238795042037964,key_press,Key.space,high
56.464930295944214,key_press,'n',high
56.6102831363678,key_press,'i',high
56.79210186004639,key_press,Key.space,high
57.21499705314636,key_press,'n',high
57.346394538879395,key_press,'a',high
57.51953482627869,key_press,'m',high
57.61860680580139,key_press,'m',high
57.751848459243774,key_press,'a',high
58.361518144607544,key_press,'o',high
58.621663093566895,key_press,'d',high
58.81727480888367,key_press,'h',high
58.91253733634949,key_press,'u',high
59.151203632354736,key_press,Key.space,high
59.30355906486511,key_press,'r',high
59.41799306869507,key_press,'a',high
59.61166501045227,key_press,Key.space,high
63.41558241844177,key_press,'b',high
63.51254487037659,key_press,'a',high
63.69223666191101,key_press,'f',high
63.70857548713684,key_press,'g',high
64.25665473937988,key_press,Key.caps_lock,high
64.42433714866638,key_press,Key.space,high
66.76546144485474,key_press,'a',high
67.79540061950684,key_press,'l',high
68.14371514320374,key_press,'o',high
68.48979449272156,key_press,'c',high
69.10787320137024,key_press,'j',high
69.2560670375824,key_press,'i',high
69.5490243434906,key_press,'n',high
69.58467626571655,key_press,'n',high
71.42270278930664,key_press,'c',high
71.70769596099854,key_press,'h',high
71.82569861412048,key_press,'u',high
72.08849835395813,key_press,Key.space,high
73.10278415679932,key_press,'b',high
73.17887544631958,key_press,'a',high
73.39388751983643,key_press,'g',high
73.52849555015564,key_press,'a',high
73.64599204063416,key_press,Key.space,high
83.93780612945557,key_press,'i',high
84.12450575828552,key_press,'n',high
84.27598309516907,key_press,'k',high
84.46858215332031,key_press,'a',high
84.6275053024292,key_press,Key.space,high
84.83777523040771,key_press,'e',high
84.94471764564514,key_press,'n',high
85.10792422294617,key_press,'t',high
85.22766995429993,key_press,'i',high
85.44255876541138,key_press,Key.space,high
85.6271071434021,key_press,'r',high
85.78003787994385,key_press,'a',high
85.88051462173462,key_press,Key.space,high
86.19105219841003,key_press,'s',high
86.34799551963806,key_press,'a',high
86.54289150238037,key_press,'n',high
86.73200106620789,key_press,'f',high
87.18773007392883,key_press,Key.backspace,high
87.29361701011658,key_press,'g',high
87.43148422241211,key_press,'i',high
87.61344337463379,key_press,'t',high
87.82940626144409,key_press,'h',high
87.98611450195312,key_press,'u',high
88.21293306350708,key_press,'l',high
88.43315029144287,key_press,'u',high
88.64780879020691,key_press,Key.space,high
95.7317545413971,key_press,'i',high
95.87800741195679,key_press,'n',high
96.0141236782074,key_press,'k',high
96.19632816314697,key_press,'a',high
96.34698629379272,key_press,Key.space,high
96.54414558410645,key_press,'e',high
96.68309688568115,key_press,'n',high
96.78038740158081,key_press,'t',high
96.88060879707336,key_press,'o',high
97.2952938079834,key_press,'r',high
97.39986610412598,key_press,'a',high
97.49929928779602,key_press,Key.space,high
98.54200267791748,key_press,'t',high
98.64927744865417,key_press,'i',high
98.81433916091919,key_press,'n',high
98.95050358772278,key_press,'n',high
99.05126881599426,key_press,'a',high
99.18407988548279,key_press,'v',high
99.26919054985046,key_press,'a',high
99.38482594490051,key_press,Key.space,high
100.61936211585999,key_press,'e',high
100.89989829063416,key_press,'m',high
101.05680775642395,key_press,Key.space,high
101.41349768638611,key_press,'t',high
101.61768651008606,key_press,'i',high
101.77267122268677,key_press,'n',high
101.87234926223755,key_press,'n',high
101.94232392311096,key_press,'a',high
102.11145210266113,key_press,'v',high
102.20511054992676,key_press,'a',high
102.36280012130737,key_press,Key.space,high
102.8982322216034,key_press,'v',high
103.0405695438385,key_press,Key.space,high
112.35163593292236,key_press,'i',high
112.51897931098938,key_press,'n',high
112.65728902816772,key_press,'k',high
112.80368685722351,key_press,'a',high
112.92125296592712,key_press,Key.space,high
113.7228307723999,key_press,'r',high
113.824866771698,key_press,'a',high
114.02309012413025,key_press,Key.space,high
115.90324139595032,key_press,'b',high
116.00878930091858,key_press,'a',high
116.20716547966003,key_press,'g',high
116.30982255935669,key_press,'a',high
116.459543466568,key_press,Key.space,high
117.06284666061401,key_press,'c',high
117.34995436668396,key_press,'h',high
117.46044373512268,key_press,'a',high
117.823894739151,key_press,'d',high
118.06085443496704,key_press,'u',high
118.87661051750183,key_press,'v',high
119.0153751373291,key_press,'u',high
119.315176486969,key_press,'k',high
119.49344801902771,key_press,'o',high
119.69684100151062,key_press,Key.space,high
119.96297001838684,key_press,'b',high
120.04968619346619,key_press,'a',high
120.27946925163269,key_press,'g',high
120.41529297828674,key_press,'a',high
120.5986340045929,key_press,Key.space,high
120.73176097869873,key_press,'a',high
120.90106081962585,key_press,'n',high
121.03347325325012,key_press,'d',high
121.16859865188599,key_press,Key.space,high
122.22798705101013,key_press,Key.backspace,high
122.37256622314453,key_press,Key.backspace,high
122.50209045410156,key_press,Key.backspace,high
122.63581013679504,key_press,Key.backspace,high
122.77786016464233,key_press,Key.backspace,high
122.91956400871277,key_press,Key.backspace,high
123.09946489334106,key_press,Key.backspace,high
123.21435260772705,key_press,Key.backspace,high
123.34059929847717,key_press,Key.backspace,high
123.90716910362244,key_press,'b',high
123.9723448753357,key_press,'a',high
124.41552901268005,key_press,'g',high
124.54043769836426,key_press,'a',high
124.68926429748535,key_press,Key.space,high
125.71299338340759,key_press,'p',high
125.80803561210632,key_press,'a',high
126.07316136360168,key_press,'d',high
126.25790691375732,key_press,'u',high
126.65145015716553,key_press,'k',high
126.75913143157959,key_press,'o',high
126.96046686172485,key_press,Key.space,high
128.62010788917542,key_press,'t',high
128.811696767807,key_press,'i',high
129.44702434539795,key_press,'n',high
129.9880712032318,key_press,Key.down,high
130.00421166419983,key_press,'u',high
130.18399381637573,key_press,Key.space,high
130.29877877235413,key_press,'r',high
130.39910435676575,key_press,'a',high
130.56428289413452,key_press,Key.space,high
131.156911611557,key_press,Key.backspace,high
131.38152170181274,key_press,Key.backspace,high
131.56230449676514,key_press,Key.backspace,high
132.9657928943634,key_press,'s',high
133.18480348587036,key_press,'a',high
133.3854763507843,key_press,'r',high
133.48885869979858,key_press,'e',high
133.68458724021912,key_press,Key.space,high
134.22962951660156,key_press,'a',high
134.4835479259491,key_press,'y',high
134.65050268173218,key_press,'i',high
134.98534870147705,key_press,'y',high
135.12468028068542,key_press,'h',high
135.24020671844482,key_press,'e',high
135.35754656791687,key_press,Key.space,high
141.93523812294006,key_press,'n',high
142.08365392684937,key_press,'e',high
142.1841390132904,key_press,'n',high
142.41542863845825,key_press,'u',high
142.63272762298584,key_press,Key.space,high
142.84937381744385,key_press,'v',high
142.98731184005737,key_press,'e',high
143.10307240486145,key_press,'l',high
143.3500828742981,key_press,'t',high
143.53509712219238,key_press,'h',high
143.66688871383667,key_press,'e',high
143.80302715301514,key_press,Key.space,high
144.40522003173828,key_press,'t',high
144.65071082115173,key_press,'a',high
144.9903120994568,key_press,'y',high
145.15710020065308,key_press,'i',high
145.5000548362732,key_press,'t',high
145.5109429359436,key_press,'y',high
145.6558554172516,key_press,'h',high
145.755601644516,key_press,'e',high
145.90429306030273,key_press,Key.space,high
147.00217700004578,key_press,Key.ctrl_l,high
147.25699663162231,key_press,'\x03',high
1.4967055320739746,key_press,'h',high
1.7209289073944092,key_press,'i',high
1.9120690822601318,key_press,Key.space,high
2.0283827781677246,key_press,'r',high
2.1287333965301514,key_press,'a',high
2.1899209022521973,key_press,Key.space,high
5.937105417251587,key_press,'e',high
6.050185918807983,key_press,'l',high
6.148202180862427,key_press,'a',high
6.310464143753052,key_press,Key.space,high
6.483955383300781,key_press,'v',high
6.711621999740601,key_press,'u',high
6.887823581695557,key_press,'n',high
6.95043683052063,key_press,'a',high
7.2084572315216064,key_press,'v',high
7.368637561798096,key_press,Key.space,high
8.521475315093994,key_press,'b',high
8.607630252838135,key_press,'a',high
8.88154149055481,key_press,'g',high
9.138362884521484,key_press,'u',high
9.330790758132935,key_press,'n',high
9.464709997177124,key_press,'n',high
9.509556293487549,key_press,'a',high
9.709694385528564,key_press,'v',high
9.82403564453125,key_press,'a',high
10.336511611938477,key_press,Key.backspace,high
10.464802980422974,key_press,Key.backspace,high
10.59414005279541,key_press,Key.backspace,high
12.474616289138794,key_press,Key.space,high
12.698431491851807,key_press,Key.space,high
13.515064477920532,key_press,Key.space,high
16.162446975708008,key_press,'b',high
16.22714853286743,key_press,'a',high
16.440075159072876,key_press,'n',high
16.549269914627075,key_press,'r',high
16.581535816192627,key_press,'e',high
16.689486980438232,key_press,Key.space,high
17.233927965164185,key_press,'v',high
17.430543184280396,key_press,'u',high
17.59078311920166,key_press,'n',high
17.6742582321167,key_press,'a',high
17.882689476013184,key_press,'v',high
17.99704623222351,key_press,Key.space,high
18.570037364959717,key_press,'a',high
18.796833992004395,key_press,'a',high
18.945855855941772,key_press,Key.space,high
20.347952604293823,key_press,'l',high
20.54114603996277,key_press,'e',high
20.750545740127563,key_press,'j',high
20.8334858417511,key_press,'a',high
21.020702362060547,key_press,Key.space,high
23.805643320083618,key_press,'i',high
23.966500520706177,key_press,'n',high
24.11200737953186,key_press,'k',high
24.26017475128174,key_press,'a',high
24.38951849937439,key_press,Key.space,high
24.419971466064453,key_press,Key.space,high
24.80380368232727,key_press,'m',high
24.897867679595947,key_press,'a',high
25.223114728927612,key_press,'g',high
25.366716146469116,key_press,'g',high
25.514336585998535,key_press,'i',high
25.707841157913208,key_press,Key.space,high
26.13673162460327,key_press,'n',high
26.28084683418274,key_press,'e',high
26.409263372421265,key_press,Key.space,high
27.411861419677734,key_press,'g',high
27.64381170272827,key_press,'u',high
27.837658405303955,key_press,'r',high
28.034337282180786,key_press,'t',high
28.21029043197632,key_press,'u',high
29.719260215759277,key_press,Key.backspace,high
29.880544662475586,key_press,Key.backspace,high
30.04412078857422,key_press,Key.backspace,high
30.209864139556885,key_press,Key.backspace,high
30.370927572250366,key_press,Key.backspace,high
30.71981406211853,mouse_move,"""671,726""",high
30.735859870910645,mouse_move,"""671,725""",high
30.735859870910645,mouse_move,"""671,724""",high
30.752009868621826,mouse_move,"""671,724""",high
30.756901025772095,mouse_move,"""671,723""",high
30.756901025772095,mouse_move,"""671,721""",high
30.77311944961548,mouse_move,"""670,720""",high
30.77311944961548,mouse_move,"""669,718""",high
30.787758588790894,mouse_move,"""668,717""",high
30.790323495864868,mouse_move,"""668,716""",high
30.790323495864868,mouse_move,"""666,715""",high
30.805774211883545,mouse_move,"""665,713""",high
30.8233962059021,mouse_move,"""664,712""",high
30.837814807891846,mouse_move,"""664,712""",high
30.839505672454834,mouse_move,"""664,712""",high
30.839505672454834,mouse_move,"""663,712""",high
30.857770204544067,mouse_move,"""663,712""",high
30.873581647872925,mouse_move,"""662,712""",high
32.45262861251831,key_press,'c',high
32.66179943084717,key_press,'h',high
32.75864243507385,key_press,'u',high
33.04944467544556,key_press,'d',high
33.40739846229553,key_press,'t',high
33.656272172927856,key_press,'u',high
33.799084424972534,key_press,'n',high
33.86675405502319,key_press,'a',high
34.107311487197876,key_press,'v',high
34.169997692108154,key_press,'a',high
34.33213567733765,key_press,Key.space,high
34.602518796920776,key_press,']',high
34.91163754463196,key_press,';',high
35.12107849121094,key_press,';',high
35.13757085800171,key_press,';',high
35.26789116859436,key_press,"""'""",high
36.829994916915894,key_press,Key.enter,high
44.91009473800659,key_press,'i',high
45.09223461151123,key_press,'n',high
45.22042655944824,key_press,'k',high
45.38474154472351,key_press,'a',high
45.562511682510376,key_press,Key.space,high
45.60412383079529,key_press,Key.space,high
46.152032136917114,key_press,'r',high
46.24459195137024,key_press,'a',high
46.425934076309204,key_press,Key.space,high
51.11927652359009,key_press,'t',high
51.313427448272705,key_press,'i',high
51.49793982505798,key_press,'n',high
51.61581492424011,key_press,'n',high
51.788979053497314,key_press,'a',high
51.99378275871277,key_press,'v',high
52.071184396743774,key_press,'a',high
52.245603799819946,key_press,Key.space,high
53.01163625717163,key_press,'l',high
53.10643672943115,key_press,'e',high
53.33996319770813,key_press,'d',high
53.57616925239563,key_press,'a',high
53.87308597564697,key_press,Key.space,high
55.34267258644104,key_press,'b',high
55.448936223983765,key_press,'a',high
55.63730502128601,key_press,'g',high
55.747626304626465,key_press,'a',high
55.92247295379639,key_press,Key.space,high
56.26372408866882,key_press,'t',high
56.44364547729492,key_press,'i',high
56.64358854293823,key_press,'n',high
56.78138756752014,key_press,'n',high
56.947723627090454,key_press,'a',high
57.129096269607544,key_press,'v',high
57.23025727272034,key_press,'a',high
57.44477581977844,key_press,Key.space,high
60.607463359832764,key_press,'r',high
60.653746604919434,key_press,'a',high
60.92869758605957,key_press,'a',high
61.29936408996582,key_press,Key.space,high
62.71353459358215,mouse_move,"""662,712""",high
62.71353459358215,mouse_move,"""662,712""",high
62.73126459121704,mouse_move,"""662,713""",high
62.7388436794281,mouse_move,"""663,713""",high
62.74548125267029,mouse_move,"""664,715""",high
62.85503363609314,key_press,'i',high
63.017144441604614,key_press,'n',high
63.163705587387085,key_press,'k',high
63.42045712471008,key_press,'a',high
63.55345821380615,key_press,Key.space,high
64.7329785823822,key_press,'e',high
64.88714385032654,key_press,'n',high
65.09348726272583,key_press,'t',high
65.20822143554688,key_press,'i',high
65.4028091430664,key_press,Key.space,high
65.97479820251465,key_press,'r',high
66.11635875701904,key_press,'a',high
66.29124450683594,key_press,Key.space,high
66.87656569480896,mouse_move,"""664,715""",high
66.89393091201782,mouse_move,"""664,715""",high
66.92447543144226,mouse_move,"""664,714""",high
66.94412088394165,mouse_move,"""665,714""",high
66.95872354507446,mouse_move,"""665,714""",high
66.97272539138794,mouse_move,"""666,713""",high
67.00869679450989,mouse_move,"""667,713""",high
67.58730745315552,key_press,'l',high
67.74688529968262,key_press,'a',high
67.87768769264221,key_press,'n',high
68.67860746383667,key_press,'j',high
68.79886770248413,key_press,'a',high
68.92837119102478,key_press,Key.space,high
69.75271153450012,mouse_move,"""667,713""",high
69.75271153450012,mouse_move,"""667,712""",high
69.78685975074768,mouse_move,"""667,711""",high
69.80880117416382,mouse_move,"""667,711""",high
69.83404421806335,mouse_move,"""667,710""",high
69.91054606437683,mouse_move,"""667,709""",high
69.96495270729065,mouse_move,"""667,709""",high
69.98102951049805,mouse_move,"""667,708""",high
69.99348855018616,mouse_move,"""667,708""",high
70.02215719223022,mouse_move,"""667,707""",high
70.04388332366943,mouse_move,"""667,706""",high
70.07997369766235,mouse_move,"""666,706""",high
70.10220241546631,mouse_move,"""666,706""",high
70.27763390541077,mouse_move,"""665,706""",high
70.29299473762512,mouse_move,"""665,705""",high
70.42238521575928,mouse_move,"""665,704""",high
70.53694581985474,mouse_move,"""665,704""",high
70.58131670951843,mouse_move,"""665,704""",high
70.61304259300232,mouse_move,"""666,704""",high
70.64499521255493,mouse_move,"""666,704""",high
70.7098605632782,mouse_move,"""666,703""",high
70.76594877243042,mouse_move,"""666,702""",high
71.01099157333374,mouse_move,"""665,701""",high
71.90889883041382,key_press,'i',high
72.05971837043762,key_press,'n',high
72.18752074241638,key_press,'k',high
72.29637742042542,key_press,'a',high
72.43187499046326,key_press,Key.space,high
72.68545746803284,key_press,'r',high
72.80547380447388,key_press,'a',high
72.9174268245697,key_press,Key.space,high
88.04786372184753,key_press,'h',high
88.43979549407959,key_press,'m',high
88.62685680389404,key_press,Key.space,high
89.3781156539917,key_press,'i',high
89.51069235801697,key_press,'n',high
89.62822699546814,key_press,'k',high
89.79488897323608,key_press,Key.space,high
89.82857394218445,key_press,Key.space,high
89.97561573982239,key_press,'a',high
90.30837535858154,key_press,'r',high
90.43008661270142,key_press,'a',high
90.4935188293457,key_press,Key.space,high
91.79379630088806,key_press,'s',high
91.93867206573486,key_press,'o',high
92.10393238067627,key_press,'n',high
92.44143319129944,key_press,'g',high
92.53958749771118,key_press,'a',high
92.76611161231995,key_press,Key.space,high
93.3499047756195,key_press,Key.backspace,high
93.51221537590027,key_press,Key.backspace,high
93.6482355594635,key_press,'s',high
93.79208564758301,key_press,Key.space,high
94.25884175300598,key_press,'e',high
94.36604070663452,key_press,'m',high
94.51367807388306,key_press,Key.space,high
94.85786056518555,key_press,'v',high
95.41261506080627,key_press,'i',high
95.57459163665771,key_press,'n',high
95.71583771705627,key_press,'t',high
96.04206705093384,key_press,'u',high
96.23660039901733,key_press,'n',high
96.31869888305664,key_press,'a',high
96.48714447021484,key_press,'v',high
96.59901905059814,key_press,Key.space,high
101.07644295692444,mouse_move,"""665,701""",high
101.09296369552612,mouse_move,"""665,702""",high
101.1068799495697,mouse_move,"""663,702""",high
101.11278009414673,mouse_move,"""660,701""",high
101.12045407295227,mouse_move,"""658,700""",high
101.13294649124146,key_press,'h',high
101.24278163909912,key_press,'i',high
101.44995999336243,key_press,'n',high
101.62509202957153,key_press,'d',high
101.75525331497192,key_press,'i',high
101.9023585319519,key_press,Key.space,high
102.110431432724,key_press,'a',high
102.2640290260315,key_press,'a',high
102.4202778339386,key_press,Key.space,high
103.17407774925232,key_press,'t',high
103.31009149551392,key_press,'e',high
103.45254778862,key_press,'k',high
104.13116312026978,key_press,'l',high
104.34097075462341,key_press,'u',high
104.9317376613617,key_press,'g',high
105.02185201644897,key_press,'u',high
105.23302412033081,key_press,Key.space,high
105.34965419769287,key_press,'a',high
105.48305296897888,key_press,'a',high
105.64049792289734,key_press,Key.space,high
107.51796984672546,key_press,'t',high
107.63169717788696,key_press,'a',high
107.82757186889648,key_press,'m',high
107.99024605751038,key_press,'i',high
108.14642095565796,key_press,'l',high
108.53662633895874,key_press,Key.space,high
108.67150020599365,key_press,Key.space,high
108.6820342540741,key_press,'a',high
108.87006735801697,key_press,'a',high
122.6097424030304,mouse_move,"""658,700""",high
122.64069628715515,mouse_move,"""658,699""",high
122.66518807411194,mouse_move,"""658,698""",high
122.67285919189453,mouse_move,"""657,698""",high
122.69420123100281,mouse_move,"""656,697""",high
122.72447276115417,mouse_move,"""655,697""",high
122.72867918014526,mouse_move,"""655,697""",high
122.72867918014526,mouse_move,"""654,697""",high
122.74527597427368,mouse_move,"""653,697""",high
122.75136017799377,mouse_move,"""652,696""",high
122.75831818580627,mouse_move,"""650,696""",high
122.76568579673767,mouse_move,"""649,695""",high
127.44809651374817,key_press,'i',high
127.61124968528748,key_press,'n',high
127.78672385215759,key_press,'k',high
128.06293964385986,key_press,'a',high
128.20894861221313,key_press,Key.space,high
128.51204705238342,key_press,'r',high
128.78818464279175,key_press,Key.space,high
129.0213644504547,key_press,Key.caps_lock,high
129.24364614486694,key_press,Key.space,high
132.36548042297363,mouse_move,"""649,695""",high
132.38080096244812,mouse_move,"""649,696""",high
132.38080096244812,mouse_move,"""649,696""",high
132.38080096244812,mouse_move,"""649,697""",high
132.4154031276703,mouse_move,"""649,698""",high
132.43705105781555,mouse_move,"""649,699""",high
132.5086362361908,mouse_move,"""649,699""",high
132.57461142539978,mouse_move,"""649,699""",high
132.60672783851624,mouse_move,"""649,699""",high
132.8519217967987,mouse_move,"""649,698""",high
132.87150144577026,mouse_move,"""649,697""",high
132.95871901512146,mouse_move,"""649,697""",high
133.15562105178833,mouse_move,"""649,697""",high
133.17158436775208,mouse_move,"""649,698""",high
133.1780664920807,mouse_move,"""649,700""",high
133.1921443939209,mouse_move,"""649,701""",high
133.4600315093994,key_press,Key.shift,high
134.60021924972534,key_press,Key.cmd,high
134.8501353263855,key_press,'l',high
136.68105053901672,key_press,Key.space,high
138.97403407096863,key_press,Key.ctrl_l,high
139.13887238502502,key_press,Key.ctrl_l,high
139.36130332946777,key_press,'\x03',high
0.9578866958618164,mouse_move,"""673,751""",high
0.9578866958618164,mouse_move,"""673,752""",high
0.9752662181854248,mouse_move,"""673,753""",high
0.9926083087921143,mouse_move,"""673,753""",high
0.9930729866027832,mouse_move,"""673,754""",high
0.9930729866027832,mouse_move,"""673,755""",high
1.0094242095947266,mouse_move,"""673,755""",high
1.0094242095947266,mouse_move,"""673,756""",high
1.0257277488708496,mouse_move,"""672,757""",high
1.0425152778625488,mouse_move,"""671,758""",high
1.0425152778625488,mouse_move,"""671,758""",high
1.0575401782989502,mouse_move,"""671,759""",high
1.0588254928588867,mouse_move,"""670,759""",high
1.0588254928588867,mouse_move,"""669,760""",high
4.874312162399292,key_press,'n',high
5.002630710601807,key_press,'e',high
5.051177740097046,key_press,'n',high
5.258953809738159,key_press,'u',high
5.470515251159668,key_press,Key.space,high
5.9322075843811035,key_press,'a',high
6.097033500671387,key_press,'b',high
6.2574989795684814,key_press,'h',high
6.306533336639404,key_press,'i',high
6.498912334442139,key_press,'r',high
6.581558704376221,key_press,'a',high
6.6943182945251465,key_press,'m',high
6.821954250335693,key_press,Key.space,high
8.290486574172974,key_press,'n',high
8.502575397491455,key_press,'e',high
8.663270711898804,key_press,'n',high
8.840266466140747,key_press,'u',high
9.056601762771606,key_press,Key.space,high
9.392524242401123,key_press,'1',high
9.553621292114258,key_press,'2',high
9.687218189239502,key_press,Key.space,high
9.944608211517334,key_press,'t',high
10.074187755584717,key_press,'h',high
10.170025825500488,key_press,'e',high
10.388753175735474,key_press,Key.space,high
12.709619522094727,key_press,'p',high
12.821340560913086,key_press,'a',high
13.597152471542358,key_press,Key.backspace,high
13.741434097290039,key_press,Key.backspace,high
14.371402740478516,key_press,'l',high
14.565727949142456,key_press,'o',high
14.746336698532104,key_press,'n',high
15.439352035522461,mouse_move,"""669,760""",high
15.439352035522461,mouse_move,"""668,758""",high
15.458198547363281,mouse_move,"""666,757""",high
15.464503526687622,mouse_move,"""665,755""",high
15.473276376724243,mouse_move,"""663,753""",high
15.48073148727417,mouse_move,"""663,751""",high
15.48677110671997,mouse_move,"""662,750""",high
15.493842601776123,mouse_move,"""661,748""",high
15.50090742111206,mouse_move,"""660,746""",high
15.508254766464233,mouse_move,"""658,744""",high
15.51457953453064,mouse_move,"""657,743""",high
15.521853923797607,mouse_move,"""656,741""",high
16.03180742263794,key_press,'m',high
16.174657821655273,key_press,'a',high
16.28090262413025,key_press,'n',high
16.311722993850708,key_press,'n',high
16.586990356445312,key_press,'c',high
16.81431221961975,key_press,'i',high
17.03949236869812,key_press,Key.space,high
17.20993995666504,key_press,'m',high
17.30595898628235,key_press,'a',high
17.63448143005371,key_press,'r',high
17.800874948501587,key_press,'k',high
17.8913152217865,key_press,'s',high
18.035656690597534,key_press,Key.space,high
18.990715980529785,key_press,'a',high
19.37712049484253,key_press,'y',high
19.539490461349487,key_press,'y',high
19.764979124069214,key_press,'a',high
20.10656762123108,key_press,'n',high
20.298676013946533,key_press,'u',high
20.476531982421875,key_press,Key.space,high
23.632259845733643,key_press,'r',high
23.729746341705322,key_press,'a',high
23.8874351978302,key_press,Key.space,high
24.087799549102783,key_press,'i',high
24.231334447860718,key_press,'n',high
24.34290838241577,key_press,'k',high
24.460086822509766,key_press,'a',high
24.557594060897827,key_press,Key.space,high
25.621586322784424,key_press,'r',high
25.709519386291504,key_press,'a',high
25.883395671844482,key_press,Key.space,high
30.361553192138672,key_press,'r',high
30.458299160003662,key_press,'a',high
30.638056755065918,key_press,Key.space,high
30.865354537963867,key_press,'i',high
31.0424907207489,key_press,'n',high
31.170765161514282,key_press,'k',high
31.38300323486328,key_press,'a',high
31.54389786720276,key_press,Key.space,high
31.781144857406616,key_press,'r',high
31.910436391830444,key_press,'a',high
32.05588150024414,key_press,Key.space,high
33.5612895488739,key_press,'e',high
33.71145033836365,key_press,'n',high
34.06259250640869,key_press,'t',high
34.2076575756073,key_press,'o',high
34.41818833351135,key_press,Key.space,high
50.07738637924194,key_press,'a',high
50.77456712722778,key_press,Key.backspace,high
50.933059215545654,key_press,Key.backspace,high
51.001020193099976,key_press,'s',high
51.06341528892517,key_press,'a',high
51.30671501159668,key_press,'r',high
51.48360729217529,key_press,';',high
51.909934759140015,key_press,Key.backspace,high
52.115904331207275,key_press,'l',high
52.245235204696655,key_press,'e',high
52.35806441307068,key_press,Key.space,high
53.01689958572388,key_press,'r',high
53.11619997024536,key_press,'a',high
53.25680065155029,key_press,Key.space,high
53.432966232299805,key_press,'i',high
53.56131410598755,key_press,'n',high
53.65657448768616,key_press,'k',high
53.800103187561035,key_press,'a',high
53.92144250869751,key_press,Key.space,high
59.750988721847534,key_press,'a',high
59.9432418346405,key_press,'n',high
60.17141127586365,key_press,'t',high
60.264609575271606,key_press,'a',high
60.427266120910645,key_press,Key.space,high
60.84868860244751,key_press,'b',high
60.98020601272583,key_press,'a',high
61.23810935020447,key_press,'g',high
61.413092613220215,key_press,'u',high
61.59701108932495,key_press,'n',high
61.69475054740906,key_press,'n',high
61.80651354789734,key_press,'a',high
61.95635414123535,key_press,'r',high
62.084486961364746,key_press,'a',high
62.19981622695923,key_press,Key.space,high
63.64523887634277,key_press,'n',high
63.80546951293945,key_press,'i',high
63.99925088882446,key_press,Key.space,high
64.66585445404053,key_press,'d',high
64.85955619812012,key_press,'e',high
65.12151622772217,key_press,'g',high
65.28317666053772,key_press,'g',high
65.58961296081543,key_press,'a',high
65.74009394645691,key_press,'r',high
65.92937922477722,key_press,Key.space,high
67.36508107185364,key_press,'m',high
67.47669053077698,key_press,'a',high
67.60845708847046,key_press,'n',high
67.72220659255981,key_press,'a',high
67.87052488327026,key_press,Key.space,high
69.27005767822266,key_press,'l',high
69.36742830276489,key_press,'a',high
69.46269607543945,key_press,'s',high
69.73720693588257,key_press,'t',high
69.88173365592957,key_press,Key.space,high
70.07699251174927,key_press,'p',high
70.25547051429749,key_press,'i',high
70.46412920951843,key_press,'c',high
70.6309003829956,key_press,'s',high
70.77107405662537,key_press,Key.space,high
73.25771951675415,key_press,'a',high
73.42003393173218,key_press,'a',high
73.62945866584778,key_press,Key.space,high
73.79867482185364,key_press,'m',high
74.00635313987732,key_press,'a',high
74.30092215538025,key_press,'l',high
74.42913794517517,key_press,'l',high
74.59560823440552,key_press,Key.space,high
75.01003193855286,key_press,'l',high
75.1710000038147,key_press,'o',high
75.49618196487427,key_press,Key.space,high
79.20635056495667,key_press,'v',high
79.40720415115356,key_press,'i',high
79.5991485118866,key_press,Key.space,high
79.72842240333557,key_press,'t',high
80.11432027816772,key_press,'r',high
80.33125877380371,key_press,'w',high
80.37287712097168,key_press,'e',high
80.66323328018188,key_press,'n',high
80.80798268318176,key_press,'d',high
81.11661171913147,key_press,'s',high
81.3111264705658,key_press,'e',high
81.53374433517456,key_press,'t',high
81.71275281906128,key_press,Key.space,high
82.5382285118103,key_press,'v',high
82.68503880500793,key_press,'i',high
82.88024544715881,key_press,Key.space,high
84.08769464492798,key_press,'v',high
84.43914604187012,key_press,'u',high
85.1330235004425,key_press,'n',high
85.25959658622742,key_press,'n',high
85.37560319900513,key_press,'a',high
85.68141341209412,key_press,'y',high
85.98250007629395,key_press,'a',high
86.03105401992798,key_press,Key.space,high
87.65409207344055,key_press,'l',high
87.78725576400757,key_press,'e',high
88.00800657272339,key_press,'d',high
88.10411357879639,key_press,'h',high
88.25565385818481,key_press,'a',high
88.4334659576416,key_press,Key.space,high
92.39663982391357,key_press,'i',high
92.53625273704529,key_press,'n',high
92.61662197113037,key_press,'k',high
92.7490496635437,key_press,'a',high
92.93453192710876,key_press,Key.space,high
93.35118460655212,key_press,'e',high
93.5809576511383,key_press,'v',high
93.66083145141602,key_press,'a',high
93.86928009986877,key_press,'r',high
94.06590485572815,key_press,'i',high
94.39330697059631,key_press,'i',high
94.61719942092896,key_press,Key.space,high
95.1020176410675,key_press,'a',high
95.33284664154053,key_press,'y',high
95.47618675231934,key_press,'i',high
95.65387773513794,key_press,'n',high
95.76619052886963,key_press,'a',high
95.8954586982727,key_press,Key.space,high
96.13146209716797,key_press,'f',high
96.57273507118225,key_press,Key.backspace,high
96.68254518508911,key_press,'d',high
96.8610577583313,key_press,'e',high
97.15077996253967,key_press,'g',high
97.31362676620483,key_press,'g',high
97.4590950012207,key_press,'a',high
97.61955881118774,key_press,'r',high
97.72162675857544,key_press,'a',high
97.87809133529663,key_press,Key.space,high
98.26162385940552,key_press,'v',high
98.42378544807434,key_press,'i',high
98.57150387763977,key_press,'n',high
98.70710587501526,key_press,'n',high
98.84514331817627,key_press,'a',high
99.22318601608276,key_press,Key.backspace,high
99.36284136772156,key_press,Key.backspace,high
99.49937272071838,key_press,Key.backspace,high
99.6118996143341,key_press,Key.backspace,high
99.72358250617981,key_press,Key.backspace,high
99.96199107170105,key_press,'v',high
100.13877201080322,key_press,'u',high
100.31576704978943,key_press,'n',high
100.44362449645996,key_press,'n',high
100.57568335533142,key_press,'a',high
100.91333293914795,key_press,'y',high
101.04251408576965,key_press,'a',high
101.22916793823242,key_press,Key.space,high
101.61177968978882,key_press,'r',high
101.74517250061035,key_press,'a',high
101.86158204078674,key_press,Key.space,high
102.78687787055969,mouse_move,"""656,740""",high
102.82241320610046,mouse_move,"""656,740""",high
102.83517479896545,mouse_move,"""655,740""",high
102.85190486907959,mouse_move,"""654,739""",high
102.86031603813171,mouse_move,"""654,738""",high
102.86703395843506,mouse_move,"""653,737""",high
102.88154554367065,mouse_move,"""653,737""",high
102.88954448699951,mouse_move,"""652,736""",high
102.8957531452179,mouse_move,"""651,735""",high
102.90108013153076,mouse_move,"""651,735""",high
102.90108013153076,mouse_move,"""650,734""",high
102.91682696342468,mouse_move,"""649,733""",high
102.91771650314331,mouse_move,"""649,732""",high
102.93096804618835,mouse_move,"""647,732""",high
102.93332028388977,mouse_move,"""645,731""",high
102.93332028388977,mouse_move,"""645,730""",high
102.94938802719116,mouse_move,"""643,729""",high
102.94938802719116,mouse_move,"""642,729""",high
102.96405839920044,mouse_move,"""640,728""",high
102.96405839920044,mouse_move,"""639,727""",high
102.98043370246887,mouse_move,"""637,725""",high
102.98043370246887,mouse_move,"""636,725""",high
102.98043370246887,mouse_move,"""635,724""",high
102.99740552902222,mouse_move,"""634,723""",high
103.01381063461304,mouse_move,"""634,722""",high
103.77400398254395,mouse_move,"""634,722""",high
103.79015064239502,mouse_move,"""633,722""",high
104.17468929290771,mouse_move,"""633,722""",high
104.564040184021,mouse_move,"""633,722""",high
104.74446892738342,mouse_move,"""633,723""",high
104.91121506690979,mouse_move,"""633,723""",high
104.95951843261719,mouse_move,"""632,723""",high
105.73132371902466,mouse_move,"""632,723""",high
105.81267666816711,mouse_move,"""631,722""",high
105.89942216873169,mouse_move,"""631,722""",high
105.96398186683655,mouse_move,"""631,722""",high
106.01911902427673,mouse_move,"""631,721""",high
106.0825777053833,mouse_move,"""630,720""",high
106.16906213760376,mouse_move,"""630,720""",high
106.18665146827698,mouse_move,"""630,720""",high
106.19944167137146,mouse_move,"""630,721""",high
106.19944167137146,mouse_move,"""631,721""",high
106.21568727493286,mouse_move,"""632,721""",high
106.2223448753357,mouse_move,"""632,721""",high
106.2294409275055,mouse_move,"""633,721""",high
106.2437641620636,mouse_move,"""633,722""",high
106.25020623207092,mouse_move,"""633,722""",high
106.49440717697144,mouse_move,"""634,722""",high
106.50601506233215,mouse_move,"""635,722""",high
106.51372456550598,mouse_move,"""635,723""",high
106.51994442939758,mouse_move,"""635,723""",high
106.5279483795166,mouse_move,"""636,724""",high
106.53491306304932,mouse_move,"""637,725""",high
106.54150819778442,mouse_move,"""638,727""",high
106.54907846450806,mouse_move,"""639,727""",high
106.55624842643738,mouse_move,"""640,729""",high
106.56329989433289,mouse_move,"""641,731""",high
106.56951522827148,mouse_move,"""643,734""",high
106.57753229141235,mouse_move,"""644,735""",high
106.58395314216614,mouse_move,"""644,737""",high
106.58880352973938,mouse_move,"""644,739""",high
106.58880352973938,mouse_move,"""645,740""",high
106.6031129360199,mouse_move,"""645,741""",high
106.61930322647095,mouse_move,"""645,741""",high
106.61930322647095,mouse_move,"""644,741""",high
106.62752032279968,mouse_move,"""642,741""",high
106.63796019554138,mouse_move,"""639,739""",high
106.63796019554138,mouse_move,"""637,736""",high
106.6546196937561,mouse_move,"""632,734""",high
106.6546196937561,mouse_move,"""628,730""",high
106.66937017440796,mouse_move,"""626,727""",high
106.71734118461609,key_press,'h',high
106.91125845909119,key_press,'m',high
107.02851605415344,key_press,'m',high
107.19253611564636,key_press,Key.space,high
107.57668972015381,key_press,'i',high
107.69130659103394,key_press,'n',high
107.80384564399719,key_press,'k',high
107.9475634098053,key_press,'a',high
108.03111147880554,key_press,Key.space,high
108.656667470932,mouse_move,"""626,726""",high
108.67865800857544,mouse_move,"""626,726""",high
108.81890511512756,mouse_move,"""626,725""",high
108.9831326007843,mouse_move,"""626,725""",high
108.99937224388123,mouse_move,"""626,725""",high
108.99937224388123,mouse_move,"""627,726""",high
109.01376080513,mouse_move,"""629,726""",high
109.02070450782776,mouse_move,"""629,727""",high
109.02726721763611,mouse_move,"""631,728""",high
109.0352029800415,mouse_move,"""631,728""",high
109.04219388961792,mouse_move,"""632,729""",high
109.04934287071228,mouse_move,"""633,730""",high
109.0566098690033,mouse_move,"""633,730""",high
109.0637481212616,mouse_move,"""633,731""",high
109.07711744308472,mouse_move,"""634,732""",high
109.08482503890991,mouse_move,"""635,732""",high
109.09193706512451,mouse_move,"""635,733""",high
109.17225313186646,mouse_move,"""635,733""",high
109.18878030776978,mouse_move,"""635,732""",high
109.20594787597656,mouse_move,"""635,731""",high
109.21308422088623,mouse_move,"""635,730""",high
109.22009682655334,mouse_move,"""634,728""",high
109.22444868087769,key_press,'n',high
109.37012815475464,key_press,'i',high
109.65724229812622,key_press,Key.space,high
109.80348896980286,key_press,Key.space,high
110.87866830825806,key_press,'k',high
110.90726065635681,key_press,'d',high
110.99345993995667,key_press,'f',high
111.022296667099,key_press,'n',high
111.11747813224792,key_press,'d',high
111.13327050209045,key_press,'k',high
111.4912097454071,key_press,Key.space,high
121.56580424308777,key_press,'k',high
122.40047669410706,mouse_move,"""634,727""",high
122.49087524414062,key_press,'j',high
122.93669581413269,key_press,'i',high
123.11401748657227,key_press,'n',high
123.30845499038696,key_press,'j',high
123.3279926776886,key_press,'o',high
123.37845849990845,key_press,Key.space,high
123.62208271026611,key_press,'k',high
123.63831663131714,key_press,'p',high
123.81790018081665,key_press,'d',high
124.04339265823364,key_press,'n',high
124.12495636940002,key_press,'f',high
124.20591425895691,key_press,'r',high
124.27004814147949,key_press,'d',high
124.31901526451111,key_press,'v',high
124.35116291046143,key_press,'g',high
124.58048892021179,key_press,'o',high
124.80500555038452,key_press,'n',high
125.11278009414673,key_press,'d',high
125.13055491447449,key_press,'s',high
125.28103685379028,key_press,Key.space,high
125.9828577041626,key_press,Key.backspace,high
126.14244484901428,key_press,Key.backspace,high
126.28886985778809,key_press,Key.backspace,high
126.45310664176941,key_press,Key.backspace,high
126.83972406387329,key_press,'o',high
126.96536612510681,key_press,'j',high
127.20830225944519,key_press,'f',high
127.61140704154968,key_press,'d',high
127.74937629699707,key_press,'f',high
128.90967631340027,key_press,'l',high
129.0584738254547,key_press,'m',high
129.13311290740967,key_press,'d',high
129.16499066352844,key_press,'d',high
129.2129716873169,key_press,'i',high
129.24448132514954,key_press,'f',high
129.27609610557556,key_press,'f',high
129.33944487571716,key_press,'n',high
129.40319538116455,key_press,'e',high
129.40319538116455,key_press,'w',high
129.55450677871704,key_press,Key.space,high
131.32112431526184,key_press,Key.space,high
153.53304147720337,key_press,'s',high
153.74137592315674,key_press,'a',high
153.941743850708,key_press,'r',high
154.15052151679993,key_press,'l',high
154.22391867637634,key_press,'e',high
154.38738489151,key_press,Key.space,high
154.87897109985352,key_press,Key.caps_lock,high
156.22019004821777,key_press,'y',high
156.35637187957764,key_press,'i',high
156.5052638053894,key_press,'r',high
156.5352177619934,key_press,'h',high
156.85066318511963,key_press,Key.space,high
157.89381527900696,key_press,'i',high
158.05963921546936,key_press,'n',high
158.16329908370972,key_press,'k',high
158.3102867603302,key_press,'a',high
158.4489095211029,key_press,Key.space,high
159.66686248779297,key_press,Key.backspace,high
159.81018137931824,key_press,Key.backspace,high
159.90811014175415,key_press,Key.backspace,high
160.0543975830078,key_press,Key.backspace,high
160.45120644569397,key_press,'n',high
160.51837635040283,key_press,'e',high
160.6142749786377,key_press,'n',high
160.79894638061523,key_press,'u',high
160.98783993721008,key_press,Key.space,high
161.43627381324768,key_press,'v',high
161.59766745567322,key_press,'e',high
161.781183719635,key_press,'l',high
161.91556668281555,key_press,'l',high
162.08184719085693,key_press,'i',high
162.28017807006836,key_press,Key.space,high
162.9194929599762,key_press,'p',high
163.15818905830383,key_press,'s',high
163.77179145812988,key_press,Key.backspace,high
163.93499612808228,key_press,'a',high
164.10002088546753,key_press,'d',high
164.29049968719482,key_press,'u',high
164.50140476226807,key_press,'k',high
164.66970539093018,key_press,'u',high
164.83594679832458,key_press,'n',high
165.01909494400024,key_press,'t',high
165.08914041519165,key_press,'a',high
166.45340752601624,key_press,'=',high
166.57307243347168,key_press,Key.backspace,high
166.71678733825684,key_press,Key.backspace,high
167.03538274765015,key_press,'t',high
167.2070436477661,key_press,'a',high
167.43808102607727,key_press,Key.space,high
167.70472955703735,key_press,'l',high
167.89123487472534,key_press,'w',high
167.91476893424988,key_press,'e',high
169.42191290855408,key_press,Key.ctrl_l,high
171.93034839630127,key_press,'\x03',high
2.5613560676574707,key_press,'h',high
2.954357385635376,key_press,'m',high
3.128007411956787,key_press,'m',high
3.274385690689087,key_press,'r',high
3.3103089332580566,key_press,'t',high
3.3913028240203857,key_press,'a',high
3.5053603649139404,key_press,Key.space,high
6.86656379699707,key_press,'i',high
7.123856782913208,key_press,'n',high
7.384272336959839,key_press,'k',high
7.596145391464233,key_press,'a',high
7.822753667831421,key_press,Key.space,high
8.716655731201172,key_press,'r',high
8.781809091567993,key_press,'t',high
8.884932041168213,key_press,'a',high
9.153045654296875,key_press,Key.space,high
11.995147228240967,key_press,'e',high
12.299231052398682,key_press,'l',high
12.576843500137329,key_press,'a',high
13.610157251358032,key_press,'y',high
14.335878849029541,key_press,'i',high
14.56469464302063,key_press,'d',high
14.7782883644104,key_press,'j',high
14.990188837051392,key_press,'f',high
15.233757257461548,key_press,'h',high
15.243355751037598,key_press,'g',high
15.422770023345947,key_press,'s',high
15.681764841079712,key_press,'u',high
15.879792213439941,key_press,'v',high
16.166301488876343,key_press,'i',high
16.38015055656433,key_press,'f',high
16.50729990005493,key_press,'g',high
16.700178384780884,key_press,"','",high
16.71644401550293,key_press,"','",high
19.11864686012268,key_press,Key.f12,high
19.321770906448364,key_press,Key.f12,high
19.35592007637024,key_press,Key.f12,high
19.527570486068726,key_press,Key.f12,high
19.69356608390808,key_press,Key.f12,high
19.87227439880371,key_press,Key.f12,high
20.133460760116577,key_press,Key.f12,high
20.442537307739258,key_press,Key.backspace,high
20.642359256744385,key_press,Key.backspace,high
20.81431293487549,key_press,Key.backspace,high
20.988471508026123,key_press,Key.backspace,high
21.166477918624878,key_press,Key.backspace,high
21.34621572494507,key_press,Key.backspace,high
21.768914461135864,key_press,'i',high
22.114623546600342,key_press,'u',high
22.271080493927002,key_press,'g',high
22.308439016342163,key_press,'g',high
22.41507887840271,key_press,'s',high
22.428290843963623,key_press,'i',high
22.462096452713013,key_press,'i',high
22.574907779693604,key_press,'g',high
22.721779108047485,key_press,'f',high
22.80371880531311,key_press,'h',high
22.819862365722656,key_press,'g',high
23.176501274108887,key_press,'i',high
23.528669834136963,key_press,'y',high
23.92119526863098,key_press,'o',high
24.21864938735962,key_press,'d',high
24.501887798309326,key_press,'b',high
24.823963403701782,key_press,'u',high
25.069128036499023,key_press,'c',high
25.311366081237793,key_press,'h',high
25.632344484329224,key_press,'d',high
25.87557315826416,key_press,'0',high
26.05026888847351,key_press,'e',high
26.054298639297485,key_press,'r',high
26.26500368118286,key_press,Key.space,high
27.21406078338623,key_press,'i',high
27.452817678451538,key_press,'j',high
27.499269485473633,key_press,'f',high
27.531851291656494,key_press,'g',high
27.536752700805664,key_press,'f',high
27.69402265548706,key_press,'n',high
27.954394578933716,key_press,'e',high
28.135138273239136,key_press,'i',high
28.360555171966553,key_press,'g',high
28.39452624320984,key_press,'u',high
28.649461030960083,key_press,'o',high
28.796539545059204,key_press,'c',high
28.82900309562683,key_press,'c',high
29.068713188171387,key_press,'j',high
29.2568359375,key_press,'v',high
29.50464177131653,key_press,Key.space,high
30.028146266937256,key_press,Key.space,high
32.78015995025635,key_press,'h',high
32.959754943847656,key_press,'i',high
32.980873346328735,key_press,'f',high
33.10312294960022,key_press,'g',high
33.25055003166199,key_press,'f',high
33.25980281829834,key_press,'d',high
33.70116662979126,key_press,'h',high
33.942333459854126,key_press,'r',high
33.942333459854126,key_press,'i',high
34.294450521469116,key_press,'m',high
34.540409564971924,key_press,'0',high
34.769598722457886,key_press,Key.space,high
35.02448058128357,key_press,'h',high
35.26901340484619,key_press,'8',high
35.39704656600952,key_press,'f',high
35.70570921897888,key_press,'g',high
35.97952175140381,key_press,'d',high
36.012386322021484,key_press,'d',high
36.20719814300537,key_press,'b',high
36.39289355278015,key_press,'s',high
36.578389406204224,key_press,'o',high
36.78926420211792,key_press,'v',high
36.8219313621521,key_press,'c',high
37.015098571777344,key_press,'n',high
37.21755909919739,key_press,'f',high
37.44166398048401,key_press,'e',high
37.48436522483826,key_press,'9',high
37.77461004257202,key_press,Key.space,high
37.901376485824585,key_press,'s',high
39.48543977737427,key_press,Key.backspace,high
39.518173933029175,key_press,Key.backspace,high
39.74601936340332,key_press,Key.backspace,high
39.98718333244324,key_press,Key.backspace,high
40.21633005142212,key_press,Key.backspace,high
40.456369400024414,key_press,Key.backspace,high
40.69402265548706,key_press,Key.backspace,high
40.925482988357544,key_press,Key.backspace,high
41.13331913948059,key_press,Key.backspace,high
41.345722913742065,key_press,'f',high
41.345722913742065,key_press,'d',high
41.45976161956787,key_press,'g',high
41.54047107696533,key_press,'h',high
41.572744846343994,key_press,'f',high
41.572744846343994,key_press,'d',high
41.97854256629944,key_press,'u',high
42.219873905181885,key_press,'o',high
42.5227255821228,key_press,'j',high
42.7349750995636,key_press,'g',high
42.9279260635376,key_press,'u',high
43.1405029296875,key_press,Key.space,high
43.610020875930786,key_press,'f',high
43.759236335754395,key_press,'c',high
43.95181679725647,key_press,'v',high
44.126105546951294,key_press,'u',high
44.141968727111816,key_press,'y',high
44.32274866104126,key_press,Key.space,high
44.65432548522949,key_press,'f',high
44.9289116859436,key_press,'i',high
45.141587018966675,key_press,'n',high
45.17841291427612,key_press,'n',high
45.38224935531616,key_press,'f',high
45.57969617843628,key_press,'t',high
45.59204864501953,key_press,'r',high
45.75443744659424,key_press,'x',high
46.07831931114197,key_press,Key.space,high
46.28015875816345,key_press,'i',high
46.29245567321777,key_press,'i',high
46.55262112617493,key_press,'n',high
46.71443462371826,key_press,'v',high
46.90731620788574,key_press,'f',high
46.923460960388184,key_press,'6',high
47.622411489486694,key_press,'u',high
47.84755849838257,key_press,Key.space,high
48.41827082633972,key_press,Key.space,high
54.92524456977844,key_press,'k',high
55.44158363342285,key_press,'f',high
55.45786905288696,key_press,'d',high
55.73434615135193,key_press,'z',high
56.062599420547485,key_press,'j',high
56.07614827156067,key_press,'u',high
56.33623480796814,key_press,'b',high
56.64193344116211,key_press,'l',high
56.93976378440857,key_press,'i',high
57.46590876579285,key_press,Key.enter,high
71.65819811820984,key_press,'o',high
71.67773532867432,key_press,'e',high
71.78039622306824,key_press,'g',high
72.12719345092773,key_press,'j',high
72.43857264518738,key_press,'n',high
72.64158415794373,key_press,Key.space,high
72.97823166847229,key_press,'=',high
73.17181372642517,key_press,Key.backspace,high
73.2212781906128,key_press,'f',high
73.30329751968384,key_press,'g',high
73.40015888214111,key_press,'f',high
73.48917198181152,key_press,'h',high
73.49986720085144,key_press,'g',high
73.54610395431519,key_press,'g',high
73.59458637237549,key_press,'d',high
73.61285471916199,key_press,'f',high
73.70976638793945,key_press,'g',high
73.85386443138123,key_press,Key.space,high
74.36477613449097,key_press,'n',high
74.4134874343872,key_press,'d',high
74.55397891998291,key_press,'v',high
74.57215476036072,key_press,'j',high
74.65581321716309,key_press,'d',high
74.66647553443909,key_press,'f',high
74.84549403190613,key_press,'i',high
75.05598521232605,key_press,'f',high
75.23581194877625,key_press,'k',high
75.42902183532715,key_press,'f',high
75.59254312515259,key_press,'b',high
75.89846301078796,key_press,'d',high
76.06083655357361,key_press,'o',high
76.30387496948242,key_press,Key.space,high
76.55496454238892,key_press,'f',high
76.57069754600525,key_press,'s',high
76.63591408729553,key_press,'f',high
76.65418982505798,key_press,'d',high
76.71750497817993,key_press,'f',high
76.81491565704346,key_press,'j',high
77.0739233493805,key_press,'n',high
77.36787009239197,key_press,'v',high
77.62371611595154,key_press,'r',high
77.83395838737488,key_press,'l',high
78.06032085418701,key_press,'s',high
78.33722400665283,key_press,'u',high
78.52881646156311,key_press,'f',high
78.73965716362,key_press,'b',high
78.7718334197998,key_press,Key.space,high
78.92754173278809,key_press,'g',high
79.18679428100586,key_press,'[',high
79.31874656677246,key_press,'f',high
79.50874257087708,key_press,Key.backspace,high
79.69214749336243,key_press,Key.backspace,high
79.88269686698914,key_press,Key.backspace,high
80.06184840202332,key_press,Key.backspace,high
80.30811047554016,key_press,'j',high
80.48133301734924,key_press,'f',high
80.627845287323,key_press,'b',high
80.79036021232605,key_press,'r',high
80.93367028236389,key_press,'v',high
81.16656541824341,key_press,'o',high
81.3796615600586,key_press,'f',high
81.54914164543152,key_press,Key.space,high
82.13536882400513,key_press,'k',high
82.31238794326782,key_press,'f',high
82.50575661659241,key_press,'n',high
82.50575661659241,key_press,'h',high
82.6428816318512,key_press,'f',high
82.81600737571716,key_press,'i',high
82.83588218688965,key_press,'g',high
82.9800271987915,key_press,'t',high
83.14005994796753,key_press,'n',high
83.28549456596375,key_press,'d',high
83.28549456596375,key_press,'e',high
83.45129871368408,key_press,'l',high
83.5766294002533,key_press,'s',high
83.75393676757812,key_press,Key.space,high
84.16508269309998,key_press,'w',high
84.33001518249512,key_press,'o',high
84.56820321083069,key_press,'q',high
84.71832847595215,key_press,'u',high
84.95520997047424,key_press,'c',high
85.18188071250916,key_press,'b',high
85.38718056678772,key_press,'e',high
85.3910882472992,key_press,'r',high
85.76625990867615,key_press,'p',high
86.02371144294739,key_press,'d',high
86.20890045166016,key_press,'m',high
86.47508716583252,key_press,'v',high
86.68877673149109,key_press,'u',high
86.99421453475952,key_press,'f',high
87.69316029548645,key_press,'[',high
87.70492482185364,key_press,'p',high
87.93578696250916,key_press,'f',high
88.35481667518616,key_press,Key.space,high
96.06849193572998,key_press,Key.space,high
96.35083389282227,key_press,'h',high
96.61132717132568,key_press,'f',high
96.85510540008545,key_press,'x',high
97.11643767356873,key_press,'k',high
97.14623928070068,key_press,'i',high
97.3554437160492,key_press,'h',high
97.57013201713562,key_press,'n',high
98.06823348999023,key_press,'d',high
99.11922311782837,key_press,Key.backspace,high
99.31694054603577,key_press,Key.backspace,high
99.5935869216919,key_press,'g',high
99.81308507919312,key_press,'d',high
100.15245795249939,key_press,'o',high
100.3958113193512,key_press,'n',high
100.6917769908905,key_press,'f',high
100.96234631538391,key_press,'s',high
101.25695824623108,key_press,'u',high
101.5779058933258,key_press,Key.space,high
101.9500379562378,key_press,'h',high
101.98170948028564,key_press,'h',high
102.18228316307068,key_press,'f',high
102.3875162601471,key_press,'c',high
102.62660098075867,key_press,Key.space,high
102.8871545791626,key_press,'o',high
103.14370155334473,key_press,'h',high
103.39678525924683,key_press,'c',high
103.59187936782837,key_press,'e',high
103.62405300140381,key_press,'r',high
103.83323526382446,key_press,'u',high
103.83323526382446,key_press,'y',high
104.01075434684753,key_press,Key.space,high
104.30748438835144,key_press,'o',high
104.52691435813904,key_press,'j',high
104.73351120948792,key_press,'b',high
104.96149325370789,key_press,'c',high
105.16935873031616,key_press,'s',high
105.18503046035767,key_press,'z',high
105.49357056617737,key_press,'r',high
105.78570508956909,key_press,'y',high
106.04498624801636,key_press,'h',high
106.35422086715698,key_press,'o',high
106.6938624382019,key_press,'g',high
106.98383593559265,key_press,'d',high
107.30548691749573,key_press,'y',high
107.5183424949646,key_press,Key.space,high
109.15718507766724,key_press,'u',high
109.45170068740845,key_press,'g',high
109.80993413925171,key_press,'g',high
110.13516283035278,key_press,'g',high
110.1714117527008,key_press,'u',high
110.49642491340637,key_press,'g',high
110.87615466117859,key_press,'g',high
111.23530268669128,key_press,'g',high
111.53872585296631,key_press,'u',high
111.91285133361816,key_press,Key.space,high
112.26865983009338,key_press,Key.space,high
118.98255109786987,key_press,Key.ctrl_l,high
119.44749736785889,key_press,'\x03',high
3.3724403381347656,key_press,'h',high
3.5264456272125244,key_press,'i',high
3.8707761764526367,key_press,Key.space,high
4.101896286010742,key_press,'r',high
4.2228381633758545,key_press,'a',high
4.417187690734863,key_press,Key.space,high
4.8970046043396,key_press,'r',high
5.3596274852752686,key_press,Key.backspace,high
5.5623695850372314,key_press,'e',high
5.726172685623169,key_press,'l',high
5.838528394699097,key_press,'a',high
6.269884824752808,key_press,Key.space,high
6.453962326049805,key_press,'v',high
6.869276523590088,key_press,'u',high
7.046876907348633,key_press,'n',high
7.1439783573150635,key_press,'a',high
7.355838775634766,key_press,'v',high
7.530356407165527,key_press,Key.space,high
7.969179391860962,key_press,'b',high
8.127304315567017,key_press,'a',high
8.360353708267212,key_press,'g',high
8.517698526382446,key_press,'u',high
8.703700304031372,key_press,'n',high
8.835199117660522,key_press,'n',high
8.927917003631592,key_press,'a',high
9.107033014297485,key_press,'v',high
9.217472791671753,key_press,'a',high
9.362991571426392,key_press,Key.space,high
9.382964134216309,key_press,Key.space,high
10.071552991867065,key_press,'t',high
10.20029067993164,key_press,'i',high
10.378463745117188,key_press,'n',high
10.50624418258667,key_press,'n',high
10.649367570877075,key_press,'a',high
10.769734382629395,key_press,'v',high
10.904783487319946,key_press,'a',high
11.08989143371582,key_press,Key.space,high
19.12767720222473,key_press,'a',high
19.481703996658325,key_press,'n',high
19.685924530029297,key_press,'t',high
19.834515810012817,key_press,'a',high
20.044812440872192,key_press,Key.space,high
20.850882291793823,key_press,'m',high
21.0780131816864,key_press,'a',high
21.582154989242554,key_press,'n',high
21.867494106292725,key_press,'c',high
22.296791315078735,key_press,'h',high
22.424185514450073,key_press,'i',high
22.750207662582397,key_press,Key.space,high
22.77245259284973,key_press,Key.space,high
23.292171478271484,key_press,'g',high
23.466411352157593,key_press,'a',high
23.752608060836792,key_press,Key.space,high
24.302626371383667,key_press,'v',high
24.541261672973633,key_press,'u',high
24.778320789337158,key_press,'n',high
24.794145107269287,key_press,'n',high
25.183638095855713,key_press,'d',high
25.49698829650879,key_press,'i',high
25.718997478485107,key_press,Key.space,high
25.747190475463867,key_press,Key.space,high
26.61341404914856,key_press,'a',high
26.876955270767212,key_press,'n',high
27.1221981048584,key_press,'i',high
27.340028762817383,key_press,Key.space,high
27.57102918624878,key_press,'a',high
27.73636794090271,key_press,'n',high
28.04314398765564,key_press,'u',high
28.561877012252808,key_press,'k',high
29.016032934188843,key_press,'u',high
29.33486795425415,key_press,'n',high
29.612448692321777,key_press,'t',high
29.738354682922363,key_press,'a',high
30.531723022460938,key_press,'u',high
30.711309909820557,key_press,'n',high
30.82178544998169,key_press,'a',high
30.997957706451416,key_press,Key.space,high
36.08363366127014,key_press,'i',high
36.22974944114685,key_press,'n',high
36.53227162361145,key_press,'t',high
36.70959711074829,key_press,'l',high
36.9188756942749,key_press,'o',high
37.145827531814575,key_press,Key.space,high
37.17012357711792,key_press,Key.space,high
37.63853359222412,key_press,'a',high
37.893523931503296,key_press,'n',high
38.260109663009644,key_press,'d',high
38.530818700790405,key_press,'h',high
38.69265031814575,key_press,'a',high
39.09831380844116,key_press,'r',high
39.65727519989014,key_press,'u',high
39.93236804008484,key_press,Key.space,high
40.46457314491272,key_press,'b',high
40.63951015472412,key_press,'a',high
40.930715799331665,key_press,'g',high
41.17699456214905,key_press,'u',high
41.62086462974548,key_press,'n',high
41.65337419509888,key_press,'n',high
41.78270173072815,key_press,'n',high
42.17025566101074,key_press,'a',high
42.45458221435547,key_press,'r',high
42.64558029174805,key_press,'a',high
43.13463377952576,key_press,Key.space,high
47.17101240158081,key_press,'i',high
47.442387104034424,key_press,'n',high
47.730026721954346,key_press,'k',high
47.94874978065491,key_press,'a',high
48.158451318740845,key_press,Key.space,high
48.54443168640137,key_press,'e',high
48.764657497406006,key_press,'n',high
48.97253751754761,key_press,'t',high
49.134296894073486,key_press,'i',high
49.389790296554565,key_press,Key.space,high
49.40691137313843,key_press,Key.space,high
49.768527030944824,key_press,'r',high
49.92784094810486,key_press,'a',high
50.08169484138489,key_press,Key.space,high
50.37303853034973,key_press,'s',high
50.591015577316284,key_press,'a',high
50.81369471549988,key_press,'n',high
51.098230838775635,key_press,'g',high
51.34773254394531,key_press,'i',high
51.600472927093506,key_press,'t',high
52.16297650337219,key_press,'h',high
52.3510947227478,key_press,'i',high
52.62055730819702,key_press,'l',high
52.65216040611267,key_press,'l',high
52.89385366439819,key_press,'u',high
53.12134575843811,key_press,Key.space,high
55.36507487297058,key_press,'a',high
55.554054260253906,key_press,'n',high
55.72755265235901,key_press,'t',high
55.90817332267761,key_press,'a',high
56.098291873931885,key_press,Key.space,high
56.59883141517639,key_press,'m',high
56.78072643280029,key_press,'a',high
57.08147692680359,key_press,'c',high
58.28566765785217,key_press,'h',high
58.94775676727295,key_press,'i',high
59.216959953308105,key_press,Key.space,high
59.66172790527344,key_press,'g',high
59.79621982574463,key_press,'a',high
60.017876625061035,key_press,Key.space,high
60.04155135154724,key_press,Key.space,high
60.54704689979553,key_press,'v',high
60.747334718704224,key_press,'u',high
60.96905755996704,key_press,'n',high
61.157310009002686,key_press,'d',high
61.34513235092163,key_press,'h',high
61.471574544906616,key_press,'a',high
61.709161043167114,key_press,Key.space,high
63.41947340965271,key_press,'l',high
63.896711349487305,key_press,'e',high
64.08679628372192,key_press,'d',high
64.22910904884338,key_press,'h',high
64.30801749229431,key_press,'a',high
64.55492854118347,key_press,Key.space,high
67.29096913337708,key_press,'i',high
67.46435022354126,key_press,'n',high
67.67069554328918,key_press,'k',high
67.86717510223389,key_press,'a',high
67.99356842041016,key_press,Key.space,high
68.40264081954956,key_press,'e',high
68.51279711723328,key_press,'m',high
68.7160313129425,key_press,Key.space,high
68.91281771659851,key_press,'a',high
69.37047100067139,key_press,'y',high
69.53018450737,key_press,'i',high
69.71068835258484,key_press,'n',high
69.83860731124878,key_press,'a',high
70.01255011558533,key_press,Key.space,high
77.07289457321167,key_press,'v',high
77.41337323188782,key_press,'i',high
77.60128903388977,key_press,'s',high
77.79456210136414,key_press,'h',high
78.33359384536743,key_press,'y',high
78.45553708076477,key_press,'a',high
78.70428276062012,key_press,'l',high
78.9581515789032,key_press,'u',high
79.22358012199402,key_press,Key.space,high
80.07638216018677,key_press,'v',high
80.25196552276611,key_press,'u',high
80.43776607513428,key_press,'n',high
80.56361317634583,key_press,'n',high
80.69288992881775,key_press,'a',high
80.87043285369873,key_press,'v',high
81.01456356048584,key_press,'a',high
81.1935772895813,key_press,Key.space,high
81.23937010765076,key_press,Key.space,high
81.97214698791504,key_press,'c',high
82.14729070663452,key_press,'h',high
82.36543679237366,key_press,'e',high
82.61841225624084,key_press,'p',high
82.76160526275635,key_press,'p',high
82.8682632446289,key_press,'a',high
83.40563154220581,key_press,'d',high
83.61143183708191,key_press,'h',high
83.75513887405396,key_press,'a',high
83.90897750854492,key_press,'n',high
84.04514598846436,key_press,'i',high
84.27292895317078,key_press,'k',high
84.55313444137573,key_press,'i',high
85.32587027549744,key_press,Key.space,high
96.19694995880127,key_press,'m',high
97.34885692596436,key_press,Key.backspace,high
98.18041753768921,key_press,Key.backspace,high
98.32417321205139,key_press,Key.backspace,high
98.62010765075684,key_press,'n',high
98.77913427352905,key_press,'e',high
98.95919871330261,key_press,'u',high
99.19918155670166,key_press,'n',high
99.61274242401123,key_press,Key.space,high
100.3025758266449,key_press,'b',high
100.49178457260132,key_press,'a',high
100.77361392974854,key_press,'g',high
100.91665720939636,key_press,'u',high
101.13805961608887,key_press,'n',high
101.27274751663208,key_press,'n',high
101.43171191215515,key_press,'a',high
101.62207126617432,key_press,Key.space,high
102.2886312007904,mouse_move,"""1010,1044""",high
102.32009410858154,mouse_move,"""1010,1044""",high
102.33699679374695,mouse_move,"""1010,1043""",high
102.36954379081726,mouse_move,"""1010,1042""",high
102.7435314655304,key_press,'r',high
102.917884349823,key_press,'a',high
103.02807807922363,key_press,Key.space,high
104.95563793182373,key_press,'m',high
105.11374068260193,key_press,'a',high
105.14520525932312,key_press,Key.space,high
105.37148976325989,key_press,'i',high
105.56893420219421,key_press,'n',high
105.9467945098877,key_press,'t',high
106.13534808158875,key_press,'l',high
106.76517391204834,key_press,'o',high
107.00286889076233,key_press,Key.space,high
107.24987316131592,key_press,'k',high
107.48921585083008,key_press,'u',high
107.6571593284607,key_press,'d',high
107.83233571052551,key_press,'a',high
108.02347445487976,key_press,Key.space,high
108.61304807662964,mouse_move,"""1010,1041""",high
108.62852787971497,mouse_move,"""1010,1041""",high
108.63085770606995,mouse_move,"""1010,1040""",high
108.64616394042969,mouse_move,"""1010,1040""",high
108.66197156906128,mouse_move,"""1011,1040""",high
109.9354202747345,key_press,'s',high
110.14067149162292,key_press,'t',high
110.31199502944946,key_press,'a',high
110.56580710411072,key_press,'r',high
110.7742714881897,key_press,'t',high
110.9211950302124,key_press,Key.space,high
111.24256992340088,key_press,'c',high
111.55084943771362,key_press,'h',high
115.46645784378052,key_press,Key.backspace,high
115.59810948371887,mouse_move,"""1012,1040""",high
115.61618781089783,mouse_move,"""1012,1040""",high
115.62552332878113,mouse_move,"""1015,1041""",high
115.63754749298096,mouse_move,"""1017,1044""",high
115.7063958644867,key_press,Key.backspace,high
115.9192943572998,key_press,Key.backspace,high
116.1443943977356,key_press,Key.backspace,high
118.04517579078674,key_press,'a',high
118.41827607154846,key_press,'y',high
118.5922691822052,key_press,'i',high
118.83007836341858,key_press,'n',high
118.84697127342224,key_press,'n',high
118.9997935295105,key_press,'f',high
119.17438960075378,key_press,'h',high
119.30116939544678,key_press,'i',high
119.51659941673279,key_press,Key.space,high
119.6860203742981,key_press,'r',high
119.84763741493225,key_press,'a',high
120.0023500919342,key_press,Key.space,high
120.47295641899109,key_press,'c',high
120.66189694404602,key_press,'o',high
120.85230422019958,key_press,'l',high
120.96351432800293,key_press,'l',high
121.181312084198,key_press,'e',high
121.40360260009766,key_press,'g',high
121.54614806175232,key_press,'e',high
121.73127698898315,key_press,Key.space,high
122.93285799026489,key_press,'g',high
123.26600050926208,key_press,'o',high
123.48239994049072,key_press,'l',high
123.62489652633667,key_press,'a',high
123.89408135414124,key_press,Key.space,high
124.50199723243713,mouse_move,"""1017,1044""",high
124.52015018463135,mouse_move,"""1017,1044""",high
124.52015018463135,mouse_move,"""1018,1044""",high
124.53496050834656,mouse_move,"""1020,1044""",high
124.5421667098999,mouse_move,"""1020,1044""",high
124.5461061000824,mouse_move,"""1020,1044""",high
124.59473013877869,mouse_move,"""1020,1044""",high
124.60856199264526,mouse_move,"""1020,1044""",high
124.70571947097778,mouse_move,"""1020,1043""",high
124.7696373462677,mouse_move,"""1020,1043""",high
124.7696373462677,mouse_move,"""1021,1043""",high
129.85217189788818,key_press,'n',high
130.0023694038391,key_press,'v',high
130.16030526161194,key_press,Key.space,high
130.40760731697083,key_press,'e',high
130.53431677818298,key_press,'e',high
130.70143818855286,key_press,Key.space,high
131.25103425979614,key_press,'c',high
131.72723865509033,key_press,'l',high
132.20379877090454,key_press,'g',high
132.3587257862091,key_press,Key.space,high
133.25161957740784,key_press,'a',high
133.76046633720398,key_press,'n',high
133.96755981445312,key_press,'u',high
134.422518491745,key_press,'k',high
134.65199303627014,key_press,'u',high
134.93650364875793,key_press,'n',high
134.95235443115234,key_press,'n',high
135.20501279830933,key_press,'t',high
135.50533747673035,key_press,'h',high
135.6577913761139,key_press,'u',high
135.92623019218445,key_press,'n',high
136.20589137077332,key_press,'a',high
136.57033157348633,key_press,'v',high
136.78383088111877,key_press,Key.space,high
137.81526350975037,key_press,'e',high
138.10732698440552,key_press,'e',high
138.4108235836029,key_press,Key.space,high
139.17973041534424,key_press,'c',high
139.92737364768982,key_press,'o',high
140.25900173187256,key_press,'l',high
140.43293595314026,key_press,'l',high
140.82389616966248,key_press,'e',high
141.1100947856903,key_press,'g',high
141.4035427570343,key_press,'e',high
141.6359360218048,key_press,Key.space,high
141.90043902397156,key_press,'a',high
142.11171913146973,key_press,'n',high
142.35862493515015,key_press,'i',high
142.61256003379822,key_press,Key.space,high
142.63436031341553,key_press,Key.space,high
143.3218550682068,key_press,'j',high
143.51302027702332,key_press,'o',high
144.75211143493652,key_press,'i',high
144.9668664932251,key_press,'n',high
145.1262469291687,key_press,Key.space,high
145.8444893360138,mouse_move,"""1021,1044""",high
145.8853771686554,mouse_move,"""1021,1044""",high
146.15581464767456,mouse_move,"""1021,1044""",high
146.18757009506226,mouse_move,"""1022,1044""",high
146.22162675857544,mouse_move,"""1022,1043""",high
146.22851538658142,mouse_move,"""1022,1043""",high
146.23985314369202,mouse_move,"""1022,1042""",high
146.25059032440186,mouse_move,"""1022,1041""",high
146.26410913467407,mouse_move,"""1022,1040""",high
146.27881741523743,mouse_move,"""1022,1040""",high
146.28546595573425,mouse_move,"""1022,1039""",high
146.29315423965454,mouse_move,"""1022,1038""",high
146.3376603126526,mouse_move,"""1022,1038""",high
146.38517260551453,mouse_move,"""1022,1038""",high
146.40081596374512,mouse_move,"""1022,1037""",high
146.58121180534363,mouse_move,"""1023,1036""",high
146.59836339950562,mouse_move,"""1023,1035""",high
146.6162874698639,mouse_move,"""1023,1035""",high
146.64624691009521,mouse_move,"""1023,1034""",high
146.70594453811646,mouse_move,"""1023,1033""",high
146.73463106155396,mouse_move,"""1023,1033""",high
146.7441930770874,mouse_move,"""1024,1032""",high
146.77723693847656,mouse_move,"""1024,1031""",high
146.86513447761536,mouse_move,"""1025,1031""",high
146.92095017433167,mouse_move,"""1025,1032""",high
146.93787789344788,mouse_move,"""1025,1032""",high
147.08108615875244,mouse_move,"""1025,1033""",high
147.1334822177887,mouse_move,"""1025,1034""",high
147.2240297794342,mouse_move,"""1025,1034""",high
147.3626003265381,mouse_move,"""1025,1035""",high
147.44488644599915,mouse_move,"""1025,1036""",high
147.47637748718262,key_press,'a',high
147.6654658317566,key_press,'v',high
147.8916003704071,key_press,'a',high
148.69405150413513,mouse_move,"""1025,1037""",high
148.72409868240356,mouse_move,"""1025,1037""",high
148.7619686126709,mouse_move,"""1025,1036""",high
148.77738213539124,mouse_move,"""1025,1035""",high
148.77738213539124,mouse_move,"""1025,1032""",high
148.7924518585205,mouse_move,"""1025,1028""",high
148.79945397377014,mouse_move,"""1025,1026""",high
148.8067843914032,mouse_move,"""1025,1021""",high
148.81364965438843,mouse_move,"""1025,1016""",high
148.8213233947754,mouse_move,"""1025,1009""",high
148.82790899276733,mouse_move,"""1025,1000""",high
148.83503127098083,mouse_move,"""1025,990""",high
148.84269309043884,mouse_move,"""1025,982""",high
148.849835395813,mouse_move,"""1025,974""",high
148.85728359222412,mouse_move,"""1025,965""",high
148.86389565467834,mouse_move,"""1025,957""",high
148.87031245231628,mouse_move,"""1024,947""",high
148.87786483764648,mouse_move,"""1024,940""",high
148.8847484588623,mouse_move,"""1023,928""",high
148.89250326156616,mouse_move,"""1023,921""",high
148.89963102340698,mouse_move,"""1023,913""",high
148.90600633621216,mouse_move,"""1022,906""",high
148.91097140312195,mouse_move,"""1022,899""",high
148.91857314109802,mouse_move,"""1021,895""",high
148.91857314109802,key_press,Key.backspace,high
148.92563605308533,mouse_move,"""1021,891""",high
148.93489909172058,mouse_move,"""1021,889""",high
148.94193315505981,mouse_move,"""1021,887""",high
148.94901537895203,mouse_move,"""1020,884""",high
148.95401787757874,mouse_move,"""1020,884""",high
148.9595217704773,mouse_move,"""1020,882""",high
148.9661955833435,mouse_move,"""1020,881""",high
149.032386302948,mouse_move,"""1020,881""",high
149.04452228546143,mouse_move,"""1020,881""",high
149.06887030601501,mouse_move,"""1020,881""",high
149.08805775642395,mouse_move,"""1020,882""",high
149.81861400604248,key_press,'v',high
149.99033379554749,key_press,'a',high
150.37221550941467,key_press,'d',high
150.54350757598877,key_press,'h',high
150.63506698608398,key_press,'a',high
151.06256937980652,key_press,Key.space,high
151.35736179351807,key_press,'a',high
151.50784754753113,key_press,'n',high
152.4451549053192,mouse_move,"""1017,866""",high
152.46122789382935,mouse_move,"""1011,833""",high
152.4713168144226,mouse_move,"""1009,795""",high
152.476877450943,mouse_move,"""1010,754""",high
152.4860360622406,mouse_move,"""1019,704""",high
152.49267888069153,mouse_move,"""1031,648""",high
152.4980947971344,mouse_move,"""1047,596""",high
152.50188660621643,mouse_move,"""1074,537""",high
152.51452255249023,mouse_move,"""1103,487""",high
152.52060270309448,mouse_move,"""1137,433""",high
152.52631282806396,mouse_move,"""1173,385""",high
152.53240251541138,mouse_move,"""1210,346""",high
152.5385036468506,mouse_move,"""1252,306""",high
152.54967856407166,mouse_move,"""1294,271""",high
152.55673384666443,mouse_move,"""1338,241""",high
152.56304931640625,mouse_move,"""1385,213""",high
152.568843126297,mouse_move,"""1427,193""",high
152.57740020751953,mouse_move,"""1469,178""",high
152.58091044425964,mouse_move,"""1510,165""",high
152.5931088924408,mouse_move,"""1552,160""",high
152.60016536712646,mouse_move,"""1593,160""",high
152.60522198677063,mouse_move,"""1635,166""",high
152.6111900806427,mouse_move,"""1676,176""",high
152.6191349029541,mouse_move,"""1718,194""",high
152.6286265850067,mouse_move,"""1756,221""",high
152.63559126853943,mouse_move,"""1791,254""",high
152.64164757728577,mouse_move,"""1824,299""",high
152.6477415561676,mouse_move,"""1856,355""",high
152.6537938117981,mouse_move,"""1881,424""",high
152.66267824172974,mouse_move,"""1894,504""",high
152.671000957489,mouse_move,"""1899,585""",high
152.6780924797058,mouse_move,"""1895,677""",high
152.68429946899414,mouse_move,"""1873,778""",high
152.6901228427887,mouse_move,"""1844,869""",high
152.69635486602783,mouse_move,"""1800,965""",high
152.7013909816742,mouse_move,"""1752,1042""",high
152.71455931663513,mouse_move,"""1691,1111""",high
152.7198669910431,mouse_move,"""1606,1180""",high
152.72705817222595,mouse_move,"""1518,1235""",high
152.73215651512146,mouse_move,"""1426,1237""",high
152.73782348632812,mouse_move,"""1331,1231""",high
152.7442171573639,mouse_move,"""1237,1226""",high
152.75651717185974,mouse_move,"""1150,1218""",high
152.76248621940613,mouse_move,"""1069,1217""",high
152.76855897903442,mouse_move,"""999,1212""",high
152.77455687522888,mouse_move,"""946,1213""",high
152.78064274787903,mouse_move,"""902,1207""",high
152.7867250442505,mouse_move,"""876,1204""",high
152.79881834983826,mouse_move,"""857,1202""",high
152.80499649047852,mouse_move,"""843,1201""",high
152.81098914146423,mouse_move,"""833,1200""",high
152.81713128089905,mouse_move,"""826,1199""",high
152.82350659370422,mouse_move,"""819,1198""",high
152.83498358726501,mouse_move,"""813,1193""",high
152.84154415130615,mouse_move,"""808,1184""",high
152.84743237495422,mouse_move,"""803,1173""",high
152.85352849960327,mouse_move,"""800,1160""",high
152.8595221042633,mouse_move,"""800,1145""",high
152.8656187057495,mouse_move,"""800,1124""",high
152.87737345695496,mouse_move,"""807,1100""",high
152.88534474372864,mouse_move,"""819,1069""",high
152.891539812088,mouse_move,"""833,1036""",high
152.89663100242615,mouse_move,"""857,999""",high
152.90574026107788,mouse_move,"""881,962""",high
152.90879487991333,mouse_move,"""910,924""",high
152.9159290790558,mouse_move,"""944,888""",high
152.92682647705078,mouse_move,"""980,852""",high
152.93431520462036,mouse_move,"""1016,819""",high
152.9405415058136,mouse_move,"""1054,787""",high
152.9486300945282,mouse_move,"""1092,758""",high
152.95350432395935,mouse_move,"""1126,735""",high
152.9602506160736,mouse_move,"""1159,716""",high
152.96564722061157,mouse_move,"""1188,702""",high
152.97683882713318,mouse_move,"""1211,692""",high
152.98390698432922,mouse_move,"""1226,687""",high
152.99097609519958,mouse_move,"""1238,681""",high
152.99630761146545,mouse_move,"""1245,679""",high
153.0020785331726,mouse_move,"""1251,678""",high
153.00817036628723,mouse_move,"""1255,676""",high
153.01930117607117,mouse_move,"""1258,676""",high
153.02700662612915,mouse_move,"""1259,676""",high
153.03295302391052,mouse_move,"""1261,676""",high
153.03989219665527,mouse_move,"""1261,676""",high
153.04389119148254,mouse_move,"""1262,676""",high
153.05068922042847,mouse_move,"""1262,676""",high
153.06187748908997,mouse_move,"""1263,676""",high
153.06962060928345,mouse_move,"""1263,678""",high
153.07549715042114,mouse_move,"""1263,679""",high
153.08143544197083,mouse_move,"""1262,681""",high
153.08713126182556,mouse_move,"""1260,684""",high
153.09821939468384,mouse_move,"""1258,687""",high
153.1053192615509,mouse_move,"""1255,691""",high
153.11177611351013,mouse_move,"""1249,696""",high
153.11895751953125,mouse_move,"""1243,702""",high
153.12408924102783,mouse_move,"""1234,708""",high
153.13111901283264,mouse_move,"""1222,718""",high
153.14068388938904,mouse_move,"""1209,726""",high
153.14784407615662,mouse_move,"""1190,739""",high
153.1544120311737,mouse_move,"""1167,753""",high
153.16042923927307,mouse_move,"""1140,768""",high
153.16659212112427,mouse_move,"""1110,786""",high
153.17219614982605,mouse_move,"""1080,804""",high
153.18318819999695,mouse_move,"""1047,823""",high
153.1907811164856,mouse_move,"""1016,843""",high
153.1973578929901,mouse_move,"""981,860""",high
153.2024393081665,mouse_move,"""953,880""",high
153.2085084915161,mouse_move,"""920,899""",high
153.2192144393921,mouse_move,"""886,920""",high
153.22322487831116,mouse_move,"""856,938""",high
153.23140573501587,mouse_move,"""829,955""",high
153.2403838634491,mouse_move,"""806,970""",high
153.24738216400146,mouse_move,"""789,980""",high
153.25238060951233,mouse_move,"""776,989""",high
153.26199531555176,mouse_move,"""764,994""",high
153.2690770626068,mouse_move,"""757,999""",high
153.27510118484497,mouse_move,"""751,1001""",high
153.28116297721863,mouse_move,"""749,1002""",high
153.28722620010376,mouse_move,"""748,1003""",high
153.29634857177734,mouse_move,"""747,1004""",high
153.30450129508972,mouse_move,"""746,1004""",high
153.31161499023438,mouse_move,"""746,1002""",high
153.31864833831787,mouse_move,"""748,997""",high
153.32416343688965,mouse_move,"""756,988""",high
153.33129286766052,mouse_move,"""769,975""",high
153.33705306053162,mouse_move,"""790,958""",high
153.3430950641632,mouse_move,"""831,931""",high
153.35419940948486,mouse_move,"""885,897""",high
153.36130499839783,mouse_move,"""942,862""",high
153.36868834495544,mouse_move,"""1002,830""",high
153.37416791915894,mouse_move,"""1065,797""",high
153.38285851478577,mouse_move,"""1130,769""",high
153.38700222969055,mouse_move,"""1183,746""",high
153.39305019378662,mouse_move,"""1218,731""",high
153.40411162376404,mouse_move,"""1237,722""",high
153.41121625900269,mouse_move,"""1251,717""",high
153.41731905937195,mouse_move,"""1258,714""",high
153.42336702346802,mouse_move,"""1262,713""",high
153.4319396018982,mouse_move,"""1263,712""",high
153.4469075202942,mouse_move,"""1263,713""",high
153.45376753807068,mouse_move,"""1259,716""",high
153.46090841293335,mouse_move,"""1248,722""",high
153.46633553504944,mouse_move,"""1232,731""",high
153.47196745872498,mouse_move,"""1209,743""",high
153.47805070877075,mouse_move,"""1182,761""",high
153.48911309242249,mouse_move,"""1149,782""",high
153.49673986434937,mouse_move,"""1115,805""",high
153.50273203849792,mouse_move,"""1078,824""",high
153.508709192276,mouse_move,"""1045,845""",high
153.5171868801117,mouse_move,"""1021,860""",high
153.5203824043274,mouse_move,"""1001,874""",high
153.5321729183197,mouse_move,"""988,883""",high
153.53882884979248,mouse_move,"""981,888""",high
153.54471111297607,mouse_move,"""975,892""",high
153.55286931991577,mouse_move,"""972,894""",high
153.5576527118683,mouse_move,"""970,895""",high
153.5880582332611,mouse_move,"""973,894""",high
153.59445023536682,mouse_move,"""986,885""",high
153.6035761833191,mouse_move,"""1002,877""",high
153.6074993610382,mouse_move,"""1032,859""",high
153.6136748790741,mouse_move,"""1072,836""",high
153.62478399276733,mouse_move,"""1118,813""",high
153.6323549747467,mouse_move,"""1170,792""",high
153.63892459869385,mouse_move,"""1219,766""",high
153.64428901672363,mouse_move,"""1268,745""",high
153.65207242965698,mouse_move,"""1310,730""",high
153.65612602233887,mouse_move,"""1334,721""",high
153.66726660728455,mouse_move,"""1348,716""",high
153.67435026168823,mouse_move,"""1355,712""",high
153.68042469024658,mouse_move,"""1355,712""",high
153.68549394607544,mouse_move,"""1352,716""",high
153.69267630577087,mouse_move,"""1332,734""",high
153.69864153862,mouse_move,"""1286,772""",high
153.70976758003235,mouse_move,"""1228,817""",high
153.7176125049591,mouse_move,"""1156,879""",high
153.7239167690277,mouse_move,"""1077,947""",high
153.73112559318542,mouse_move,"""994,1030""",high
153.7352910041809,mouse_move,"""914,1110""",high
153.74142980575562,mouse_move,"""839,1196""",high
153.74747109413147,mouse_move,"""775,1271""",high
153.75928592681885,mouse_move,"""724,1258""",high
153.76570796966553,mouse_move,"""688,1244""",high
153.7714319229126,mouse_move,"""664,1225""",high
153.77751302719116,mouse_move,"""655,1211""",high
153.78388810157776,mouse_move,"""650,1207""",high
153.79574155807495,mouse_move,"""650,1200""",high
153.80210423469543,mouse_move,"""650,1199""",high
153.80785179138184,mouse_move,"""660,1194""",high
153.81429243087769,mouse_move,"""682,1176""",high
153.82044196128845,mouse_move,"""719,1136""",high
153.82712864875793,mouse_move,"""768,1092""",high
153.83822393417358,mouse_move,"""824,1036""",high
153.8452491760254,mouse_move,"""890,975""",high
153.8527228832245,mouse_move,"""956,915""",high
153.85967803001404,mouse_move,"""1021,857""",high
153.86698269844055,mouse_move,"""1080,803""",high
153.87142968177795,mouse_move,"""1132,758""",high
153.87716054916382,mouse_move,"""1168,727""",high
153.88321948051453,mouse_move,"""1187,710""",high
153.895405292511,mouse_move,"""1198,702""",high
153.90241885185242,mouse_move,"""1204,696""",high
153.90899777412415,mouse_move,"""1205,694""",high
153.91473817825317,mouse_move,"""1206,694""",high
153.92602920532227,mouse_move,"""1205,695""",high
153.93801617622375,mouse_move,"""1192,702""",high
153.94496321678162,mouse_move,"""1176,714""",high
153.95103454589844,mouse_move,"""1148,736""",high
153.9586582183838,mouse_move,"""1116,764""",high
153.9635078907013,mouse_move,"""1080,795""",high
153.97198486328125,mouse_move,"""1058,818""",high
153.98034715652466,mouse_move,"""1036,836""",high
153.98747396469116,mouse_move,"""1026,845""",high
153.99362325668335,mouse_move,"""1022,851""",high
153.99972891807556,mouse_move,"""1020,854""",high
154.00571537017822,mouse_move,"""1019,855""",high
154.0232801437378,mouse_move,"""1021,854""",high
154.03030967712402,mouse_move,"""1035,844""",high
154.03624320030212,mouse_move,"""1059,827""",high
154.04361128807068,mouse_move,"""1100,799""",high
154.05097079277039,mouse_move,"""1148,763""",high
154.05601906776428,mouse_move,"""1195,730""",high
154.06553888320923,mouse_move,"""1239,700""",high
154.07290506362915,mouse_move,"""1273,677""",high
154.07900047302246,mouse_move,"""1298,658""",high
154.08538818359375,mouse_move,"""1311,648""",high
154.09372520446777,mouse_move,"""1318,642""",high
154.09900951385498,mouse_move,"""1323,638""",high
154.10905528068542,mouse_move,"""1323,637""",high
154.12069511413574,mouse_move,"""1323,637""",high
154.12667751312256,mouse_move,"""1317,639""",high
154.13320970535278,mouse_move,"""1301,646""",high
154.14446806907654,mouse_move,"""1276,656""",high
154.15155005455017,mouse_move,"""1243,674""",high
154.15750646591187,mouse_move,"""1197,695""",high
154.16509294509888,mouse_move,"""1148,721""",high
154.17018055915833,mouse_move,"""1098,747""",high
154.17576956748962,mouse_move,"""1058,769""",high
154.18683123588562,mouse_move,"""1029,785""",high
154.1944761276245,mouse_move,"""1013,793""",high
154.20043277740479,mouse_move,"""1004,796""",high
154.20606756210327,mouse_move,"""1000,797""",high
154.21489787101746,mouse_move,"""999,797""",high
154.2182273864746,mouse_move,"""1001,790""",high
154.22965288162231,mouse_move,"""1016,769""",high
154.23665499687195,mouse_move,"""1047,733""",high
154.24292874336243,mouse_move,"""1094,684""",high
154.24921560287476,mouse_move,"""1153,630""",high
154.2546284198761,mouse_move,"""1215,579""",high
154.26078987121582,mouse_move,"""1274,527""",high
154.2718164920807,mouse_move,"""1319,489""",high
154.27942299842834,mouse_move,"""1344,468""",high
154.28550386428833,mouse_move,"""1355,457""",high
154.29148077964783,mouse_move,"""1357,454""",high
154.29713439941406,mouse_move,"""1356,454""",high
154.3083302974701,mouse_move,"""1344,461""",high
154.3153522014618,mouse_move,"""1310,484""",high
154.32202124595642,mouse_move,"""1249,533""",high
154.32801055908203,mouse_move,"""1173,595""",high
154.33386993408203,mouse_move,"""1085,664""",high
154.3395495414734,mouse_move,"""996,745""",high
154.35077333450317,mouse_move,"""903,829""",high
154.35830807685852,mouse_move,"""830,902""",high
154.36500334739685,mouse_move,"""774,958""",high
154.37195658683777,mouse_move,"""741,991""",high
154.3785707950592,mouse_move,"""725,1007""",high
154.3820812702179,mouse_move,"""720,1010""",high
154.4007921218872,mouse_move,"""729,1003""",high
154.40789914131165,mouse_move,"""747,981""",high
154.41446709632874,mouse_move,"""787,942""",high
154.42150616645813,mouse_move,"""839,897""",high
154.42914628982544,mouse_move,"""901,843""",high
154.43510627746582,mouse_move,"""963,794""",high
154.43908500671387,mouse_move,"""1021,748""",high
154.45078825950623,mouse_move,"""1069,710""",high
154.457927942276,mouse_move,"""1101,684""",high
154.46450066566467,mouse_move,"""1113,675""",high
154.47011518478394,mouse_move,"""1119,670""",high
154.4816861152649,mouse_move,"""1108,676""",high
154.49331665039062,mouse_move,"""1079,696""",high
154.5010154247284,mouse_move,"""1021,741""",high
154.506986618042,mouse_move,"""956,796""",high
154.51446509361267,mouse_move,"""883,863""",high
154.52157163619995,mouse_move,"""817,927""",high
154.52866530418396,mouse_move,"""766,983""",high
154.53344988822937,mouse_move,"""737,1012""",high
154.54320454597473,mouse_move,"""725,1027""",high
154.5494463443756,mouse_move,"""722,1030""",high
154.55593490600586,mouse_move,"""722,1030""",high
154.56399750709534,mouse_move,"""731,1024""",high
154.5680274963379,mouse_move,"""754,1002""",high
154.57919430732727,mouse_move,"""793,968""",high
154.58681917190552,mouse_move,"""841,926""",high
154.59401893615723,mouse_move,"""893,882""",high
154.60042095184326,mouse_move,"""951,839""",high
154.60676264762878,mouse_move,"""1000,800""",high
154.6124746799469,mouse_move,"""1038,766""",high
154.62261867523193,mouse_move,"""1063,747""",high
154.62554240226746,mouse_move,"""1071,738""",high
154.63383388519287,mouse_move,"""1072,734""",high
154.64370822906494,mouse_move,"""1068,734""",high
154.65071749687195,mouse_move,"""1050,739""",high
154.65675282478333,mouse_move,"""1011,758""",high
154.66329622268677,mouse_move,"""957,792""",high
154.66890692710876,mouse_move,"""889,839""",high
154.68003582954407,mouse_move,"""815,893""",high
154.68611478805542,mouse_move,"""743,954""",high
154.6921193599701,mouse_move,"""677,1012""",high
154.70083236694336,mouse_move,"""621,1063""",high
154.70692586898804,mouse_move,"""583,1097""",high
154.7124161720276,mouse_move,"""561,1115""",high
154.72203826904297,mouse_move,"""550,1124""",high
154.7252962589264,mouse_move,"""542,1129""",high
154.73665618896484,mouse_move,"""540,1130""",high
154.74376893043518,mouse_move,"""540,1129""",high
154.74984645843506,mouse_move,"""542,1122""",high
154.75598669052124,mouse_move,"""549,1108""",high
154.76260042190552,mouse_move,"""562,1087""",high
154.77059316635132,mouse_move,"""582,1056""",high
154.77935647964478,mouse_move,"""601,1032""",high
154.78676056861877,mouse_move,"""619,1010""",high
154.79296851158142,mouse_move,"""630,999""",high
154.80038452148438,mouse_move,"""640,990""",high
154.80412459373474,mouse_move,"""646,982""",high
154.81063508987427,mouse_move,"""651,976""",high
154.82205200195312,mouse_move,"""652,969""",high
154.82906126976013,mouse_move,"""652,959""",high
155.16225481033325,mouse_move,"""609,969""",high
155.16899585723877,mouse_move,"""545,987""",high
155.18007493019104,mouse_move,"""470,1010""",high
155.18714213371277,mouse_move,"""392,1036""",high
155.19416761398315,mouse_move,"""310,1065""",high
155.1999819278717,mouse_move,"""235,1091""",high
155.2060534954071,mouse_move,"""171,1111""",high
155.21212363243103,mouse_move,"""127,1121""",high
155.2233009338379,mouse_move,"""94,1127""",high
155.22787189483643,mouse_move,"""76,1129""",high
155.23466610908508,mouse_move,"""64,1126""",high
155.24048042297363,mouse_move,"""56,1119""",high
155.2516508102417,mouse_move,"""54,1111""",high
155.2587070465088,mouse_move,"""56,1097""",high
155.26470589637756,mouse_move,"""65,1076""",high
155.2725546360016,mouse_move,"""83,1049""",high
155.27691316604614,mouse_move,"""110,1017""",high
155.28759264945984,mouse_move,"""149,981""",high
155.2941598892212,mouse_move,"""197,945""",high
155.3005406856537,mouse_move,"""245,911""",high
155.3082823753357,mouse_move,"""296,877""",high
155.31593108177185,mouse_move,"""343,849""",high
155.322984457016,mouse_move,"""382,830""",high
155.32499837875366,mouse_move,"""411,816""",high
155.33745646476746,mouse_move,"""430,807""",high
155.34341311454773,mouse_move,"""444,800""",high
155.34975600242615,mouse_move,"""454,796""",high
155.35587096214294,mouse_move,"""460,793""",high
155.36578011512756,mouse_move,"""463,792""",high
155.37955808639526,mouse_move,"""462,792""",high
155.38598155975342,mouse_move,"""458,793""",high
155.39201617240906,mouse_move,"""448,799""",high
155.39818668365479,mouse_move,"""430,806""",high
155.4047496318817,mouse_move,"""403,821""",high
155.41624879837036,mouse_move,"""371,838""",high
155.42304754257202,mouse_move,"""335,854""",high
155.42846179008484,mouse_move,"""302,871""",high
155.43507289886475,mouse_move,"""279,883""",high
155.44425630569458,mouse_move,"""254,896""",high
155.45217490196228,mouse_move,"""240,900""",high
155.45844411849976,mouse_move,"""231,904""",high
155.4646430015564,mouse_move,"""227,904""",high
155.47143363952637,mouse_move,"""226,903""",high
155.47728371620178,mouse_move,"""230,896""",high
155.48739576339722,mouse_move,"""241,885""",high
155.49452328681946,mouse_move,"""260,871""",high
155.5020318031311,mouse_move,"""290,853""",high
155.50914216041565,mouse_move,"""326,836""",high
155.5141806602478,mouse_move,"""365,819""",high
155.52041053771973,mouse_move,"""397,805""",high
155.52813744544983,mouse_move,"""415,797""",high
155.53782033920288,mouse_move,"""429,793""",high
155.5438253879547,mouse_move,"""436,791""",high
155.5501971244812,mouse_move,"""439,790""",high
155.55600547790527,mouse_move,"""434,793""",high
155.57341837882996,mouse_move,"""418,805""",high
155.58039712905884,mouse_move,"""377,832""",high
155.58689665794373,mouse_move,"""326,871""",high
155.59381914138794,mouse_move,"""264,920""",high
155.60162544250488,mouse_move,"""199,975""",high
155.60408186912537,mouse_move,"""136,1038""",high
155.60408186912537,mouse_move,"""83,1091""",high
155.62172198295593,mouse_move,"""36,1140""",high
155.62172198295593,mouse_move,"""6,1173""",high
155.63739705085754,mouse_move,"""-7,1190""",high
155.63739705085754,mouse_move,"""-4,1198""",high
155.63739705085754,mouse_move,"""2,1201""",high
155.65345549583435,mouse_move,"""12,1198""",high
155.65345549583435,mouse_move,"""34,1194""",high
155.66923475265503,mouse_move,"""81,1183""",high
155.66923475265503,mouse_move,"""141,1171""",high
155.68487334251404,mouse_move,"""204,1158""",high
155.68487334251404,mouse_move,"""274,1146""",high
155.7006175518036,mouse_move,"""336,1141""",high
155.7006175518036,mouse_move,"""388,1137""",high
155.71644186973572,mouse_move,"""423,1135""",high
155.71940445899963,mouse_move,"""439,1137""",high
155.72575187683105,mouse_move,"""447,1142""",high
155.7383952140808,mouse_move,"""447,1150""",high
155.73989844322205,mouse_move,"""439,1168""",high
155.73989844322205,mouse_move,"""409,1209""",high
155.75563097000122,mouse_move,"""359,1267""",high
155.75563097000122,mouse_move,"""303,1277""",high
155.77141427993774,mouse_move,"""249,1277""",high
155.77141427993774,mouse_move,"""210,1272""",high
155.78741717338562,mouse_move,"""178,1256""",high
155.78741717338562,mouse_move,"""158,1241""",high
155.78741717338562,mouse_move,"""151,1223""",high
155.803320646286,mouse_move,"""150,1213""",high
155.803320646286,mouse_move,"""152,1206""",high
155.81897854804993,mouse_move,"""163,1202""",high
155.81897854804993,mouse_move,"""180,1197""",high
155.8352816104889,mouse_move,"""209,1188""",high
155.84100341796875,mouse_move,"""257,1175""",high
155.84100341796875,mouse_move,"""317,1158""",high
155.8565957546234,mouse_move,"""378,1141""",high
155.86622548103333,mouse_move,"""446,1121""",high
155.8717646598816,mouse_move,"""514,1100""",high
155.87866830825806,mouse_move,"""575,1081""",high
155.88689589500427,mouse_move,"""639,1061""",high
155.89515686035156,mouse_move,"""700,1047""",high
155.90218377113342,mouse_move,"""760,1030""",high
155.90812611579895,mouse_move,"""814,1015""",high
155.91498637199402,mouse_move,"""862,1002""",high
155.9235336780548,mouse_move,"""896,992""",high
155.9245321750641,mouse_move,"""924,983""",high
155.93799233436584,mouse_move,"""939,977""",high
155.94471883773804,mouse_move,"""949,973""",high
155.9505615234375,mouse_move,"""958,971""",high
155.9567847251892,mouse_move,"""962,969""",high
155.96275925636292,mouse_move,"""965,968""",high
155.97410130500793,mouse_move,"""967,967""",high
155.98093581199646,mouse_move,"""969,966""",high
155.99830842018127,mouse_move,"""969,965""",high
155.99830842018127,mouse_move,"""969,964""",high
156.01645517349243,mouse_move,"""967,964""",high
156.0236692428589,mouse_move,"""967,963""",high
156.02948594093323,mouse_move,"""966,961""",high
156.03578400611877,mouse_move,"""965,960""",high
156.03578400611877,mouse_move,"""964,957""",high
156.04787874221802,mouse_move,"""964,954""",high
156.05989146232605,mouse_move,"""964,949""",high
156.065815448761,mouse_move,"""964,944""",high
156.0720660686493,mouse_move,"""968,937""",high
156.07834267616272,mouse_move,"""972,928""",high
156.08393454551697,mouse_move,"""976,917""",high
156.0954098701477,mouse_move,"""982,906""",high
156.1023199558258,mouse_move,"""989,897""",high
156.1095974445343,mouse_move,"""996,886""",high
156.11625862121582,mouse_move,"""1002,874""",high
156.1206169128418,mouse_move,"""1006,865""",high
156.12643694877625,mouse_move,"""1010,856""",high
156.1384298801422,mouse_move,"""1012,849""",high
156.14471054077148,mouse_move,"""1013,844""",high
156.15088868141174,mouse_move,"""1011,838""",high
156.157817363739,mouse_move,"""1007,832""",high
156.16250491142273,mouse_move,"""998,825""",high
156.16982078552246,mouse_move,"""985,820""",high
156.18108129501343,mouse_move,"""963,815""",high
156.18720531463623,mouse_move,"""927,811""",high
156.19331312179565,mouse_move,"""886,809""",high
156.19952917099,mouse_move,"""831,811""",high
156.20541834831238,mouse_move,"""773,815""",high
156.2168414592743,mouse_move,"""717,820""",high
156.22371315956116,mouse_move,"""658,827""",high
156.22997307777405,mouse_move,"""603,834""",high
156.23836612701416,mouse_move,"""550,841""",high
156.24345874786377,mouse_move,"""500,850""",high
156.24965953826904,mouse_move,"""458,856""",high
156.25969123840332,mouse_move,"""429,860""",high
156.26616644859314,mouse_move,"""411,860""",high
156.27302265167236,mouse_move,"""399,860""",high
156.2798249721527,mouse_move,"""390,857""",high
156.28482913970947,mouse_move,"""387,851""",high
156.29044818878174,mouse_move,"""385,841""",high
156.30279517173767,mouse_move,"""389,824""",high
156.30919241905212,mouse_move,"""398,806""",high
156.31664276123047,mouse_move,"""420,778""",high
156.32122468948364,mouse_move,"""446,752""",high
156.32683444023132,mouse_move,"""481,721""",high
156.3381953239441,mouse_move,"""517,690""",high
156.34525513648987,mouse_move,"""558,660""",high
156.3512544631958,mouse_move,"""598,633""",high
156.35864210128784,mouse_move,"""632,612""",high
156.36641669273376,mouse_move,"""665,596""",high
156.36935782432556,mouse_move,"""681,587""",high
156.3808536529541,mouse_move,"""690,582""",high
156.38760638237,mouse_move,"""696,578""",high
156.39364004135132,mouse_move,"""696,577""",high
156.39984345436096,mouse_move,"""696,577""",high
156.41579747200012,mouse_move,"""694,579""",high
156.42328143119812,mouse_move,"""685,583""",high
156.43015789985657,mouse_move,"""671,590""",high
156.43613839149475,mouse_move,"""650,603""",high
156.4424078464508,mouse_move,"""626,617""",high
156.4483141899109,mouse_move,"""609,628""",high
156.45434188842773,mouse_move,"""599,636""",high
156.46632647514343,mouse_move,"""594,639""",high
156.47263073921204,mouse_move,"""591,642""",high
156.47854590415955,mouse_move,"""591,643""",high
156.50027132034302,mouse_move,"""591,644""",high
156.5092794895172,mouse_move,"""593,644""",high
156.51515412330627,mouse_move,"""602,645""",high
156.52117824554443,mouse_move,"""623,646""",high
156.5272934436798,mouse_move,"""654,646""",high
156.5362846851349,mouse_move,"""699,651""",high
156.5395679473877,mouse_move,"""748,655""",high
156.5517611503601,mouse_move,"""800,662""",high
156.55783700942993,mouse_move,"""843,670""",high
156.5636601448059,mouse_move,"""870,676""",high
156.5696291923523,mouse_move,"""883,678""",high
156.575829744339,mouse_move,"""892,681""",high
156.58706259727478,mouse_move,"""896,682""",high
156.59391617774963,mouse_move,"""898,684""",high
156.59999990463257,mouse_move,"""899,685""",high
156.6061873435974,mouse_move,"""900,685""",high
156.6120731830597,mouse_move,"""901,686""",high
156.6120731830597,mouse_move,"""901,688""",high
156.62965393066406,mouse_move,"""901,689""",high
156.6364574432373,mouse_move,"""902,692""",high
156.64253401756287,mouse_move,"""902,693""",high
156.6486177444458,mouse_move,"""903,699""",high
156.6547384262085,mouse_move,"""904,701""",high
156.6609287261963,mouse_move,"""905,708""",high
156.67294812202454,mouse_move,"""908,715""",high
156.67903447151184,mouse_move,"""912,721""",high
156.68519115447998,mouse_move,"""914,725""",high
162.70369505882263,key_press,'s',high
162.87578988075256,key_press,'a',high
163.08673214912415,key_press,'r',high
163.2627670764923,key_press,'l',high
163.38523507118225,key_press,'e',high
163.5704357624054,key_press,Key.space,high
163.95208764076233,key_press,'r',high
164.0946490764618,key_press,'a',high
164.25007820129395,key_press,Key.space,high
164.89690852165222,mouse_move,"""915,725""",high
166.43491625785828,key_press,'a',high
166.88965368270874,key_press,'y',high
167.1081621646881,key_press,'i',high
167.48297786712646,key_press,'t',high
167.59430766105652,key_press,'h',high
167.80040621757507,key_press,'e',high
167.9991273880005,key_press,Key.space,high
169.61012244224548,key_press,'n',high
169.7668604850769,key_press,'e',high
169.91403198242188,key_press,'n',high
170.12092757225037,key_press,'u',high
170.3370020389557,key_press,Key.space,high
170.36214065551758,key_press,Key.space,high
170.78536009788513,key_press,'v',high
170.9906461238861,key_press,'e',high
171.1831293106079,key_press,'l',high
171.4275779724121,key_press,'t',high
171.61469435691833,key_press,'h',high
171.72554969787598,key_press,'a',high
171.91790294647217,key_press,Key.space,high
171.94456100463867,key_press,Key.space,high
172.76127886772156,key_press,'e',high
173.10001921653748,key_press,Key.space,high
173.73853397369385,mouse_move,"""915,725""",high
173.75470614433289,mouse_move,"""916,725""",high
173.81915259361267,mouse_move,"""917,725""",high
173.82592725753784,mouse_move,"""917,725""",high
173.82803392410278,mouse_move,"""918,725""",high
175.03410601615906,key_press,'b',high
176.3627507686615,key_press,'y',high
176.86073184013367,key_press,'e',high
177.2157826423645,key_press,'e',high
177.85436487197876,key_press,'e',high
180.85720133781433,key_press,Key.ctrl_l,high
181.3219873905182,key_press,'\x03',high
4.898780584335327,key_press,'t',high
5.596635103225708,key_press,'h',high
5.861151695251465,key_press,'e',high
6.082580089569092,key_press,Key.space,high
8.696772336959839,key_press,'s',high
8.929672002792358,key_press,'t',high
9.092947721481323,key_press,'a',high
9.398795127868652,key_press,'c',high
9.621621131896973,key_press,'k',high
10.013697147369385,key_press,'i',high
10.257283687591553,key_press,'s',high
10.428359746932983,key_press,Key.space,high
11.521265506744385,key_press,'i',high
11.732685565948486,key_press,'s',high
11.988303184509277,key_press,Key.space,high
12.158953428268433,key_press,'a',high
12.339139699935913,key_press,Key.space,high
13.01709508895874,key_press,'h',high
13.194589138031006,key_press,'o',high
14.272886514663696,key_press,'m',high
14.4447762966156,key_press,'o',high
14.745206356048584,key_press,'g',high
14.946261882781982,key_press,'e',high
15.280389070510864,key_press,'n',high
15.425818920135498,key_press,'o',high
15.797887325286865,key_press,'u',high
15.959125280380249,key_press,'s',high
16.133918046951294,key_press,Key.space,high
16.626200437545776,key_press,'d',high
16.785371780395508,key_press,'a',high
17.02804207801819,key_press,'t',high
17.191049337387085,key_press,'a',high
17.39707922935486,key_press,Key.space,high
19.04999589920044,key_press,'w',high
19.26482844352722,key_press,'h',high
19.517303943634033,key_press,'e',high
19.7698335647583,key_press,'r',high
20.023564100265503,key_press,'e',high
20.167500734329224,key_press,Key.space,high
20.347073554992676,key_press,'t',high
20.50887155532837,key_press,'h',high
20.827306985855103,key_press,'e',high
20.987851858139038,key_press,Key.space,high
29.072354078292847,key_press,'d',high
29.231913328170776,key_press,'a',high
29.49835443496704,key_press,'t',high
29.70608901977539,key_press,'a',high
29.950413942337036,key_press,Key.space,high
29.98921847343445,key_press,Key.space,high
30.433475494384766,key_press,'c',high
30.639856338500977,key_press,'a',high
30.782750844955444,key_press,'n',high
30.956979274749756,key_press,Key.space,high
31.23909831047058,key_press,'b',high
31.38170862197876,key_press,'e',high
31.588193893432617,key_press,Key.space,high
33.52178907394409,key_press,'d',high
33.93553900718689,key_press,'e',high
34.067529916763306,key_press,'l',high
34.24534320831299,key_press,'e',high
34.94045305252075,key_press,'t',high
35.16610527038574,key_press,'e',high
35.403138875961304,key_press,'d',high
35.632949113845825,key_press,Key.space,high
36.14004135131836,key_press,'o',high
36.39630675315857,key_press,'r',high
36.595848083496094,key_press,Key.space,high
37.34289240837097,key_press,'i',high
37.54104447364807,key_press,'n',high
38.39532923698425,key_press,'s',high
38.62302589416504,key_press,'e',high
38.849106788635254,key_press,'r',high
39.12322807312012,key_press,'t',high
39.358736991882324,key_press,'e',high
39.571173906326294,key_press,'d',high
39.780577659606934,key_press,Key.space,high
39.800360441207886,key_press,Key.space,high
40.033573389053345,key_press,'i',high
40.211732625961304,key_press,'n',high
40.40226697921753,key_press,Key.space,high
57.53087830543518,key_press,'j',high
57.698086977005005,key_press,'i',high
58.16070747375488,key_press,'n',high
58.889848470687866,key_press,'k',high
59.22346305847168,key_press,'e',high
59.4502227306366,key_press,Key.space,high
59.665531158447266,key_press,'d',high
60.347004652023315,key_press,'j',high
60.79323124885559,key_press,'g',high
60.951289892196655,key_press,'o',high
61.169633626937866,key_press,'d',high
61.422043800354004,key_press,'n',high
61.69355511665344,key_press,'w',high
62.49069809913635,key_press,'j',high
63.788533210754395,key_press,'n',high
64.07492327690125,key_press,'j',high
64.29206585884094,key_press,'s',high
64.45081806182861,key_press,'p',high
64.68948864936829,key_press,'d',high
64.77871489524841,key_press,'k',high
65.05013394355774,key_press,'e',high
65.41580367088318,key_press,Key.space,high
66.1688621044159,mouse_move,"""504,1119""",high
66.1802990436554,mouse_move,"""505,1119""",high
66.22248768806458,mouse_move,"""506,1119""",high
66.23832583427429,mouse_move,"""507,1119""",high
66.25355529785156,mouse_move,"""507,1119""",high
66.26875877380371,mouse_move,"""507,1119""",high
66.31868815422058,mouse_move,"""508,1119""",high
66.49673819541931,mouse_move,"""509,1119""",high
66.70614862442017,mouse_move,"""509,1119""",high
66.70614862442017,mouse_move,"""509,1119""",high
66.75472116470337,mouse_move,"""509,1118""",high
67.01737666130066,mouse_move,"""509,1117""",high
67.18880915641785,mouse_move,"""509,1117""",high
67.35709023475647,mouse_move,"""509,1116""",high
67.41904330253601,mouse_move,"""510,1116""",high
67.4585473537445,mouse_move,"""510,1115""",high
67.77223610877991,mouse_move,"""510,1115""",high
68.35433006286621,mouse_move,"""510,1114""",high
68.68390035629272,mouse_move,"""510,1113""",high
68.94036364555359,mouse_move,"""510,1112""",high
69.32559871673584,mouse_move,"""510,1112""",high
69.42214012145996,mouse_move,"""510,1113""",high
69.4468834400177,mouse_move,"""510,1114""",high
69.45817518234253,mouse_move,"""510,1114""",high
69.46376419067383,mouse_move,"""511,1116""",high
69.49979329109192,mouse_move,"""511,1117""",high
69.5440731048584,mouse_move,"""511,1117""",high
69.57584810256958,mouse_move,"""512,1118""",high
69.60722947120667,mouse_move,"""512,1119""",high
69.8815484046936,mouse_move,"""512,1119""",high
69.89749956130981,mouse_move,"""512,1118""",high
69.9454619884491,mouse_move,"""512,1118""",high
69.98861742019653,mouse_move,"""512,1117""",high
70.10445046424866,mouse_move,"""512,1116""",high
70.26828813552856,mouse_move,"""512,1115""",high
70.38001298904419,mouse_move,"""512,1115""",high
70.44335651397705,mouse_move,"""512,1115""",high
70.46580243110657,mouse_move,"""511,1115""",high
70.6116635799408,mouse_move,"""511,1114""",high
71.70779848098755,mouse_move,"""511,1113""",high
72.8971300125122,mouse_move,"""511,1113""",high
73.73410725593567,mouse_move,"""510,1113""",high
75.55263209342957,mouse_move,"""510,1113""",high
76.27781653404236,mouse_move,"""510,1113""",high
76.66031885147095,mouse_move,"""510,1113""",high
79.2121729850769,mouse_move,"""511,1113""",high
79.22540593147278,mouse_move,"""512,1113""",high
79.23332118988037,mouse_move,"""512,1114""",high
79.24855279922485,mouse_move,"""512,1114""",high
79.82548832893372,key_press,'s',high
79.96837615966797,key_press,'o',high
80.53017830848694,key_press,Key.space,high
80.70563912391663,key_press,'t',high
81.35235452651978,key_press,'h',high
81.46371078491211,key_press,'e',high
81.59600305557251,key_press,Key.space,high
82.08151650428772,key_press,'s',high
82.52818751335144,key_press,'t',high
82.74819850921631,key_press,'a',high
83.07249069213867,key_press,'c',high
83.27089214324951,key_press,'k',high
84.20918822288513,key_press,Key.space,high
84.38440179824829,key_press,'i',high
84.59065437316895,key_press,'s',high
84.77552723884583,key_press,Key.space,high
84.9456114768982,key_press,'a',high
85.18702840805054,key_press,Key.space,high
85.2156662940979,key_press,Key.space,high
86.03281497955322,key_press,'l',high
86.22565650939941,key_press,'a',high
86.43609499931335,key_press,'s',high
86.71081066131592,key_press,'t',high
87.3390383720398,key_press,Key.space,high
87.36416101455688,key_press,Key.space,high
87.51714706420898,key_press,'i',high
87.67846465110779,key_press,'n',high
87.88788771629333,key_press,Key.space,high
88.2952835559845,key_press,'f',high
88.40274286270142,key_press,'i',high
88.57077312469482,key_press,'e',high
89.23650527000427,mouse_move,"""512,1114""",high
89.2727837562561,mouse_move,"""513,1114""",high
89.28979969024658,mouse_move,"""513,1114""",high
89.29404282569885,mouse_move,"""514,1112""",high
89.30378890037537,mouse_move,"""515,1107""",high
89.31119513511658,mouse_move,"""515,1102""",high
89.31847810745239,mouse_move,"""515,1094""",high
89.32597088813782,mouse_move,"""515,1082""",high
89.3323175907135,mouse_move,"""515,1072""",high
89.33775329589844,mouse_move,"""515,1060""",high
89.34471440315247,mouse_move,"""515,1048""",high
89.34980392456055,mouse_move,"""513,1037""",high
89.34980392456055,key_press,Key.backspace,high
89.3609311580658,mouse_move,"""512,1025""",high
89.36844849586487,mouse_move,"""509,1013""",high
89.46535754203796,key_press,'r',high
89.66527438163757,key_press,'s',high
89.87388777732849,key_press,'t',high
90.10845923423767,key_press,Key.space,high
91.65324282646179,key_press,'o',high
91.93566179275513,key_press,'u',high
92.14208006858826,key_press,'t',high
92.34492540359497,key_press,Key.space,high
92.97923016548157,mouse_move,"""509,1013""",high
92.97923016548157,mouse_move,"""510,1013""",high
93.03124141693115,mouse_move,"""510,1013""",high
93.060715675354,mouse_move,"""511,1013""",high
93.0923855304718,mouse_move,"""512,1013""",high
93.10012531280518,mouse_move,"""512,1013""",high
93.10623741149902,mouse_move,"""512,1013""",high
93.12979626655579,mouse_move,"""512,1015""",high
93.17269277572632,mouse_move,"""512,1016""",high
93.22808527946472,mouse_move,"""512,1016""",high
93.23011088371277,mouse_move,"""512,1017""",high
93.24553084373474,mouse_move,"""512,1018""",high
94.57916951179504,mouse_move,"""512,1018""",high
94.59522223472595,mouse_move,"""513,1017""",high
94.60921382904053,mouse_move,"""513,1017""",high
94.6429398059845,mouse_move,"""513,1017""",high
94.6744225025177,mouse_move,"""513,1017""",high
94.72318053245544,mouse_move,"""513,1016""",high
94.79923510551453,mouse_move,"""513,1015""",high
94.81174516677856,mouse_move,"""513,1014""",high
94.851003408432,mouse_move,"""513,1014""",high
94.8667004108429,mouse_move,"""513,1013""",high
94.87866067886353,mouse_move,"""513,1012""",high
94.90271091461182,mouse_move,"""513,1012""",high
94.90384316444397,mouse_move,"""513,1011""",high
94.92423295974731,mouse_move,"""512,1010""",high
94.93286204338074,mouse_move,"""511,1009""",high
94.94529581069946,mouse_move,"""511,1009""",high
94.96937394142151,mouse_move,"""511,1008""",high
95.02795696258545,mouse_move,"""511,1008""",high
95.07550573348999,mouse_move,"""511,1008""",high
95.07550573348999,mouse_move,"""511,1008""",high
95.0912413597107,mouse_move,"""512,1008""",high
95.10906887054443,mouse_move,"""512,1009""",high
95.11725091934204,mouse_move,"""512,1010""",high
95.13153076171875,mouse_move,"""513,1011""",high
95.25503087043762,mouse_move,"""513,1011""",high
95.2710063457489,mouse_move,"""513,1011""",high
95.30321860313416,mouse_move,"""513,1012""",high
95.32173156738281,mouse_move,"""512,1012""",high
95.35500955581665,mouse_move,"""511,1012""",high
95.38230061531067,mouse_move,"""511,1012""",high
95.39923405647278,mouse_move,"""510,1012""",high
95.42969107627869,mouse_move,"""509,1012""",high
95.4465262889862,mouse_move,"""509,1011""",high
95.45348143577576,mouse_move,"""507,1011""",high
95.4607446193695,mouse_move,"""507,1010""",high
95.46814966201782,mouse_move,"""506,1009""",high
95.48155379295349,mouse_move,"""506,1009""",high
95.48548698425293,mouse_move,"""504,1009""",high
95.49663305282593,mouse_move,"""503,1009""",high
95.5036883354187,mouse_move,"""503,1009""",high
95.5099287033081,mouse_move,"""502,1009""",high
95.5179512500763,mouse_move,"""501,1008""",high
95.52559733390808,mouse_move,"""501,1008""",high
95.53412365913391,mouse_move,"""500,1008""",high
95.54675531387329,mouse_move,"""500,1007""",high
95.55333042144775,mouse_move,"""499,1007""",high
95.56438708305359,mouse_move,"""498,1007""",high
95.58262753486633,mouse_move,"""498,1007""",high
95.64563322067261,mouse_move,"""498,1007""",high
95.64563322067261,mouse_move,"""499,1007""",high
95.6680040359497,mouse_move,"""500,1007""",high
95.67556500434875,mouse_move,"""500,1008""",high
95.68218278884888,mouse_move,"""501,1008""",high
95.6918351650238,mouse_move,"""502,1008""",high
95.70579314231873,key_press,'a',high
96.00966620445251,key_press,'n',high
96.11923098564148,key_press,'d',high
96.2978777885437,key_press,Key.space,high
97.08270192146301,key_press,'q',high
97.35305285453796,key_press,'u',high
97.50387525558472,key_press,'e',high
97.67880058288574,key_press,'u',high
98.26149106025696,key_press,Key.space,high
98.41659665107727,key_press,'i',high
98.56106352806091,key_press,'s',high
98.68987131118774,key_press,Key.space,high
98.81716990470886,key_press,'a',high
99.02779150009155,key_press,Key.space,high
100.35713410377502,key_press,'g',high
100.757408618927,key_press,Key.backspace,high
100.88951563835144,key_press,'f',high
101.01554822921753,key_press,'i',high
101.25928115844727,key_press,'r',high
101.51543855667114,key_press,'s',high
102.39183974266052,key_press,'t',high
102.60174512863159,key_press,Key.space,high
103.05375933647156,key_press,'i',high
103.20666575431824,key_press,'n',high
103.39934372901917,key_press,Key.space,high
114.87251114845276,key_press,'f',high
115.27891206741333,key_press,'i',high
115.45731329917908,key_press,'r',high
115.64674282073975,key_press,'s',high
115.87350606918335,key_press,'t',high
116.07478833198547,key_press,Key.space,high
117.0297200679779,key_press,'o',high
117.25803589820862,key_press,'u',high
117.50073671340942,key_press,'t',high
117.62921833992004,key_press,Key.space,high
118.4734582901001,key_press,'s',high
118.90480160713196,key_press,'o',high
119.14814257621765,key_press,Key.space,high
119.35341000556946,key_press,'t',high
119.51545095443726,key_press,'h',high
119.6425461769104,key_press,'e',high
119.8189468383789,key_press,Key.space,high
121.26257920265198,key_press,'d',high
121.75337648391724,key_press,'i',high
121.99103546142578,key_press,'f',high
122.17031836509705,key_press,'f',high
122.3786690235138,key_press,'e',high
122.52016258239746,key_press,'r',high
122.71251225471497,key_press,'e',high
123.75387001037598,key_press,'n',high
124.32748007774353,key_press,'c',high
124.64580368995667,key_press,'e',high
124.99358201026917,key_press,'s',high
125.28009581565857,key_press,Key.space,high
125.62957429885864,key_press,'o',high
125.9470705986023,key_press,'n',high
126.70090007781982,key_press,'s',high
126.87764477729797,key_press,Key.space,high
127.30078172683716,key_press,'t',high
127.63291001319885,key_press,'h',high
127.84395480155945,key_press,'a',high
128.17888617515564,key_press,'t',high
128.47105479240417,key_press,Key.space,high
129.24625205993652,key_press,'i',high
129.5272786617279,key_press,'t',high
129.85903096199036,key_press,Key.space,high
129.89545345306396,key_press,Key.space,high
130.32003378868103,key_press,'c',high
130.63787078857422,key_press,'a',high
130.91242218017578,key_press,'n',high
131.2601592540741,key_press,Key.space,high
131.6952350139618,key_press,'b',high
132.04981756210327,key_press,'e',high
132.6952645778656,key_press,Key.space,high
140.85130190849304,key_press,'u',high
141.31702518463135,key_press,'s',high
141.5258514881134,key_press,'e',high
141.7349226474762,key_press,'d',high
141.92533206939697,key_press,Key.space,high
142.20252132415771,key_press,'i',high
142.4128119945526,key_press,'n',high
142.81370067596436,key_press,Key.space,high
143.33756279945374,key_press,'d',high
143.7379584312439,key_press,'s',high
144.00602889060974,key_press,'a',high
144.2488453388214,key_press,Key.space,high
144.7519896030426,key_press,'s',high
144.9381935596466,key_press,'u',high
145.2148518562317,key_press,'b',high
146.2067129611969,key_press,'j',high
146.6716480255127,key_press,'e',high
147.1211178302765,key_press,'c',high
147.58638882637024,key_press,'t',high
148.12806844711304,key_press,Key.space,high
150.13178133964539,key_press,'s',high
150.7172167301178,key_press,'o',high
151.0133228302002,key_press,Key.space,high
151.72375202178955,key_press,'t',high
152.04484462738037,key_press,'h',high
152.27532124519348,key_press,'e',high
152.61624765396118,key_press,Key.space,high
153.09444570541382,key_press,'c',high
153.80463242530823,key_press,'o',high
154.2840073108673,key_press,'n',high
154.72071766853333,key_press,'c',high
155.10409879684448,key_press,'l',high
155.94890093803406,key_press,'u',high
156.39648985862732,key_press,'s',high
156.9103546142578,key_press,'i',high
157.40185070037842,key_press,'o',high
157.84298610687256,key_press,'n',high
158.3089599609375,key_press,Key.space,high
158.76375126838684,key_press,'i',high
159.17345809936523,key_press,'s',high
159.69605922698975,key_press,Key.space,high
160.11989760398865,key_press,'t',high
160.619775056839,key_press,'h',high
161.08667540550232,key_press,'a',high
161.65125846862793,key_press,'t',high
162.1689658164978,key_press,Key.space,high
167.87394404411316,key_press,'t',high
168.58609986305237,key_press,'h',high
168.88791251182556,key_press,'e',high
169.1814386844635,key_press,'s',high
169.39278602600098,key_press,'e',high
169.69915223121643,key_press,Key.space,high
170.1203203201294,key_press,'c',high
170.34525990486145,key_press,'a',high
170.64961624145508,key_press,'n',high
170.88529300689697,key_press,Key.space,high
171.2086832523346,key_press,'b',high
171.4324119091034,key_press,'e',high
171.644038438797,key_press,Key.space,high
172.31850790977478,key_press,'a',high
172.5605731010437,key_press,Key.space,high
172.98320508003235,key_press,'g',high
174.31627774238586,key_press,'r',high
174.60714673995972,key_press,'e',high
174.9886028766632,key_press,'a',high
175.30167603492737,key_press,'t',high
175.62430143356323,key_press,Key.space,high
177.60635256767273,key_press,'t',high
178.06560373306274,key_press,'y',high
178.73921942710876,key_press,'p',high
179.23131465911865,key_press,'e',high
179.98208332061768,key_press,Key.space,high
184.13555908203125,key_press,'i',high
184.42011904716492,key_press,'n',high
184.74176669120789,key_press,Key.space,high
185.23206496238708,key_press,'d',high
185.51712226867676,key_press,'s',high
185.81176352500916,key_press,'a',high
185.96237969398499,key_press,Key.space,high
186.61338543891907,key_press,Key.enter,high
187.17983651161194,key_press,Key.ctrl_l,high
187.49751472473145,key_press,'\x03',high
2.8581700325012207,key_press,'h',high
2.9528980255126953,key_press,'i',high
3.342991828918457,key_press,Key.space,high
3.869413137435913,key_press,'i',high
4.131317138671875,key_press,Key.space,high
5.156261444091797,key_press,'n',high
5.295436859130859,key_press,'a',high
5.468929767608643,key_press,'m',high
5.704850435256958,key_press,'e',high
5.83228063583374,key_press,Key.space,high
6.545844316482544,key_press,'i',high
6.780449867248535,key_press,'s',high
7.01439642906189,key_press,Key.space,high
7.2169106006622314,key_press,'a',high
8.014591217041016,key_press,'b',high
8.513723373413086,key_press,'h',high
8.95167851448059,key_press,'i',high
9.2369384765625,key_press,'r',high
9.345934867858887,key_press,'a',high
9.717195987701416,key_press,'m',high
9.934387445449829,key_press,Key.space,high
13.093166589736938,key_press,'i',high
13.438151836395264,key_press,Key.space,high
13.70394492149353,key_press,'a',high
13.963547229766846,key_press,'m',high
14.218191623687744,key_press,Key.space,high
14.48444652557373,key_press,'s',high
14.859520196914673,key_press,'t',high
15.161441326141357,key_press,'u',high
15.32747507095337,key_press,'d',high
15.580765962600708,key_press,'e',high
15.781602144241333,key_press,'n',high
16.893182516098022,key_press,'t',high
17.127556324005127,key_press,Key.space,high
17.452029705047607,key_press,'i',high
17.739579916000366,key_press,'n',high
17.975745677947998,key_press,Key.space,high
18.31091070175171,key_press,'a',high
18.768548488616943,key_press,'m',high
18.905306100845337,key_press,'r',high
19.140821933746338,key_press,'i',high
19.33128309249878,key_press,'t',high
19.47737979888916,key_press,'a',high
19.764912843704224,key_press,Key.space,high
21.642755031585693,key_press,'s',high
21.672781705856323,key_press,'s',high
21.947214603424072,key_press,'o',high
22.25312829017639,key_press,Key.space,high
22.886839628219604,key_press,'i',high
23.233085870742798,key_press,Key.space,high
23.539607763290405,key_press,'h',high
23.654342889785767,key_press,'a',high
23.976460218429565,key_press,'v',high
24.378758907318115,key_press,'e',high
24.546393156051636,key_press,Key.space,high
25.073302507400513,key_press,Key.space,high
25.09770965576172,key_press,'a',high
27.244736433029175,key_press,'a',high
27.49047565460205,key_press,Key.space,high
35.65859031677246,key_press,'s',high
35.997180223464966,key_press,'c',high
36.31767773628235,key_press,'i',high
36.64904594421387,key_press,'k',high
37.030871629714966,key_press,'n',high
37.251280546188354,key_press,'e',high
37.56191396713257,key_press,'s',high
37.90815258026123,key_press,'s',high
38.184675216674805,key_press,Key.space,high
38.63192653656006,key_press,'o',high
39.07619595527649,key_press,'f',high
39.440589427948,key_press,Key.space,high
39.89169478416443,key_press,'d',high
40.25619840621948,key_press,'o',high
40.65388512611389,key_press,'i',high
41.54913640022278,key_press,'n',high
41.87470865249634,key_press,'g',high
42.3943932056427,key_press,Key.space,high
43.1737756729126,key_press,'i',high
43.90698599815369,key_press,'t',high
44.92263102531433,key_press,Key.space,high
46.438169956207275,key_press,'s',high
46.87534189224243,key_press,'o',high
47.297027587890625,key_press,Key.space,high
48.46679353713989,key_press,'i',high
48.98745918273926,key_press,Key.space,high
49.79920697212219,key_press,'a',high
50.21828889846802,key_press,'m',high
51.11373209953308,key_press,Key.space,high
53.21381497383118,key_press,'d',high
53.49931263923645,key_press,'o',high
54.042688608169556,key_press,'i',high
54.92113637924194,key_press,'n',high
55.332462549209595,key_press,'g',high
55.622501373291016,key_press,Key.space,high
55.88882517814636,key_press,'w',high
57.10930943489075,key_press,'h',high
57.54613757133484,key_press,'a',high
58.076483964920044,key_press,'t',high
58.09257507324219,key_press,'g',high
58.730015993118286,key_press,Key.space,high
59.137470722198486,key_press,'i',high
59.603509187698364,key_press,Key.space,high
59.95229721069336,key_press,'c',high
60.68291974067688,key_press,'a',high
61.256614446640015,key_press,'n',high
61.67561316490173,key_press,Key.space,high
63.420368909835815,key_press,'s',high
64.43683052062988,key_press,'i',high
64.8689033985138,key_press,Key.space,high
65.16059350967407,key_press,'a',high
65.60874056816101,key_press,'m',high
66.26187801361084,key_press,Key.space,high
66.92142105102539,key_press,'s',high
67.7342414855957,key_press,'o',high
68.51722240447998,key_press,Key.space,high
71.09501242637634,key_press,'s',high
71.4943904876709,key_press,'l',high
71.82714366912842,key_press,'o',high
72.15454530715942,key_press,'w',high
72.53153848648071,key_press,Key.space,high
73.67957401275635,key_press,'i',high
74.11981534957886,key_press,'n',high
74.50199174880981,key_press,Key.space,high
74.89016032218933,key_press,'l',high
75.30868792533875,key_press,'e',high
75.75050973892212,key_press,'a',high
76.18163752555847,key_press,'r',high
76.61282300949097,key_press,'n',high
77.69590520858765,key_press,'i',high
78.16656708717346,key_press,'n',high
78.6563606262207,key_press,'g',high
79.29759550094604,key_press,Key.space,high
79.8107693195343,key_press,'i',high
80.31072783470154,key_press,Key.space,high
81.1590735912323,key_press,'g',high
81.77803158760071,key_press,'u',high
82.07578110694885,key_press,'e',high
82.79669785499573,key_press,'s',high
83.37967348098755,key_press,'s',high
83.98266458511353,key_press,Key.space,high
84.62405395507812,key_press,'i',high
85.07989621162415,key_press,Key.space,high
85.57989978790283,key_press,'d',high
86.09364032745361,key_press,'i',high
86.83695220947266,key_press,'n',high
87.55289149284363,key_press,'t',high
88.03097081184387,key_press,Key.space,high
88.91465210914612,key_press,'k',high
89.43671464920044,key_press,'n',high
90.42096138000488,key_press,'o',high
90.63868427276611,key_press,'w',high
91.12852740287781,key_press,Key.space,high
106.6104097366333,key_press,'s',high
107.25614356994629,key_press,'o',high
108.0338704586029,key_press,Key.space,high
108.4261577129364,key_press,'i',high
108.79620265960693,key_press,Key.space,high
109.38647198677063,key_press,'g',high
109.83483386039734,key_press,'u',high
110.28233814239502,key_press,'e',high
110.56860780715942,key_press,'s',high
110.78076076507568,key_press,'s',high
111.01554322242737,key_press,Key.space,high
114.812002658844,key_press,'i',high
115.59475827217102,key_press,'h',high
117.56655550003052,key_press,'m',high
118.18670916557312,key_press,'a',high
119.09471607208252,key_press,'r',high
119.87642168998718,key_press,'i',high
120.57097220420837,key_press,'h',high
121.85910677909851,key_press,'b',high
122.57820630073547,key_press,'a',high
124.18646669387817,key_press,'o',high
124.65007066726685,key_press,'s',high
126.54762053489685,key_press,'m',high
127.1548969745636,key_press,'a',high
128.09539794921875,key_press,'i',high
129.23855066299438,key_press,Key.space,high
130.20238733291626,key_press,'g',high
132.76732563972473,key_press,'n',high
133.68574905395508,key_press,'o',high
135.21064949035645,key_press,Key.backspace,high
135.68048691749573,key_press,'i',high
136.1843979358673,key_press,'o',high
136.65964365005493,key_press,'g',high
136.94116258621216,key_press,Key.space,high
137.8357217311859,key_press,'o',high
138.34410691261292,key_press,'t',high
138.60651445388794,key_press,Key.space,high
140.33447313308716,key_press,'e',high
140.99223613739014,key_press,'g',high
141.59437537193298,key_press,'e',high
142.32304048538208,key_press,'l',high
143.069109916687,key_press,'l',high
144.14202165603638,key_press,'o',high
145.01831078529358,key_press,'c',high
145.75287175178528,key_press,Key.space,high
156.15452527999878,key_press,'y',high
156.79747247695923,key_press,'m',high
157.25141739845276,key_press,Key.space,high
157.6749448776245,key_press,'s',high
158.23753690719604,key_press,'l',high
158.76661682128906,key_press,'i',high
159.43286061286926,key_press,'a',high
159.75271201133728,key_press,'s',high
160.2976734638214,key_press,Key.space,high
161.35942912101746,key_press,'a',high
162.98521184921265,key_press,'e',high
163.21900844573975,key_press,'r',high
163.54602551460266,key_press,'a',high
163.88943672180176,key_press,Key.space,high
164.92238688468933,key_press,'k',high
165.19286632537842,key_press,'e',high
165.99949026107788,key_press,'n',high
166.76304507255554,key_press,'b',high
167.23158383369446,key_press,'r',high
167.47171926498413,key_press,'o',high
167.9144425392151,key_press,Key.space,high
169.25272870063782,key_press,'o',high
169.39064264297485,key_press,'s',high
169.74955582618713,key_press,Key.space,high
170.57642459869385,key_press,'i',high
170.98343539237976,key_press,Key.space,high
177.5622546672821,key_press,'l',high
178.5450360774994,key_press,'a',high
178.9649646282196,key_press,'o',high
179.5291314125061,key_press,'d',high
180.4518165588379,key_press,'n',high
181.12064814567566,key_press,'k',high
181.15253829956055,key_press,'i',high
181.59747338294983,key_press,'d',high
182.26414823532104,key_press,'v',high
183.01579928398132,key_press,'o',high
183.3744411468506,key_press,'w',high
183.98732113838196,key_press,Key.space,high
184.62709951400757,key_press,'i',high
185.03474831581116,key_press,'d',high
185.29962611198425,key_press,'o',high
185.3293535709381,key_press,'l',high
185.6035463809967,key_press,'s',high
185.797837972641,key_press,'p',high
186.26680827140808,key_press,'v',high
186.40459656715393,key_press,'d',high
186.98416686058044,key_press,'i',high
187.40614581108093,key_press,'j',high
187.842946767807,key_press,Key.space,high
188.6120867729187,key_press,'n',high
189.26816582679749,key_press,'b',high
189.8155448436737,key_press,'e',high
190.21874070167542,key_press,'k',high
190.72197484970093,key_press,'j',high
191.30981421470642,key_press,'s',high
191.7817361354828,key_press,'c',high
192.09197807312012,key_press,'n',high
192.29557037353516,key_press,'a',high
192.62417483329773,key_press,Key.space,high
201.48307752609253,key_press,Key.ctrl_l,high
201.7291030883789,key_press,'\x03',high
3.2194583415985107,key_press,'3',high
3.7837488651275635,key_press,'0',high
4.048614025115967,key_press,'0',high
6.583542585372925,key_press,Key.space,high
10.770833730697632,key_press,'w',high
11.79718017578125,key_press,'i',high
12.241909980773926,key_press,'y',high
12.909621953964233,key_press,Key.space,high
13.892788648605347,key_press,'w',high
14.831711530685425,key_press,'o',high
16.954983949661255,key_press,'e',high
19.59803009033203,key_press,Key.backspace,high
26.59680199623108,key_press,'u',high
27.310223817825317,key_press,Key.space,high
27.659260034561157,key_press,'q',high
29.399791479110718,key_press,'o',high
29.940886735916138,key_press,'e',high
30.173499822616577,key_press,Key.space,high
39.23741316795349,key_press,'w',high
39.822041273117065,key_press,'i',high
40.26365804672241,key_press,Key.backspace,high
40.627312660217285,key_press,'u',high
40.79867696762085,key_press,'i',high
41.28085970878601,key_press,Key.space,high
42.94040489196777,key_press,'w',high
46.041703939437866,key_press,'u',high
46.39822173118591,key_press,'u',high
47.18991661071777,key_press,Key.space,high
48.73830056190491,key_press,'w',high
49.790748596191406,key_press,'u',high
51.236204624176025,key_press,'e',high
51.893293380737305,key_press,Key.space,high
53.96906137466431,key_press,'w',high
54.84554100036621,key_press,'u',high
55.425621032714844,key_press,'p',high
56.08118987083435,key_press,Key.space,high
57.58096194267273,key_press,'w',high
58.45238447189331,key_press,'u',high
59.36155104637146,key_press,'i',high
60.08310294151306,key_press,Key.space,high
61.19004797935486,key_press,'w',high
62.67686986923218,key_press,'u',high
64.42696952819824,key_press,'t',high
64.84825348854065,key_press,Key.space,high
65.65130066871643,key_press,'w',high
66.65925693511963,key_press,'u',high
68.80358576774597,key_press,'w',high
69.2959976196289,key_press,Key.space,high
69.84478688240051,key_press,'w',high
70.88280177116394,key_press,'u',high
73.05554366111755,key_press,Key.backspace,high
74.28872799873352,key_press,'y',high
75.1131591796875,key_press,'o',high
75.5996823310852,key_press,Key.space,high
83.9413149356842,key_press,'w',high
85.28566932678223,key_press,'i',high
85.53809952735901,key_press,'o',high
85.95874643325806,key_press,'y',high
86.3549439907074,key_press,'r',high
86.59903597831726,key_press,Key.space,high
87.15751385688782,key_press,'i',high
87.2053611278534,key_press,'f',high
87.47280645370483,key_press,'j',high
87.67812776565552,key_press,'g',high
87.7576687335968,key_press,'g',high
87.86381959915161,key_press,'n',high
88.55360913276672,key_press,'o',high
88.94985175132751,key_press,'y',high
89.46685075759888,key_press,'d',high
89.49132871627808,key_press,'l',high
89.59672403335571,key_press,'s',high
89.81543684005737,key_press,Key.space,high
90.44587016105652,key_press,'j',high
90.70655059814453,key_press,'i',high
90.92471194267273,key_press,'j',high
91.15955471992493,key_press,'f',high
91.6901547908783,key_press,'l',high
91.91260147094727,key_press,'s',high
92.03257274627686,key_press,'f',high
92.17624425888062,key_press,'n',high
92.4560079574585,key_press,Key.space,high
92.80480456352234,key_press,'e',high
92.8172836303711,key_press,'r',high
93.07809638977051,key_press,'u',high
93.09387850761414,key_press,'t',high
93.09387850761414,key_press,'j',high
93.41801023483276,key_press,'i',high
93.46899151802063,key_press,'f',high
93.72922825813293,key_press,Key.space,high
94.7214949131012,key_press,'w',high
96.20804977416992,key_press,'t',high
97.0167384147644,key_press,'p',high
97.40614032745361,key_press,Key.space,high
98.50235080718994,key_press,'w',high
100.00352215766907,key_press,'r',high
101.42542576789856,key_press,'t',high
101.59086728096008,key_press,Key.space,high
127.80133986473083,key_press,'8',high
128.1361107826233,key_press,'5',high
128.40872716903687,key_press,'9',high
128.78045678138733,key_press,'4',high
128.8293812274933,key_press,'3',high
129.1303367614746,key_press,'-',high
129.70195531845093,key_press,Key.space,high
130.5458118915558,key_press,'2',high
131.68971180915833,key_press,'t',high
132.14338302612305,key_press,'u',high
132.4883861541748,key_press,'i',high
132.9632658958435,key_press,Key.space,high
133.78522968292236,key_press,'w',high
135.12858390808105,key_press,'r',high
135.51821112632751,key_press,'p',high
135.9125108718872,key_press,Key.space,high
136.4586145877838,key_press,'w',high
136.8511884212494,key_press,'e',high
137.61833906173706,key_press,'p',high
138.28548526763916,key_press,Key.space,high
139.1291003227234,key_press,'w',high
139.99869966506958,key_press,'t',high
140.43876433372498,key_press,'p',high
141.19090366363525,key_press,Key.space,high
141.65532183647156,key_press,'r',high
142.1754047870636,key_press,'t',high
143.29982161521912,key_press,'p',high
143.86420059204102,key_press,Key.space,high
145.44011878967285,key_press,'a',high
145.85919713974,key_press,'b',high
146.06095671653748,key_press,'h',high
146.38653326034546,key_press,'r',high
146.57715559005737,key_press,'i',high
146.9716100692749,key_press,Key.space,high
147.84621286392212,key_press,'i',high
148.0986349582672,key_press,Key.space,high
148.3180651664734,key_press,'m',high
148.62812638282776,key_press,'a',high
149.24766540527344,key_press,'j',high
149.59809374809265,key_press,'g',high
149.72326683998108,key_press,'o',high
150.0657901763916,key_press,'e',high
150.22996187210083,key_press,'n',high
150.471839427948,key_press,'g',high
150.78426933288574,key_press,'o',high
150.8639543056488,key_press,'c',high
151.26836895942688,key_press,'a',high
151.46974968910217,key_press,Key.space,high
152.0444791316986,key_press,'h',high
152.0763578414917,key_press,'g',high
152.51376795768738,key_press,'n',high
152.52196955680847,key_press,'v',high
152.9404101371765,key_press,'z',high
153.09114909172058,key_press,"','",high
153.48068976402283,key_press,'d',high
153.59831643104553,key_press,'k',high
153.90827107429504,key_press,'o',high
154.120290517807,key_press,'e',high
154.22556805610657,key_press,'i',high
154.28465270996094,key_press,'t',high
154.77766633033752,key_press,'b',high
154.9980103969574,key_press,'f',high
155.1433391571045,key_press,Key.space,high
155.5045247077942,key_press,Key.backspace,high
155.7366852760315,key_press,Key.backspace,high
155.90988636016846,key_press,Key.backspace,high
156.0802001953125,key_press,Key.backspace,high
156.2659912109375,key_press,Key.backspace,high
156.42432236671448,key_press,Key.backspace,high
156.7276599407196,key_press,'a',high
156.8935625553131,key_press,'h',high
157.08057832717896,key_press,'g',high
157.20633029937744,key_press,'o',high
157.20633029937744,key_press,'i',high
157.45592951774597,key_press,'r',high
157.4775528907776,key_press,'e',high
157.5025508403778,key_press,'j',high
157.878262758255,key_press,'l',high
157.878262758255,key_press,'o',high
158.01965308189392,key_press,'v',high
158.25496983528137,key_press,Key.space,high
158.7678484916687,key_press,'f',high
159.05114150047302,key_press,'o',high
159.12906408309937,key_press,'e',high
159.3444755077362,key_press,'f',high
159.55173540115356,key_press,'e',high
159.68037724494934,key_press,'l',high
159.99594831466675,key_press,Key.space,high
202.65849566459656,key_press,Key.ctrl_l,high
202.8773353099823,key_press,'\x03',high
2.0559585094451904,key_press,'h',high
2.233067750930786,key_press,'i',high
2.668893337249756,key_press,Key.space,high
2.975372552871704,key_press,'i',high
3.343928813934326,key_press,Key.space,high
3.9944207668304443,key_press,'a',high
4.147763252258301,key_press,'m',high
4.315402984619141,key_press,Key.space,high
4.752347707748413,key_press,'a',high
4.913081407546997,key_press,'b',high
5.100727558135986,key_press,'h',high
5.864669561386108,key_press,'i',high
6.820035696029663,key_press,'w',high
7.098758220672607,key_press,'j',high
7.37720251083374,key_press,'f',high
7.529696464538574,key_press,'n',high
8.245663166046143,key_press,Key.space,high
8.847778797149658,key_press,Key.backspace,high
9.018537759780884,key_press,Key.backspace,high
9.408304452896118,key_press,'h',high
9.61451506614685,key_press,'i',high
9.99996829032898,key_press,'e',high
10.112629175186157,key_press,'n',high
10.42309832572937,key_press,'l',high
10.55042028427124,key_press,'c',high
10.785301208496094,key_press,'d',high
11.22377610206604,key_press,'s',high
11.3645498752594,key_press,'m',high
11.616251230239868,key_press,Key.space,high
15.507376909255981,key_press,'j',high
15.602970361709595,key_press,'f',high
16.14640712738037,key_press,'e',high
16.34713625907898,key_press,'r',high
16.42621946334839,key_press,'e',high
16.732231855392456,key_press,'o',high
17.09949278831482,key_press,'f',high
17.834055423736572,key_press,'l',high
17.84417986869812,key_press,'k',high
18.066203117370605,key_press,'d',high
18.160192012786865,key_press,'m',high
18.55176305770874,key_press,'s',high
18.674561738967896,key_press,Key.space,high
19.295981884002686,key_press,'o',high
19.57937002182007,key_press,'w',high
20.32824420928955,key_press,'r',high
20.668827056884766,key_press,'s',high
20.827836751937866,key_press,'o',high
21.145934104919434,key_press,Key.space,high
21.77719259262085,key_press,'t',high
22.036335468292236,key_press,'h',high
22.316280364990234,key_press,'e',high
22.53841996192932,key_press,Key.space,high
22.845468759536743,key_press,'r',high
23.121212244033813,key_press,'e',high
23.787715911865234,key_press,'c',high
24.02066659927368,key_press,'u',high
24.222625017166138,key_press,'r',high
24.611765146255493,key_press,'s',high
24.774959325790405,key_press,'i',high
24.97291350364685,key_press,'o',high
25.48704957962036,key_press,'n',high
25.934626579284668,key_press,Key.space,high
25.9429714679718,key_press,'b',high
25.98729395866394,key_press,Key.space,high
26.354870080947876,key_press,'i',high
26.61160707473755,key_press,'z',high
27.011297464370728,key_press,Key.space,high
31.28403639793396,key_press,'m',high
32.35850715637207,key_press,'e',high
32.724385499954224,key_press,'n',high
33.0867965221405,key_press,'f',high
33.27308392524719,key_press,'j',high
33.580950021743774,key_press,'d',high
34.178285121917725,key_press,Key.space,high
35.405439376831055,key_press,'j',high
35.663201332092285,key_press,'i',high
35.816962480545044,key_press,'d',high
36.024248361587524,key_press,'f',high
36.081292390823364,key_press,'n',high
36.34706354141235,key_press,Key.space,high
46.087494134902954,key_press,'d',high
46.1844584941864,key_press,'j',high
46.944456815719604,key_press,'o',high
47.32542538642883,key_press,'e',high
47.9102897644043,key_press,'a',high
48.20715308189392,key_press,'d',high
48.273587703704834,key_press,'n',high
48.59500503540039,key_press,'x',high
48.834497928619385,key_press,"','",high
48.9118230342865,key_press,'z',high
49.22242498397827,key_press,Key.space,high
49.60003328323364,key_press,'u',high
49.846850872039795,key_press,'c',high
49.94726300239563,key_press,'s',high
50.020660161972046,key_press,'b',high
50.39380121231079,key_press,'w',high
50.738605260849,key_press,Key.space,high
52.28705024719238,key_press,'a',high
52.9399471282959,key_press,'l',high
53.16076183319092,key_press,'k',high
53.41526508331299,key_press,'i',high
54.00536227226257,key_press,'n',high
55.56447887420654,key_press,Key.space,high
55.72476863861084,key_press,'d',high
55.85066223144531,key_press,'k',high
55.89703941345215,key_press,'j',high
55.98834848403931,key_press,'s',high
55.997029304504395,key_press,'b',high
56.06848454475403,key_press,'d',high
56.255125761032104,key_press,'o',high
56.255125761032104,key_press,'i',high
56.703675270080566,key_press,'s',high
56.76790761947632,key_press,Key.space,high
57.20788812637329,key_press,"','",high
57.59965658187866,key_press,'i',high
57.6093635559082,key_press,'k',high
57.694584131240845,key_press,'e',high
57.847954511642456,key_press,'h',high
58.113550662994385,key_press,'o',high
58.17527770996094,key_press,'e',high
58.30880355834961,key_press,'j',high
58.56772994995117,key_press,'k',high
58.64553737640381,key_press,"','",high
58.69319748878479,key_press,'d',high
58.87989354133606,key_press,Key.space,high
58.92229962348938,key_press,'v',high
58.92527985572815,key_press,'c',high
59.30308270454407,key_press,'n',high
59.37934923171997,key_press,'f',high
59.44110989570618,key_press,'l',high
59.511533975601196,key_press,'k',high
59.70487427711487,key_press,'f',high
59.73051595687866,key_press,'f',high
59.77064800262451,key_press,'i',high
60.07017493247986,key_press,Key.space,high
85.70971488952637,key_press,'j',high
85.94060134887695,key_press,'i',high
86.24818992614746,key_press,'j',high
88.60719108581543,key_press,'j',high
88.9870548248291,key_press,'k',high
89.34657216072083,key_press,'t',high
89.55007600784302,key_press,'u',high
90.03804731369019,key_press,Key.space,high
90.56906700134277,key_press,'f',high
90.81969785690308,key_press,'7',high
91.06152725219727,key_press,'d',high
91.38269090652466,key_press,'o',high
91.78010678291321,key_press,'k',high
91.79584741592407,key_press,'i',high
92.26558184623718,key_press,Key.space,high
93.89206123352051,key_press,'l',high
95.7117555141449,key_press,'q',high
95.98377728462219,key_press,'e',high
96.15029525756836,key_press,'i',high
96.86398339271545,key_press,'c',high
97.86527967453003,key_press,'n',high
98.1124620437622,key_press,'m',high
98.79444098472595,key_press,'t',high
99.09890556335449,key_press,'s',high
99.45277428627014,key_press,'o',high
99.73528456687927,key_press,'a',high
100.22023105621338,key_press,Key.space,high
103.96968078613281,key_press,Key.caps_lock,high
104.15018582344055,key_press,';',high
104.6655216217041,key_press,'p',high
104.88050842285156,key_press,'q',high
104.90986752510071,key_press,'w',high
105.06639981269836,key_press,'o',high
105.58150911331177,key_press,'c',high
106.10698866844177,key_press,'z',high
106.45721387863159,key_press,'m',high
106.63137626647949,key_press,'c',high
106.67169785499573,key_press,'v',high
107.08502674102783,key_press,Key.space,high
110.34526491165161,key_press,'j',high
110.69525218009949,key_press,'o',high
110.72206234931946,key_press,'i',high
111.09910297393799,key_press,'f',high
111.1398994922638,key_press,'p',high
111.40997767448425,key_press,'e',high
111.81569504737854,key_press,'n',high
112.88180327415466,key_press,Key.space,high
113.87960124015808,key_press,'f',high
115.12903761863708,key_press,'n',high
115.54969477653503,key_press,'k',high
116.1273181438446,key_press,"','",high
116.3693904876709,key_press,'e',high
116.69413423538208,key_press,'s',high
117.30803418159485,key_press,'o',high
118.28023505210876,key_press,'v',high
118.35549068450928,key_press,'c',high
118.5016655921936,key_press,'x',high
118.69189190864563,key_press,'l',high
119.09907054901123,key_press,'m',high
119.42764377593994,key_press,'w',high
119.43998908996582,key_press,'e',high
119.55361557006836,key_press,Key.space,high
123.82094836235046,key_press,'j',high
123.97503876686096,key_press,'i',high
124.28437566757202,key_press,'e',high
124.48735499382019,key_press,'l',high
124.75804018974304,key_press,'n',high
125.04904294013977,key_press,'e',high
125.26877236366272,key_press,'r',high
125.90858960151672,key_press,Key.space,high
126.8035945892334,key_press,'l',high
126.86087322235107,key_press,'j',high
127.06757140159607,key_press,'o',high
127.62462043762207,key_press,'e',high
127.89444303512573,key_press,'h',high
128.20232129096985,key_press,'n',high
128.57953333854675,key_press,'a',high
128.59702515602112,key_press,'s',high
128.88540482521057,key_press,'p',high
128.94832634925842,key_press,'g',high
129.207914352417,key_press,Key.space,high
129.42654013633728,key_press,'o',high
129.51926183700562,key_press,'l',high
129.59406232833862,key_press,'s',high
129.6208999156952,key_press,'g',high
129.6308970451355,key_press,'f',high
129.74809646606445,key_press,'n',high
129.7674262523651,key_press,'h',high
129.88179183006287,key_press,'e',high
130.0663731098175,key_press,Key.space,high
130.39565205574036,key_press,Key.backspace,high
130.5954349040985,key_press,Key.backspace,high
130.73833632469177,key_press,Key.backspace,high
131.06658720970154,key_press,'b',high
131.30285620689392,key_press,'k',high
132.0848150253296,key_press,'s',high
132.3385739326477,key_press,Key.space,high
133.25464010238647,key_press,'o',high
133.7093324661255,key_press,'r',high
133.82709431648254,key_press,'u',high
134.1483030319214,key_press,'d',high
134.19103264808655,key_press,'s',high
134.53411173820496,key_press,'v',high
134.55519700050354,key_press,'n',high
134.7701756954193,key_press,'z',high
135.1596164703369,key_press,Key.space,high
136.30229902267456,key_press,'b',high
136.41209959983826,key_press,'s',high
136.52757906913757,key_press,'a',high
136.59815669059753,key_press,'o',high
136.70682740211487,key_press,'h',high
136.81844234466553,key_press,'o',high
136.909029006958,key_press,'e',high
136.9759156703949,key_press,'r',high
137.24147081375122,key_press,'h',high
137.2648572921753,key_press,'o',high
137.61498641967773,key_press,'k',high
137.65429830551147,key_press,'c',high
137.71293234825134,key_press,'x',high
137.83934664726257,key_press,'v',high
137.94168734550476,key_press,Key.space,high
138.36354970932007,key_press,Key.ctrl_l,high
138.6601119041443,key_press,'\x03',high
2.5374650955200195,key_press,'h',high
2.640721082687378,key_press,'i',high
2.901735544204712,key_press,Key.space,high
2.9878969192504883,key_press,'r',high
3.117614269256592,key_press,'a',high
3.2009313106536865,key_press,Key.space,high
5.229933261871338,key_press,'e',high
5.367304563522339,key_press,'l',high
5.529326915740967,key_press,'a',high
5.673235893249512,key_press,Key.space,high
6.075812578201294,key_press,'u',high
6.246891975402832,key_press,'b',high
6.414010286331177,key_press,'a',high
6.968033790588379,key_press,'b',high
8.841505527496338,key_press,Key.ctrl_l,high
9.042303085327148,key_press,'\x03',high
3.0102035999298096,key_press,'h',high
3.216798782348633,key_press,'i',high
3.4667809009552,key_press,Key.space,high
3.667396068572998,key_press,'r',high
3.8056225776672363,key_press,'a',high
3.997939109802246,key_press,Key.space,high
5.081106185913086,key_press,'e',high
5.1837077140808105,key_press,'l',high
5.376559734344482,key_press,Key.space,high
5.459317445755005,key_press,'a',high
5.711544990539551,key_press,'v',high
5.981053829193115,key_press,'u',high
6.318096876144409,key_press,'n',high
6.608575820922852,key_press,'a',high
6.834743022918701,key_press,'v',high
7.176913499832153,key_press,Key.space,high
8.31301236152649,key_press,'b',high
8.395381212234497,key_press,'a',high
8.768802404403687,key_press,'g',high
8.945148229598999,key_press,'i',high
9.187654972076416,key_press,'n',high
9.382266998291016,key_press,'v',high
9.505008935928345,key_press,'a',high
9.82897663116455,key_press,'n',high
10.00971508026123,key_press,'v',high
10.122592687606812,key_press,'a',high
10.316648244857788,key_press,Key.space,high
13.897307872772217,key_press,'c',high
20.36007595062256,key_press,'i',high
20.662025928497314,key_press,'n',high
21.0532066822052,key_press,'f',high
21.184534788131714,key_press,'k',high
21.36169719696045,key_press,'s',high
21.459081411361694,key_press,Key.space,high
23.47430968284607,key_press,'e',high
23.69669771194458,key_press,'n',high
23.734487533569336,key_press,'t',high
24.00234341621399,key_press,'i',high
24.307562351226807,key_press,Key.space,high
25.426042795181274,key_press,'r',high
25.718411922454834,key_press,'s',high
26.092820405960083,key_press,Key.backspace,high
26.265349626541138,key_press,Key.backspace,high
26.445494890213013,key_press,Key.backspace,high
26.59959602355957,key_press,Key.backspace,high
26.764747381210327,key_press,Key.backspace,high
26.911088943481445,key_press,Key.backspace,high
27.612293243408203,key_press,'t',high
27.77272081375122,key_press,'i',high
27.91306185722351,key_press,'n',high
28.089763879776,key_press,'w',high
28.347803354263306,key_press,'v',high
28.493443965911865,key_press,'w',high
28.855339527130127,key_press,Key.space,high
29.508280515670776,key_press,'r',high
29.80306649208069,key_press,'s',high
30.078604459762573,key_press,Key.space,high
30.78676724433899,key_press,'i',high
31.027069568634033,key_press,'n',high
32.31002378463745,key_press,'k',high
32.45863652229309,key_press,'w',high
32.585806131362915,key_press,Key.space,high
33.03289842605591,key_press,'r',high
33.29118824005127,key_press,'n',high
33.583977699279785,key_press,'t',high
33.79701805114746,key_press,'i',high
34.028844118118286,key_press,Key.space,high
34.79109334945679,key_press,'r',high
35.284027338027954,key_press,'a',high
35.38150906562805,key_press,Key.space,high
36.03479242324829,key_press,'i',high
36.48177766799927,key_press,'h',high
42.358113288879395,key_press,'s',high
42.56531596183777,key_press,'o',high
42.94686198234558,key_press,Key.space,high
44.64296269416809,key_press,'e',high
44.8236198425293,key_press,'n',high
45.00863599777222,key_press,'t',high
45.447012186050415,key_press,'i',high
45.813417196273804,key_press,Key.space,high
46.157076358795166,key_press,'r',high
46.354750871658325,key_press,'a',high
46.52089595794678,key_press,Key.space,high
46.858309268951416,key_press,'o',high
47.723082304000854,key_press,'l',high
47.9341835975647,key_press,'a',high
48.17658257484436,key_press,'n',high
48.40307140350342,key_press,'s',high
48.61372113227844,key_press,Key.space,high
53.97539162635803,key_press,'n',high
54.309459924697876,key_press,'i',high
54.585214376449585,key_press,'k',high
54.76072287559509,key_press,'e',high
54.979790925979614,key_press,Key.space,high
55.22911214828491,key_press,'t',high
55.42398548126221,key_press,'e',high
55.64415645599365,key_press,'l',high
56.08521127700806,key_press,'i',high
56.74561929702759,key_press,'y',high
57.089768171310425,key_press,'a',high
57.333566665649414,key_press,'l',high
57.62474489212036,key_press,'i',high
57.906272172927856,key_press,Key.space,high
58.126909255981445,key_press,'r',high
58.2728488445282,key_press,'a',high
58.49404978752136,key_press,Key.space,high
67.2398784160614,key_press,'f',high
67.25424695014954,key_press,'j',high
67.507892370224,key_press,'o',high
68.0597734451294,key_press,Key.space,high
68.35567808151245,key_press,'d',high
68.62508463859558,key_press,'h',high
68.79960918426514,key_press,'o',high
69.10228323936462,key_press,'e',high
69.30983901023865,key_press,'t',high
69.93497061729431,key_press,Key.space,high
73.46553301811218,key_press,'a',high
73.56446838378906,key_press,'b',high
73.85594439506531,key_press,'h',high
74.1209659576416,key_press,'o',high
74.39267683029175,key_press,'r',high
74.60253834724426,key_press,'a',high
74.66741132736206,key_press,'m',high
74.96679902076721,key_press,Key.space,high
75.31938815116882,key_press,'i',high
75.83235716819763,key_press,Key.space,high
76.03164553642273,key_press,'s',high
76.42970323562622,key_press,'k',high
76.87037873268127,key_press,Key.space,high
77.21644973754883,key_press,'k',high
77.56510949134827,key_press,'n',high
77.7773950099945,key_press,'f',high
78.33259773254395,key_press,'e',high
78.7680835723877,key_press,'o',high
79.19106769561768,key_press,'v',high
79.4003393650055,key_press,'n',high
79.63708639144897,key_press,'l',high
79.92832803726196,key_press,'d',high
79.94405579566956,key_press,'s',high
80.02491593360901,key_press,'s',high
80.08838200569153,key_press,'j',high
80.10343480110168,key_press,'t',high
80.45874834060669,key_press,'e',high
80.71327948570251,key_press,'n',high
80.88910055160522,key_press,'k',high
81.09002804756165,key_press,'s',high
81.45097780227661,key_press,'g',high
81.59522342681885,key_press,'l',high
82.080650806427,key_press,Key.space,high
85.82945775985718,key_press,'k',high
86.08893203735352,key_press,'j',high
86.3962128162384,key_press,'b',high
86.69979500770569,key_press,'h',high
87.52287149429321,key_press,'i',high
87.99080801010132,key_press,'y',high
88.33062696456909,key_press,'f',high
88.78254127502441,key_press,'g',high
89.28414225578308,key_press,'g',high
89.28414225578308,key_press,'h',high
89.62366771697998,key_press,'d',high
90.33492231369019,key_press,'v',high
90.82754945755005,key_press,'j',high
90.86140847206116,key_press,'n',high
91.46323823928833,key_press,'c',high
93.40937328338623,key_press,'n',high
94.5027244091034,key_press,Key.space,high
109.54850816726685,key_press,'m',high
110.20841455459595,key_press,'k',high
110.35649514198303,key_press,'j',high
110.85320925712585,key_press,'f',high
111.07487297058105,key_press,'g',high
111.71646785736084,key_press,'o',high
111.73276281356812,key_press,'p',high
112.09649991989136,key_press,'s',high
112.17774558067322,key_press,Key.space,high
112.21458625793457,key_press,'d',high
113.24941849708557,key_press,'n',high
113.54585599899292,key_press,'k',high
113.8486225605011,key_press,'d',high
114.27146315574646,key_press,'e',high
114.57265448570251,key_press,'o',high
115.17272138595581,key_press,'t',high
115.74210739135742,key_press,'n',high
116.0761342048645,key_press,'m',high
116.31855392456055,key_press,'f',high
116.62070870399475,key_press,'l',high
117.47216439247131,key_press,'x',high
117.98666453361511,key_press,'c',high
118.41935586929321,key_press,'a',high
118.9018087387085,key_press,'j',high
119.04473447799683,key_press,'d',high
119.33405113220215,key_press,'g',high
119.65321254730225,key_press,'k',high
119.68524289131165,key_press,'l',high
120.05793881416321,key_press,Key.space,high
120.50595450401306,key_press,'n',high
120.79675054550171,key_press,'b',high
121.0293595790863,key_press,'m',high
121.3071346282959,key_press,'v',high
121.54347801208496,key_press,'l',high
121.90300989151001,key_press,'k',high
121.93560647964478,key_press,'f',high
122.2919397354126,key_press,'g',high
122.52581334114075,key_press,'n',high
123.70812821388245,key_press,Key.space,high
123.93532299995422,key_press,'o',high
124.25444960594177,key_press,'k',high
124.59116268157959,key_press,'n',high
124.8553626537323,key_press,'m',high
125.09823441505432,key_press,'j',high
126.61947560310364,key_press,Key.space,high
133.36341166496277,key_press,'g',high
133.62521958351135,key_press,'y',high
134.08862257003784,key_press,'f',high
134.72877430915833,key_press,'j',high
135.39447402954102,key_press,'b',high
135.91139030456543,key_press,'k',high
136.48678946495056,key_press,';',high
136.94794487953186,key_press,'n',high
137.58958768844604,key_press,Key.space,high
139.88955998420715,key_press,'v',high
140.85509657859802,key_press,'b',high
142.92359399795532,key_press,'i',high
142.97029542922974,key_press,'u',high
144.92872047424316,key_press,'g',high
145.89944505691528,key_press,'.',high
147.85984802246094,key_press,'/',high
148.99322152137756,key_press,Key.shift_r,high
150.9675726890564,key_press,Key.space,high
155.75971603393555,key_press,'a',high
156.43561458587646,key_press,'c',high
156.8109130859375,key_press,'t',high
157.1145477294922,key_press,'u',high
157.87421679496765,key_press,'a',high
158.39193987846375,key_press,'l',high
158.91590356826782,key_press,'l',high
159.2665355205536,key_press,'y',high
159.72470378875732,key_press,Key.space,high
160.6937611103058,key_press,'i',high
160.99560165405273,key_press,'s',high
161.3938581943512,key_press,Key.space,high
162.1426978111267,key_press,'i',high
162.71705031394958,key_press,'d',high
162.9108579158783,key_press,Key.space,high
163.58081722259521,key_press,'a',high
164.11471891403198,key_press,'b',high
164.70384311676025,key_press,'o',high
165.0335156917572,key_press,'u',high
165.28013062477112,key_press,'t',high
165.49136304855347,key_press,Key.space,high
166.73486065864563,key_press,Key.backspace,high
167.02715730667114,key_press,'t',high
167.49259209632874,key_press,'h',high
167.8099491596222,key_press,'e',high
167.8814036846161,key_press,Key.space,high
168.61554670333862,key_press,Key.backspace,high
168.92406368255615,key_press,'w',high
169.15420174598694,key_press,Key.space,high
169.51108384132385,key_press,'n',high
169.73452377319336,key_press,'a',high
169.89099621772766,key_press,'m',high
182.27847337722778,key_press,'n',high
182.42591214179993,key_press,'f',high
182.54703998565674,key_press,'k',high
182.5801191329956,key_press,'s',high
182.59608030319214,key_press,'d',high
182.70878195762634,key_press,'f',high
182.98968505859375,key_press,'n',high
183.1261341571808,key_press,'f',high
183.34389781951904,key_press,'l',high
183.74494123458862,key_press,'o',high
183.77643156051636,key_press,'e',high
184.1611475944519,key_press,'p',high
185.28483772277832,key_press,'n',high
185.39815282821655,key_press,'f',high
185.62129592895508,key_press,'k',high
185.88178515434265,key_press,'s',high
186.16392540931702,key_press,'o',high
186.286119222641,key_press,';',high
186.44876050949097,key_press,'j',high
186.61135125160217,key_press,'e',high
186.74196410179138,key_press,'o',high
187.1764235496521,key_press,Key.space,high
188.026216506958,key_press,'n',high
188.37325286865234,key_press,'k',high
188.50286841392517,key_press,'v',high
188.68042016029358,key_press,'n',high
188.98371744155884,key_press,'g',high
189.35819172859192,key_press,'.',high
189.64847373962402,key_press,'s',high
190.0146119594574,key_press,'o',high
190.58143305778503,key_press,'p',high
191.0922257900238,key_press,Key.space,high
198.5977303981781,key_press,Key.ctrl_l,high
199.59428882598877,key_press,'\x03',high
2.001610279083252,key_press,'h',high
2.11081600189209,key_press,'i',high
2.4066522121429443,key_press,Key.space,high
2.4443230628967285,key_press,'r',high
2.5493674278259277,key_press,'a',high
2.6919748783111572,key_press,Key.space,high
3.3761301040649414,mouse_move,"""843,1100""",high
3.3909854888916016,mouse_move,"""843,1095""",high
3.397566795349121,mouse_move,"""844,1092""",high
3.40529203414917,mouse_move,"""844,1089""",high
3.4124770164489746,mouse_move,"""844,1087""",high
3.419430732727051,mouse_move,"""844,1085""",high
3.426652431488037,mouse_move,"""844,1084""",high
3.4335639476776123,mouse_move,"""844,1083""",high
3.4407222270965576,mouse_move,"""844,1082""",high
3.46165132522583,mouse_move,"""844,1082""",high
3.4696555137634277,mouse_move,"""844,1082""",high
3.484647512435913,mouse_move,"""844,1083""",high
3.499140739440918,mouse_move,"""844,1084""",high
3.5300679206848145,mouse_move,"""844,1083""",high
3.5403552055358887,mouse_move,"""844,1083""",high
3.5448763370513916,mouse_move,"""844,1082""",high
3.5545616149902344,mouse_move,"""844,1081""",high
3.5616838932037354,mouse_move,"""844,1081""",high
3.5691323280334473,mouse_move,"""844,1080""",high
3.5691323280334473,mouse_move,"""844,1079""",high
3.6111154556274414,mouse_move,"""844,1079""",high
3.6272830963134766,mouse_move,"""844,1079""",high
3.6272830963134766,mouse_move,"""844,1079""",high
3.6446938514709473,mouse_move,"""844,1080""",high
3.6541266441345215,mouse_move,"""844,1081""",high
3.660083055496216,mouse_move,"""844,1081""",high
3.660083055496216,mouse_move,"""844,1082""",high
3.682577610015869,mouse_move,"""844,1083""",high
3.6967365741729736,mouse_move,"""844,1084""",high
3.7148807048797607,mouse_move,"""844,1084""",high
3.9234619140625,key_press,'e',high
4.140594720840454,key_press,'l',high
4.308230876922607,key_press,'a',high
4.534546852111816,key_press,Key.space,high
4.86236572265625,key_press,'v',high
5.000699758529663,key_press,'u',high
5.050559997558594,key_press,'a',high
5.251494884490967,key_press,'b',high
5.26789116859436,key_press,'b',high
5.472606658935547,key_press,'a',high
5.719553470611572,key_press,'f',high
5.955491065979004,key_press,Key.space,high
6.845721006393433,key_press,'a',high
7.591894149780273,key_press,'u',high
7.705359697341919,key_press,'e',high
8.581414937973022,key_press,'a',high
8.832085371017456,key_press,Key.space,high
9.469937562942505,key_press,'h',high
9.766378402709961,key_press,'i',high
9.98139762878418,key_press,'h',high
10.27390718460083,key_press,'f',high
10.391123533248901,key_press,'n',high
10.643586158752441,key_press,'k',high
10.917442321777344,key_press,'s',high
11.392136096954346,key_press,'d',high
11.535929679870605,key_press,Key.space,high
11.833973169326782,key_press,'e',high
12.206555843353271,key_press,'\\',high
12.424057006835938,key_press,'\\',high
12.57901668548584,key_press,'\\',high
12.814026594161987,key_press,'\\',high
13.045116424560547,key_press,'\\',high
13.408957242965698,key_press,Key.space,high
13.611172199249268,key_press,'i',high
13.813531398773193,key_press,'b',high
14.37786078453064,key_press,Key.backspace,high
14.610792398452759,key_press,Key.backspace,high
14.816603899002075,key_press,Key.backspace,high
15.001783847808838,key_press,Key.backspace,high
15.220224618911743,key_press,Key.backspace,high
15.57425308227539,key_press,'i',high
15.785917520523071,key_press,'h',high
15.933374881744385,key_press,'e',high
16.002684354782104,key_press,'i',high
16.05174231529236,key_press,'w',high
16.16628670692444,key_press,'b',high
16.516673803329468,key_press,'g',high
16.64164447784424,key_press,'a',high
16.817116498947144,key_press,'j',high
16.925305604934692,key_press,'d',high
17.041152238845825,key_press,'f',high
17.282773733139038,key_press,Key.space,high
23.5490083694458,mouse_click,Button.left,high
24.423662424087524,mouse_click,Button.left,high
24.61765456199646,key_press,'i',high
25.158095359802246,key_press,'n',high
25.487280130386353,key_press,'k',high
25.768075227737427,key_press,'a',high
25.955318212509155,key_press,Key.space,high
26.175292015075684,key_press,'r',high
26.345374584197998,key_press,'a',high
26.52902889251709,key_press,Key.space,high
28.188149452209473,key_press,'d',high
28.395715951919556,key_press,'n',high
29.07884120941162,key_press,'r',high
29.505167961120605,key_press,'i',high
29.95367741584778,key_press,Key.space,high
30.46279501914978,key_press,'r',high
30.699759483337402,key_press,'a',high
31.133208513259888,key_press,Key.space,high
31.39194941520691,key_press,'d',high
32.158665895462036,key_press,'a',high
32.50262475013733,key_press,'n',high
32.84365630149841,key_press,'f',high
33.06484031677246,key_press,'a',high
33.45248007774353,key_press,'t',high
33.73696804046631,key_press,'h',high
33.994603633880615,key_press,'i',high
34.4380259513855,key_press,Key.space,high
35.419026136398315,key_press,'b',high
36.188941955566406,key_press,'a',high
36.438499450683594,key_press,'h',high
36.72407817840576,key_press,'i',high
37.20489811897278,key_press,'n',high
37.48950219154358,key_press,'d',high
37.97163152694702,key_press,'h',high
38.71976637840271,key_press,'c',high
39.230825662612915,key_press,'a',high
40.01486587524414,key_press,'x',high
40.4864776134491,key_press,'s',high
40.9477744102478,key_press,Key.space,high
43.82011532783508,mouse_move,"""844,1080""",high
43.82612347602844,mouse_move,"""845,1073""",high
43.83312129974365,mouse_move,"""845,1066""",high
43.84053158760071,mouse_move,"""846,1060""",high
43.84761929512024,mouse_move,"""846,1057""",high
43.85519337654114,mouse_move,"""846,1053""",high
43.861313343048096,mouse_move,"""846,1051""",high
43.869141578674316,mouse_move,"""846,1049""",high
43.87629985809326,mouse_move,"""846,1046""",high
43.8832528591156,mouse_move,"""847,1044""",high
43.89025807380676,mouse_move,"""847,1043""",high
43.897817850112915,mouse_move,"""847,1042""",high
43.90452790260315,mouse_move,"""847,1041""",high
43.911301136016846,mouse_move,"""847,1041""",high
43.91879320144653,mouse_move,"""848,1040""",high
43.92572331428528,mouse_move,"""848,1039""",high
43.93381118774414,mouse_move,"""848,1038""",high
43.95439076423645,mouse_move,"""849,1038""",high
43.9614691734314,mouse_move,"""849,1038""",high
43.96845054626465,mouse_move,"""849,1037""",high
43.97570252418518,mouse_move,"""850,1036""",high
43.98975944519043,mouse_move,"""851,1036""",high
43.99675941467285,mouse_move,"""851,1035""",high
44.00443983078003,mouse_move,"""853,1034""",high
44.03274869918823,mouse_move,"""853,1033""",high
44.04692769050598,mouse_move,"""854,1033""",high
44.054131507873535,mouse_move,"""855,1030""",high
44.060136795043945,mouse_move,"""859,1025""",high
44.06794834136963,mouse_move,"""862,1019""",high
45.279253005981445,key_press,'d',high
45.46321105957031,key_press,'n',high
45.77923631668091,key_press,'i',high
46.36194896697998,key_press,'a',high
47.14223027229309,key_press,'d',high
48.40976428985596,key_press,'s',high
48.917837619781494,key_press,'i',high
49.529080867767334,key_press,'n',high
49.864469051361084,key_press,'s',high
50.36602187156677,key_press,'c',high
51.11061096191406,key_press,'y',high
51.440669298172,key_press,'i',high
52.003217697143555,key_press,'j',high
52.755542516708374,key_press,'s',high
52.93974804878235,key_press,'n',high
54.249504804611206,key_press,'k',high
55.36028981208801,key_press,'z',high
57.530033349990845,key_press,Key.space,high
59.64408302307129,mouse_move,"""862,1021""",high
59.65088129043579,mouse_move,"""862,1024""",high
59.65480351448059,mouse_move,"""862,1027""",high
59.66480088233948,mouse_move,"""862,1030""",high
59.67214107513428,mouse_move,"""862,1032""",high
59.67924618721008,mouse_move,"""863,1034""",high
59.686251163482666,mouse_move,"""863,1036""",high
59.69325232505798,mouse_move,"""863,1037""",high
59.70069169998169,mouse_move,"""863,1039""",high
59.70775866508484,mouse_move,"""863,1041""",high
59.71451449394226,mouse_move,"""864,1041""",high
59.722288370132446,mouse_move,"""864,1042""",high
59.728806257247925,mouse_move,"""864,1043""",high
59.73575305938721,mouse_move,"""864,1043""",high
59.73975992202759,mouse_move,"""864,1044""",high
59.750296115875244,mouse_move,"""864,1045""",high
59.756551027297974,mouse_move,"""864,1046""",high
59.76409411430359,mouse_move,"""864,1046""",high
59.77884364128113,mouse_move,"""864,1047""",high
59.788140296936035,mouse_move,"""865,1047""",high
59.914562463760376,mouse_move,"""865,1048""",high
59.96162509918213,mouse_move,"""865,1048""",high
59.96162509918213,mouse_move,"""865,1047""",high
59.97688913345337,mouse_move,"""865,1047""",high
59.982430934906006,mouse_move,"""865,1047""",high
59.982430934906006,mouse_move,"""865,1046""",high
59.997483015060425,mouse_move,"""864,1044""",high
60.004886865615845,mouse_move,"""864,1043""",high
60.01188659667969,mouse_move,"""864,1041""",high
60.0188353061676,mouse_move,"""864,1040""",high
60.02640700340271,mouse_move,"""864,1039""",high
60.03341746330261,mouse_move,"""864,1037""",high
60.04020380973816,mouse_move,"""864,1037""",high
60.04420590400696,mouse_move,"""863,1036""",high
60.054851770401,mouse_move,"""863,1034""",high
60.06191420555115,mouse_move,"""863,1034""",high
60.067585945129395,mouse_move,"""863,1032""",high
60.07610297203064,mouse_move,"""863,1030""",high
60.08307600021362,mouse_move,"""863,1030""",high
60.08981156349182,mouse_move,"""863,1029""",high
60.091734886169434,mouse_move,"""863,1028""",high
60.104575395584106,mouse_move,"""863,1027""",high
60.111252546310425,mouse_move,"""863,1026""",high
60.118605613708496,mouse_move,"""863,1025""",high
60.12530279159546,mouse_move,"""863,1024""",high
60.13267135620117,mouse_move,"""863,1023""",high
60.139530658721924,mouse_move,"""863,1022""",high
60.147318840026855,mouse_move,"""863,1022""",high
60.154377460479736,mouse_move,"""862,1022""",high
60.16137504577637,mouse_move,"""862,1021""",high
60.17548894882202,mouse_move,"""862,1020""",high
60.18982172012329,mouse_move,"""862,1020""",high
60.196184158325195,mouse_move,"""862,1019""",high
60.203163146972656,mouse_move,"""862,1018""",high
60.22506666183472,mouse_move,"""862,1017""",high
60.23207330703735,mouse_move,"""862,1017""",high
60.2510142326355,mouse_move,"""862,1016""",high
60.26991581916809,mouse_move,"""862,1015""",high
60.28851556777954,mouse_move,"""862,1015""",high
60.302420139312744,mouse_move,"""862,1014""",high
60.33800959587097,mouse_move,"""862,1013""",high
60.345550775527954,mouse_move,"""862,1013""",high
60.35399317741394,mouse_move,"""862,1012""",high
60.37089824676514,mouse_move,"""862,1012""",high
60.37089824676514,mouse_move,"""862,1011""",high
60.387537240982056,mouse_move,"""862,1010""",high
60.397438287734985,mouse_move,"""862,1010""",high
60.41330432891846,mouse_move,"""862,1009""",high
60.42344260215759,mouse_move,"""862,1008""",high
60.42998647689819,mouse_move,"""862,1008""",high
60.431732177734375,mouse_move,"""862,1007""",high
60.454235553741455,mouse_move,"""862,1006""",high
60.608168601989746,mouse_move,"""863,1006""",high
60.625768184661865,mouse_move,"""864,1007""",high
60.652710914611816,mouse_move,"""864,1007""",high
60.67080807685852,mouse_move,"""864,1008""",high
60.692508697509766,mouse_move,"""865,1008""",high
60.70582675933838,mouse_move,"""865,1009""",high
60.71283149719238,mouse_move,"""866,1009""",high
60.71991491317749,mouse_move,"""866,1009""",high
60.748229026794434,mouse_move,"""866,1009""",high
60.75538372993469,mouse_move,"""866,1010""",high
60.76966691017151,mouse_move,"""867,1010""",high
60.776670694351196,mouse_move,"""867,1011""",high
60.79932951927185,mouse_move,"""868,1011""",high
60.82642841339111,mouse_move,"""868,1012""",high
60.92288422584534,mouse_move,"""869,1012""",high
60.98281979560852,mouse_move,"""869,1012""",high
61.189735412597656,mouse_move,"""869,1012""",high
61.37648057937622,mouse_move,"""869,1013""",high
61.57966732978821,mouse_move,"""869,1014""",high
61.6137478351593,mouse_move,"""870,1014""",high
61.671046018600464,mouse_move,"""870,1014""",high
61.73971962928772,mouse_move,"""870,1015""",high
61.782275676727295,mouse_move,"""871,1015""",high
61.91881847381592,mouse_move,"""871,1016""",high
61.93474745750427,mouse_move,"""871,1016""",high
61.98566269874573,mouse_move,"""871,1016""",high
62.370017290115356,mouse_move,"""872,1016""",high
62.37992072105408,mouse_move,"""872,1017""",high
62.429872035980225,mouse_move,"""873,1017""",high
63.39367604255676,mouse_move,"""874,1017""",high
63.421005725860596,mouse_move,"""874,1017""",high
63.643210649490356,mouse_move,"""875,1017""",high
63.66999411582947,mouse_move,"""875,1018""",high
63.84526181221008,mouse_move,"""875,1019""",high
63.8823447227478,mouse_move,"""876,1019""",high
63.908796548843384,mouse_move,"""876,1019""",high
64.0181097984314,mouse_move,"""876,1020""",high
64.03013491630554,mouse_move,"""876,1020""",high
64.22194695472717,mouse_move,"""876,1021""",high
65.03300833702087,mouse_move,"""876,1021""",high
65.20715928077698,mouse_move,"""877,1021""",high
65.23504161834717,mouse_move,"""877,1020""",high
65.62092638015747,mouse_move,"""878,1020""",high
67.5674741268158,mouse_move,"""878,1019""",high
68.40737676620483,mouse_move,"""878,1019""",high
68.44261813163757,key_press,'x',high
69.53203916549683,key_press,Key.space,high
69.75012159347534,key_press,'s',high
70.120596408844,key_press,'j',high
70.28159499168396,key_press,'d',high
70.61213302612305,key_press,'s',high
70.84521770477295,key_press,Key.space,high
71.59599137306213,mouse_move,"""879,1019""",high
71.60620760917664,key_press,'x',high
72.05535697937012,key_press,'a',high
72.65523076057434,key_press,'s',high
73.53321576118469,mouse_move,"""879,1019""",high
73.78788423538208,mouse_move,"""879,1020""",high
73.82099652290344,key_press,'z',high
74.58127045631409,key_press,Key.space,high
74.98750972747803,key_press,'x',high
75.50162076950073,key_press,'l',high
75.79971575737,key_press,'s',high
76.19231224060059,key_press,'m',high
80.24306583404541,key_press,'j',high
80.80138874053955,key_press,'o',high
81.39959573745728,key_press,'n',high
81.58871078491211,key_press,'r',high
81.81496620178223,key_press,'o',high
82.1577537059784,key_press,Key.space,high
82.86608695983887,key_press,'n',high
83.11482095718384,key_press,'s',high
83.15834522247314,key_press,'o',high
83.5648136138916,key_press,'r',high
83.81279444694519,key_press,'s',high
84.04928708076477,key_press,Key.space,high
84.25087714195251,key_press,'a',high
84.51751112937927,key_press,'d',high
84.56340909004211,key_press,'o',high
84.94031405448914,key_press,'j',high
85.00042295455933,key_press,'e',high
85.10975360870361,key_press,'r',high
85.71523714065552,key_press,Key.space,high
86.32911133766174,key_press,'p',high
86.58120679855347,key_press,'d',high
86.89328527450562,key_press,'p',high
87.49442934989929,key_press,Key.space,high
88.89208960533142,key_press,'m',high
89.44199228286743,key_press,'n',high
89.90750765800476,key_press,Key.space,high
89.95201635360718,key_press,'r',high
92.48716449737549,key_press,'z',high
92.55299067497253,key_press,'d',high
93.6687924861908,key_press,'f',high
94.03552293777466,key_press,'j',high
94.33272576332092,key_press,'y',high
94.736252784729,key_press,'r',high
95.15788388252258,key_press,'s',high
95.5510048866272,key_press,'j',high
95.93907809257507,key_press,'v',high
96.32942128181458,key_press,'m',high
96.47100472450256,key_press,Key.space,high
96.57204103469849,key_press,'n',high
97.28441381454468,key_press,Key.space,high
107.67391419410706,key_press,'s',high
107.95645833015442,key_press,'o',high
108.8816409111023,key_press,Key.space,high
109.32004857063293,key_press,'t',high
109.95678067207336,key_press,'h',high
110.15925097465515,key_press,'e',high
110.78194880485535,key_press,Key.space,high
111.61091613769531,key_press,'t',high
112.0727469921112,key_press,'e',high
112.12700915336609,key_press,'h',high
113.61035490036011,key_press,'l',high
113.9400839805603,key_press,'s',high
115.06151986122131,key_press,Key.backspace,high
115.31268525123596,key_press,'r',high
115.46918392181396,key_press,'s',high
115.71966552734375,key_press,'i',high
116.09841561317444,key_press,'n',high
116.27218794822693,key_press,'i',high
116.53648138046265,key_press,'n',high
116.75458908081055,key_press,'g',high
117.00041079521179,key_press,Key.space,high
117.3477635383606,key_press,'i',high
117.5983304977417,key_press,'s',high
117.86378598213196,key_press,Key.space,high
118.48042607307434,key_press,'g',high
118.72090005874634,key_press,'i',high
118.92394089698792,key_press,'i',high
119.24306035041809,key_press,'d',high
119.49165487289429,key_press,Key.space,high
120.51701474189758,key_press,'l',high
120.75494909286499,key_press,'i',high
121.52111673355103,key_press,'k',high
121.91701197624207,key_press,'e',high
122.24718832969666,key_press,Key.space,high
129.79129695892334,key_press,'n',high
130.12545895576477,key_press,'o',high
130.75191140174866,key_press,Key.space,high
131.0879135131836,key_press,'i',high
131.36614084243774,key_press,'o',high
131.46359181404114,key_press,'s',high
132.0789544582367,key_press,'n',high
132.84568190574646,key_press,'z',high
133.15727519989014,key_press,'n',high
133.4365518093109,key_press,'j',high
133.62655901908875,key_press,'o',high
135.03862190246582,key_press,'j',high
135.81631684303284,key_press,'o',high
136.96351218223572,key_press,'s',high
137.6494174003601,key_press,'d',high
143.25532341003418,key_press,'j',high
143.84212470054626,key_press,Key.space,high
144.11313033103943,key_press,'j',high
144.23636484146118,key_press,'f',high
144.424574136734,key_press,'g',high
144.80659198760986,key_press,'9',high
144.96730160713196,key_press,'s',high
145.14206051826477,key_press,'u',high
145.26606702804565,key_press,'p',high
145.58394598960876,key_press,Key.space,high
146.93908262252808,key_press,'s',high
147.50210213661194,key_press,'9',high
147.79384851455688,key_press,'u',high
148.17298865318298,key_press,'g',high
148.41736483573914,key_press,'h',high
148.65881443023682,key_press,'s',high
148.87063097953796,key_press,'9',high
149.2059965133667,key_press,'p',high
149.79889559745789,key_press,'0',high
150.59261178970337,key_press,'w',high
151.3134274482727,key_press,'j',high
151.6253056526184,key_press,'o',high
152.13171005249023,key_press,'j',high
152.14391946792603,key_press,'m',high
152.332839012146,key_press,'b',high
152.45481061935425,key_press,'n',high
152.62595319747925,key_press,'b',high
152.64166975021362,key_press,'s',high
152.71972036361694,key_press,'d',high
152.82591032981873,key_press,'i',high
153.14769506454468,key_press,'e',high
153.1629114151001,key_press,'w',high
153.3477499485016,key_press,'-',high
154.11208605766296,key_press,Key.space,high
154.50346660614014,key_press,'j',high
154.76843452453613,key_press,'h',high
154.91663599014282,key_press,'g',high
155.17782163619995,key_press,'p',high
155.25153923034668,key_press,'s',high
155.57943725585938,key_press,'o',high
155.90908575057983,key_press,'j',high
156.21569514274597,key_press,'e',high
156.43824815750122,key_press,'h',high
156.71419620513916,key_press,'9',high
156.87616300582886,key_press,'v',high
157.1106595993042,key_press,Key.space,high
158.2983901500702,key_press,Key.ctrl_l,high
158.73242139816284,key_press,'\x03',high
