timestamp,event_type,value
2.3527207374572754,key_press,'x'
2.4734556674957275,key_press,'x'
2.6770362854003906,key_press,Key.space
3.288547992706299,key_press,'x'
3.4698967933654785,key_press,Key.space
3.5807597637176514,key_press,'x'
3.6712844371795654,key_press,'x'
3.8352391719818115,key_press,Key.space
3.9982540607452393,key_press,'x'
4.126586198806763,key_press,'x'
4.298979759216309,key_press,'x'
4.41923451423645,key_press,'x'
4.499179363250732,key_press,'x'
4.594165086746216,key_press,'x'
4.690662622451782,key_press,'x'
4.865875720977783,key_press,Key.space
5.010524749755859,key_press,'x'
5.17833399772644,key_press,'x'
5.697150945663452,key_press,'x'
5.984903812408447,key_press,'x'
6.240140676498413,key_press,'x'
6.352303504943848,key_press,Key.space
7.134684324264526,key_press,'x'
7.2628796100616455,key_press,Key.space
7.3744611740112305,key_press,'x'
7.485520839691162,key_press,'x'
7.62981390953064,key_press,Key.space
7.983067274093628,key_press,'x'
8.18129277229309,key_press,Key.space
13.07668161392212,key_press,'x'
13.21998405456543,key_press,'x'
13.300183057785034,key_press,'x'
13.41415023803711,key_press,'x'
13.65074634552002,key_press,Key.space
15.073318481445312,key_press,'x'
15.13618278503418,key_press,'x'
15.313292980194092,key_press,Key.space
17.05391573905945,key_press,'x'
17.149266481399536,key_press,'x'
17.261985540390015,key_press,'x'
17.485886096954346,key_press,'x'
17.66040277481079,key_press,'x'
17.77220129966736,key_press,'x'
17.96493124961853,key_press,'x'
18.060410261154175,key_press,Key.space
18.84303307533264,key_press,Key.backspace
18.99020743370056,key_press,Key.backspace
19.695667028427124,key_press,Key.backspace
19.83326292037964,key_press,Key.backspace
19.980661153793335,key_press,Key.backspace
20.255998849868774,key_press,'x'
20.456782341003418,key_press,'x'
21.01559567451477,key_press,Key.backspace
21.257596731185913,key_press,'x'
21.382713556289673,key_press,'x'
21.590123653411865,key_press,'x'
22.10145401954651,key_press,'x'
22.258699655532837,key_press,'x'
22.420483589172363,key_press,'x'
22.564695119857788,key_press,'x'
22.740402936935425,key_press,Key.space
24.01855731010437,key_press,'x'
24.114112854003906,key_press,'x'
24.177613258361816,key_press,'x'
24.32245945930481,key_press,Key.space
24.769208431243896,key_press,'x'
24.928653478622437,key_press,'x'
25.07596731185913,key_press,'x'
25.19923973083496,key_press,'x'
25.263452529907227,key_press,Key.space
26.432847023010254,key_press,'x'
26.573885679244995,key_press,'x'
26.925474405288696,key_press,'x'
27.228506565093994,key_press,'x'
27.373781442642212,key_press,'x'
27.54834270477295,key_press,Key.space
27.915491819381714,key_press,'x'
27.995718955993652,key_press,'x'
28.074827432632446,key_press,'x'
28.174790620803833,key_press,Key.space
28.538668155670166,key_press,'x'
28.67608094215393,key_press,'x'
28.810287952423096,key_press,'x'
28.937960863113403,key_press,'x'
29.033904314041138,key_press,Key.space
30.631614208221436,key_press,'x'
30.790993452072144,key_press,Key.space
30.953360319137573,key_press,'x'
31.02998375892639,key_press,'x'
31.158345699310303,key_press,'x'
31.28101921081543,key_press,'x'
31.382298469543457,key_press,Key.space
32.03774547576904,key_press,'x'
32.198410749435425,key_press,'x'
32.53170418739319,key_press,'x'
33.04262161254883,key_press,Key.backspace
33.266247034072876,key_press,Key.backspace
33.87369394302368,key_press,'x'
34.04887890815735,key_press,'x'
34.241077184677124,key_press,Key.space
34.387280225753784,key_press,'x'
34.704004526138306,key_press,'x'
34.8956139087677,key_press,Key.space
35.07078814506531,key_press,'x'
35.16752886772156,key_press,'x'
35.43933343887329,key_press,'x'
35.79241871833801,key_press,'x'
36.396968126297,mouse_move,"""1285,926"""
36.417776107788086,mouse_move,"""1286,927"""
36.431947469711304,mouse_move,"""1286,936"""
36.4345920085907,mouse_move,"""1286,951"""
36.445849657058716,mouse_move,"""1284,972"""
36.45080542564392,mouse_move,"""1281,997"""
36.46084642410278,mouse_move,"""1279,1022"""
36.46640658378601,mouse_move,"""1278,1037"""
36.46640658378601,mouse_move,"""1277,1046"""
36.482473373413086,mouse_move,"""1276,1051"""
36.482473373413086,mouse_move,"""1276,1055"""
36.49282479286194,mouse_move,"""1276,1054"""
36.51092743873596,mouse_move,"""1281,1045"""
36.51491641998291,mouse_move,"""1289,1027"""
36.525124073028564,mouse_move,"""1306,988"""
36.53027105331421,mouse_move,"""1326,946"""
36.53027105331421,mouse_move,"""1346,906"""
36.54632329940796,mouse_move,"""1356,881"""
36.54632329940796,mouse_move,"""1365,865"""
36.56089520454407,mouse_move,"""1370,856"""
36.5618999004364,mouse_move,"""1373,852"""
36.57470345497131,mouse_move,"""1374,851"""
36.581241607666016,mouse_move,"""1374,853"""
36.58944630622864,mouse_move,"""1374,862"""
36.59520244598389,mouse_move,"""1372,885"""
36.60310196876526,mouse_move,"""1368,931"""
36.61101675033569,mouse_move,"""1361,983"""
36.61825132369995,mouse_move,"""1354,1045"""
36.625123023986816,mouse_move,"""1344,1108"""
36.63235116004944,mouse_move,"""1339,1170"""
36.639559268951416,mouse_move,"""1335,1222"""
36.64328074455261,mouse_move,"""1331,1238"""
36.65005278587341,mouse_move,"""1328,1221"""
36.655247926712036,mouse_move,"""1326,1214"""
36.66834259033203,mouse_move,"""1325,1206"""
36.674421072006226,mouse_move,"""1325,1203"""
36.6865553855896,mouse_move,"""1326,1197"""
36.69262194633484,mouse_move,"""1330,1190"""
36.70169758796692,mouse_move,"""1335,1183"""
36.710840463638306,mouse_move,"""1340,1175"""
36.71686506271362,mouse_move,"""1344,1171"""
36.72292137145996,mouse_move,"""1347,1168"""
36.7279486656189,mouse_move,"""1349,1167"""
36.739835262298584,mouse_move,"""1351,1167"""
36.74679446220398,mouse_move,"""1352,1167"""
36.752711057662964,mouse_move,"""1355,1168"""
36.758840799331665,mouse_move,"""1357,1171"""
36.76520109176636,mouse_move,"""1360,1174"""
36.773624420166016,mouse_move,"""1362,1181"""
36.7765429019928,mouse_move,"""1365,1195"""
36.78987097740173,mouse_move,"""1368,1210"""
36.79521036148071,mouse_move,"""1371,1217"""
36.80207872390747,mouse_move,"""1372,1214"""
36.806999921798706,mouse_move,"""1373,1213"""
36.81301975250244,mouse_move,"""1375,1206"""
36.82564902305603,mouse_move,"""1375,1203"""
36.831578731536865,mouse_move,"""1375,1200"""
36.8437774181366,mouse_move,"""1375,1198"""
36.84976410865784,mouse_move,"""1375,1185"""
36.861175537109375,mouse_move,"""1375,1157"""
36.868186235427856,mouse_move,"""1375,1096"""
36.874757051467896,mouse_move,"""1377,1021"""
36.880555152893066,mouse_move,"""1377,937"""
36.887308835983276,mouse_move,"""1377,856"""
36.8931405544281,mouse_move,"""1377,791"""
36.89806604385376,mouse_move,"""1377,754"""
36.91114902496338,mouse_move,"""1377,736"""
36.917134523391724,mouse_move,"""1377,724"""
36.92329406738281,mouse_move,"""1377,719"""
36.92956233024597,mouse_move,"""1375,717"""
36.94003677368164,mouse_move,"""1374,718"""
36.94054985046387,mouse_move,"""1370,724"""
36.95396637916565,mouse_move,"""1361,737"""
36.96019124984741,mouse_move,"""1351,762"""
36.9658739566803,mouse_move,"""1335,795"""
36.972264528274536,mouse_move,"""1318,833"""
36.98081183433533,mouse_move,"""1301,866"""
36.99060106277466,mouse_move,"""1289,892"""
36.99644231796265,mouse_move,"""1278,909"""
37.00189709663391,mouse_move,"""1270,917"""
37.00762128829956,mouse_move,"""1265,921"""
37.01364612579346,mouse_move,"""1262,921"""
37.01984262466431,mouse_move,"""1258,919"""
37.0323588848114,mouse_move,"""1251,904"""
37.03899621963501,mouse_move,"""1243,867"""
37.043781042099,mouse_move,"""1231,801"""
37.05003833770752,mouse_move,"""1221,718"""
37.056408405303955,mouse_move,"""1207,615"""
37.06838059425354,mouse_move,"""1194,536"""
37.074514627456665,mouse_move,"""1185,483"""
37.08147859573364,mouse_move,"""1176,458"""
37.08737230300903,mouse_move,"""1168,447"""
37.09330487251282,mouse_move,"""1159,445"""
37.099377155303955,mouse_move,"""1149,446"""
37.11159157752991,mouse_move,"""1136,457"""
37.117913246154785,mouse_move,"""1117,482"""
37.123502254486084,mouse_move,"""1094,516"""
37.13013029098511,mouse_move,"""1068,562"""
37.135629653930664,mouse_move,"""1046,605"""
37.1462984085083,mouse_move,"""1023,648"""
37.15425252914429,mouse_move,"""1006,687"""
37.16010046005249,mouse_move,"""993,713"""
37.1664936542511,mouse_move,"""986,725"""
37.172483921051025,mouse_move,"""983,729"""
37.18280053138733,mouse_move,"""980,732"""
37.189794063568115,mouse_move,"""978,732"""
37.196433544158936,mouse_move,"""977,727"""
37.20288562774658,mouse_move,"""977,714"""
37.20897054672241,mouse_move,"""978,686"""
37.216665506362915,mouse_move,"""982,653"""
37.22522711753845,mouse_move,"""985,631"""
37.226919174194336,mouse_move,"""988,617"""
37.23549222946167,mouse_move,"""988,612"""
37.244691371917725,mouse_move,"""988,612"""
37.25306797027588,mouse_move,"""987,612"""
37.25306797027588,mouse_move,"""984,613"""
37.264057636260986,mouse_move,"""979,627"""
37.27515387535095,mouse_move,"""969,652"""
37.27515387535095,mouse_move,"""959,683"""
37.28576588630676,mouse_move,"""944,722"""
37.296765089035034,mouse_move,"""931,763"""
37.29749083518982,mouse_move,"""921,800"""
37.30730891227722,mouse_move,"""916,823"""
37.31841802597046,mouse_move,"""913,837"""
37.322415590286255,mouse_move,"""912,845"""
37.32706928253174,mouse_move,"""912,848"""
37.33680248260498,mouse_move,"""912,849"""
37.3537814617157,mouse_move,"""913,845"""
37.35458993911743,mouse_move,"""922,827"""
37.36249256134033,mouse_move,"""944,787"""
37.370022773742676,mouse_move,"""974,724"""
37.376954555511475,mouse_move,"""1007,658"""
37.38963341712952,mouse_move,"""1039,605"""
37.396926403045654,mouse_move,"""1058,580"""
37.40277814865112,mouse_move,"""1067,568"""
37.40922021865845,mouse_move,"""1073,563"""
37.41477036476135,mouse_move,"""1077,563"""
37.42541241645813,mouse_move,"""1079,563"""
37.43348693847656,mouse_move,"""1082,572"""
37.43958115577698,mouse_move,"""1082,593"""
37.44603109359741,mouse_move,"""1084,631"""
37.45131301879883,mouse_move,"""1084,678"""
37.45715546607971,mouse_move,"""1084,732"""
37.46794843673706,mouse_move,"""1084,790"""
37.47555899620056,mouse_move,"""1084,854"""
37.482078313827515,mouse_move,"""1084,909"""
37.48923993110657,mouse_move,"""1086,957"""
37.4929473400116,mouse_move,"""1088,988"""
37.504385232925415,mouse_move,"""1090,1005"""
37.51139450073242,mouse_move,"""1090,1015"""
37.51749587059021,mouse_move,"""1091,1019"""
37.5235641002655,mouse_move,"""1091,1019"""
37.53530430793762,mouse_move,"""1093,1017"""
37.54690670967102,mouse_move,"""1098,1009"""
37.5542778968811,mouse_move,"""1108,997"""
37.56099200248718,mouse_move,"""1120,980"""
37.566834449768066,mouse_move,"""1138,958"""
37.57312297821045,mouse_move,"""1160,938"""
37.578195333480835,mouse_move,"""1181,922"""
37.589452266693115,mouse_move,"""1196,912"""
37.59652495384216,mouse_move,"""1211,905"""
37.60195851325989,mouse_move,"""1222,900"""
37.608612060546875,mouse_move,"""1229,899"""
37.61459946632385,mouse_move,"""1234,898"""
37.625728607177734,mouse_move,"""1236,898"""
37.63281726837158,mouse_move,"""1238,899"""
37.638899087905884,mouse_move,"""1241,900"""
37.645771980285645,mouse_move,"""1243,904"""
37.6510329246521,mouse_move,"""1246,910"""
37.65707612037659,mouse_move,"""1248,917"""
37.668227434158325,mouse_move,"""1249,929"""
37.67524194717407,mouse_move,"""1252,946"""
37.682377338409424,mouse_move,"""1253,963"""
37.6882061958313,mouse_move,"""1253,979"""
37.69363594055176,mouse_move,"""1253,989"""
37.702155113220215,mouse_move,"""1253,993"""
37.71079111099243,mouse_move,"""1253,995"""
37.72948956489563,mouse_move,"""1253,990"""
37.738566398620605,mouse_move,"""1253,979"""
37.74713611602783,mouse_move,"""1258,955"""
37.754217863082886,mouse_move,"""1271,910"""
37.76128888130188,mouse_move,"""1290,856"""
37.76582741737366,mouse_move,"""1311,804"""
37.77199411392212,mouse_move,"""1331,764"""
37.77801871299744,mouse_move,"""1343,741"""
37.78960585594177,mouse_move,"""1350,731"""
37.79626727104187,mouse_move,"""1355,725"""
37.8035352230072,mouse_move,"""1358,722"""
37.80950474739075,mouse_move,"""1358,722"""
37.814839363098145,mouse_move,"""1359,722"""
37.82360863685608,mouse_move,"""1360,722"""
37.832138538360596,mouse_move,"""1360,725"""
37.840179443359375,mouse_move,"""1360,730"""
37.8458309173584,mouse_move,"""1360,737"""
37.85280203819275,mouse_move,"""1360,747"""
37.8579421043396,mouse_move,"""1358,762"""
37.86855602264404,mouse_move,"""1357,785"""
37.875656604766846,mouse_move,"""1355,817"""
37.88268423080444,mouse_move,"""1353,845"""
37.88772416114807,mouse_move,"""1351,876"""
37.89681601524353,mouse_move,"""1349,901"""
37.899431467056274,mouse_move,"""1348,914"""
37.911540269851685,mouse_move,"""1347,923"""
37.91785216331482,mouse_move,"""1346,925"""
37.9297878742218,mouse_move,"""1345,922"""
37.93886661529541,mouse_move,"""1345,914"""
37.9463574886322,mouse_move,"""1344,895"""
37.95351481437683,mouse_move,"""1342,867"""
37.96058893203735,mouse_move,"""1340,829"""
37.967612504959106,mouse_move,"""1338,798"""
37.97369313240051,mouse_move,"""1338,781"""
37.98177933692932,mouse_move,"""1337,772"""
37.98992729187012,mouse_move,"""1337,769"""
37.997002601623535,mouse_move,"""1336,767"""
38.00889301300049,mouse_move,"""1334,767"""
38.01573348045349,mouse_move,"""1334,767"""
38.02083110809326,mouse_move,"""1333,768"""
38.032435178756714,mouse_move,"""1330,772"""
38.039496421813965,mouse_move,"""1328,775"""
38.04608917236328,mouse_move,"""1326,782"""
38.0529842376709,mouse_move,"""1321,788"""
38.058253049850464,mouse_move,"""1317,797"""
38.06416320800781,mouse_move,"""1312,803"""
38.07594585418701,mouse_move,"""1309,807"""
38.081493854522705,mouse_move,"""1307,808"""
38.087592124938965,mouse_move,"""1306,808"""
38.09359884262085,mouse_move,"""1304,807"""
38.10019493103027,mouse_move,"""1302,802"""
38.11144828796387,mouse_move,"""1298,790"""
38.118521213531494,mouse_move,"""1293,771"""
38.125603675842285,mouse_move,"""1288,744"""
38.131036043167114,mouse_move,"""1287,729"""
38.13724327087402,mouse_move,"""1284,720"""
38.14267158508301,mouse_move,"""1283,717"""
38.15381145477295,mouse_move,"""1283,716"""
38.16089963912964,mouse_move,"""1283,716"""
38.16651225090027,mouse_move,"""1282,717"""
38.17369318008423,mouse_move,"""1278,724"""
38.18168330192566,mouse_move,"""1276,734"""
38.185609340667725,mouse_move,"""1272,749"""
38.19633173942566,mouse_move,"""1267,771"""
38.203863859176636,mouse_move,"""1262,797"""
38.21005177497864,mouse_move,"""1258,814"""
38.217655181884766,mouse_move,"""1255,829"""
38.22170066833496,mouse_move,"""1252,841"""
38.232858419418335,mouse_move,"""1250,847"""
38.239848613739014,mouse_move,"""1250,850"""
38.26395344734192,mouse_move,"""1249,848"""
38.27522134780884,mouse_move,"""1249,844"""
38.282288789749146,mouse_move,"""1249,842"""
38.2883563041687,mouse_move,"""1249,840"""
38.294440507888794,mouse_move,"""1248,839"""
38.31838011741638,mouse_move,"""1248,839"""
38.32457089424133,mouse_move,"""1247,841"""
38.33101415634155,mouse_move,"""1245,843"""
38.337334632873535,mouse_move,"""1244,846"""
38.34302496910095,mouse_move,"""1243,849"""
38.34952688217163,mouse_move,"""1242,851"""
38.36117911338806,mouse_move,"""1242,851"""
38.39662790298462,mouse_move,"""1242,851"""
38.403366804122925,mouse_move,"""1243,850"""
38.40979290008545,mouse_move,"""1246,845"""
38.41786170005798,mouse_move,"""1250,834"""
38.42187690734863,mouse_move,"""1255,819"""
38.427979946136475,mouse_move,"""1260,803"""
38.43912434577942,mouse_move,"""1262,793"""
38.446218490600586,mouse_move,"""1264,789"""
38.45328950881958,mouse_move,"""1265,787"""
38.481597661972046,mouse_move,"""1265,789"""
38.48928928375244,mouse_move,"""1265,792"""
38.495296001434326,mouse_move,"""1265,794"""
38.501341104507446,mouse_move,"""1263,798"""
38.5073676109314,mouse_move,"""1261,809"""
38.51664328575134,mouse_move,"""1255,818"""
38.524152517318726,mouse_move,"""1250,828"""
38.53119206428528,mouse_move,"""1246,837"""
38.53726816177368,mouse_move,"""1242,843"""
38.54334020614624,mouse_move,"""1239,846"""
38.549373626708984,mouse_move,"""1236,848"""
38.55971550941467,mouse_move,"""1233,848"""
38.56740045547485,mouse_move,"""1229,845"""
38.57366108894348,mouse_move,"""1222,830"""
38.57968544960022,mouse_move,"""1211,790"""
38.586764335632324,mouse_move,"""1193,713"""
38.595109701156616,mouse_move,"""1176,613"""
38.60299348831177,mouse_move,"""1165,501"""
38.61004567146301,mouse_move,"""1157,378"""
38.61699604988098,mouse_move,"""1146,263"""
38.623069524765015,mouse_move,"""1141,167"""
38.62907838821411,mouse_move,"""1134,105"""
38.63812565803528,mouse_move,"""1128,72"""
38.64562368392944,mouse_move,"""1124,60"""
38.65203785896301,mouse_move,"""1120,54"""
38.65865993499756,mouse_move,"""1115,54"""
38.66472125053406,mouse_move,"""1106,57"""
38.674124240875244,mouse_move,"""1095,68"""
38.676774978637695,mouse_move,"""1076,95"""
38.687963247299194,mouse_move,"""1051,138"""
38.695013761520386,mouse_move,"""1024,194"""
38.70263957977295,mouse_move,"""996,256"""
38.70689511299133,mouse_move,"""968,325"""
38.71283531188965,mouse_move,"""943,390"""
38.719844818115234,mouse_move,"""920,462"""
38.73047065734863,mouse_move,"""903,526"""
38.73803925514221,mouse_move,"""887,580"""
38.7442581653595,mouse_move,"""874,615"""
38.750309228897095,mouse_move,"""868,632"""
38.75627160072327,mouse_move,"""865,641"""
38.76259207725525,mouse_move,"""863,642"""
38.77295136451721,mouse_move,"""862,642"""
38.78101658821106,mouse_move,"""861,635"""
38.786821603775024,mouse_move,"""864,599"""
38.79360389709473,mouse_move,"""874,517"""
38.798871994018555,mouse_move,"""899,403"""
38.8047981262207,mouse_move,"""933,275"""
38.81645178794861,mouse_move,"""970,150"""
38.82309126853943,mouse_move,"""1006,42"""
38.829602003097534,mouse_move,"""1027,-29"""
38.834622383117676,mouse_move,"""1039,-35"""
38.84046530723572,mouse_move,"""1046,-15"""
38.8518590927124,mouse_move,"""1048,-3"""
38.85851263999939,mouse_move,"""1049,2"""
38.86453819274902,mouse_move,"""1051,16"""
38.87316274642944,mouse_move,"""1051,61"""
38.88008213043213,mouse_move,"""1051,132"""
38.887134313583374,mouse_move,"""1051,217"""
38.8943407535553,mouse_move,"""1054,312"""
38.901394844055176,mouse_move,"""1059,407"""
38.90792894363403,mouse_move,"""1064,505"""
38.91457152366638,mouse_move,"""1070,607"""
38.921294927597046,mouse_move,"""1072,699"""
38.92615056037903,mouse_move,"""1080,788"""
38.936835050582886,mouse_move,"""1083,863"""
38.94404745101929,mouse_move,"""1087,915"""
38.95107841491699,mouse_move,"""1089,943"""
38.95676350593567,mouse_move,"""1090,958"""
38.962538957595825,mouse_move,"""1090,963"""
38.96877431869507,mouse_move,"""1091,965"""
38.986236572265625,mouse_move,"""1093,964"""
38.993980169296265,mouse_move,"""1099,957"""
38.99889516830444,mouse_move,"""1105,945"""
39.004595041275024,mouse_move,"""1116,934"""
39.01115274429321,mouse_move,"""1123,926"""
39.02285981178284,mouse_move,"""1130,922"""
39.02928137779236,mouse_move,"""1136,920"""
39.03495645523071,mouse_move,"""1141,920"""
39.041104316711426,mouse_move,"""1148,921"""
39.04743242263794,mouse_move,"""1154,926"""
39.05317139625549,mouse_move,"""1162,936"""
39.06443500518799,mouse_move,"""1172,948"""
39.0721161365509,mouse_move,"""1181,966"""
39.07803797721863,mouse_move,"""1192,995"""
39.0839958190918,mouse_move,"""1203,1032"""
39.09200620651245,mouse_move,"""1216,1073"""
39.10078835487366,mouse_move,"""1225,1123"""
39.107882499694824,mouse_move,"""1236,1176"""
39.113415479660034,mouse_move,"""1243,1232"""
39.12159466743469,mouse_move,"""1250,1255"""
39.12559485435486,mouse_move,"""1257,1241"""
39.13147711753845,mouse_move,"""1262,1229"""
39.143736839294434,mouse_move,"""1263,1214"""
39.15026569366455,mouse_move,"""1265,1206"""
39.156115770339966,mouse_move,"""1265,1201"""
39.16828918457031,mouse_move,"""1265,1195"""
39.17422413825989,mouse_move,"""1266,1175"""
39.18619108200073,mouse_move,"""1271,1123"""
39.193119049072266,mouse_move,"""1276,1041"""
39.19984221458435,mouse_move,"""1284,945"""
39.20689105987549,mouse_move,"""1297,846"""
39.21432971954346,mouse_move,"""1310,760"""
39.2180290222168,mouse_move,"""1327,695"""
39.22917127609253,mouse_move,"""1340,654"""
39.23594570159912,mouse_move,"""1351,632"""
39.24194836616516,mouse_move,"""1356,622"""
39.24796676635742,mouse_move,"""1361,616"""
39.255998849868774,mouse_move,"""1363,615"""
39.26461434364319,mouse_move,"""1364,615"""
39.270819425582886,mouse_move,"""1365,615"""
39.27828907966614,mouse_move,"""1366,616"""
39.28341794013977,mouse_move,"""1368,621"""
39.29055857658386,mouse_move,"""1369,632"""
39.296393632888794,mouse_move,"""1369,646"""
39.307188987731934,mouse_move,"""1368,667"""
39.31415891647339,mouse_move,"""1364,706"""
39.320762157440186,mouse_move,"""1360,751"""
39.32699179649353,mouse_move,"""1356,797"""
39.332985162734985,mouse_move,"""1351,849"""
39.34191942214966,mouse_move,"""1345,894"""
39.349605321884155,mouse_move,"""1339,924"""
39.35620307922363,mouse_move,"""1336,939"""
39.36256408691406,mouse_move,"""1334,946"""
39.36970400810242,mouse_move,"""1332,948"""
39.37499928474426,mouse_move,"""1331,948"""
39.381089210510254,mouse_move,"""1328,943"""
39.39212226867676,mouse_move,"""1323,917"""
39.399165868759155,mouse_move,"""1314,851"""
39.405555725097656,mouse_move,"""1306,752"""
39.41331720352173,mouse_move,"""1300,630"""
39.420366525650024,mouse_move,"""1300,495"""
39.42611575126648,mouse_move,"""1300,360"""
39.434590101242065,mouse_move,"""1300,239"""
39.44165277481079,mouse_move,"""1302,144"""
39.44837713241577,mouse_move,"""1302,87"""
39.4558207988739,mouse_move,"""1303,58"""
39.460179805755615,mouse_move,"""1303,42"""
39.46545886993408,mouse_move,"""1303,37"""
39.477911949157715,mouse_move,"""1303,34"""
39.489646434783936,mouse_move,"""1303,34"""
39.49580693244934,mouse_move,"""1303,36"""
39.50329923629761,mouse_move,"""1298,48"""
39.5134539604187,mouse_move,"""1290,75"""
39.52053999900818,mouse_move,"""1276,126"""
39.527655601501465,mouse_move,"""1250,194"""
39.534637212753296,mouse_move,"""1227,276"""
39.541451930999756,mouse_move,"""1200,363"""
39.54531288146973,mouse_move,"""1179,454"""
39.555989503860474,mouse_move,"""1155,542"""
39.563034772872925,mouse_move,"""1134,619"""
39.569801330566406,mouse_move,"""1118,673"""
39.57592463493347,mouse_move,"""1106,702"""
39.58196020126343,mouse_move,"""1101,714"""
39.588470697402954,mouse_move,"""1097,717"""
39.59845304489136,mouse_move,"""1092,715"""
39.605581760406494,mouse_move,"""1084,693"""
39.61223340034485,mouse_move,"""1074,623"""
39.61839437484741,mouse_move,"""1069,515"""
39.62554168701172,mouse_move,"""1069,380"""
39.63039755821228,mouse_move,"""1077,224"""
39.64094829559326,mouse_move,"""1091,65"""
39.64802527427673,mouse_move,"""1108,-65"""
39.653621435165405,mouse_move,"""1121,-83"""
39.65975260734558,mouse_move,"""1125,-49"""
39.66574454307556,mouse_move,"""1130,-20"""
39.6721715927124,mouse_move,"""1131,-7"""
39.683995962142944,mouse_move,"""1133,-1"""
39.690136432647705,mouse_move,"""1135,1"""
39.69620656967163,mouse_move,"""1136,17"""
39.70472550392151,mouse_move,"""1140,53"""
39.71172261238098,mouse_move,"""1140,121"""
39.71981477737427,mouse_move,"""1140,208"""
39.726698875427246,mouse_move,"""1140,306"""
39.732566118240356,mouse_move,"""1138,415"""
39.740867376327515,mouse_move,"""1133,523"""
39.745808839797974,mouse_move,"""1130,635"""
39.751705169677734,mouse_move,"""1124,743"""
39.75806498527527,mouse_move,"""1122,835"""
39.76941537857056,mouse_move,"""1119,910"""
39.776458501815796,mouse_move,"""1119,954"""
39.781193256378174,mouse_move,"""1118,972"""
39.787333965301514,mouse_move,"""1118,982"""
39.794769287109375,mouse_move,"""1118,983"""
39.81171226501465,mouse_move,"""1120,975"""
39.81881499290466,mouse_move,"""1129,943"""
39.82604146003723,mouse_move,"""1151,884"""
39.83310055732727,mouse_move,"""1176,813"""
39.840147256851196,mouse_move,"""1204,747"""
39.84731101989746,mouse_move,"""1230,694"""
39.85439133644104,mouse_move,"""1253,651"""
39.8614444732666,mouse_move,"""1276,620"""
39.867146492004395,mouse_move,"""1292,604"""
39.87333011627197,mouse_move,"""1303,593"""
39.87904596328735,mouse_move,"""1313,588"""
39.88983154296875,mouse_move,"""1322,585"""
39.89756202697754,mouse_move,"""1328,586"""
39.90359139442444,mouse_move,"""1333,589"""
39.90971875190735,mouse_move,"""1339,597"""
39.91567134857178,mouse_move,"""1345,610"""
39.92163443565369,mouse_move,"""1350,637"""
39.933282136917114,mouse_move,"""1357,686"""
39.939939975738525,mouse_move,"""1360,751"""
39.946102142333984,mouse_move,"""1362,826"""
39.95351791381836,mouse_move,"""1367,918"""
39.95891237258911,mouse_move,"""1373,1009"""
39.96870732307434,mouse_move,"""1378,1105"""
39.97581601142883,mouse_move,"""1383,1190"""
39.98161482810974,mouse_move,"""1390,1259"""
39.98740530014038,mouse_move,"""1394,1238"""
39.99476480484009,mouse_move,"""1396,1217"""
39.999783754348755,mouse_move,"""1396,1209"""
40.00576686859131,mouse_move,"""1396,1200"""
40.023829221725464,mouse_move,"""1395,1190"""
40.02996349334717,mouse_move,"""1395,1165"""
40.03620386123657,mouse_move,"""1393,1110"""
40.04202842712402,mouse_move,"""1393,1039"""
40.05369734764099,mouse_move,"""1394,958"""
40.061214208602905,mouse_move,"""1399,886"""
40.06786584854126,mouse_move,"""1401,831"""
40.072453022003174,mouse_move,"""1406,789"""
40.08203673362732,mouse_move,"""1409,767"""
40.08457279205322,mouse_move,"""1411,755"""
40.09670424461365,mouse_move,"""1411,748"""
40.10302734375,mouse_move,"""1412,745"""
40.10972738265991,mouse_move,"""1412,745"""
40.115010499954224,mouse_move,"""1412,745"""
40.12105965614319,mouse_move,"""1412,745"""
40.126975536346436,mouse_move,"""1409,745"""
40.13868761062622,mouse_move,"""1405,747"""
40.14620351791382,mouse_move,"""1395,752"""
40.15186905860901,mouse_move,"""1379,761"""
40.15832567214966,mouse_move,"""1346,779"""
40.164024114608765,mouse_move,"""1299,807"""
40.17258620262146,mouse_move,"""1243,834"""
40.1821813583374,mouse_move,"""1177,864"""
40.18881630897522,mouse_move,"""1109,887"""
40.19622492790222,mouse_move,"""1036,902"""
40.20012331008911,mouse_move,"""970,907"""
40.206050872802734,mouse_move,"""905,901"""
40.21757507324219,mouse_move,"""844,884"""
40.22439694404602,mouse_move,"""787,852"""
40.23076367378235,mouse_move,"""735,804"""
40.23630237579346,mouse_move,"""689,743"""
40.24240517616272,mouse_move,"""653,673"""
40.24840259552002,mouse_move,"""627,598"""
40.26005172729492,mouse_move,"""612,525"""
40.26714539527893,mouse_move,"""604,456"""
40.27360939979553,mouse_move,"""602,398"""
40.280893087387085,mouse_move,"""605,359"""
40.28549885749817,mouse_move,"""610,336"""
40.295342445373535,mouse_move,"""618,322"""
40.30251717567444,mouse_move,"""628,313"""
40.309584856033325,mouse_move,"""636,311"""
40.31624150276184,mouse_move,"""648,314"""
40.32240653038025,mouse_move,"""664,330"""
40.32850909233093,mouse_move,"""688,367"""
40.333914279937744,mouse_move,"""717,423"""
40.345831871032715,mouse_move,"""748,495"""
40.35305595397949,mouse_move,"""780,577"""
40.35878348350525,mouse_move,"""812,669"""
40.364418029785156,mouse_move,"""844,761"""
40.370400190353394,mouse_move,"""880,853"""
40.37946271896362,mouse_move,"""911,932"""
40.387537717819214,mouse_move,"""941,994"""
40.39527463912964,mouse_move,"""961,1037"""
40.400482416152954,mouse_move,"""973,1057"""
40.406896352767944,mouse_move,"""981,1066"""
40.412967920303345,mouse_move,"""985,1069"""
40.424073934555054,mouse_move,"""991,1067"""
40.43127489089966,mouse_move,"""1001,1050"""
40.437005043029785,mouse_move,"""1019,1011"""
40.443055868148804,mouse_move,"""1046,946"""
40.44942331314087,mouse_move,"""1075,868"""
40.45517683029175,mouse_move,"""1107,779"""
40.466447830200195,mouse_move,"""1136,704"""
40.473071813583374,mouse_move,"""1163,648"""
40.479132413864136,mouse_move,"""1176,619"""
40.48521685600281,mouse_move,"""1183,605"""
40.495136737823486,mouse_move,"""1188,597"""
40.497732400894165,mouse_move,"""1191,596"""
40.50892663002014,mouse_move,"""1193,596"""
40.51626372337341,mouse_move,"""1194,596"""
40.52227473258972,mouse_move,"""1194,597"""
40.528254985809326,mouse_move,"""1195,599"""
40.53439235687256,mouse_move,"""1195,600"""
40.54014563560486,mouse_move,"""1195,603"""
40.552101850509644,mouse_move,"""1194,610"""
40.55936574935913,mouse_move,"""1190,623"""
40.56472635269165,mouse_move,"""1184,639"""
40.571778535842896,mouse_move,"""1175,659"""
40.57674288749695,mouse_move,"""1164,676"""
40.58269286155701,mouse_move,"""1147,695"""
44.71413230895996,key_press,'x'
44.845295667648315,key_press,'x'
44.976664304733276,key_press,'x'
45.07670783996582,key_press,Key.space
45.51049518585205,key_press,'x'
45.65174746513367,key_press,Key.space
46.31696629524231,key_press,'x'
46.4388382434845,key_press,'x'
46.58966517448425,key_press,Key.space
46.86125159263611,key_press,'x'
46.91147065162659,key_press,'x'
47.00175642967224,key_press,'x'
47.10425662994385,key_press,Key.space
50.17813229560852,key_press,'x'
50.359623670578,key_press,'x'
50.399348974227905,key_press,'x'
50.6214656829834,key_press,'x'
50.793696641922,key_press,'x'
51.145838499069214,key_press,Key.backspace
51.28673982620239,key_press,Key.backspace
51.85099387168884,key_press,Key.backspace
52.00252842903137,key_press,Key.backspace
53.715925455093384,key_press,'x'
54.37116193771362,key_press,'x'
54.52196955680847,key_press,'x'
55.03691840171814,key_press,'x'
55.52041435241699,key_press,'x'
55.642003774642944,key_press,'x'
55.81689214706421,key_press,'x'
55.97461724281311,key_press,'x'
56.03484797477722,key_press,Key.space
56.60954833030701,key_press,'x'
56.73043155670166,key_press,'x'
56.851096391677856,key_press,Key.space
57.01287770271301,key_press,'x'
57.09311270713806,key_press,'x'
57.27468514442444,key_press,Key.space
57.84976100921631,key_press,'x'
57.95079970359802,key_press,'x'
58.030653953552246,key_press,'x'
58.1816680431366,key_press,'x'
58.37342596054077,key_press,'x'
58.575066804885864,key_press,Key.space
59.2506160736084,key_press,'x'
59.350940465927124,key_press,'x'
59.493053674697876,key_press,'x'
61.327009439468384,key_press,'x'
61.49344754219055,key_press,Key.space
61.51836681365967,key_press,'x'
61.68069911003113,key_press,'x'
61.7002592086792,key_press,'x'
61.84127140045166,key_press,Key.space
62.08330535888672,key_press,'x'
62.21652436256409,key_press,'x'
62.35457921028137,key_press,'x'
62.49626898765564,key_press,Key.space
62.96007537841797,key_press,'x'
63.86732077598572,key_press,Key.backspace
64.14956855773926,key_press,'x'
64.32609105110168,key_press,'x'
64.46209406852722,key_press,Key.space
65.1578757762909,key_press,'x'
65.3086211681366,key_press,'x'
65.55697107315063,key_press,'x'
65.78243470191956,key_press,Key.space
70.00673246383667,key_press,'x'
70.17767930030823,key_press,'x'
70.37944269180298,key_press,'x'
70.55242466926575,key_press,'x'
70.67193102836609,key_press,Key.space
70.803049325943,key_press,'x'
70.93409514427185,key_press,'x'
71.0752022266388,key_press,'x'
71.2767596244812,key_press,Key.space
73.13175845146179,key_press,'x'
73.2019407749176,key_press,'x'
73.35343885421753,key_press,'x'
73.5544798374176,key_press,'x'
73.58480739593506,key_press,'x'
73.78678750991821,key_press,'x'
73.79677844047546,key_press,'x'
73.97844648361206,key_press,'x'
74.16024875640869,key_press,'x'
74.2223527431488,key_press,'x'
74.36183714866638,key_press,'x'
74.41184544563293,key_press,'x'
74.55270385742188,key_press,'x'
74.59279251098633,key_press,'x'
76.06509947776794,key_press,'x'
76.1764121055603,key_press,'x'
76.28988361358643,key_press,'x'
76.50044012069702,key_press,'x'
76.52885603904724,key_press,'x'
76.7905523777008,key_press,'x'
76.96201848983765,key_press,'x'
77.14828562736511,key_press,'x'
77.23485064506531,key_press,'x'
77.42584991455078,key_press,'x'
77.53644633293152,key_press,'x'
77.6981348991394,key_press,'x'
77.82900023460388,key_press,'x'
80.75272274017334,key_press,'x'
80.82171964645386,key_press,'x'
80.89323902130127,key_press,'x'
81.01459670066833,key_press,'x'
81.15587544441223,key_press,Key.space
82.00264883041382,key_press,'x'
82.3653073310852,key_press,Key.backspace
82.48622298240662,key_press,'x'
82.63760662078857,key_press,'x'
82.6882255077362,key_press,'x'
82.8691349029541,key_press,'x'
83.00009942054749,key_press,Key.space
83.16140913963318,key_press,'x'
83.34286189079285,key_press,'x'
83.47408056259155,key_press,'x'
83.5751621723175,key_press,Key.space
84.43223524093628,key_press,'x'
84.67367792129517,key_press,Key.space
84.83510613441467,key_press,'x'
85.12755680084229,key_press,'x'
85.28210282325745,key_press,'x'
85.34967184066772,key_press,Key.space
85.86790800094604,key_press,'x'
85.96468877792358,key_press,'x'
86.11556458473206,key_press,'x'
86.20624804496765,key_press,'x'
86.3774471282959,key_press,Key.space
86.4788806438446,key_press,'x'
86.69031500816345,key_press,Key.backspace
86.8309543132782,key_press,Key.backspace
86.94216918945312,key_press,'x'
87.1115825176239,key_press,Key.space
87.58769726753235,key_press,'x'
88.05090880393982,key_press,'x'
88.15182423591614,key_press,Key.space
88.33335494995117,key_press,'x'
88.4240038394928,key_press,'x'
88.4940972328186,key_press,'x'
88.63623929023743,key_press,Key.space
89.24037837982178,key_press,'x'
89.34096574783325,key_press,'x'
89.70420026779175,key_press,'x'
89.93609189987183,key_press,'x'
90.05785894393921,key_press,'x'
90.20822644233704,key_press,Key.space
90.43074297904968,key_press,'x'
90.77248930931091,key_press,'x'
91.34739899635315,key_press,Key.backspace
91.50864768028259,key_press,'x'
91.64047169685364,key_press,Key.space
92.17452502250671,key_press,'x'
92.30504894256592,key_press,'x'
92.56729507446289,key_press,'x'
92.8600218296051,key_press,'x'
93.14182758331299,key_press,Key.space
93.41368198394775,key_press,'\\'
93.71602773666382,key_press,Key.enter
94.12958574295044,key_press,'x'
95.08067345619202,key_press,'x'
95.1979455947876,key_press,Key.space
95.6012351512909,key_press,'x'
95.71196222305298,key_press,'x'
97.01241827011108,key_press,Key.backspace
97.18397855758667,key_press,Key.backspace
97.31519222259521,key_press,Key.backspace
97.80411911010742,key_press,'x'
98.22193098068237,key_press,'x'
98.35327577590942,key_press,'x'
98.52562379837036,key_press,'x'
98.63545489311218,key_press,Key.space
98.81703758239746,key_press,'x'
99.14045071601868,key_press,'x'
99.26338791847229,key_press,'x'
99.36127519607544,key_press,Key.space
110.48660016059875,key_press,'x'
110.54705762863159,key_press,'x'
110.7182731628418,key_press,'x'
110.8695456981659,key_press,Key.space
111.02071046829224,key_press,'x'
111.23248243331909,key_press,'x'
111.3039448261261,key_press,Key.space
111.52427172660828,key_press,'x'
111.66669178009033,key_press,'x'
111.87768030166626,key_press,'x'
112.05861639976501,key_press,'x'
112.2098798751831,key_press,Key.space
112.38159441947937,key_press,'x'
112.47218918800354,key_press,'x'
112.57317018508911,key_press,'x'
112.70433831214905,key_press,'x'
112.84552812576294,key_press,Key.space
113.48027920722961,key_press,'x'
113.61164498329163,key_press,'x'
113.76277256011963,key_press,'x'
113.9084985256195,key_press,'x'
114.07510805130005,key_press,Key.space
114.13563275337219,key_press,'x'
114.2865355014801,key_press,'x'
114.37696647644043,key_press,'x'
114.46832609176636,key_press,Key.space
114.7001941204071,key_press,'x'
114.800856590271,key_press,'x'
114.93181681632996,key_press,'x'
115.09261846542358,key_press,Key.space
115.15660500526428,key_press,'x'
115.31586575508118,key_press,'x'
115.3376088142395,key_press,'x'
115.49681568145752,key_press,Key.space
115.56806230545044,key_press,'x'
115.59257173538208,key_press,'x'
116.24604320526123,key_press,'x'
116.3332006931305,key_press,'x'
116.38333368301392,key_press,'x'
116.52481460571289,key_press,Key.space
117.39173436164856,key_press,'x'
117.56282424926758,key_press,'x'
117.68442416191101,key_press,'x'
118.05719017982483,key_press,Key.backspace
118.20827555656433,key_press,Key.backspace
118.3589551448822,key_press,Key.backspace
118.4904716014862,key_press,Key.backspace
118.6221215724945,key_press,Key.backspace
118.75292706489563,key_press,Key.backspace
118.93486404418945,key_press,Key.backspace
119.22647023200989,key_press,'x'
119.40748429298401,key_press,'x'
119.45803594589233,key_press,'x'
119.65996861457825,key_press,'x'
119.80096077919006,key_press,'x'
119.97211766242981,key_press,'x'
120.13344931602478,key_press,Key.space
120.31484317779541,key_press,'x'
120.62743902206421,key_press,'x'
120.75853848457336,key_press,Key.space
121.0313937664032,key_press,Key.backspace
121.18270254135132,key_press,Key.backspace
121.29274010658264,key_press,'x'
121.44432926177979,key_press,Key.space
122.00844693183899,key_press,'x'
122.22057342529297,key_press,'x'
122.37134432792664,key_press,'x'
123.17781853675842,key_press,Key.space
123.33905339241028,key_press,'x'
123.5564296245575,key_press,'x'
123.73272228240967,key_press,'x'
123.9241464138031,key_press,'x'
124.12540078163147,key_press,'x'
124.24994659423828,key_press,Key.space
124.33655881881714,key_press,'x'
124.34715390205383,key_press,'x'
124.4781711101532,key_press,'x'
124.51887035369873,key_press,'x'
124.68008661270142,key_press,Key.space
125.1702721118927,key_press,'x'
125.4070565700531,key_press,'x'
125.74087858200073,key_press,'x'
125.92907619476318,key_press,'x'
126.21438479423523,key_press,Key.space
126.56033396720886,key_press,'x'
126.70604372024536,key_press,'x'
126.81493997573853,key_press,'x'
126.91241550445557,key_press,Key.space
127.82021141052246,key_press,'x'
128.16284155845642,key_press,Key.backspace
128.27811312675476,key_press,'x'
128.4662549495697,key_press,'x'
128.60592555999756,key_press,'x'
128.7996175289154,key_press,'x'
128.9457070827484,key_press,'x'
129.15217518806458,key_press,'x'
129.18861651420593,key_press,'x'
129.3707275390625,key_press,Key.space
137.15338945388794,key_press,'x'
137.22501373291016,key_press,'x'
137.35862708091736,key_press,'x'
137.48608374595642,key_press,'x'
137.59540462493896,key_press,'x'
137.64998316764832,key_press,Key.space
138.14156484603882,key_press,'x'
138.32375979423523,key_press,'x'
138.45119524002075,key_press,'x'
138.61512112617493,key_press,'x'
138.7729389667511,key_press,Key.space
139.44664430618286,key_press,'x'
139.62275457382202,key_press,'x'
139.75012707710266,key_press,Key.space
139.8776216506958,key_press,'x'
139.99294924736023,key_press,'x'
140.28426337242126,key_press,'x'
140.6055784225464,key_press,Key.backspace
140.75888347625732,key_press,'x'
140.81888365745544,key_press,'x'
140.9581024646759,key_press,Key.space
144.2854540348053,key_press,'x'
144.41837358474731,key_press,'x'
144.54016876220703,key_press,'x'
144.92740154266357,key_press,Key.backspace
145.49275255203247,key_press,Key.backspace
145.6632878780365,key_press,Key.backspace
145.85614037513733,key_press,'x'
146.00261878967285,key_press,'x'
146.21503114700317,key_press,'x'
146.3971848487854,key_press,Key.space
149.07385778427124,key_press,'x'
149.53527688980103,key_press,'x'
149.77210569381714,key_press,Key.space
150.64000391960144,key_press,'x'
150.90706253051758,key_press,'x'
151.016273021698,key_press,'x'
151.24092650413513,key_press,'x'
151.32495737075806,key_press,'x'
151.41671705245972,key_press,'x'
151.99992656707764,key_press,Key.backspace
152.1637442111969,key_press,Key.backspace
152.4307472705841,key_press,Key.backspace
152.58240246772766,key_press,'x'
152.63745069503784,key_press,'x'
152.88645195960999,key_press,'x'
153.05605697631836,key_press,'x'
153.29243993759155,key_press,'x'
153.44952154159546,key_press,Key.space
153.90000414848328,key_press,'x'
154.05039238929749,key_press,'x'
154.11825156211853,key_press,Key.space
154.28230166435242,key_press,'x'
156.43690657615662,key_press,'x'
156.64309978485107,key_press,Key.space
157.17126321792603,key_press,'x'
157.46163988113403,key_press,'x'
157.74824976921082,key_press,'x'
157.88161945343018,key_press,'x'
158.2157599925995,key_press,Key.backspace
158.58471512794495,key_press,Key.backspace
159.25220727920532,key_press,Key.backspace
159.50828218460083,key_press,'x'
159.64164566993713,key_press,'x'
159.83494448661804,key_press,'x'
159.98746633529663,key_press,'x'
160.10287952423096,key_press,'x'
160.25510954856873,key_press,Key.space
161.20174551010132,key_press,'x'
161.34250617027283,key_press,'x'
161.604834318161,key_press,'x'
161.74773383140564,key_press,'x'
162.03590726852417,key_press,'x'
162.27594327926636,key_press,Key.space
162.39724779129028,key_press,'x'
162.59761762619019,key_press,'x'
162.6828486919403,key_press,'x'
162.8214054107666,key_press,Key.space
165.54772853851318,key_press,'x'
165.89878225326538,key_press,'x'
166.0574073791504,key_press,'x'
166.59069395065308,key_press,'x'
166.72072625160217,key_press,'x'
166.84569668769836,key_press,'x'
167.02176523208618,key_press,Key.space
167.53864002227783,key_press,'x'
167.67207074165344,key_press,'x'
167.80565237998962,key_press,'x'
168.27813172340393,key_press,'x'
168.4490098953247,key_press,'x'
168.58253526687622,key_press,Key.backspace
168.74037098884583,key_press,Key.backspace
168.92243671417236,key_press,Key.backspace
169.08663749694824,key_press,Key.backspace
169.23231387138367,key_press,Key.backspace
169.3778510093689,key_press,Key.backspace
169.53460597991943,key_press,Key.backspace
170.75559449195862,key_press,'x'
171.20502281188965,key_press,Key.backspace
171.45931005477905,key_press,'x'
171.5837242603302,key_press,'x'
171.72032618522644,key_press,Key.space
171.84163570404053,key_press,'x'
171.9812569618225,key_press,Key.space
172.5639796257019,key_press,'x'
172.73391962051392,key_press,'x'
173.42592763900757,key_press,'x'
173.5561511516571,key_press,Key.space
174.08448457717896,key_press,'x'
174.2452917098999,key_press,'x'
174.48806881904602,key_press,'x'
174.63257765769958,key_press,'x'
192.66125655174255,key_press,'x'
192.770512342453,key_press,'x'
192.8737187385559,key_press,'x'
192.9646599292755,key_press,'x'
193.3015627861023,key_press,'x'
193.4442481994629,key_press,Key.space
194.0451943874359,key_press,'x'
194.48222136497498,key_press,'x'
194.5132462978363,key_press,'x'
194.56112551689148,key_press,Key.space
195.1089105606079,key_press,'x'
195.3139636516571,key_press,Key.space
195.38658785820007,key_press,'x'
195.9875385761261,key_press,'x'
196.04828763008118,key_press,'x'
196.1939582824707,key_press,'x'
196.29426860809326,key_press,Key.space
196.55809211730957,key_press,'x'
196.8676917552948,key_press,'x'
197.19545555114746,key_press,'x'
197.32292199134827,key_press,'x'
197.48076033592224,key_press,'x'
197.62644696235657,key_press,Key.space
197.91787981987,key_press,'x'
198.07596731185913,key_press,'x'
198.3002417087555,key_press,'x'
198.59152364730835,key_press,Key.space
199.11957550048828,key_press,Key.backspace
199.2896213531494,key_press,Key.backspace
199.46564769744873,key_press,Key.backspace
199.73877120018005,key_press,'x'
199.90263485908508,key_press,'x'
200.07818365097046,key_press,'x'
200.2486228942871,key_press,Key.space
200.97092652320862,key_press,'x'
201.2076313495636,key_press,Key.backspace
201.71145462989807,key_press,'x'
201.9117410182953,key_press,'x'
202.0452823638916,key_press,'x'
202.30020952224731,key_press,Key.space
203.7261688709259,key_press,'x'
204.02402567863464,key_press,'x'
204.4186863899231,key_press,'x'
204.88609719276428,key_press,'x'
205.01947927474976,key_press,Key.backspace
205.19557237625122,key_press,Key.backspace
205.3472728729248,key_press,Key.backspace
205.49907159805298,key_press,Key.backspace
205.7479648590088,key_press,'x'
205.98461747169495,key_press,'x'
206.1304488182068,key_press,'x'
206.2942831516266,key_press,'x'
206.71302962303162,key_press,'x'
206.858745098114,key_press,'x'
207.2350480556488,key_press,'x'
207.3807487487793,key_press,'x'
207.53249168395996,key_press,Key.space
207.93912029266357,key_press,Key.enter
208.9163966178894,key_press,'x'
209.17140746116638,key_press,Key.ctrl_l
209.54771041870117,key_press,'\x03'
0.6677653789520264,mouse_move,"""1008,522"""
0.675163745880127,mouse_move,"""1008,518"""
0.6823832988739014,mouse_move,"""1008,515"""
0.6872389316558838,mouse_move,"""1008,511"""
0.6930751800537109,mouse_move,"""1008,509"""
0.703683614730835,mouse_move,"""1008,505"""
0.7107295989990234,mouse_move,"""1008,501"""
1.6705048084259033,key_press,'x'
2.0754308700561523,key_press,'x'
2.2365870475769043,key_press,'x'
2.3364639282226562,key_press,Key.space
3.68957257270813,key_press,'x'
3.8817214965820312,key_press,'x'
3.9219770431518555,key_press,'x'
4.073183536529541,key_press,'x'
4.2953104972839355,key_press,'x'
4.436875104904175,key_press,'x'
4.607758283615112,key_press,Key.space
10.140390872955322,key_press,'x'
10.322160959243774,key_press,'x'
10.443410396575928,key_press,'x'
10.705716371536255,key_press,'x'
10.887614965438843,key_press,'x'
11.099292039871216,key_press,'x'
11.220566511154175,key_press,Key.space
11.674419403076172,key_press,'x'
11.845863819122314,key_press,'x'
12.068715333938599,key_press,Key.space
17.52570605278015,key_press,Key.alt_l
17.673680305480957,key_press,Key.tab
20.946352005004883,key_press,Key.alt_l
21.152284622192383,key_press,Key.tab
24.418090343475342,key_press,'x'
24.66552758216858,key_press,'x'
24.977989196777344,key_press,'x'
25.142560958862305,key_press,'x'
25.340045928955078,key_press,Key.space
26.706502676010132,key_press,'x'
27.002814531326294,key_press,'x'
27.332677841186523,key_press,'x'
27.332677841186523,key_press,'x'
27.595625638961792,key_press,'x'
27.74431824684143,key_press,'x'
28.18852210044861,key_press,Key.space
28.830885887145996,key_press,'x'
28.912578344345093,key_press,'x'
29.011675357818604,key_press,'x'
29.143266201019287,key_press,Key.space
29.686617136001587,key_press,'x'
29.933528900146484,key_press,'x'
30.163962364196777,key_press,'x'
30.24645495414734,key_press,'x'
30.411184787750244,key_press,'x'
30.599668979644775,key_press,Key.space
49.85503625869751,key_press,'x'
50.037172079086304,key_press,'x'
50.19507932662964,key_press,Key.space
50.383163928985596,key_press,'x'
50.49242877960205,key_press,'x'
50.941614389419556,key_press,'x'
51.112335205078125,key_press,Key.space
51.29981207847595,key_press,'x'
51.95529222488403,key_press,'x'
52.47127294540405,key_press,'x'
52.61245942115784,key_press,'x'
52.847548961639404,key_press,'x'
53.02970910072327,key_press,'x'
53.3348822593689,key_press,'x'
53.47875237464905,key_press,'x'
53.74582552909851,key_press,'x'
53.92186880111694,key_press,Key.space
54.292222023010254,key_press,Key.backspace
54.49858903884888,key_press,Key.f12
54.65035033226013,key_press,Key.backspace
54.814215898513794,key_press,Key.backspace
55.12981176376343,key_press,Key.backspace
55.30564832687378,key_press,Key.backspace
55.439401149749756,key_press,'x'
55.66999340057373,key_press,'x'
55.852133989334106,key_press,'x'
56.267680406570435,key_press,'x'
56.477198362350464,key_press,'x'
56.7262122631073,key_press,'x'
56.87781286239624,key_press,'x'
57.0115532875061,key_press,'x'
57.254263401031494,key_press,'x'
57.454636335372925,key_press,Key.space
57.654919147491455,key_press,'x'
57.73979568481445,key_press,'x'
57.85017800331116,key_press,'x'
57.971534967422485,key_press,Key.space
60.386327028274536,key_press,'x'
60.52385401725769,key_press,'x'
60.738396406173706,key_press,Key.space
60.92041277885437,key_press,'x'
61.84928321838379,key_press,'x'
62.82184100151062,key_press,'x'
62.990450859069824,key_press,'x'
63.227054595947266,key_press,'x'
63.524510622024536,key_press,'x'
63.755110025405884,key_press,'x'
63.97357201576233,key_press,Key.space
64.13150811195374,key_press,'x'
64.44720077514648,key_press,'x'
64.67778587341309,key_press,'x'
64.8599259853363,key_press,Key.space
65.91728019714355,key_press,'x'
66.66862773895264,key_press,'x'
66.94179272651672,key_press,Key.space
67.22706508636475,key_press,'x'
67.54268717765808,key_press,'x'
68.30149221420288,key_press,'x'
68.50179505348206,key_press,'x'
68.71418046951294,key_press,Key.space
69.44952011108398,key_press,'x'
69.71577215194702,key_press,'x'
70.03744530677795,key_press,'x'
70.20723938941956,key_press,'x'
70.38538002967834,key_press,'x'
70.49867653846741,key_press,'x'
70.63612794876099,key_press,'x'
71.27961611747742,key_press,'x'
71.40922403335571,key_press,Key.space
71.62158823013306,key_press,'x'
71.82802867889404,key_press,'x'
72.0128722190857,key_press,Key.space
72.16792726516724,key_press,'x'
72.19827008247375,key_press,'x'
72.33188509941101,key_press,'x'
72.57460904121399,key_press,'x'
72.77500772476196,key_press,Key.space
74.17491793632507,key_press,'x'
74.71921849250793,key_press,'x'
75.30603575706482,key_press,'x'
75.47607040405273,key_press,'x'
75.60957765579224,key_press,'x'
76.59904718399048,key_press,'x'
76.7773015499115,key_press,'x'
76.92064595222473,key_press,'x'
77.25414228439331,key_press,'x'
77.53380107879639,key_press,Key.space
78.28149104118347,key_press,'x'
78.45591259002686,key_press,'x'
78.65666198730469,key_press,'x'
78.8387382030487,key_press,Key.space
98.24049139022827,key_press,'x'
99.6401834487915,key_press,'x'
100.55012011528015,key_press,Key.alt_l
100.6959171295166,key_press,Key.tab
101.88985800743103,key_press,Key.alt_l
101.97994303703308,key_press,Key.tab
102.91797423362732,key_press,'x'
103.37930369377136,key_press,Key.space
103.60389852523804,key_press,'x'
104.30192685127258,key_press,'x'
104.98768043518066,key_press,'x'
105.20634388923645,key_press,'x'
105.32773685455322,key_press,'x'
105.57055974006653,key_press,'x'
105.74653100967407,key_press,'x'
106.00144815444946,key_press,'x'
106.26852416992188,key_press,Key.space
106.63878011703491,key_press,'x'
106.8390588760376,key_press,'x'
107.04547095298767,key_press,Key.space
107.19719672203064,key_press,'x'
107.34248399734497,key_press,'x'
107.34901571273804,key_press,'x'
107.55554366111755,key_press,Key.space
108.56906723976135,key_press,'x'
108.78750205039978,key_press,'x'
109.01165509223938,key_press,'x'
109.14567017555237,key_press,'x'
109.26706838607788,key_press,'x'
109.44305300712585,key_press,Key.space
109.61257982254028,key_press,'x'
109.84983325004578,key_press,'x'
110.08650827407837,key_press,'x'
110.44458508491516,key_press,'x'
110.57815504074097,key_press,Key.space
111.17904806137085,key_press,'x'
111.28224396705627,key_press,'x'
111.42182087898254,key_press,'x'
111.62213230133057,key_press,'x'
111.99845242500305,key_press,'x'
112.46550130844116,key_press,'x'
112.7209403514862,key_press,Key.space
112.95152974128723,key_press,'x'
113.10931897163391,key_press,'x'
113.30353498458862,key_press,'x'
113.60707068443298,key_press,'x'
113.86198234558105,key_press,'x'
114.06828713417053,key_press,Key.space
114.17155981063843,key_press,'x'
114.40216088294983,key_press,'x'
114.59040069580078,key_press,Key.space
120.81808471679688,key_press,'x'
121.03037714958191,key_press,'x'
121.5431182384491,key_press,Key.backspace
121.97572135925293,key_press,Key.backspace
122.4628324508667,key_press,'x'
122.71170234680176,key_press,'x'
122.86345362663269,key_press,'x'
123.11839556694031,key_press,'x'
123.34305572509766,key_press,'x'
123.47905421257019,key_press,'x'
123.658686876297,key_press,'x'
123.83468675613403,key_press,'x'
123.9500343799591,key_press,'x'
123.9562668800354,key_press,'x'
124.11990094184875,key_press,Key.space
124.18067622184753,key_press,'x'
124.65979504585266,key_press,'x'
124.85235714912415,key_press,Key.space
125.07895421981812,key_press,'x'
125.26913404464722,key_press,'x'
125.46742081642151,key_press,'x'
125.61916542053223,key_press,'x'
125.6557788848877,key_press,'x'
125.88028907775879,key_press,'x'
126.15335369110107,key_press,Key.space
134.94251680374146,key_press,'x'
135.39171242713928,key_press,'x'
135.99867510795593,key_press,Key.space
136.2657790184021,key_press,'x'
136.5110788345337,key_press,'x'
136.72224283218384,key_press,Key.space
137.12160539627075,key_press,'x'
137.35230827331543,key_press,'x'
137.59603834152222,key_press,'x'
137.8327615261078,key_press,'x'
138.0511336326599,key_press,Key.space
140.37855696678162,key_press,'x'
140.53897976875305,key_press,'x'
140.74539279937744,key_press,'x'
140.95167756080627,key_press,'x'
141.14589309692383,key_press,Key.space
141.78338646888733,key_press,'x'
141.947181224823,key_press,'x'
142.90615677833557,key_press,'x'
143.07008147239685,key_press,'x'
143.47684359550476,key_press,'x'
143.5978536605835,key_press,'x'
143.7559621334076,key_press,'x'
143.93202948570251,key_press,'x'
144.06518363952637,key_press,'x'
144.1867175102234,key_press,Key.space
145.158349275589,key_press,'x'
145.36768078804016,key_press,'x'
145.54659295082092,key_press,Key.space
145.7166748046875,key_press,'x'
146.05037593841553,key_press,'x'
146.2204110622406,key_press,'x'
146.97905921936035,key_press,'x'
147.59819674491882,key_press,'x'
147.7924611568451,key_press,'x'
148.22947597503662,key_press,'x'
148.5451033115387,key_press,'x'
148.8061020374298,key_press,'x'
149.04288697242737,key_press,Key.space
149.9170150756836,key_press,'x'
150.2143633365631,key_press,'x'
150.47542715072632,key_press,'x'
150.72425937652588,key_press,'x'
150.8577241897583,key_press,'x'
151.14311599731445,key_press,'x'
151.70226120948792,key_press,'x'
152.70904922485352,key_press,Key.backspace
152.90942978858948,key_press,Key.backspace
153.0853145122528,key_press,Key.backspace
153.26755475997925,key_press,Key.backspace
153.48595643043518,key_press,Key.backspace
153.6559281349182,key_press,Key.backspace
153.82667541503906,key_press,Key.backspace
154.29324507713318,key_press,'x'
154.57212591171265,key_press,'x'
154.89515161514282,key_press,'x'
155.08845376968384,key_press,'x'
155.13348364830017,key_press,'x'
155.475280046463,key_press,'x'
155.7319257259369,key_press,'x'
155.88358068466187,key_press,'x'
156.1567177772522,key_press,'x'
156.2660574913025,key_press,'x'
156.4067840576172,key_press,Key.space
157.3161256313324,key_press,Key.enter
157.9230601787567,key_press,Key.alt_l
158.12959361076355,key_press,Key.tab
160.9052755832672,key_press,Key.alt_l
161.03578996658325,key_press,Key.tab
162.55751705169678,key_press,'x'
162.67588472366333,key_press,'x'
163.1129114627838,key_press,'x'
163.2828505039215,key_press,Key.space
164.89140629768372,key_press,'x'
165.7351529598236,key_press,'x'
165.92933344841003,key_press,'x'
166.0745928287506,key_press,'x'
166.31778216362,key_press,'x'
166.56064558029175,key_press,'x'
166.7179412841797,key_press,Key.space
169.1282024383545,key_press,'x'
169.60164403915405,key_press,'x'
170.2390193939209,key_press,'x'
170.43273448944092,key_press,'x'
170.66393971443176,key_press,'x'
170.87627291679382,key_press,'x'
171.00984811782837,key_press,'x'
171.17981123924255,key_press,Key.space
171.3497748374939,key_press,'x'
171.50149965286255,key_press,'x'
171.68964314460754,key_press,Key.space
174.93703627586365,mouse_move,"""1008,501"""
174.9492437839508,mouse_move,"""1008,502"""
174.95570516586304,mouse_move,"""1007,502"""
174.9626591205597,mouse_move,"""1007,503"""
174.9683656692505,mouse_move,"""1007,504"""
174.97445726394653,mouse_move,"""1006,504"""
174.9804265499115,mouse_move,"""1006,506"""
174.99128031730652,mouse_move,"""1006,507"""
174.99891829490662,mouse_move,"""1006,507"""
175.00398778915405,mouse_move,"""1005,508"""
175.01097536087036,mouse_move,"""1005,510"""
175.02233052253723,mouse_move,"""1005,511"""
175.03385758399963,mouse_move,"""1005,512"""
175.04079747200012,mouse_move,"""1005,513"""
175.04772806167603,mouse_move,"""1005,514"""
175.053852558136,mouse_move,"""1005,516"""
175.0617711544037,mouse_move,"""1006,516"""
175.069020986557,mouse_move,"""1007,518"""
175.0770401954651,mouse_move,"""1007,519"""
175.0837996006012,mouse_move,"""1007,519"""
175.0888442993164,mouse_move,"""1007,520"""
175.09820675849915,mouse_move,"""1007,521"""
175.10521292686462,mouse_move,"""1007,522"""
175.11261248588562,mouse_move,"""1008,522"""
175.11977982521057,mouse_move,"""1008,522"""
175.1313672065735,mouse_move,"""1008,523"""
175.15505981445312,mouse_move,"""1008,524"""
175.17378425598145,mouse_move,"""1009,524"""
175.26820969581604,mouse_move,"""1009,524"""
175.28255128860474,mouse_move,"""1009,524"""
175.32507276535034,mouse_move,"""1008,523"""
175.4737229347229,mouse_move,"""1008,523"""
175.52577257156372,mouse_move,"""1009,523"""
175.5440092086792,mouse_move,"""1009,523"""
175.56219005584717,mouse_move,"""1010,523"""
175.61466240882874,mouse_move,"""1011,523"""
175.62298822402954,mouse_move,"""1011,522"""
175.63507390022278,mouse_move,"""1012,522"""
175.64328598976135,mouse_move,"""1012,521"""
175.6654396057129,mouse_move,"""1012,520"""
175.689692735672,mouse_move,"""1013,520"""
175.70730805397034,mouse_move,"""1013,520"""
175.7213442325592,mouse_move,"""1014,519"""
175.7319974899292,mouse_move,"""1014,519"""
175.75037384033203,mouse_move,"""1014,518"""
175.7626690864563,mouse_move,"""1014,518"""
175.78069806098938,mouse_move,"""1015,517"""
175.8169388771057,mouse_move,"""1015,516"""
175.82767581939697,mouse_move,"""1016,516"""
175.84759855270386,mouse_move,"""1016,515"""
175.86567449569702,mouse_move,"""1016,515"""
175.8778555393219,mouse_move,"""1016,514"""
175.88508868217468,mouse_move,"""1016,513"""
175.89155197143555,mouse_move,"""1016,513"""
175.89606285095215,mouse_move,"""1016,512"""
175.90590834617615,mouse_move,"""1016,511"""
175.9133858680725,mouse_move,"""1016,510"""
175.92031979560852,mouse_move,"""1016,510"""
175.9324414730072,mouse_move,"""1016,509"""
175.9870753288269,mouse_move,"""1016,508"""
176.02957582473755,mouse_move,"""1016,508"""
176.13284611701965,mouse_move,"""1016,508"""
176.13886189460754,mouse_move,"""1016,507"""
177.14637446403503,mouse_move,"""1016,506"""
177.15861797332764,mouse_move,"""1016,505"""
177.18885445594788,mouse_move,"""1016,505"""
177.19844245910645,mouse_move,"""1016,504"""
177.21318697929382,mouse_move,"""1016,503"""
177.2314910888672,mouse_move,"""1016,503"""
177.26783967018127,mouse_move,"""1016,502"""
177.27734661102295,mouse_move,"""1016,502"""
177.291672706604,mouse_move,"""1016,501"""
177.31030654907227,mouse_move,"""1016,501"""
177.32594513893127,mouse_move,"""1016,500"""
177.34067177772522,mouse_move,"""1015,500"""
177.34679579734802,mouse_move,"""1015,499"""
177.419695854187,mouse_move,"""1015,498"""
177.45556354522705,mouse_move,"""1015,498"""
177.4802267551422,mouse_move,"""1015,498"""
177.632075548172,mouse_move,"""1015,497"""
177.92929100990295,mouse_move,"""1015,497"""
178.0144236087799,mouse_move,"""1015,497"""
178.0386507511139,mouse_move,"""1014,496"""
178.10640573501587,mouse_move,"""1014,496"""
178.28761458396912,mouse_move,"""1014,496"""
178.3240418434143,mouse_move,"""1014,495"""
178.42110013961792,mouse_move,"""1014,494"""
178.45144844055176,mouse_move,"""1014,494"""
178.4940197467804,mouse_move,"""1015,494"""
178.50241947174072,mouse_move,"""1015,494"""
178.50618481636047,mouse_move,"""1015,495"""
178.59700298309326,mouse_move,"""1015,495"""
178.62747645378113,mouse_move,"""1015,494"""
178.66995525360107,mouse_move,"""1015,493"""
178.6805317401886,mouse_move,"""1016,492"""
180.15095210075378,key_press,'x'
180.5212161540985,key_press,'x'
180.6607928276062,key_press,'x'
180.7579686641693,key_press,'x'
180.87539863586426,key_press,'x'
181.00312900543213,key_press,Key.space
181.60792326927185,key_press,'x'
181.91690349578857,key_press,'x'
182.09334564208984,key_press,'x'
182.24511241912842,key_press,'x'
182.45780301094055,key_press,'x'
182.6080174446106,key_press,'x'
182.76107740402222,key_press,Key.space
182.95485138893127,key_press,'x'
183.08889150619507,key_press,'x'
183.38409209251404,key_press,'x'
183.55615377426147,key_press,'x'
183.74435186386108,key_press,Key.space
185.40146732330322,key_press,'x'
185.52886724472046,key_press,'x'
185.63949418067932,key_press,'x'
186.36907076835632,key_press,Key.backspace
186.57680249214172,key_press,'x'
186.7668421268463,key_press,'x'
186.9367392063141,key_press,Key.space
187.87796783447266,key_press,'x'
188.02970600128174,key_press,'x'
188.14502954483032,key_press,'x'
188.75823640823364,key_press,'x'
189.1247842311859,key_press,'x'
189.48054790496826,key_press,'x'
189.6954460144043,key_press,'x'
190.06877660751343,key_press,'x'
190.26342940330505,key_press,'x'
190.42729353904724,key_press,'x'
190.68826627731323,key_press,Key.space
224.66754865646362,key_press,'x'
224.9103353023529,key_press,'x'
225.16511058807373,key_press,Key.space
225.39244723320007,key_press,'x'
225.54152131080627,key_press,'x'
225.57791090011597,key_press,'x'
225.82673740386963,key_press,'x'
226.03298044204712,key_press,Key.space
227.18862581253052,key_press,'x'
227.25923204421997,key_press,'x'
227.39021515846252,key_press,'x'
227.63964939117432,key_press,'x'
227.896550655365,key_press,'x'
228.16471695899963,key_press,'x'
228.26081204414368,key_press,'x'
228.47559428215027,key_press,Key.space
228.85571718215942,key_press,'x'
229.06208992004395,key_press,'x'
229.06818509101868,key_press,'x'
229.30734634399414,key_press,'x'
229.4929563999176,key_press,Key.space
231.57495856285095,key_press,'x'
231.99373149871826,key_press,'x'
232.21222472190857,key_press,'x'
232.40644025802612,key_press,Key.space
232.9771683216095,mouse_move,"""1016,492"""
232.98326444625854,mouse_move,"""1016,492"""
232.99489617347717,mouse_move,"""1015,494"""
233.00236678123474,mouse_move,"""1015,495"""
233.00877475738525,mouse_move,"""1015,496"""
233.01362323760986,mouse_move,"""1015,498"""
233.02269625663757,mouse_move,"""1015,500"""
233.0298626422882,mouse_move,"""1015,504"""
233.03711462020874,mouse_move,"""1015,506"""
233.05615949630737,mouse_move,"""1015,509"""
233.06557822227478,mouse_move,"""1015,512"""
233.07397055625916,mouse_move,"""1015,515"""
233.08098769187927,mouse_move,"""1015,519"""
233.08782172203064,mouse_move,"""1014,520"""
233.0947744846344,mouse_move,"""1013,523"""
233.102032661438,mouse_move,"""1013,526"""
233.1086392402649,mouse_move,"""1013,526"""
233.1156394481659,mouse_move,"""1013,529"""
233.1232831478119,mouse_move,"""1013,530"""
233.13025045394897,mouse_move,"""1012,531"""
233.13726687431335,mouse_move,"""1011,532"""
233.14456820487976,mouse_move,"""1011,533"""
233.15149927139282,mouse_move,"""1011,534"""
233.15908908843994,mouse_move,"""1011,536"""
233.16574358940125,mouse_move,"""1011,537"""
233.17289233207703,mouse_move,"""1011,538"""
233.17954874038696,mouse_move,"""1011,539"""
233.18693470954895,mouse_move,"""1011,539"""
233.20143914222717,mouse_move,"""1011,540"""
233.2806429862976,key_press,'x'
233.48331022262573,key_press,'x'
233.71156430244446,key_press,'x'
233.8935625553131,key_press,'x'
234.07576251029968,key_press,Key.space
234.66714668273926,key_press,Key.alt_l
234.76780676841736,key_press,Key.tab
254.1305637359619,key_press,Key.alt_l
254.27623915672302,key_press,Key.tab
255.35685229301453,key_press,'x'
256.13982462882996,key_press,'x'
256.3522918224335,key_press,'x'
256.5040159225464,key_press,'x'
256.58896255493164,key_press,'x'
256.6678464412689,key_press,Key.space
257.1898760795593,key_press,'x'
257.66331148147583,key_press,'x'
257.7786076068878,key_press,'x'
257.93652296066284,key_press,'x'
258.06397557258606,key_press,'x'
258.2763764858246,key_press,'x'
258.43418526649475,key_press,Key.space
258.67699790000916,key_press,'x'
258.87116718292236,key_press,'x'
258.99257230758667,key_press,Key.space
259.8484454154968,key_press,'x'
259.9819359779358,key_press,'x'
260.2125279903412,key_press,'x'
260.6924090385437,key_press,'x'
261.02278304100037,key_press,'x'
261.0988438129425,key_press,'x'
261.2261600494385,key_press,'x'
261.5176079273224,key_press,'x'
261.6571981906891,key_press,Key.space
262.2092514038086,key_press,'x'
262.31287145614624,key_press,'x'
262.3794631958008,key_press,'x'
262.52080845832825,key_press,Key.space
282.6893095970154,mouse_move,"""1011,541"""
282.70147800445557,mouse_move,"""1012,542"""
282.7099061012268,mouse_move,"""1014,542"""
282.72595620155334,mouse_move,"""1014,543"""
282.7325007915497,mouse_move,"""1014,544"""
282.7391839027405,mouse_move,"""1015,544"""
282.7450649738312,mouse_move,"""1016,544"""
282.7502865791321,mouse_move,"""1016,545"""
282.75713777542114,mouse_move,"""1016,546"""
282.76855540275574,mouse_move,"""1016,546"""
282.7750725746155,mouse_move,"""1016,547"""
282.78192043304443,mouse_move,"""1017,549"""
282.7880096435547,mouse_move,"""1017,550"""
282.79334807395935,mouse_move,"""1017,551"""
282.7988934516907,mouse_move,"""1018,552"""
282.818425655365,mouse_move,"""1019,554"""
282.8254237174988,mouse_move,"""1019,554"""
282.8324246406555,mouse_move,"""1019,555"""
306.5682601928711,key_press,Key.alt_l
306.69656348228455,key_press,Key.tab
308.5621123313904,key_press,Key.alt_l
308.7527837753296,key_press,Key.tab
309.86753582954407,key_press,'x'
309.9514408111572,key_press,'x'
310.17236399650574,key_press,'x'
310.2987105846405,key_press,'x'
310.7410879135132,key_press,'x'
310.8514392375946,key_press,'x'
310.9458975791931,key_press,'x'
311.15209197998047,key_press,'x'
311.2467625141144,key_press,Key.space
311.38905596733093,key_press,'x'
311.5308003425598,key_press,'x'
311.57872915267944,key_press,'x'
311.72077083587646,key_press,Key.space
312.40020084381104,key_press,'x'
312.573609828949,key_press,'x'
312.68456649780273,key_press,'x'
313.0159001350403,key_press,'x'
313.0953257083893,key_press,'x'
313.5378067493439,key_press,Key.space
314.0963318347931,key_press,'x'
314.29622411727905,key_press,'x'
314.69149708747864,key_press,'x'
315.0939235687256,key_press,'x'
315.2520225048065,key_press,'x'
315.43411326408386,key_press,'x'
315.5994613170624,key_press,'x'
315.710679769516,key_press,Key.space
316.02595114707947,key_press,'x'
316.18403482437134,key_press,'x'
316.3584175109863,key_press,'x'
316.8912377357483,key_press,'x'
317.04905462265015,key_press,'x'
317.2978882789612,key_press,'x'
317.516437292099,key_press,'x'
318.1962971687317,mouse_move,"""1019,555"""
318.2509367465973,mouse_move,"""1019,555"""
318.2691571712494,mouse_move,"""1019,555"""
318.27523016929626,mouse_move,"""1017,556"""
318.3056266307831,key_press,'x'
318.596937417984,key_press,Key.space
349.60775542259216,key_press,Key.alt_l
349.74392652511597,key_press,Key.tab
353.7565588951111,key_press,Key.alt_l
353.84326338768005,key_press,Key.tab
354.9089615345001,key_press,'x'
355.21325874328613,key_press,'x'
355.6309859752655,key_press,'x'
355.8232455253601,key_press,'x'
355.91949820518494,key_press,'x'
356.1279652118683,key_press,Key.space
356.19234228134155,key_press,'x'
356.4326856136322,key_press,'x'
356.56090545654297,key_press,'x'
356.7855064868927,key_press,'x'
356.8980507850647,key_press,'x'
357.1540710926056,key_press,'x'
357.55509090423584,key_press,'x'
357.8283522129059,key_press,'x'
358.0203685760498,key_press,'x'
358.1645681858063,key_press,Key.space
358.29328632354736,key_press,'x'
358.42112970352173,key_press,'x'
358.4854826927185,key_press,'x'
358.6301169395447,key_press,Key.space
359.6083574295044,key_press,'x'
359.76869320869446,key_press,'x'
359.96111822128296,key_press,'x'
360.1375813484192,key_press,'x'
360.313969373703,key_press,'x'
360.4100286960602,key_press,'x'
360.58666014671326,key_press,Key.space
360.68313097953796,key_press,'x'
360.8754630088806,key_press,'x'
361.195823431015,key_press,'x'
361.35928440093994,key_press,'x'
361.436829328537,key_press,'x'
361.61290884017944,key_press,Key.space
363.84263706207275,key_press,'x'
364.04290890693665,key_press,'x'
364.1713373661041,key_press,'x'
364.47580337524414,key_press,'x'
364.7481698989868,key_press,'x'
364.7643494606018,key_press,'x'
364.92490100860596,key_press,'x'
365.0393416881561,key_press,Key.space
365.1985185146332,key_press,'x'
365.3269691467285,key_press,'x'
365.4058344364166,key_press,'x'
365.5352201461792,key_press,Key.space
365.8076341152191,key_press,'x'
366.5935137271881,key_press,'x'
366.7237775325775,key_press,'x'
366.8821744918823,key_press,'x'
367.09112906455994,key_press,'x'
367.28282141685486,key_press,'x'
367.41512417793274,key_press,Key.space
367.58826899528503,key_press,'x'
367.7642331123352,key_press,'x'
367.8928859233856,key_press,'x'
368.1033272743225,key_press,'x'
368.27265071868896,key_press,'x'
368.50322794914246,key_press,Key.space
368.82633113861084,key_press,'x'
369.2257471084595,key_press,'x'
369.38410806655884,key_press,'x'
369.60847663879395,key_press,'x'
370.36203813552856,key_press,Key.backspace
370.5553832054138,key_press,'x'
370.8281729221344,key_press,'x'
371.0843789577484,key_press,Key.space
371.1320834159851,key_press,'x'
371.34105348587036,key_press,'x'
371.4041600227356,key_press,'x'
371.56595611572266,key_press,Key.space
383.47755885124207,mouse_move,"""1017,556"""
383.48578333854675,mouse_move,"""1018,556"""
383.50443601608276,mouse_move,"""1018,557"""
383.5110881328583,mouse_move,"""1019,557"""
384.40825271606445,key_press,'x'
384.80279779434204,key_press,'x'
384.9499480724335,key_press,'x'
385.0830919742584,key_press,Key.space
388.85140013694763,key_press,'x'
389.0032148361206,key_press,'x'
389.2823677062988,key_press,'x'
389.4342200756073,key_press,'x'
389.64049553871155,key_press,"','"
389.76198649406433,key_press,'x'
389.89772725105286,key_press,Key.space
390.17428040504456,key_press,'x'
390.49642634391785,key_press,'x'
390.70881843566895,key_press,'x'
390.9759795665741,key_press,'x'
391.0973289012909,key_press,'x'
391.2612829208374,key_press,'x'
391.3582556247711,key_press,'x'
391.47970724105835,key_press,Key.space
392.83932161331177,key_press,'x'
392.92541456222534,key_press,'x'
393.1671459674835,key_press,Key.space
393.7771439552307,key_press,'x'
393.8734817504883,key_press,'x'
394.1042995452881,key_press,'x'
394.2777965068817,key_press,'x'
394.43879199028015,key_press,Key.space
395.03676080703735,key_press,'x'
395.1704399585724,key_press,'x'
395.21890473365784,key_press,'x'
395.401841878891,key_press,'x'
395.45547366142273,key_press,Key.space
396.1838729381561,key_press,Key.backspace
396.3295705318451,key_press,Key.backspace
396.4691228866577,key_press,Key.backspace
396.6083462238312,key_press,Key.backspace
396.7849426269531,key_press,'x'
396.954708814621,key_press,'x'
397.0639297962189,key_press,'x'
397.2278325557709,key_press,'x'
397.34320044517517,key_press,Key.space
416.9791748523712,mouse_move,"""1019,557"""
416.9873261451721,mouse_move,"""1019,555"""
416.994553565979,mouse_move,"""1019,554"""
417.0015461444855,mouse_move,"""1019,550"""
417.0089154243469,mouse_move,"""1021,546"""
417.76224184036255,key_press,'x'
417.89579129219055,key_press,'x'
418.0899920463562,key_press,Key.space
418.33287835121155,key_press,'x'
418.3753128051758,key_press,'x'
418.8486931324005,key_press,'x'
418.9945619106293,key_press,'x'
419.637886762619,key_press,Key.space
419.77742886543274,key_press,'x'
419.9533438682556,key_press,'x'
420.044646024704,key_press,'x'
420.2449095249176,key_press,'x'
420.4269051551819,key_press,Key.space
420.9610204696655,key_press,'x'
421.11278343200684,key_press,'x'
421.2220096588135,key_press,'x'
421.55591797828674,key_press,'x'
421.8654479980469,key_press,Key.space
422.28429222106934,key_press,Key.backspace
422.92768454551697,key_press,'x'
423.079425573349,key_press,'x'
423.2494020462036,key_press,Key.backspace
423.3890001773834,key_press,Key.backspace
423.52859234809875,key_press,Key.backspace
423.6621403694153,key_press,Key.backspace
423.7956404685974,key_press,Key.backspace
424.09923124313354,mouse_move,"""1021,549"""
424.1112585067749,mouse_move,"""1021,552"""
424.1179130077362,mouse_move,"""1020,556"""
424.12540435791016,mouse_move,"""1020,561"""
424.1316006183624,mouse_move,"""1020,565"""
424.13925790786743,mouse_move,"""1020,569"""
424.14606285095215,mouse_move,"""1020,573"""
424.1540279388428,mouse_move,"""1020,575"""
424.160129070282,mouse_move,"""1020,579"""
424.16778349876404,mouse_move,"""1020,582"""
424.17473316192627,mouse_move,"""1020,584"""
424.1819407939911,mouse_move,"""1020,587"""
424.18891525268555,mouse_move,"""1020,589"""
424.19658184051514,mouse_move,"""1020,590"""
424.2036294937134,mouse_move,"""1020,591"""
424.2086327075958,mouse_move,"""1020,593"""
424.2164046764374,key_press,Key.backspace
424.21727180480957,mouse_move,"""1019,593"""
424.2247495651245,mouse_move,"""1018,595"""
424.2314348220825,mouse_move,"""1017,596"""
424.2385334968567,mouse_move,"""1016,597"""
424.2462327480316,mouse_move,"""1014,599"""
424.40873670578003,key_press,Key.backspace
424.5605893135071,key_press,Key.backspace
424.8518023490906,key_press,'x'
424.9367754459381,key_press,'x'
425.10165762901306,key_press,'x'
425.6045503616333,key_press,'x'
425.9323525428772,key_press,Key.space
426.2100040912628,key_press,'x'
426.4117615222931,key_press,'x'
426.8792943954468,key_press,Key.backspace
427.0369482040405,key_press,Key.backspace
427.12800765037537,key_press,'x'
427.30400943756104,key_press,'x'
427.4506814479828,key_press,'x'
427.66216135025024,key_press,Key.space
431.9415099620819,mouse_move,"""1014,599"""
431.9475429058075,mouse_move,"""1014,599"""
431.9536383152008,mouse_move,"""1015,598"""
431.9624819755554,mouse_move,"""1015,596"""
431.9695177078247,mouse_move,"""1015,595"""
432.0385799407959,key_press,'x'
432.20872831344604,key_press,'x'
432.3481149673462,key_press,'x'
432.52439546585083,key_press,'x'
432.74872875213623,key_press,'x'
432.9439709186554,key_press,'x'
433.11911153793335,key_press,'x'
433.2950565814972,key_press,'x'
433.34967017173767,key_press,Key.space
433.8308050632477,key_press,Key.alt_l
434.1448254585266,key_press,Key.tab
435.07019209861755,mouse_move,"""1014,583"""
435.0772614479065,mouse_move,"""1011,566"""
435.08426237106323,mouse_move,"""1008,547"""
435.09126234054565,mouse_move,"""1007,529"""
435.09892654418945,mouse_move,"""1005,512"""
435.1057229042053,mouse_move,"""1005,492"""
435.112398147583,mouse_move,"""1005,474"""
435.1200876235962,mouse_move,"""1005,457"""
435.1272466182709,mouse_move,"""1006,441"""
435.13448190689087,mouse_move,"""1007,426"""
435.14153933525085,mouse_move,"""1009,411"""
435.1483271121979,mouse_move,"""1010,397"""
435.15546894073486,mouse_move,"""1013,384"""
435.1627058982849,mouse_move,"""1013,372"""
435.16963601112366,mouse_move,"""1014,362"""
435.176637172699,mouse_move,"""1015,352"""
435.1836361885071,mouse_move,"""1015,343"""
435.1906352043152,mouse_move,"""1015,335"""
435.19763946533203,mouse_move,"""1018,328"""
435.20564365386963,mouse_move,"""1018,322"""
435.21225929260254,mouse_move,"""1018,316"""
435.21899676322937,mouse_move,"""1019,310"""
435.22675681114197,mouse_move,"""1019,307"""
435.2338008880615,mouse_move,"""1019,300"""
435.2408664226532,mouse_move,"""1020,295"""
435.24800300598145,mouse_move,"""1020,289"""
435.25520420074463,mouse_move,"""1019,284"""
435.262540102005,mouse_move,"""1019,280"""
435.2695987224579,mouse_move,"""1018,277"""
435.27639603614807,mouse_move,"""1017,274"""
435.28343439102173,mouse_move,"""1016,272"""
435.2904348373413,mouse_move,"""1014,271"""
435.297438621521,mouse_move,"""1013,271"""
435.30444049835205,mouse_move,"""1012,271"""
435.3114378452301,mouse_move,"""1010,271"""
435.31900215148926,mouse_move,"""1009,271"""
435.3261811733246,mouse_move,"""1007,272"""
435.3334882259369,mouse_move,"""1003,277"""
435.33986043930054,mouse_move,"""998,283"""
435.34778881073,mouse_move,"""991,292"""
435.35465812683105,mouse_move,"""983,306"""
435.361697435379,mouse_move,"""974,322"""
435.36898279190063,mouse_move,"""966,341"""
435.3760931491852,mouse_move,"""958,362"""
435.38299441337585,mouse_move,"""951,386"""
435.38963437080383,mouse_move,"""944,413"""
435.3973457813263,mouse_move,"""939,436"""
435.4044518470764,mouse_move,"""935,456"""
435.411452293396,mouse_move,"""931,479"""
435.4186761379242,mouse_move,"""930,497"""
435.425678730011,mouse_move,"""927,516"""
435.4330894947052,mouse_move,"""927,531"""
435.4402494430542,mouse_move,"""927,544"""
435.447128534317,mouse_move,"""927,554"""
435.45444893836975,mouse_move,"""929,564"""
435.46157360076904,mouse_move,"""930,572"""
435.469007730484,mouse_move,"""932,579"""
435.4759328365326,mouse_move,"""933,584"""
435.4827175140381,mouse_move,"""935,590"""
435.4899592399597,mouse_move,"""939,596"""
437.69663643836975,key_press,Key.alt_l
437.7745726108551,key_press,Key.tab
438.0835201740265,mouse_move,"""939,609"""
438.0878698825836,mouse_move,"""940,624"""
438.09594655036926,mouse_move,"""942,641"""
438.1046087741852,mouse_move,"""943,659"""
438.10661220550537,mouse_move,"""946,680"""
438.1180007457733,mouse_move,"""948,702"""
438.12597489356995,mouse_move,"""951,721"""
438.1311528682709,mouse_move,"""954,746"""
438.140202999115,mouse_move,"""959,773"""
438.14314317703247,mouse_move,"""963,798"""
438.15361404418945,mouse_move,"""966,818"""
438.1554579734802,mouse_move,"""969,840"""
438.167364358902,mouse_move,"""972,859"""
438.167364358902,mouse_move,"""975,881"""
438.1795747280121,mouse_move,"""978,898"""
438.1890149116516,mouse_move,"""979,913"""
438.1969892978668,mouse_move,"""982,928"""
438.2040650844574,mouse_move,"""983,942"""
438.2111029624939,mouse_move,"""983,955"""
438.21820545196533,mouse_move,"""985,967"""
438.2250738143921,mouse_move,"""986,979"""
438.23247504234314,mouse_move,"""986,989"""
438.23919129371643,mouse_move,"""986,997"""
438.2446689605713,mouse_move,"""986,1004"""
438.253945350647,mouse_move,"""986,1009"""
438.25739192962646,mouse_move,"""986,1015"""
438.26843190193176,mouse_move,"""986,1018"""
438.27550888061523,mouse_move,"""985,1021"""
438.28160405158997,mouse_move,"""985,1025"""
438.28837752342224,mouse_move,"""984,1026"""
438.29387187957764,mouse_move,"""984,1029"""
438.2999007701874,mouse_move,"""982,1031"""
438.31091952323914,mouse_move,"""981,1034"""
438.3180067539215,mouse_move,"""981,1035"""
438.3242163658142,mouse_move,"""979,1037"""
438.33025312423706,mouse_move,"""978,1039"""
438.3363437652588,mouse_move,"""975,1041"""
438.34228563308716,mouse_move,"""973,1044"""
438.35387897491455,mouse_move,"""971,1045"""
438.36058497428894,mouse_move,"""969,1047"""
438.36663913726807,mouse_move,"""967,1048"""
438.3731791973114,mouse_move,"""965,1050"""
438.37873554229736,mouse_move,"""963,1052"""
438.3847270011902,mouse_move,"""962,1052"""
438.39595007896423,mouse_move,"""960,1053"""
438.403208732605,mouse_move,"""959,1054"""
438.4091658592224,mouse_move,"""958,1055"""
438.4152989387512,mouse_move,"""956,1056"""
438.42122507095337,mouse_move,"""954,1057"""
438.4272894859314,mouse_move,"""953,1057"""
438.4389021396637,mouse_move,"""951,1057"""
438.4457724094391,mouse_move,"""950,1058"""
438.4516775608063,mouse_move,"""949,1058"""
438.4577965736389,mouse_move,"""947,1059"""
438.46367597579956,mouse_move,"""946,1059"""
438.4748537540436,mouse_move,"""946,1059"""
438.481369972229,mouse_move,"""945,1059"""
438.4873011112213,mouse_move,"""945,1060"""
438.49419713020325,mouse_move,"""944,1060"""
438.5002119541168,mouse_move,"""943,1060"""
438.52371287345886,mouse_move,"""943,1060"""
438.5419502258301,mouse_move,"""942,1060"""
438.54882550239563,mouse_move,"""941,1060"""
438.55987763404846,mouse_move,"""940,1058"""
438.56705474853516,mouse_move,"""938,1056"""
438.57305574417114,mouse_move,"""937,1054"""
439.5388479232788,key_press,Key.ctrl_l
439.8895206451416,key_press,'\x03'
1.1310021877288818,key_press,Key.shift
1.4177277088165283,key_press,'x'
2.7379159927368164,key_press,'x'
3.1753745079040527,key_press,'x'
3.365588665008545,key_press,'x'
3.7248449325561523,key_press,'x'
3.8696210384368896,key_press,'x'
4.146207809448242,key_press,'x'
4.538296937942505,key_press,Key.space
5.067983865737915,key_press,'x'
5.274320840835571,key_press,'x'
6.230853080749512,key_press,'x'
6.447184324264526,key_press,Key.space
7.055191278457642,key_press,'x'
7.266727924346924,key_press,'x'
7.2738988399505615,key_press,'x'
7.8255391120910645,key_press,'x'
8.110317707061768,key_press,'x'
8.301145315170288,key_press,'x'
8.737848043441772,key_press,'x'
8.868034362792969,key_press,'x'
9.030485153198242,key_press,'x'
9.303690433502197,key_press,'x'
9.565062284469604,key_press,Key.space
10.382211685180664,key_press,'x'
10.66011118888855,key_press,'x'
10.938684701919556,key_press,'x'
11.130658388137817,key_press,'x'
11.230250597000122,key_press,'x'
11.447256803512573,key_press,Key.space
11.93152642250061,key_press,'x'
12.087136268615723,key_press,'x'
12.284225463867188,key_press,Key.space
12.544740915298462,key_press,'x'
12.871204137802124,key_press,'x'
13.05727767944336,key_press,'x'
13.467548370361328,key_press,'x'
13.868243217468262,key_press,Key.backspace
14.016838073730469,key_press,'x'
14.278968334197998,key_press,'x'
14.440621614456177,key_press,'x'
14.734808444976807,key_press,'x'
14.865852355957031,key_press,'x'
15.051892518997192,key_press,'x'
15.199414730072021,key_press,'x'
15.464488983154297,key_press,'x'
15.637495994567871,key_press,Key.space
18.295583963394165,key_press,'x'
18.464820861816406,key_press,'x'
18.80998945236206,key_press,'x'
18.94964599609375,key_press,'x'
19.1889967918396,key_press,'x'
19.36937141418457,key_press,'x'
19.487626314163208,key_press,'x'
19.764487981796265,key_press,'x'
19.956018686294556,key_press,'x'
20.212085723876953,key_press,'x'
20.45766282081604,key_press,Key.space
20.904127836227417,key_press,'x'
21.172524213790894,key_press,Key.space
21.38593554496765,key_press,'x'
22.013488292694092,key_press,Key.space
22.31027364730835,key_press,'x'
22.676607847213745,key_press,Key.space
23.005632162094116,key_press,'x'
23.312576055526733,key_press,'x'
23.51952862739563,key_press,'x'
23.6173312664032,key_press,'x'
23.812511920928955,key_press,'x'
23.886764526367188,key_press,'x'
24.078418731689453,key_press,'x'
24.348483324050903,key_press,Key.space
25.156765937805176,key_press,Key.backspace
25.35183572769165,key_press,Key.backspace
25.546116828918457,key_press,Key.backspace
26.271159172058105,key_press,'x'
26.46358895301819,key_press,'x'
26.688243627548218,key_press,'x'
26.817718982696533,key_press,'x'
27.024009704589844,key_press,'x'
27.52569055557251,key_press,Key.space
28.824124813079834,key_press,'x'
29.052164316177368,key_press,'x'
29.33725380897522,key_press,'x'
29.622424125671387,key_press,'x'
29.78527283668518,key_press,'x'
29.98896026611328,key_press,'x'
30.24717879295349,key_press,Key.space
31.260130643844604,key_press,'x'
31.48491096496582,key_press,'x'
31.646291494369507,key_press,'x'
31.79579472541809,key_press,'x'
32.00202751159668,key_press,'x'
32.2259738445282,key_press,Key.space
32.4502854347229,key_press,'x'
32.638113260269165,key_press,Key.space
33.846017599105835,key_press,'x'
34.1178936958313,key_press,'x'
34.34684634208679,key_press,'x'
34.41331648826599,key_press,'x'
34.70749068260193,key_press,'x'
34.83056974411011,key_press,'x'
34.96375060081482,key_press,'x'
35.17690706253052,key_press,'x'
35.41627287864685,key_press,Key.space
36.10253620147705,key_press,'x'
36.1927285194397,key_press,'x'
36.614609241485596,key_press,'x'
36.790584087371826,key_press,'x'
37.07699251174927,key_press,Key.space
37.62170600891113,key_press,'x'
37.96967840194702,key_press,'x'
38.11426401138306,key_press,'x'
39.13178253173828,key_press,'x'
39.433558225631714,key_press,Key.space
39.6884880065918,key_press,'x'
39.71199083328247,key_press,'x'
39.90125393867493,key_press,'x'
40.099435806274414,key_press,Key.space
40.38931941986084,key_press,'x'
41.002230405807495,key_press,'x'
41.28444766998291,key_press,'x'
41.316718339920044,key_press,'x'
41.53931021690369,key_press,'x'
41.72573637962341,key_press,Key.space
41.989449977874756,key_press,'x'
42.463799715042114,key_press,'x'
42.69700384140015,key_press,Key.space
43.15393328666687,key_press,'x'
43.90652513504028,key_press,'x'
44.10712170600891,key_press,'x'
44.66873049736023,key_press,'x'
44.88839292526245,key_press,'x'
45.184457778930664,key_press,Key.space
45.38647174835205,key_press,'x'
45.51305150985718,key_press,'x'
45.9412260055542,key_press,'x'
45.9412260055542,key_press,'x'
46.09710359573364,key_press,'x'
46.294528007507324,key_press,Key.space
46.517476081848145,key_press,'x'
46.88691329956055,key_press,'x'
47.12018823623657,key_press,'x'
47.38592767715454,key_press,'x'
47.62200617790222,key_press,'x'
48.02342176437378,key_press,Key.space
48.0491828918457,key_press,Key.space
48.8603138923645,key_press,'x'
48.95700144767761,key_press,'x'
49.21502447128296,key_press,'x'
49.45792078971863,key_press,'x'
49.81296634674072,key_press,Key.space
50.68112897872925,key_press,'x'
50.84523916244507,key_press,'x'
51.10323786735535,key_press,'x'
51.35271763801575,key_press,'x'
51.753236293792725,key_press,Key.space
51.9415442943573,key_press,'x'
52.25042796134949,key_press,'x'
52.26871037483215,key_press,'x'
52.47146725654602,key_press,'x'
52.73212027549744,key_press,Key.space
53.00174331665039,key_press,'x'
53.16497087478638,key_press,'x'
53.421770095825195,key_press,'x'
53.701701164245605,key_press,'x'
53.816572427749634,key_press,'x'
54.50240612030029,key_press,'x'
54.712361097335815,key_press,'x'
54.8428111076355,key_press,'x'
55.069775104522705,key_press,'x'
55.45478534698486,key_press,Key.space
56.21244525909424,key_press,'x'
56.30177140235901,key_press,'x'
56.6061315536499,key_press,'x'
56.89844632148743,key_press,'x'
61.63795018196106,key_press,'x'
61.890454053878784,key_press,'x'
62.09204149246216,key_press,'x'
62.311439990997314,key_press,'x'
62.82736921310425,key_press,Key.space
62.99461889266968,key_press,'x'
63.176950216293335,key_press,'x'
63.40412759780884,key_press,'x'
63.62795877456665,key_press,'x'
63.93797564506531,key_press,Key.space
64.1987898349762,key_press,'x'
64.46520161628723,key_press,'x'
64.49320578575134,key_press,Key.space
64.72818922996521,key_press,'x'
64.82348155975342,key_press,'x'
64.96945071220398,key_press,'x'
65.18508768081665,key_press,Key.space
65.44590973854065,key_press,'x'
65.61456203460693,key_press,'x'
65.85152173042297,key_press,'x'
65.99835467338562,key_press,'x'
66.16269111633301,key_press,'x'
66.35360598564148,key_press,'x'
66.50810265541077,key_press,'x'
66.64834117889404,key_press,'x'
66.91944861412048,key_press,'x'
67.22642970085144,key_press,Key.space
68.11841297149658,key_press,Key.backspace
68.38679623603821,key_press,Key.backspace
69.89041948318481,key_press,'x'
70.1697108745575,key_press,'x'
70.38672995567322,key_press,'x'
70.670001745224,key_press,'x'
70.81616353988647,key_press,'x'
71.05492663383484,key_press,'x'
71.36015677452087,key_press,'x'
71.50959587097168,key_press,'x'
71.77103805541992,key_press,'x'
72.19501280784607,key_press,Key.space
72.71655702590942,key_press,'x'
72.92497706413269,key_press,'x'
73.08489608764648,key_press,'x'
73.2284505367279,key_press,'x'
73.40350699424744,key_press,'x'
73.68630385398865,key_press,Key.space
74.5846779346466,key_press,'x'
74.73149132728577,key_press,'x'
75.1011848449707,key_press,Key.space
75.27650141716003,key_press,'x'
75.5583279132843,key_press,'x'
75.79254364967346,key_press,'x'
75.82533645629883,key_press,'x'
76.13210725784302,key_press,'x'
76.2774133682251,key_press,'x'
76.41714692115784,key_press,'x'
76.6724021434784,key_press,'x'
76.93938112258911,key_press,Key.space
77.49494481086731,key_press,'x'
77.63970351219177,key_press,'x'
77.91739249229431,key_press,'x'
78.27442836761475,key_press,'x'
78.44575047492981,key_press,'x'
79.07917594909668,key_press,'x'
79.35390520095825,key_press,'x'
79.7039086818695,key_press,'x'
80.13582515716553,key_press,'x'
80.31718921661377,key_press,'x'
80.67217564582825,key_press,Key.space
82.26175045967102,key_press,'x'
82.3988516330719,key_press,'x'
82.65436053276062,key_press,'x'
82.83877611160278,key_press,'x'
82.87034487724304,key_press,'x'
83.48852372169495,key_press,Key.space
83.70211958885193,key_press,'x'
83.81595492362976,key_press,'x'
83.96457886695862,key_press,Key.space
84.06220984458923,key_press,'x'
84.28153395652771,key_press,'x'
84.28153395652771,key_press,'x'
84.54428362846375,key_press,Key.space
84.72096467018127,key_press,'x'
85.07948899269104,key_press,'x'
85.43677520751953,key_press,'x'
85.57249999046326,key_press,'x'
85.80178546905518,key_press,Key.space
86.47970080375671,key_press,'x'
86.65558910369873,key_press,'x'
86.68805885314941,key_press,'x'
86.89125990867615,key_press,Key.space
87.30124258995056,key_press,'x'
87.47525548934937,key_press,'x'
87.68765664100647,key_press,'x'
87.73592472076416,key_press,'x'
88.07425785064697,key_press,'x'
88.22943353652954,key_press,'x'
88.37452507019043,key_press,'x'
88.62380290031433,key_press,'x'
88.85420870780945,key_press,Key.space
89.95592951774597,key_press,'x'
90.28001666069031,key_press,'x'
90.43100762367249,key_press,'x'
90.57458353042603,key_press,'x'
90.75678753852844,key_press,'x'
90.9818685054779,key_press,Key.space
91.52008748054504,key_press,'x'
91.9444649219513,key_press,Key.backspace
92.04076600074768,key_press,'x'
92.1797525882721,key_press,'x'
92.37281250953674,key_press,'x'
92.49060606956482,key_press,'x'
92.67788338661194,key_press,'x'
92.84889459609985,key_press,'x'
92.97017860412598,key_press,'x'
93.16867160797119,key_press,Key.space
93.85301780700684,key_press,'x'
94.156973361969,key_press,'x'
94.29444575309753,key_press,Key.space
94.45744228363037,key_press,'x'
94.63288903236389,key_press,'x'
94.83032035827637,key_press,'x'
95.54598069190979,key_press,'x'
95.80121064186096,key_press,Key.space
97.28518342971802,key_press,Key.backspace
97.55109190940857,key_press,Key.backspace
97.90791177749634,key_press,Key.backspace
98.21460771560669,key_press,Key.backspace
98.79507255554199,key_press,Key.backspace
99.17090582847595,key_press,Key.backspace
99.43259930610657,key_press,Key.backspace
99.95007610321045,key_press,'x'
100.40136575698853,key_press,Key.backspace
100.59509801864624,key_press,'x'
100.82138085365295,key_press,'x'
100.87017226219177,key_press,'x'
101.70449829101562,key_press,'x'
101.7472767829895,key_press,'x'
102.05639052391052,key_press,'x'
102.27047228813171,key_press,'x'
102.43234467506409,key_press,'x'
102.60018992424011,key_press,'x'
102.8399293422699,key_press,'x'
102.98678278923035,key_press,'x'
103.20980286598206,key_press,Key.space
104.4675784111023,key_press,'x'
104.58710503578186,key_press,'x'
104.86365604400635,key_press,'x'
105.55658769607544,key_press,'x'
105.81740880012512,key_press,'x'
106.0714373588562,key_press,'x'
106.21526098251343,key_press,'x'
106.36328268051147,key_press,'x'
106.68822479248047,key_press,Key.space
107.48572015762329,key_press,'x'
107.79411578178406,key_press,'x'
107.94395780563354,key_press,Key.space
108.6881411075592,key_press,'x'
109.28253364562988,key_press,Key.space
114.67348194122314,key_press,'x'
114.78760576248169,key_press,'x'
115.15851163864136,key_press,'x'
115.41616368293762,key_press,'x'
115.73836779594421,key_press,'x'
115.90367197990417,key_press,'x'
116.02616357803345,key_press,'x'
116.27811002731323,key_press,'x'
116.88049244880676,key_press,'x'
117.18237519264221,key_press,Key.space
117.81957244873047,key_press,'x'
118.16624879837036,key_press,Key.space
118.73023629188538,key_press,'x'
119.07023072242737,key_press,Key.space
119.9789936542511,key_press,'x'
120.00798153877258,key_press,'x'
120.3023145198822,key_press,Key.shift_r
120.75446820259094,key_press,'x'
121.8901379108429,key_press,'x'
122.03149175643921,key_press,'x'
122.27817416191101,key_press,'x'
122.56925559043884,key_press,'x'
122.76757144927979,key_press,'x'
122.92044472694397,key_press,'x'
123.06603026390076,key_press,'x'
123.17786860466003,key_press,'x'
123.50651383399963,key_press,Key.space
124.16022062301636,key_press,Key.shift_r
125.03295397758484,key_press,'x'
129.631982088089,key_press,'x'
129.76537942886353,key_press,'x'
130.5402626991272,key_press,'x'
130.6702756881714,key_press,'x'
131.2568061351776,key_press,'x'
131.38414001464844,key_press,'x'
131.59896874427795,key_press,'x'
131.87176895141602,key_press,Key.space
132.5366494655609,key_press,'x'
133.57076334953308,key_press,'x'
133.99311137199402,key_press,Key.shift_r
134.3721764087677,key_press,'x'
135.70921158790588,key_press,'x'
135.8478627204895,key_press,'x'
136.815345287323,key_press,'x'
137.32850742340088,key_press,'x'
137.79024171829224,key_press,'x'
138.94503474235535,key_press,'x'
139.10989475250244,key_press,'x'
139.52251744270325,key_press,'x'
139.6991126537323,key_press,'x'
139.87220430374146,key_press,'x'
140.38201260566711,key_press,Key.space
141.11250185966492,key_press,'x'
141.29509663581848,key_press,Key.space
145.70112991333008,key_press,'x'
145.88217496871948,key_press,'x'
146.0732400417328,key_press,'x'
146.2965648174286,key_press,'x'
146.48502373695374,key_press,Key.space
146.95807600021362,key_press,'x'
147.15728878974915,key_press,'x'
147.36873245239258,key_press,'x'
147.52285432815552,key_press,'x'
147.7312717437744,key_press,'x'
148.05419540405273,key_press,'x'
148.33149361610413,key_press,'x'
148.54112720489502,key_press,'x'
148.66799449920654,key_press,'x'
148.84000849723816,key_press,Key.space
152.30411553382874,key_press,'x'
152.5166425704956,key_press,'x'
152.64409637451172,key_press,'x'
152.79058623313904,key_press,'x'
152.9859528541565,key_press,'x'
153.2310755252838,key_press,Key.space
153.27779150009155,key_press,Key.space
154.45223593711853,key_press,'x'
154.58532118797302,key_press,'x'
154.88314652442932,key_press,'x'
155.19523668289185,key_press,'x'
155.4866054058075,key_press,'x'
155.68640971183777,key_press,'x'
155.91117930412292,key_press,'x'
156.06769442558289,key_press,'x'
156.34523272514343,key_press,Key.space
157.75143480300903,key_press,'x'
158.0059928894043,key_press,Key.space
164.48293662071228,key_press,'x'
164.6574409008026,key_press,Key.space
164.79476308822632,key_press,'x'
164.92296814918518,key_press,'x'
165.06858277320862,key_press,Key.space
165.38019180297852,key_press,'x'
165.56596517562866,key_press,'x'
165.87000060081482,key_press,'x'
166.04602146148682,key_press,'x'
166.2157552242279,key_press,'x'
166.40357089042664,key_press,'x'
166.53792548179626,key_press,Key.space
167.58805894851685,key_press,'x'
167.7895393371582,key_press,'x'
167.98415184020996,key_press,Key.space
168.38644242286682,key_press,'x'
168.57497262954712,key_press,'x'
168.75501775741577,key_press,'x'
169.01337027549744,key_press,'x'
169.5193328857422,key_press,Key.backspace
169.67568230628967,key_press,'x'
169.79050850868225,key_press,'x'
170.00042915344238,key_press,'x'
170.2045590877533,key_press,'x'
170.3135163784027,key_press,'x'
170.48730540275574,key_press,'x'
170.69317531585693,key_press,'x'
170.93368482589722,key_press,Key.space
174.1007285118103,key_press,'x'
174.29515266418457,key_press,'x'
174.4304542541504,key_press,'x'
174.48127365112305,key_press,'x'
174.9314043521881,key_press,Key.space
175.67329597473145,key_press,'x'
176.05394840240479,key_press,'x'
176.16624069213867,key_press,'x'
176.33122515678406,key_press,'x'
176.52029871940613,key_press,'x'
176.62805318832397,key_press,'x'
176.90191769599915,key_press,'x'
177.25984907150269,key_press,'x'
177.47136640548706,key_press,Key.space
183.78093218803406,key_press,'x'
187.8579158782959,key_press,Key.space
188.01600098609924,key_press,'x'
188.126314163208,key_press,'x'
188.30434799194336,key_press,Key.space
188.53309416770935,key_press,'x'
188.7180998325348,key_press,Key.space
191.21173334121704,key_press,'x'
191.37194633483887,key_press,'x'
191.94607615470886,key_press,'x'
192.0617699623108,key_press,'x'
192.24407076835632,key_press,'x'
192.5458629131317,key_press,'x'
192.72443675994873,key_press,Key.space
193.55600237846375,key_press,'x'
193.63232278823853,key_press,'x'
194.00729155540466,key_press,'x'
194.14577054977417,key_press,'x'
194.3463122844696,key_press,'x'
194.73120522499084,key_press,'x'
194.84808230400085,key_press,'x'
195.23164796829224,key_press,'x'
195.36432480812073,key_press,'x'
195.58674120903015,key_press,Key.space
197.3551504611969,key_press,'x'
197.4873239994049,key_press,'x'
197.6656060218811,key_press,'x'
197.846027135849,key_press,Key.space
198.23032355308533,key_press,'x'
198.3462655544281,key_press,'x'
198.61202359199524,key_press,Key.space
200.02518367767334,key_press,'x'
200.25363063812256,key_press,'x'
200.43553948402405,key_press,'x'
200.5730845928192,key_press,'x'
200.7949299812317,key_press,'x'
201.15604281425476,key_press,Key.backspace
201.4145839214325,key_press,'x'
201.53106379508972,key_press,'x'
201.6897008419037,key_press,'x'
201.88173580169678,key_press,'x'
202.106525182724,key_press,'x'
202.2650442123413,key_press,Key.space
205.16289615631104,key_press,'x'
205.40285348892212,key_press,'x'
205.6463487148285,key_press,'x'
205.79145050048828,key_press,'x'
206.04236316680908,key_press,'x'
206.29732513427734,key_press,'x'
206.507985830307,key_press,'x'
206.58577752113342,key_press,'x'
206.81269025802612,key_press,'x'
207.73392796516418,key_press,Key.space
208.1970615386963,key_press,'x'
208.41437482833862,key_press,'x'
208.82327699661255,key_press,'x'
208.98637986183167,key_press,'x'
209.38116455078125,key_press,'x'
209.48650860786438,key_press,'x'
209.5863802433014,key_press,'x'
209.8626229763031,key_press,Key.space
210.71080994606018,key_press,'x'
211.32080364227295,key_press,'x'
211.4510989189148,key_press,Key.space
211.70412826538086,key_press,'x'
211.8687298297882,key_press,'x'
212.19994521141052,key_press,'x'
212.54096293449402,key_press,'x'
212.70139622688293,key_press,'x'
212.99337220191956,key_press,'x'
213.20439767837524,key_press,'x'
213.46376705169678,key_press,Key.space
216.31139707565308,key_press,'x'
216.4866406917572,key_press,'x'
216.71251034736633,key_press,Key.space
218.7876319885254,key_press,'x'
219.31476616859436,key_press,'x'
219.53160095214844,key_press,'x'
219.66328120231628,key_press,'x'
219.8551902770996,key_press,'x'
220.0611536502838,key_press,Key.space
224.27098298072815,key_press,'x'
224.43072080612183,key_press,'x'
224.48536491394043,key_press,'x'
224.761296749115,key_press,'x'
224.90222764015198,key_press,'x'
225.38292813301086,key_press,'x'
225.46865844726562,key_press,'x'
225.6361367702484,key_press,'x'
225.82705688476562,key_press,Key.space
227.468918800354,key_press,'x'
227.57673335075378,key_press,'x'
227.80267882347107,key_press,'x'
228.02237820625305,key_press,'x'
228.2543647289276,key_press,Key.space
228.59055471420288,key_press,'x'
228.72376990318298,key_press,'x'
228.83327054977417,key_press,Key.space
229.03192043304443,key_press,'x'
229.27237629890442,key_press,'x'
229.43338084220886,key_press,'x'
229.5784125328064,key_press,'x'
229.8243284225464,key_press,'x'
230.07025408744812,key_press,'x'
230.37098145484924,key_press,'x'
230.51630115509033,key_press,Key.space
231.36800980567932,key_press,'x'
231.4888231754303,key_press,'x'
231.5546555519104,key_press,'x'
231.7260136604309,key_press,Key.space
232.07487773895264,key_press,'x'
232.2670795917511,key_press,'x'
232.46796655654907,key_press,'x'
232.98999881744385,key_press,'x'
233.16447138786316,key_press,'x'
233.37130403518677,key_press,'x'
233.76942896842957,key_press,Key.space
238.8814618587494,key_press,'x'
239.35510730743408,key_press,'x'
239.4908094406128,key_press,Key.space
239.75249648094177,key_press,'x'
240.0352020263672,key_press,'x'
240.11254024505615,key_press,'x'
240.3689479827881,key_press,'x'
240.48616814613342,key_press,'x'
240.6446213722229,key_press,'x'
240.7619285583496,key_press,'x'
240.98472476005554,key_press,Key.space
242.4894461631775,key_press,'x'
242.7640082836151,key_press,'x'
243.6628065109253,key_press,Key.backspace
243.79399824142456,key_press,'x'
244.02110385894775,key_press,'x'
244.26473951339722,key_press,Key.space
244.4030146598816,key_press,'x'
244.64572548866272,key_press,'x'
244.80813550949097,key_press,'x'
244.993834733963,key_press,'x'
245.23003888130188,key_press,Key.space
248.2301378250122,key_press,'x'
248.41533970832825,key_press,'x'
248.55610847473145,key_press,'x'
248.83163380622864,key_press,'x'
249.04002451896667,key_press,Key.space
249.38379788398743,key_press,'x'
249.52341485023499,key_press,'x'
249.76355147361755,key_press,'x'
250.0049364566803,key_press,'x'
250.37285256385803,key_press,'x'
250.67812371253967,key_press,'x'
250.87287759780884,key_press,'x'
251.1798005104065,key_press,'x'
251.33294796943665,key_press,'x'
251.52278017997742,key_press,Key.space
252.5570719242096,key_press,'x'
252.8202805519104,key_press,'x'
253.37192034721375,key_press,Key.backspace
253.46531558036804,key_press,'x'
253.60364747047424,key_press,'x'
253.78643417358398,key_press,'x'
254.00091075897217,key_press,Key.space
254.6301667690277,key_press,'x'
254.7945282459259,key_press,'x'
254.95641660690308,key_press,'x'
255.0325026512146,key_press,'x'
255.17992305755615,key_press,Key.space
255.38241410255432,key_press,'x'
255.59732031822205,key_press,'x'
255.7273347377777,key_press,'x'
255.94550204277039,key_press,'x'
256.19774079322815,key_press,'x'
256.4795756340027,key_press,'x'
256.5011224746704,key_press,'x'
256.69394731521606,key_press,Key.space
257.7471332550049,key_press,'x'
257.8857274055481,key_press,'x'
258.0671377182007,key_press,'x'
258.41730999946594,key_press,'x'
258.7172393798828,key_press,'x'
258.88819003105164,key_press,'x'
258.9445219039917,key_press,'x'
259.19616198539734,key_press,'x'
259.4856286048889,key_press,Key.space
260.7252883911133,key_press,'x'
260.90014839172363,key_press,'x'
261.090537071228,key_press,Key.space
261.1097650527954,key_press,Key.space
261.2953004837036,key_press,'x'
261.5681712627411,key_press,'x'
261.7118058204651,key_press,'x'
261.8461992740631,key_press,'x'
262.4347348213196,key_press,'x'
263.24360632896423,key_press,Key.space
267.6319682598114,key_press,'x'
267.82513213157654,key_press,'x'
267.8449659347534,key_press,'x'
267.97050499916077,key_press,'x'
268.18031883239746,key_press,'x'
268.3103573322296,key_press,'x'
268.51821208000183,key_press,'x'
268.6766211986542,key_press,'x'
268.8869068622589,key_press,Key.space
269.7371332645416,key_press,'x'
270.2746090888977,key_press,'x'
270.53419613838196,key_press,'x'
270.6864216327667,key_press,'x'
270.8125100135803,key_press,'x'
270.9711365699768,key_press,'x'
271.14636182785034,key_press,Key.space
271.7262165546417,key_press,'x'
271.9379093647003,key_press,'x'
272.0516743659973,key_press,'x'
272.22208976745605,key_press,Key.space
289.2546730041504,key_press,'x'
289.6125009059906,key_press,'x'
289.79128861427307,key_press,'x'
289.9244179725647,key_press,'x'
290.1820237636566,key_press,'x'
290.43362164497375,key_press,'x'
290.4373252391815,key_press,'x'
290.6447637081146,key_press,'x'
290.72599816322327,key_press,'x'
290.9574294090271,key_press,'x'
291.1117310523987,key_press,Key.space
291.77330350875854,key_press,'x'
291.98431944847107,key_press,'x'
292.1467397212982,key_press,'x'
292.3267843723297,key_press,'x'
292.56866931915283,key_press,'x'
292.6004903316498,key_press,'x'
293.572229385376,key_press,'x'
293.7469713687897,key_press,'x'
294.0001618862152,key_press,Key.space
303.9950568675995,key_press,'x'
304.19737577438354,key_press,'x'
304.4148917198181,key_press,'x'
304.5672073364258,key_press,Key.space
304.7157392501831,key_press,'x'
304.8452823162079,key_press,'x'
305.1310017108917,key_press,'x'
305.3647427558899,key_press,'x'
305.60411643981934,key_press,'x'
305.8552520275116,key_press,'x'
305.9770574569702,key_press,'x'
306.19333815574646,key_press,'x'
306.3568513393402,key_press,'x'
306.5229570865631,key_press,Key.space
307.2149076461792,key_press,'x'
307.53660702705383,key_press,'x'
307.7229583263397,key_press,Key.space
308.8793988227844,key_press,'x'
309.44710326194763,key_press,Key.backspace
309.51287627220154,key_press,'x'
310.11080861091614,key_press,'x'
310.39360904693604,key_press,'x'
310.608193397522,key_press,'x'
310.7392041683197,key_press,'x'
310.88717460632324,key_press,'x'
311.07518243789673,key_press,Key.space
311.74350690841675,key_press,'x'
311.8734107017517,key_press,'x'
312.0808138847351,key_press,Key.space
312.2724578380585,key_press,'x'
312.4153845310211,key_press,'x'
312.744127035141,key_press,'x'
312.7763919830322,key_press,'x'
312.9859342575073,key_press,'x'
313.03385639190674,key_press,'x'
313.23074769973755,key_press,Key.space
314.0622441768646,key_press,Key.ctrl_l
314.41708517074585,key_press,'\x03'
2.9717249870300293,key_press,'x'
3.1020090579986572,key_press,'x'
3.3255016803741455,key_press,Key.space
3.701042890548706,key_press,'x'
3.9069652557373047,key_press,Key.space
4.089098215103149,key_press,'x'
4.137863636016846,key_press,'x'
4.414242267608643,key_press,'x'
4.744752883911133,key_press,'x'
4.867098808288574,key_press,'x'
5.014763116836548,key_press,'x'
5.107593059539795,key_press,'x'
5.285367727279663,key_press,'x'
5.462829351425171,key_press,Key.space
5.584493160247803,key_press,'x'
5.723688125610352,key_press,'x'
5.902124643325806,key_press,'x'
6.030524969100952,key_press,Key.space
6.206477403640747,key_press,'x'
6.354676961898804,key_press,Key.space
6.600821018218994,key_press,'x'
6.7488853931427,key_press,'x'
6.910224914550781,key_press,Key.space
10.327119588851929,key_press,'x'
10.44093656539917,key_press,'x'
10.551953077316284,key_press,'x'
10.800493478775024,key_press,'x'
10.902067184448242,key_press,'x'
11.084186315536499,key_press,'x'
11.264821767807007,key_press,Key.space
11.721347332000732,key_press,'x'
11.936574697494507,key_press,'x'
12.031376123428345,key_press,'x'
12.14202356338501,key_press,'x'
12.677995204925537,key_press,'x'
12.882684469223022,key_press,'x'
13.085605144500732,key_press,'x'
13.328495740890503,key_press,'x'
13.600575923919678,key_press,'x'
13.687534809112549,key_press,'x'
13.841683149337769,key_press,Key.space
14.020777225494385,key_press,'x'
14.180431127548218,key_press,'x'
14.481822729110718,key_press,'x'
14.63434624671936,key_press,'x'
14.795692920684814,key_press,'x'
14.960176229476929,key_press,'x'
15.064841985702515,key_press,Key.space
15.274746894836426,key_press,'x'
15.51376724243164,key_press,'x'
15.617105484008789,key_press,'x'
15.949728965759277,key_press,'x'
16.090965509414673,key_press,'x'
16.255902528762817,key_press,'x'
16.464779376983643,key_press,'x'
16.606666564941406,key_press,Key.space
17.70514225959778,key_press,'x'
17.79573106765747,key_press,'x'
17.957944631576538,key_press,'x'
18.104327917099,key_press,'x'
18.344563245773315,key_press,'x'
18.396230936050415,key_press,Key.space
21.398903131484985,key_press,'x'
21.896747589111328,key_press,'x'
22.03180456161499,key_press,'x'
22.30034613609314,key_press,'x'
22.508050203323364,key_press,'x'
22.66682195663452,key_press,'x'
22.798423767089844,key_press,Key.space
22.982029676437378,key_press,'x'
23.142017126083374,key_press,Key.space
23.32830309867859,key_press,'x'
23.439186573028564,key_press,'x'
23.601679801940918,key_press,Key.space
24.08469820022583,key_press,'x'
24.20251727104187,key_press,'x'
24.357118844985962,key_press,'x'
24.5872802734375,key_press,'x'
24.76507568359375,key_press,'x'
25.0848867893219,key_press,'x'
25.328829050064087,key_press,Key.space
25.48958134651184,key_press,'x'
25.673577547073364,key_press,'x'
25.786184787750244,key_press,'x'
25.978505611419678,key_press,Key.space
28.4598548412323,key_press,'x'
28.655139446258545,key_press,'x'
28.75347352027893,key_press,'x'
28.882182359695435,key_press,Key.space
29.743903875350952,key_press,'x'
29.871040105819702,key_press,'x'
29.96653389930725,key_press,'x'
30.111396074295044,key_press,Key.space
31.138032913208008,key_press,Key.backspace
31.318623304367065,key_press,Key.backspace
31.46128535270691,key_press,Key.backspace
31.62750005722046,key_press,Key.backspace
31.75231099128723,key_press,Key.backspace
31.916978120803833,key_press,Key.backspace
32.06345748901367,key_press,Key.backspace
32.207605838775635,key_press,Key.backspace
32.34501242637634,key_press,Key.backspace
32.49378418922424,key_press,Key.backspace
32.61908507347107,key_press,Key.backspace
32.751821517944336,key_press,Key.backspace
32.869876861572266,key_press,Key.backspace
33.01530623435974,key_press,'x'
33.15010976791382,key_press,'x'
33.324387073516846,key_press,'x'
33.47258400917053,key_press,Key.space
33.64064335823059,key_press,'x'
33.77789568901062,key_press,'x'
33.808820962905884,key_press,'x'
34.00367522239685,key_press,Key.space
34.33393836021423,key_press,'x'
34.73661732673645,key_press,'x'
34.851364612579346,key_press,'x'
34.98046135902405,key_press,'x'
35.191487312316895,key_press,'x'
35.34096050262451,key_press,'x'
35.48326802253723,key_press,Key.space
35.57009482383728,key_press,'x'
35.83137488365173,key_press,'x'
36.101327896118164,key_press,'x'
36.31337022781372,key_press,'x'
36.53582978248596,key_press,'x'
37.06666111946106,key_press,'x'
37.19353747367859,key_press,Key.space
37.34018850326538,key_press,'x'
37.50037860870361,key_press,'x'
37.62895965576172,key_press,Key.space
38.076683044433594,key_press,'x'
38.23746132850647,key_press,'x'
38.38379621505737,key_press,'x'
38.7889187335968,key_press,'x'
38.91777515411377,key_press,Key.space
39.09069204330444,key_press,'x'
39.21967673301697,key_press,'x'
39.35637807846069,key_press,Key.space
40.6776967048645,key_press,Key.backspace
40.8546404838562,key_press,Key.backspace
40.99141573905945,key_press,Key.backspace
41.34220504760742,key_press,'x'
41.818382024765015,key_press,'x'
41.97873854637146,key_press,'x'
42.1631920337677,key_press,Key.space
42.704734325408936,key_press,'x'
43.731348276138306,key_press,'x'
44.31484079360962,key_press,Key.backspace
44.49642300605774,key_press,'x'
44.655540466308594,key_press,'x'
44.77249097824097,key_press,Key.space
45.185439586639404,key_press,'x'
45.76371383666992,key_press,'x'
45.89090967178345,key_press,Key.space
46.02605867385864,key_press,'x'
46.15470767021179,key_press,'x'
46.322184801101685,key_press,Key.space
46.84058499336243,key_press,'x'
46.97418427467346,key_press,'x'
47.18208861351013,key_press,'x'
47.44307518005371,key_press,'x'
47.659775495529175,key_press,Key.space
48.12623739242554,key_press,'x'
48.536014795303345,key_press,'x'
48.711108446121216,key_press,'x'
48.8967661857605,key_press,Key.space
48.906749963760376,key_press,'x'
49.50535750389099,key_press,'x'
49.639840841293335,key_press,'x'
49.79894661903381,key_press,Key.space
50.279796838760376,key_press,'x'
50.40755820274353,key_press,'x'
50.474231481552124,key_press,'x'
50.802733421325684,key_press,'x'
50.99028658866882,key_press,Key.space
51.17426538467407,key_press,'x'
51.3740394115448,key_press,'x'
51.462385177612305,key_press,'x'
51.68219494819641,key_press,Key.space
52.20870089530945,key_press,Key.backspace
52.342039585113525,key_press,Key.backspace
53.001731634140015,key_press,'x'
53.177693605422974,key_press,'x'
53.211596965789795,key_press,'x'
53.384072065353394,key_press,'x'
53.56240224838257,key_press,'x'
53.80519509315491,key_press,Key.space
54.234206199645996,key_press,'x'
54.34989833831787,key_press,'x'
54.506590843200684,key_press,'x'
54.75452375411987,key_press,'x'
54.88408446311951,key_press,'x'
55.11969566345215,key_press,'x'
55.31491684913635,key_press,Key.space
57.25725960731506,key_press,'x'
57.353564977645874,key_press,'x'
57.515387773513794,key_press,'x'
57.965086221694946,key_press,'x'
58.21955943107605,key_press,Key.space
58.517356634140015,key_press,'x'
58.66094613075256,key_press,'x'
58.88498139381409,key_press,'x'
59.094090700149536,key_press,'x'
59.1633620262146,key_press,Key.space
59.75796937942505,mouse_move,"""758,992"""
59.76459002494812,mouse_move,"""759,992"""
59.77292561531067,mouse_move,"""762,992"""
59.78004240989685,mouse_move,"""768,992"""
59.81269836425781,key_press,'x'
59.98195457458496,key_press,'x'
60.113356828689575,key_press,'x'
60.41496777534485,key_press,'x'
60.78462529182434,key_press,Key.space
66.5556128025055,key_press,'x'
66.71808934211731,key_press,'x'
66.87723469734192,key_press,'x'
67.21939063072205,key_press,'x'
67.426349401474,key_press,'x'
67.63339567184448,key_press,'x'
67.8446786403656,key_press,'x'
68.02787232398987,key_press,'x'
68.1751172542572,key_press,Key.space
68.50947093963623,key_press,'x'
68.6384813785553,key_press,'x'
68.86811923980713,key_press,Key.space
69.12912487983704,key_press,'x'
69.35019946098328,key_press,Key.space
69.53220653533936,key_press,'x'
69.70907473564148,key_press,'x'
69.81606793403625,key_press,'x'
70.00123858451843,key_press,Key.space
71.04451751708984,mouse_move,"""768,992"""
71.04973602294922,mouse_move,"""765,992"""
71.05719375610352,mouse_move,"""763,993"""
71.0663411617279,mouse_move,"""762,993"""
71.0663411617279,mouse_move,"""761,993"""
71.08098030090332,mouse_move,"""760,994"""
71.08776021003723,mouse_move,"""760,994"""
71.13097310066223,mouse_move,"""760,994"""
71.14654064178467,mouse_move,"""760,994"""
71.15497326850891,mouse_move,"""761,994"""
71.16289472579956,mouse_move,"""762,994"""
71.17282009124756,mouse_move,"""765,993"""
71.181560754776,mouse_move,"""769,992"""
71.18659281730652,mouse_move,"""770,992"""
71.19425511360168,mouse_move,"""774,991"""
71.20252895355225,mouse_move,"""777,991"""
71.205153465271,mouse_move,"""781,990"""
71.21346616744995,mouse_move,"""786,990"""
71.61013269424438,key_press,'x'
71.93044900894165,key_press,'x'
72.14457178115845,key_press,Key.space
72.42699098587036,key_press,'x'
72.71906852722168,key_press,'x'
72.92857098579407,key_press,'x'
73.08815050125122,key_press,Key.space
73.26228952407837,key_press,'x'
73.4151759147644,key_press,'x'
73.77769780158997,key_press,'x'
74.46482515335083,key_press,'x'
74.50665473937988,key_press,'x'
74.69870185852051,key_press,'x'
74.92335653305054,key_press,Key.space
85.98582172393799,key_press,'x'
86.2218074798584,key_press,'x'
86.36187982559204,key_press,'x'
86.55028295516968,key_press,'x'
86.74746465682983,key_press,'x'
86.93630123138428,key_press,Key.space
88.49956727027893,key_press,'x'
88.83022379875183,key_press,'x'
88.87423825263977,key_press,'x'
88.98520374298096,key_press,'x'
89.1366798877716,key_press,'x'
89.37647485733032,key_press,Key.space
90.01520609855652,mouse_move,"""787,990"""
90.04148697853088,mouse_move,"""787,989"""
90.06272268295288,mouse_move,"""787,989"""
90.0693051815033,key_press,'x'
90.26106071472168,key_press,'x'
90.26468348503113,key_press,'x'
90.55158853530884,key_press,'x'
90.68378710746765,key_press,'x'
90.90871262550354,key_press,Key.space
91.49193286895752,key_press,'x'
91.62647151947021,key_press,'x'
91.78078651428223,key_press,'x'
91.96042251586914,key_press,'x'
92.17552733421326,key_press,'x'
92.27300691604614,key_press,'x'
92.47505211830139,key_press,Key.space
93.07205080986023,key_press,'x'
93.19859647750854,key_press,'x'
93.35620212554932,key_press,'x'
93.55412149429321,key_press,'x'
93.6974093914032,key_press,'x'
93.91638970375061,key_press,Key.space
94.10818886756897,key_press,'x'
94.27059936523438,key_press,'x'
94.57188010215759,key_press,'x'
94.71641755104065,key_press,'x'
95.05933213233948,key_press,'x'
95.23315405845642,key_press,'x'
95.4762954711914,key_press,Key.space
96.10225343704224,mouse_move,"""786,989"""
96.10958886146545,mouse_move,"""785,989"""
96.11831760406494,mouse_move,"""784,989"""
96.12526297569275,mouse_move,"""783,989"""
96.13274788856506,mouse_move,"""782,990"""
96.13274788856506,mouse_move,"""781,990"""
96.14625477790833,mouse_move,"""780,990"""
96.15149211883545,mouse_move,"""779,991"""
96.15899729728699,mouse_move,"""779,991"""
96.16849684715271,mouse_move,"""778,991"""
96.17528557777405,mouse_move,"""777,991"""
96.18258309364319,mouse_move,"""777,991"""
96.19089984893799,mouse_move,"""776,991"""
96.20324230194092,mouse_move,"""775,991"""
96.21766066551208,mouse_move,"""775,991"""
96.22502374649048,mouse_move,"""774,991"""
96.2320339679718,mouse_move,"""772,991"""
96.23510026931763,mouse_move,"""772,991"""
96.24015307426453,mouse_move,"""770,991"""
96.25209856033325,mouse_move,"""768,991"""
96.25658631324768,mouse_move,"""767,990"""
96.26828837394714,mouse_move,"""764,990"""
96.27529239654541,mouse_move,"""761,989"""
96.28258085250854,mouse_move,"""759,989"""
96.28486585617065,mouse_move,"""756,989"""
96.2961037158966,mouse_move,"""753,989"""
96.30173420906067,mouse_move,"""751,989"""
96.30712795257568,mouse_move,"""748,989"""
96.31793570518494,mouse_move,"""744,988"""
96.32534337043762,mouse_move,"""741,988"""
96.32692575454712,mouse_move,"""739,987"""
96.3342878818512,mouse_move,"""737,987"""
96.34565663337708,mouse_move,"""734,986"""
96.3517472743988,mouse_move,"""733,986"""
96.35817909240723,mouse_move,"""731,985"""
96.36825275421143,mouse_move,"""730,984"""
96.37528896331787,mouse_move,"""730,983"""
96.3778612613678,mouse_move,"""729,983"""
96.38433265686035,mouse_move,"""728,981"""
96.39599990844727,mouse_move,"""728,979"""
96.40272617340088,mouse_move,"""728,978"""
96.40771913528442,mouse_move,"""728,976"""
96.40771913528442,key_press,'x'
96.71142673492432,key_press,'x'
96.8373475074768,key_press,'x'
97.06229090690613,key_press,Key.space
97.09889650344849,key_press,'x'
97.34208750724792,key_press,'x'
97.4405665397644,key_press,'x'
97.60570812225342,key_press,Key.space
97.89124703407288,key_press,'x'
97.98167824745178,key_press,'x'
98.51733303070068,key_press,'x'
98.69623136520386,key_press,'x'
98.86587738990784,key_press,'x'
99.13728427886963,key_press,Key.space
99.60673642158508,key_press,'x'
99.73023962974548,key_press,'x'
100.17553067207336,key_press,'x'
100.34002208709717,key_press,'x'
100.75184917449951,key_press,'x'
101.17148923873901,key_press,'x'
101.55920457839966,key_press,Key.backspace
101.70398592948914,key_press,Key.backspace
101.86700749397278,key_press,Key.backspace
102.01505708694458,key_press,Key.backspace
102.18858122825623,key_press,Key.backspace
102.36041402816772,key_press,Key.backspace
102.5073254108429,key_press,Key.backspace
102.6648097038269,key_press,Key.backspace
102.81120729446411,key_press,Key.backspace
102.98116707801819,key_press,Key.backspace
103.12066650390625,key_press,Key.backspace
103.97896242141724,mouse_move,"""726,976"""
103.98549056053162,mouse_move,"""725,977"""
103.99181151390076,mouse_move,"""722,977"""
103.99923515319824,mouse_move,"""721,978"""
104.0042507648468,mouse_move,"""721,978"""
104.07783365249634,mouse_move,"""721,979"""
104.09808158874512,mouse_move,"""724,979"""
104.10511660575867,mouse_move,"""728,979"""
104.11380624771118,mouse_move,"""729,979"""
104.11590766906738,mouse_move,"""732,979"""
104.36664199829102,key_press,'x'
104.52979588508606,key_press,'x'
105.40882182121277,key_press,'x'
105.55204653739929,key_press,'x'
105.77141904830933,key_press,Key.space
106.16323614120483,key_press,'x'
106.51015448570251,key_press,'x'
106.65972232818604,key_press,Key.space
107.48872995376587,mouse_move,"""732,979"""
107.49605679512024,mouse_move,"""732,979"""
108.13720536231995,key_press,'x'
108.65235161781311,key_press,'x'
108.83771991729736,key_press,'x'
109.08374238014221,key_press,'x'
109.30294275283813,key_press,Key.space
113.33827662467957,key_press,'x'
113.40805530548096,key_press,'x'
113.53853178024292,key_press,'x'
113.80409383773804,key_press,'x'
114.18443846702576,key_press,Key.space
114.35939145088196,key_press,'x'
116.01459956169128,key_press,'x'
116.13290810585022,key_press,'x'
116.35041451454163,key_press,Key.space
116.55191659927368,key_press,'x'
116.77941846847534,key_press,'x'
117.21430945396423,key_press,'x'
117.36369442939758,key_press,'x'
117.57160186767578,key_press,Key.space
118.20230746269226,key_press,'x'
118.37219619750977,key_press,'x'
118.59874153137207,key_press,Key.space
118.97272324562073,key_press,'x'
119.8024594783783,key_press,'x'
119.96476936340332,key_press,'x'
120.1876494884491,key_press,Key.space
120.4306161403656,key_press,'x'
120.6077253818512,key_press,'x'
120.75511837005615,key_press,'x'
120.93016958236694,key_press,'x'
121.14108777046204,key_press,'x'
121.26218104362488,key_press,'x'
121.45276188850403,key_press,Key.space
122.70776605606079,key_press,'x'
123.55212211608887,key_press,'x'
123.69957542419434,key_press,'x'
123.86114239692688,key_press,Key.space
124.17388224601746,key_press,'x'
124.32652997970581,key_press,'x'
124.49006676673889,key_press,'x'
124.59916186332703,key_press,'x'
124.94718074798584,key_press,'x'
125.01078844070435,key_press,'x'
125.15565180778503,key_press,'x'
125.40966796875,key_press,'x'
125.52646970748901,key_press,'x'
126.03558945655823,key_press,Key.enter
126.35979771614075,key_press,Key.ctrl_l
126.50868344306946,key_press,'\x03'
2.560462713241577,key_press,'x'
2.680147409439087,key_press,'x'
3.1284146308898926,key_press,'x'
3.2829995155334473,key_press,Key.space
3.616861343383789,key_press,'x'
3.8237757682800293,key_press,'x'
4.24732232093811,key_press,'x'
4.421640396118164,key_press,'x'
4.55532431602478,key_press,'x'
4.663884401321411,key_press,'x'
4.916147470474243,key_press,'x'
5.06182861328125,key_press,'x'
5.207879543304443,key_press,'x'
5.338160514831543,key_press,'x'
5.368643283843994,key_press,Key.space
5.945217609405518,key_press,'x'
6.167341232299805,key_press,'x'
6.3944923877716064,key_press,'x'
6.562048673629761,key_press,'x'
6.727595806121826,key_press,Key.space
7.718390703201294,key_press,'x'
7.938326597213745,key_press,'x'
8.75044560432434,key_press,'x'
8.921590328216553,key_press,'x'
9.05134654045105,key_press,'x'
9.26782774925232,key_press,Key.space
10.110683679580688,key_press,'x'
10.266149520874023,key_press,'x'
10.376910209655762,key_press,'x'
10.544554233551025,key_press,'x'
10.902831792831421,key_press,'x'
11.053853034973145,key_press,Key.space
11.235427141189575,key_press,'x'
11.453611850738525,key_press,Key.space
13.593774318695068,key_press,'x'
13.778563499450684,key_press,'x'
14.003528118133545,key_press,'x'
14.139955997467041,key_press,'x'
14.496229887008667,key_press,Key.space
14.815436601638794,key_press,'x'
15.133087635040283,key_press,'x'
15.323856353759766,key_press,'x'
15.483547687530518,key_press,Key.space
15.539415836334229,key_press,'x'
15.781607151031494,key_press,'x'
15.908128261566162,key_press,'x'
16.096470832824707,key_press,Key.space
25.729417324066162,key_press,'x'
25.886704921722412,key_press,'x'
26.031113386154175,key_press,Key.space
26.20478367805481,key_press,'x'
26.32163405418396,key_press,'x'
26.43125009536743,key_press,'x'
26.59242343902588,key_press,'x'
26.705096006393433,key_press,Key.space
27.226786613464355,key_press,'x'
27.410495042800903,key_press,'x'
27.534836292266846,key_press,'x'
27.84425139427185,key_press,'x'
28.05255913734436,key_press,Key.space
28.14650273323059,key_press,'x'
28.4247784614563,key_press,'x'
28.588268518447876,key_press,'x'
28.71130609512329,key_press,Key.space
29.089893341064453,key_press,'x'
29.288642168045044,key_press,'x'
29.49532651901245,key_press,'x'
29.610414028167725,key_press,Key.space
29.722950220108032,key_press,'x'
29.886727571487427,key_press,'x'
30.052042961120605,key_press,'x'
30.18004298210144,key_press,Key.space
30.92550563812256,mouse_move,"""773,964"""
30.940322637557983,mouse_move,"""773,964"""
30.95936608314514,mouse_move,"""774,964"""
30.99586033821106,mouse_move,"""774,965"""
31.03903889656067,mouse_move,"""774,967"""
31.14694881439209,mouse_move,"""774,967"""
31.14694881439209,mouse_move,"""774,967"""
31.212480545043945,mouse_move,"""774,968"""
31.23279595375061,mouse_move,"""774,969"""
31.252523183822632,mouse_move,"""773,970"""
31.25899028778076,mouse_move,"""773,970"""
31.268654823303223,mouse_move,"""772,971"""
31.288071155548096,mouse_move,"""772,972"""
31.294607877731323,mouse_move,"""772,972"""
31.3149094581604,mouse_move,"""770,972"""
31.32369351387024,mouse_move,"""769,972"""
31.335423469543457,key_press,'x'
31.462340831756592,key_press,'x'
31.61103057861328,key_press,'x'
31.687868118286133,key_press,'x'
31.921632766723633,key_press,Key.space
32.666804790496826,mouse_move,"""769,972"""
32.699607849121094,mouse_move,"""770,972"""
32.7534065246582,mouse_move,"""770,971"""
32.7784857749939,mouse_move,"""770,971"""
32.79161620140076,mouse_move,"""770,970"""
32.821096420288086,mouse_move,"""770,968"""
32.834572315216064,mouse_move,"""770,968"""
32.834572315216064,mouse_move,"""770,967"""
32.85308814048767,mouse_move,"""770,966"""
32.85917377471924,mouse_move,"""770,965"""
32.86514687538147,mouse_move,"""769,965"""
32.881184101104736,mouse_move,"""769,964"""
32.888272285461426,mouse_move,"""769,963"""
32.90134048461914,mouse_move,"""769,963"""
33.09191393852234,mouse_move,"""769,962"""
33.12376856803894,mouse_move,"""769,961"""
33.13222146034241,mouse_move,"""769,960"""
33.163784980773926,mouse_move,"""769,960"""
33.17991495132446,mouse_move,"""769,959"""
33.24401068687439,mouse_move,"""770,959"""
33.331971406936646,mouse_move,"""770,958"""
33.364063024520874,mouse_move,"""770,958"""
33.368879318237305,mouse_move,"""770,957"""
33.39317584037781,mouse_move,"""770,956"""
33.408912897109985,mouse_move,"""770,955"""
33.60337233543396,mouse_move,"""770,954"""
33.63503623008728,mouse_move,"""770,953"""
33.642154932022095,mouse_move,"""770,952"""
33.64851427078247,mouse_move,"""770,951"""
33.666300535202026,mouse_move,"""770,950"""
33.77630972862244,mouse_move,"""770,950"""
33.840012311935425,mouse_move,"""770,950"""
33.87177395820618,mouse_move,"""770,950"""
33.88765501976013,mouse_move,"""770,949"""
33.91518235206604,mouse_move,"""770,948"""
34.10704517364502,mouse_move,"""770,947"""
34.140974283218384,mouse_move,"""770,947"""
34.36750102043152,mouse_move,"""770,946"""
34.373942375183105,mouse_move,"""770,945"""
34.37694263458252,mouse_move,"""770,945"""
34.39551258087158,mouse_move,"""770,944"""
34.40242099761963,mouse_move,"""770,944"""
34.460450887680054,mouse_move,"""770,943"""
34.473790884017944,mouse_move,"""770,942"""
34.48773384094238,mouse_move,"""770,942"""
34.4938530921936,mouse_move,"""770,942"""
34.49783730506897,mouse_move,"""770,941"""
34.523337602615356,mouse_move,"""770,940"""
34.523337602615356,mouse_move,"""770,940"""
34.53873562812805,mouse_move,"""770,939"""
34.5954647064209,mouse_move,"""770,938"""
34.60756802558899,mouse_move,"""771,937"""
34.622862815856934,mouse_move,"""771,937"""
34.625306606292725,mouse_move,"""771,936"""
34.844154596328735,mouse_move,"""771,936"""
34.90881562232971,mouse_move,"""771,936"""
35.62829279899597,mouse_move,"""771,936"""
35.680795431137085,mouse_move,"""771,935"""
35.709803342819214,mouse_move,"""771,935"""
35.709803342819214,key_press,'x'
35.77418637275696,key_press,'x'
35.88455414772034,key_press,'x'
35.96782827377319,key_press,Key.space
36.1495156288147,key_press,'x'
36.580883502960205,key_press,'x'
36.877898931503296,key_press,'x'
37.01129961013794,key_press,Key.space
37.68456983566284,mouse_move,"""771,935"""
37.68865466117859,key_press,'x'
37.78123092651367,key_press,'x'
37.8968288898468,key_press,'x'
38.05647563934326,key_press,Key.space
38.57349491119385,key_press,'x'
38.59826135635376,key_press,'x'
38.936235189437866,key_press,'x'
39.053009033203125,key_press,'x'
39.29659080505371,key_press,'x'
39.38834762573242,key_press,'x'
39.469045639038086,key_press,'x'
39.688390254974365,key_press,'x'
39.850019693374634,key_press,Key.space
39.999860763549805,key_press,'x'
40.158807039260864,key_press,'x'
40.23942971229553,key_press,Key.space
40.85531973838806,mouse_move,"""771,934"""
40.86867547035217,mouse_move,"""771,932"""
40.87170147895813,mouse_move,"""772,930"""
40.87170147895813,mouse_move,"""772,928"""
40.890048027038574,mouse_move,"""774,925"""
40.8970308303833,mouse_move,"""775,922"""
40.90402603149414,mouse_move,"""778,919"""
40.91104221343994,mouse_move,"""780,915"""
40.91835904121399,mouse_move,"""781,910"""
40.92544484138489,mouse_move,"""783,905"""
41.31351447105408,mouse_move,"""783,905"""
41.37761473655701,mouse_move,"""783,905"""
41.39601397514343,mouse_move,"""783,904"""
41.40842890739441,mouse_move,"""784,903"""
41.4124276638031,mouse_move,"""785,903"""
41.42383432388306,mouse_move,"""786,902"""
41.430145502090454,mouse_move,"""787,901"""
41.43741512298584,mouse_move,"""789,900"""
41.44447064399719,mouse_move,"""789,899"""
41.45152497291565,mouse_move,"""791,898"""
41.45849013328552,mouse_move,"""792,896"""
41.46612238883972,mouse_move,"""792,896"""
41.47215270996094,mouse_move,"""793,894"""
41.48001456260681,mouse_move,"""793,891"""
41.48648262023926,mouse_move,"""794,889"""
41.49413561820984,mouse_move,"""795,887"""
41.50101399421692,mouse_move,"""796,885"""
41.508700370788574,mouse_move,"""796,884"""
41.515753507614136,mouse_move,"""796,881"""
41.52279758453369,mouse_move,"""797,879"""
41.52943801879883,mouse_move,"""798,876"""
41.53709554672241,mouse_move,"""798,874"""
41.54368782043457,mouse_move,"""799,871"""
41.551262617111206,mouse_move,"""800,870"""
41.558279037475586,mouse_move,"""800,868"""
41.56522035598755,mouse_move,"""800,864"""
42.15912389755249,key_press,'x'
42.29768466949463,key_press,'x'
42.760003328323364,key_press,'x'
42.894336462020874,key_press,'x'
42.91463589668274,key_press,'x'
43.076595067977905,key_press,'x'
43.33744192123413,key_press,'x'
43.61086082458496,key_press,Key.space
43.77361464500427,key_press,'x'
43.88676929473877,key_press,'x'
44.04917073249817,key_press,Key.space
44.646878480911255,key_press,'x'
44.75560402870178,key_press,'x'
44.994054555892944,key_press,'x'
45.46767044067383,key_press,'x'
45.6828396320343,key_press,'x'
46.245694398880005,key_press,Key.backspace
46.39489436149597,key_press,Key.backspace
46.52350211143494,key_press,Key.backspace
46.669190645217896,key_press,Key.backspace
47.06799030303955,key_press,'x'
47.261255741119385,key_press,'x'
47.52057242393494,key_press,'x'
47.668407917022705,key_press,'x'
47.82791328430176,key_press,Key.space
48.1208119392395,key_press,'x'
48.51659536361694,key_press,Key.backspace
48.72869372367859,key_press,'x'
49.099345445632935,key_press,'x'
49.25054121017456,key_press,'x'
49.794429063797,key_press,'x'
50.031665086746216,key_press,'x'
50.22802400588989,key_press,'x'
50.410624504089355,key_press,'x'
50.61465239524841,key_press,'x'
50.84649348258972,key_press,Key.space
50.880852937698364,key_press,'x'
51.0906982421875,key_press,'x'
51.15854334831238,key_press,'x'
51.36554956436157,key_press,Key.space
51.81768178939819,key_press,'x'
51.91497278213501,key_press,'x'
52.113895654678345,key_press,'x'
52.13291263580322,key_press,'x'
52.32408833503723,key_press,Key.space
52.46927571296692,key_press,'x'
53.53466081619263,key_press,Key.backspace
53.7781867980957,key_press,Key.space
53.940908432006836,key_press,'x'
54.036986112594604,key_press,'x'
54.181658029556274,key_press,'x'
54.98963642120361,key_press,Key.backspace
55.15255856513977,key_press,'x'
55.331501960754395,key_press,'x'
55.49484372138977,key_press,'x'
55.62254238128662,key_press,'x'
55.78865361213684,key_press,Key.space
57.315287351608276,key_press,'x'
57.387333393096924,key_press,'x'
57.45954179763794,key_press,'x'
57.60609269142151,key_press,Key.space
57.86964273452759,key_press,'x'
58.0625319480896,key_press,'x'
58.15696120262146,key_press,'x'
58.36674690246582,key_press,'x'
58.482136726379395,key_press,'x'
58.707865476608276,key_press,'x'
58.863985538482666,key_press,Key.space
59.028573989868164,key_press,'x'
59.22123670578003,key_press,'x'
59.35104441642761,key_press,Key.space
64.76711654663086,key_press,'x'
65.14464735984802,key_press,'x'
65.77497577667236,key_press,'x'
65.90570640563965,key_press,'x'
66.13415002822876,key_press,'x'
66.26432824134827,key_press,'x'
66.4592821598053,key_press,'x'
66.7368700504303,key_press,'x'
66.94318532943726,key_press,Key.space
67.05278301239014,key_press,'x'
67.21130108833313,key_press,'x'
67.30234265327454,key_press,'x'
67.4160737991333,key_press,Key.space
68.06440377235413,mouse_move,"""800,864"""
68.06440377235413,mouse_move,"""801,864"""
68.08868908882141,mouse_move,"""802,865"""
68.1036593914032,mouse_move,"""802,866"""
68.12833738327026,mouse_move,"""802,866"""
68.14435315132141,mouse_move,"""802,867"""
68.16063141822815,mouse_move,"""803,867"""
68.1734893321991,mouse_move,"""803,868"""
68.1890377998352,mouse_move,"""803,868"""
68.22581267356873,mouse_move,"""804,869"""
68.3869321346283,mouse_move,"""805,869"""
68.41739797592163,mouse_move,"""805,870"""
68.5875494480133,mouse_move,"""805,871"""
68.61503720283508,mouse_move,"""805,871"""
68.92575526237488,mouse_move,"""805,871"""
68.94037365913391,mouse_move,"""805,871"""
68.94037365913391,mouse_move,"""804,871"""
68.96284580230713,mouse_move,"""803,871"""
68.97327780723572,mouse_move,"""803,871"""
68.98106789588928,mouse_move,"""802,870"""
68.99337196350098,mouse_move,"""801,870"""
69.07898879051208,mouse_move,"""801,869"""
69.10720825195312,mouse_move,"""801,869"""
69.14102005958557,mouse_move,"""802,869"""
69.18545866012573,mouse_move,"""802,869"""
69.18545866012573,mouse_move,"""802,869"""
69.20671963691711,mouse_move,"""802,868"""
69.23380494117737,mouse_move,"""802,867"""
69.24289107322693,mouse_move,"""802,867"""
69.2516257762909,mouse_move,"""802,867"""
69.27171230316162,mouse_move,"""802,867"""
69.38575077056885,mouse_move,"""802,866"""
69.40619850158691,mouse_move,"""801,866"""
69.40619850158691,mouse_move,"""801,865"""
69.42046236991882,mouse_move,"""801,865"""
69.42752408981323,mouse_move,"""801,864"""
69.4340832233429,mouse_move,"""801,863"""
69.44210362434387,mouse_move,"""800,862"""
69.4489061832428,mouse_move,"""800,861"""
69.4555971622467,mouse_move,"""799,859"""
69.46271967887878,mouse_move,"""798,858"""
69.46977210044861,mouse_move,"""798,857"""
69.47740721702576,mouse_move,"""798,855"""
69.48459911346436,mouse_move,"""797,855"""
69.49105405807495,mouse_move,"""797,853"""
69.49881219863892,mouse_move,"""796,852"""
69.5058765411377,mouse_move,"""796,852"""
69.51084232330322,mouse_move,"""795,850"""
69.52011203765869,mouse_move,"""795,849"""
69.52737855911255,mouse_move,"""795,848"""
69.5343804359436,mouse_move,"""795,847"""
69.54135584831238,mouse_move,"""795,845"""
69.54852676391602,mouse_move,"""795,844"""
69.55569505691528,mouse_move,"""796,842"""
69.56236743927002,mouse_move,"""796,839"""
69.57004237174988,mouse_move,"""798,837"""
69.5760190486908,mouse_move,"""799,835"""
69.58366894721985,mouse_move,"""799,833"""
69.59129452705383,mouse_move,"""801,831"""
69.5982015132904,mouse_move,"""801,829"""
69.60551071166992,mouse_move,"""801,827"""
69.61271595954895,mouse_move,"""803,824"""
69.61921882629395,mouse_move,"""804,820"""
77.04558825492859,mouse_move,"""804,819"""
77.08802056312561,mouse_move,"""804,819"""
77.11987090110779,mouse_move,"""804,818"""
77.13605284690857,mouse_move,"""803,818"""
77.15790677070618,mouse_move,"""803,817"""
77.16508984565735,mouse_move,"""802,817"""
77.2870090007782,mouse_move,"""802,816"""
77.30747365951538,mouse_move,"""801,816"""
77.33293223381042,mouse_move,"""801,816"""
77.33293223381042,mouse_move,"""801,815"""
77.34860229492188,mouse_move,"""800,815"""
77.34860229492188,mouse_move,"""800,814"""
77.36917304992676,mouse_move,"""799,814"""
77.37945580482483,mouse_move,"""799,814"""
77.38667130470276,mouse_move,"""799,813"""
77.39366722106934,mouse_move,"""798,813"""
77.4008116722107,mouse_move,"""798,812"""
77.41222476959229,mouse_move,"""798,811"""
77.43735814094543,mouse_move,"""797,811"""
77.51221299171448,mouse_move,"""797,811"""
77.53420400619507,mouse_move,"""796,811"""
77.55849027633667,mouse_move,"""795,810"""
77.56495833396912,mouse_move,"""794,810"""
77.57977271080017,mouse_move,"""794,809"""
77.58782291412354,mouse_move,"""794,809"""
77.61967635154724,mouse_move,"""793,809"""
77.63727736473083,mouse_move,"""793,808"""
77.83011174201965,mouse_move,"""793,807"""
77.92250537872314,mouse_move,"""793,806"""
78.13157272338867,mouse_move,"""793,806"""
78.14783382415771,mouse_move,"""793,806"""
78.16440343856812,mouse_move,"""793,805"""
78.21561765670776,mouse_move,"""793,804"""
78.26650977134705,mouse_move,"""793,804"""
78.26650977134705,mouse_move,"""793,804"""
78.36561036109924,mouse_move,"""793,803"""
78.40638732910156,mouse_move,"""794,803"""
78.55324482917786,mouse_move,"""795,803"""
78.72335982322693,mouse_move,"""795,802"""
78.7941644191742,mouse_move,"""795,802"""
78.82590889930725,mouse_move,"""795,801"""
78.85816311836243,mouse_move,"""795,800"""
78.86257886886597,mouse_move,"""795,800"""
78.86257886886597,mouse_move,"""795,799"""
78.9286527633667,mouse_move,"""795,799"""
78.94446539878845,mouse_move,"""794,798"""
78.97876214981079,mouse_move,"""794,797"""
78.99615716934204,mouse_move,"""794,797"""
79.027259349823,mouse_move,"""794,797"""
79.027259349823,mouse_move,"""794,796"""
79.06691455841064,mouse_move,"""794,795"""
79.08615708351135,mouse_move,"""793,794"""
79.09969472885132,mouse_move,"""793,794"""
79.15664410591125,mouse_move,"""792,794"""
79.16443490982056,mouse_move,"""792,793"""
79.17211771011353,mouse_move,"""792,792"""
79.19282460212708,mouse_move,"""792,792"""
79.22091102600098,mouse_move,"""792,792"""
79.24648237228394,mouse_move,"""792,791"""
79.27841138839722,mouse_move,"""791,790"""
79.32128143310547,mouse_move,"""791,789"""
79.33523654937744,mouse_move,"""790,789"""
79.342050075531,mouse_move,"""790,789"""
79.35740494728088,mouse_move,"""790,788"""
79.37797904014587,mouse_move,"""789,788"""
79.45809674263,mouse_move,"""789,787"""
79.68239951133728,mouse_move,"""789,787"""
79.97634863853455,mouse_move,"""790,788"""
80.00574922561646,mouse_move,"""791,788"""
80.04531192779541,mouse_move,"""791,788"""
80.0690381526947,mouse_move,"""791,789"""
80.08962917327881,mouse_move,"""792,790"""
80.10100722312927,mouse_move,"""793,790"""
80.12520027160645,mouse_move,"""793,791"""
80.22403979301453,mouse_move,"""793,791"""
80.42454671859741,mouse_move,"""793,791"""
80.73478388786316,mouse_move,"""793,791"""
80.75238251686096,mouse_move,"""794,792"""
80.76559233665466,mouse_move,"""794,793"""
80.77293038368225,mouse_move,"""795,793"""
80.78060412406921,mouse_move,"""795,793"""
80.78060412406921,mouse_move,"""795,794"""
80.80472302436829,mouse_move,"""796,795"""
80.82465720176697,mouse_move,"""796,796"""
80.82465720176697,mouse_move,"""796,796"""
81.00817608833313,mouse_move,"""796,796"""
81.033456325531,mouse_move,"""796,796"""
81.04953074455261,mouse_move,"""796,796"""
81.06574320793152,mouse_move,"""796,797"""
81.28611278533936,mouse_move,"""797,798"""
81.2917730808258,mouse_move,"""797,798"""
81.29664516448975,mouse_move,"""799,800"""
81.30658197402954,mouse_move,"""799,802"""
81.31318211555481,mouse_move,"""801,803"""
81.32083535194397,mouse_move,"""802,805"""
81.32806706428528,mouse_move,"""803,807"""
81.33504915237427,mouse_move,"""804,808"""
81.34212684631348,mouse_move,"""804,809"""
81.34917759895325,mouse_move,"""805,810"""
81.35624742507935,mouse_move,"""805,811"""
81.35724830627441,mouse_move,"""806,811"""
81.37328004837036,mouse_move,"""806,812"""
81.39201426506042,mouse_move,"""807,812"""
81.55302953720093,mouse_move,"""807,814"""
81.56997442245483,mouse_move,"""808,814"""
81.59440445899963,key_press,'x'
81.89715123176575,key_press,'x'
82.14218211174011,key_press,Key.space
86.08838558197021,key_press,'x'
86.28398442268372,key_press,'x'
86.51129961013794,key_press,'x'
86.75936889648438,key_press,'x'
86.95395517349243,key_press,'x'
87.1286780834198,key_press,'x'
87.24368357658386,key_press,Key.space
88.03575158119202,key_press,'x'
88.31294918060303,key_press,'x'
88.45249843597412,key_press,Key.space
88.75908327102661,key_press,'x'
88.90470004081726,key_press,'x'
89.00077867507935,key_press,'x'
89.1886420249939,key_press,'x'
89.69791865348816,key_press,'x'
90.03473901748657,key_press,'x'
90.20352745056152,key_press,Key.space
90.30818176269531,key_press,'x'
90.47055339813232,key_press,Key.space
90.52054023742676,key_press,'x'
90.73169779777527,key_press,'x'
90.76442861557007,key_press,'x'
90.98290681838989,key_press,Key.space
91.60255527496338,mouse_move,"""808,814"""
91.60255527496338,mouse_move,"""808,813"""
91.62615370750427,mouse_move,"""808,812"""
91.6281590461731,mouse_move,"""808,812"""
91.64132380485535,mouse_move,"""808,811"""
91.64832878112793,mouse_move,"""808,810"""
91.65176439285278,mouse_move,"""809,809"""
91.66270899772644,mouse_move,"""810,807"""
91.66992211341858,mouse_move,"""810,805"""
91.6761372089386,mouse_move,"""810,804"""
91.68419528007507,mouse_move,"""810,802"""
91.69134950637817,mouse_move,"""810,801"""
91.6982855796814,mouse_move,"""810,798"""
91.7055037021637,mouse_move,"""810,795"""
91.71255683898926,mouse_move,"""810,793"""
91.71962475776672,mouse_move,"""810,790"""
91.7261426448822,mouse_move,"""810,788"""
91.73311519622803,mouse_move,"""810,786"""
91.74013948440552,mouse_move,"""810,783"""
91.74808478355408,mouse_move,"""810,781"""
91.75527262687683,mouse_move,"""811,777"""
91.76225662231445,mouse_move,"""811,776"""
91.76926279067993,mouse_move,"""811,772"""
91.7765326499939,mouse_move,"""811,767"""
91.78334403038025,mouse_move,"""811,763"""
92.5356194972992,key_press,'x'
92.8589186668396,key_press,'x'
93.10035061836243,key_press,'x'
93.25341629981995,key_press,'x'
93.53708362579346,key_press,'x'
93.84768390655518,key_press,'x'
93.9784677028656,key_press,'x'
94.15150451660156,key_press,'x'
94.32702398300171,key_press,'x'
94.42100691795349,key_press,Key.space
94.5728874206543,key_press,'x'
94.7188036441803,key_press,'x'
94.81631255149841,key_press,Key.space
94.89910125732422,key_press,'x'
95.07001185417175,key_press,'x'
95.20035600662231,key_press,'x'
95.3308515548706,key_press,Key.space
95.56422686576843,key_press,'x'
95.70114541053772,key_press,'x'
95.71160101890564,key_press,'x'
95.8822853565216,key_press,Key.space
96.58387207984924,key_press,'x'
96.680579662323,key_press,'x'
96.71327638626099,key_press,'x'
96.89108538627625,key_press,Key.space
99.49307537078857,mouse_move,"""811,769"""
99.50662875175476,mouse_move,"""812,774"""
99.50662875175476,mouse_move,"""813,780"""
99.52044582366943,mouse_move,"""813,782"""
99.52839183807373,mouse_move,"""814,785"""
99.53539109230042,mouse_move,"""815,788"""
99.54267740249634,mouse_move,"""815,789"""
100.286865234375,key_press,'x'
100.64648127555847,key_press,'x'
100.84611535072327,key_press,'x'
100.96848917007446,key_press,'x'
101.25936627388,key_press,'x'
101.41853594779968,key_press,Key.space
102.01635575294495,key_press,'x'
102.13387966156006,key_press,'x'
102.25183486938477,key_press,'x'
102.44226408004761,key_press,'x'
102.67835187911987,key_press,'x'
102.85650587081909,key_press,Key.space
103.14177942276001,key_press,'x'
103.3959310054779,key_press,'x'
103.98826098442078,key_press,Key.backspace
104.16382884979248,key_press,'x'
104.2965977191925,key_press,'x'
104.47371506690979,key_press,'x'
104.69467949867249,key_press,Key.space
104.9490818977356,key_press,'x'
105.11621236801147,key_press,'x'
105.19966053962708,key_press,Key.space
105.38327860832214,key_press,'x'
105.51434254646301,key_press,'x'
105.74364709854126,key_press,Key.space
110.0525848865509,key_press,'x'
110.25521206855774,key_press,'x'
110.42786073684692,key_press,'x'
111.88671398162842,key_press,Key.backspace
112.09872055053711,key_press,'x'
112.26195287704468,key_press,'x'
112.56268119812012,key_press,'x'
112.96093010902405,key_press,'x'
113.24890422821045,key_press,Key.space
113.6129093170166,key_press,'x'
113.78058552742004,key_press,'x'
114.03414583206177,key_press,'x'
114.52942848205566,key_press,'x'
114.71863031387329,key_press,Key.space
114.9138388633728,key_press,'x'
115.52783799171448,key_press,'x'
115.80451774597168,key_press,'x'
115.98065638542175,key_press,'x'
116.19721984863281,key_press,'x'
116.4201135635376,key_press,Key.space
116.51757645606995,key_press,'x'
116.69663119316101,key_press,'x'
116.84489512443542,key_press,'x'
116.97739100456238,key_press,Key.space
117.76571416854858,key_press,'x'
117.86181497573853,key_press,'x'
117.97770833969116,key_press,'x'
118.15174198150635,key_press,Key.space
119.7812614440918,key_press,'x'
119.90995979309082,key_press,'x'
120.04072546958923,key_press,'x'
120.18316626548767,key_press,Key.space
121.15936779975891,key_press,'x'
121.33029317855835,key_press,'x'
121.4928240776062,key_press,'x'
121.65471529960632,key_press,'x'
121.8788709640503,key_press,'x'
121.98747634887695,key_press,'x'
122.0886549949646,key_press,'x'
122.2006664276123,key_press,Key.space
122.94649314880371,key_press,'x'
123.65181684494019,key_press,'x'
123.91913843154907,key_press,'x'
124.03185200691223,key_press,'x'
124.24266958236694,key_press,'x'
124.48014712333679,key_press,'x'
124.74961185455322,key_press,'x'
124.90865755081177,key_press,'x'
125.04080843925476,key_press,'x'
125.23349189758301,key_press,Key.space
126.41087627410889,key_press,'x'
126.55137658119202,key_press,'x'
126.63350772857666,key_press,'x'
126.82726573944092,key_press,'x'
126.94594740867615,key_press,'x'
127.12608528137207,key_press,Key.space
127.15476298332214,key_press,Key.space
130.7363841533661,key_press,'x'
130.85512971878052,key_press,'x'
131.0685169696808,key_press,Key.space
131.09923458099365,key_press,Key.space
134.0845239162445,mouse_move,"""815,789"""
134.09776091575623,mouse_move,"""816,789"""
134.10043811798096,mouse_move,"""817,789"""
134.11870002746582,mouse_move,"""817,790"""
134.12433552742004,mouse_move,"""818,790"""
134.14069390296936,mouse_move,"""819,790"""
134.16164684295654,mouse_move,"""819,791"""
134.67994451522827,mouse_move,"""819,790"""
135.41207242012024,key_press,'x'
136.02190351486206,key_press,'x'
136.31853413581848,key_press,'x'
136.4147651195526,key_press,'x'
136.57237362861633,key_press,'x'
137.03673791885376,key_press,'x'
137.2631094455719,key_press,'x'
137.42598628997803,key_press,Key.space
137.54156064987183,key_press,'x'
137.68937611579895,key_press,'x'
137.73869609832764,key_press,'x'
137.8998396396637,key_press,Key.space
138.09897470474243,key_press,'x'
138.2785816192627,key_press,'x'
138.474214553833,key_press,'x'
138.6042082309723,key_press,'x'
138.68613386154175,key_press,Key.space
138.85765957832336,key_press,'x'
139.42982840538025,key_press,Key.backspace
139.5206491947174,key_press,'x'
139.74592876434326,key_press,'x'
139.8044674396515,key_press,'x'
139.9704339504242,key_press,'x'
140.16782927513123,key_press,Key.space
140.28908276557922,key_press,'x'
140.43482398986816,key_press,'x'
140.46391677856445,key_press,'x'
140.6714572906494,key_press,Key.space
141.16360235214233,key_press,'x'
141.31950330734253,key_press,'x'
141.56163835525513,key_press,'x'
141.7113015651703,key_press,Key.space
142.20278573036194,key_press,Key.backspace
142.3132963180542,key_press,'x'
142.49643850326538,key_press,Key.space
142.54977869987488,key_press,'x'
142.90361213684082,key_press,'x'
143.05763339996338,key_press,Key.space
143.48644399642944,key_press,'x'
143.6008265018463,key_press,'x'
143.75807452201843,key_press,'x'
144.14575386047363,key_press,'x'
144.34888219833374,key_press,Key.space
144.57445454597473,key_press,'x'
144.70418977737427,key_press,'x'
144.9269573688507,key_press,'x'
145.42936897277832,key_press,'x'
145.66855716705322,key_press,'x'
145.92924618721008,key_press,'x'
146.0658733844757,key_press,'x'
146.23212051391602,key_press,Key.space
146.32736492156982,key_press,'x'
146.57154822349548,key_press,Key.space
153.02434921264648,key_press,'x'
153.14504384994507,key_press,'x'
153.23511862754822,key_press,'x'
153.37753081321716,key_press,Key.space
154.60029363632202,key_press,'x'
154.6957700252533,key_press,'x'
154.826242685318,key_press,'x'
154.90966701507568,key_press,'x'
155.0849289894104,key_press,'x'
155.31052708625793,key_press,Key.space
155.65163254737854,key_press,'x'
155.81619358062744,key_press,'x'
155.94651460647583,key_press,'x'
156.1294286251068,key_press,'x'
156.25377202033997,key_press,'x'
156.49659085273743,key_press,Key.space
157.12910223007202,key_press,'x'
157.61349081993103,key_press,'x'
157.84437561035156,key_press,'x'
158.01967191696167,key_press,'x'
158.20824217796326,key_press,Key.space
158.70070099830627,key_press,'x'
158.85754895210266,key_press,'x'
159.00638604164124,key_press,'x'
159.1843364238739,key_press,'x'
159.36645483970642,key_press,Key.space
159.40424704551697,key_press,'x'
159.6409912109375,key_press,'x'
159.7096860408783,key_press,'x'
159.91734099388123,key_press,Key.space
160.64403367042542,key_press,'x'
160.8228621482849,key_press,'x'
160.959303855896,key_press,'x'
161.20959281921387,key_press,'x'
161.37644338607788,key_press,'x'
161.56549501419067,key_press,'x'
161.79186034202576,key_press,'x'
161.90323138237,key_press,Key.space
162.04550790786743,key_press,'x'
162.077410697937,key_press,'x'
162.30489373207092,key_press,'x'
162.32128953933716,key_press,'x'
162.50917315483093,key_press,'x'
162.56783032417297,key_press,Key.space
165.1128966808319,key_press,'x'
165.70628690719604,key_press,Key.backspace
165.81833505630493,key_press,'x'
165.95783591270447,key_press,'x'
166.1209592819214,key_press,'x'
166.32802367210388,key_press,'x'
166.42560386657715,key_press,'x'
166.63731288909912,key_press,Key.space
166.80070996284485,key_press,'x'
167.28488564491272,key_press,'x'
167.4315469264984,key_press,'x'
167.62923860549927,key_press,'x'
167.73220014572144,key_press,'x'
167.91081547737122,key_press,'x'
168.51333737373352,key_press,'x'
168.6855170726776,key_press,'x'
168.8965904712677,key_press,Key.space
177.41445803642273,key_press,'x'
177.65862464904785,key_press,'x'
177.81684184074402,key_press,'x'
178.00750637054443,key_press,Key.space
178.17994666099548,key_press,'x'
178.33490228652954,key_press,'x'
178.5127227306366,key_press,'x'
178.528990983963,key_press,'x'
178.7589921951294,key_press,Key.space
178.95714044570923,key_press,'x'
179.1031835079193,key_press,'x'
179.29076504707336,key_press,Key.space
179.50418424606323,key_press,'x'
179.85386490821838,key_press,'x'
180.09605145454407,key_press,Key.space
180.3344178199768,key_press,'x'
180.68865394592285,key_press,'x'
180.83506393432617,key_press,'x'
181.17181301116943,key_press,'x'
181.35871481895447,key_press,'x'
181.45933032035828,key_press,'x'
181.72360038757324,key_press,'x'
181.9464943408966,key_press,'x'
182.14553332328796,key_press,'x'
182.37711024284363,key_press,Key.space
182.7742214202881,key_press,Key.ctrl_l
183.06782865524292,key_press,'\x03'
1.0385136604309082,mouse_move,"""957,989"""
1.108142614364624,mouse_move,"""957,989"""
1.1200802326202393,mouse_move,"""958,989"""
1.1354830265045166,mouse_move,"""960,989"""
1.1364843845367432,mouse_move,"""961,989"""
1.387054443359375,mouse_move,"""961,990"""
1.6673264503479004,mouse_move,"""961,989"""
1.682891607284546,mouse_move,"""961,988"""
1.682891607284546,mouse_move,"""961,985"""
1.6980574131011963,mouse_move,"""961,983"""
1.705176830291748,mouse_move,"""962,983"""
1.7119174003601074,mouse_move,"""962,981"""
1.719264268875122,mouse_move,"""962,980"""
1.7265541553497314,mouse_move,"""963,978"""
1.7336375713348389,mouse_move,"""963,975"""
1.7409472465515137,mouse_move,"""964,972"""
1.7479281425476074,mouse_move,"""964,970"""
1.7552480697631836,mouse_move,"""965,967"""
1.7620670795440674,mouse_move,"""965,965"""
1.769517183303833,mouse_move,"""965,964"""
1.7767560482025146,mouse_move,"""965,960"""
2.220393419265747,key_press,'x'
2.527864694595337,key_press,'x'
2.7342123985290527,key_press,Key.space
3.0433051586151123,key_press,'x'
3.1459970474243164,key_press,'x'
3.34975004196167,key_press,'x'
3.461153268814087,key_press,Key.space
3.6723034381866455,key_press,'x'
3.851738691329956,key_press,'x'
3.9812965393066406,key_press,'x'
4.565241098403931,key_press,'x'
4.6308753490448,key_press,'x'
4.8411641120910645,key_press,'x'
5.514462947845459,key_press,'x'
5.670037746429443,key_press,Key.space
5.810476064682007,key_press,'x'
5.923539400100708,key_press,'x'
6.068844318389893,key_press,Key.space
6.349980115890503,key_press,'x'
6.443370342254639,key_press,'x'
6.5723912715911865,key_press,'x'
6.795634031295776,key_press,'x'
7.0534303188323975,key_press,'x'
7.186526775360107,key_press,Key.space
7.350260496139526,key_press,'x'
7.4783313274383545,key_press,'x'
7.657483339309692,key_press,Key.space
7.811913728713989,key_press,Key.space
8.13188362121582,key_press,'x'
8.310880661010742,key_press,'x'
8.611769437789917,key_press,'x'
8.84102201461792,key_press,Key.space
9.197801113128662,key_press,Key.backspace
9.632108211517334,key_press,Key.backspace
9.777056694030762,mouse_move,"""965,960"""
9.777056694030762,mouse_move,"""965,961"""
9.793238401412964,mouse_move,"""966,963"""
9.798929214477539,mouse_move,"""966,964"""
9.806870460510254,key_press,'x'
9.95357871055603,key_press,Key.space
10.29444932937622,key_press,'x'
10.455504894256592,key_press,'x'
11.101917505264282,mouse_move,"""967,964"""
11.130525588989258,mouse_move,"""968,964"""
11.187231540679932,mouse_move,"""968,965"""
11.206506967544556,mouse_move,"""967,965"""
11.230807065963745,mouse_move,"""967,965"""
11.25208306312561,mouse_move,"""967,965"""
11.257416725158691,mouse_move,"""966,965"""
11.30678653717041,key_press,'x'
11.41711139678955,key_press,'x'
11.670892000198364,key_press,'x'
12.05918264389038,key_press,'x'
12.501889944076538,key_press,'x'
12.670047044754028,key_press,Key.space
12.784106254577637,key_press,'x'
13.005305051803589,key_press,'x'
13.087311744689941,key_press,'x'
13.394927740097046,key_press,'x'
13.576025009155273,key_press,'x'
13.707966804504395,key_press,'x'
13.893960952758789,key_press,Key.space
14.479646921157837,mouse_move,"""965,965"""
14.495632648468018,mouse_move,"""965,965"""
14.563814640045166,mouse_move,"""965,965"""
14.563814640045166,mouse_move,"""965,965"""
14.571504592895508,mouse_move,"""966,965"""
14.571504592895508,mouse_move,"""966,966"""
14.5873703956604,mouse_move,"""969,968"""
14.594318389892578,mouse_move,"""970,968"""
14.605676651000977,mouse_move,"""971,970"""
14.61247992515564,mouse_move,"""973,971"""
14.61883807182312,mouse_move,"""975,973"""
14.625935316085815,mouse_move,"""977,975"""
14.633846998214722,mouse_move,"""978,976"""
14.640944242477417,mouse_move,"""980,978"""
14.648200988769531,mouse_move,"""982,979"""
14.654572248458862,mouse_move,"""983,980"""
14.662274599075317,mouse_move,"""984,981"""
14.668712377548218,mouse_move,"""985,982"""
14.675976991653442,mouse_move,"""985,982"""
14.683619976043701,mouse_move,"""988,983"""
14.7027428150177,mouse_move,"""990,983"""
14.737046480178833,mouse_move,"""990,983"""
14.768288612365723,mouse_move,"""990,983"""
14.768288612365723,mouse_move,"""990,981"""
14.768288612365723,mouse_move,"""991,981"""
14.788511514663696,mouse_move,"""991,979"""
14.788511514663696,mouse_move,"""991,978"""
14.80464506149292,mouse_move,"""991,977"""
14.812047958374023,mouse_move,"""991,976"""
14.818360328674316,mouse_move,"""991,975"""
14.824122428894043,mouse_move,"""990,973"""
14.832613468170166,mouse_move,"""990,972"""
14.840217351913452,mouse_move,"""989,971"""
14.846834182739258,mouse_move,"""989,969"""
14.854482650756836,mouse_move,"""989,968"""
14.86163854598999,mouse_move,"""989,967"""
14.86881947517395,mouse_move,"""989,966"""
14.875252962112427,mouse_move,"""989,965"""
14.878746747970581,mouse_move,"""989,964"""
14.890146493911743,mouse_move,"""990,963"""
14.897210359573364,mouse_move,"""990,961"""
14.904161214828491,mouse_move,"""990,960"""
14.909160852432251,mouse_move,"""990,959"""
14.925358295440674,mouse_move,"""990,959"""
14.927313327789307,mouse_move,"""991,959"""
14.927313327789307,mouse_move,"""991,958"""
14.967615604400635,mouse_move,"""991,958"""
14.993247985839844,mouse_move,"""991,958"""
14.993247985839844,mouse_move,"""991,958"""
15.010343313217163,mouse_move,"""991,959"""
15.017550230026245,mouse_move,"""992,960"""
15.02522897720337,mouse_move,"""992,962"""
15.03157901763916,mouse_move,"""993,963"""
15.03961992263794,mouse_move,"""993,964"""
15.04658031463623,mouse_move,"""995,966"""
15.053809881210327,mouse_move,"""997,968"""
15.060875654220581,mouse_move,"""997,969"""
15.067917823791504,mouse_move,"""999,970"""
15.074529886245728,mouse_move,"""999,971"""
15.079144954681396,mouse_move,"""1000,972"""
15.08849835395813,mouse_move,"""1001,973"""
15.096562623977661,mouse_move,"""1001,975"""
15.103398323059082,mouse_move,"""1003,976"""
15.986434936523438,mouse_move,"""1003,976"""
15.986434936523438,mouse_move,"""1003,976"""
15.999780178070068,mouse_move,"""1003,974"""
15.999780178070068,mouse_move,"""1002,974"""
16.01330828666687,mouse_move,"""1000,972"""
16.02216124534607,mouse_move,"""1000,971"""
16.026264190673828,mouse_move,"""999,971"""
16.036323070526123,mouse_move,"""997,970"""
16.0435528755188,mouse_move,"""997,969"""
16.0506854057312,mouse_move,"""996,969"""
16.057159662246704,mouse_move,"""995,968"""
16.06443500518799,mouse_move,"""995,968"""
16.070451498031616,mouse_move,"""994,968"""
16.07906484603882,mouse_move,"""993,967"""
16.086196184158325,mouse_move,"""992,967"""
16.093184232711792,mouse_move,"""992,967"""
16.099925994873047,mouse_move,"""991,967"""
16.114654541015625,mouse_move,"""990,967"""
16.13481307029724,mouse_move,"""990,967"""
16.186620712280273,mouse_move,"""990,967"""
16.197094917297363,mouse_move,"""991,967"""
16.213651180267334,mouse_move,"""992,967"""
16.221093893051147,mouse_move,"""993,965"""
16.22743058204651,mouse_move,"""995,964"""
16.235496282577515,mouse_move,"""996,964"""
16.23842716217041,mouse_move,"""997,961"""
16.249545574188232,mouse_move,"""998,961"""
16.2565975189209,mouse_move,"""999,958"""
16.26375651359558,mouse_move,"""1000,956"""
16.270919799804688,mouse_move,"""1000,955"""
16.274698972702026,mouse_move,"""1001,952"""
16.28464126586914,mouse_move,"""1001,951"""
16.29240870475769,mouse_move,"""1001,950"""
16.299132108688354,mouse_move,"""1002,948"""
16.30650544166565,mouse_move,"""1002,946"""
16.313568115234375,mouse_move,"""1002,946"""
16.32040309906006,mouse_move,"""1002,945"""
16.323405265808105,mouse_move,"""1003,944"""
16.34202003479004,mouse_move,"""1004,944"""
16.35581612586975,mouse_move,"""1006,944"""
16.362814903259277,mouse_move,"""1008,945"""
16.370538473129272,mouse_move,"""1009,945"""
16.378172636032104,mouse_move,"""1009,947"""
16.38420033454895,mouse_move,"""1012,950"""
16.39121150970459,mouse_move,"""1014,951"""
16.900989294052124,key_press,'x'
17.11262822151184,key_press,'x'
17.194199085235596,key_press,'x'
17.355344772338867,key_press,Key.space
18.576950073242188,key_press,'x'
18.695650100708008,key_press,'x'
19.082679510116577,key_press,'x'
19.188382148742676,key_press,'x'
19.353426933288574,key_press,Key.space
20.000257968902588,key_press,'x'
20.211546659469604,key_press,'x'
20.38742470741272,key_press,Key.space
20.56989073753357,key_press,'x'
20.85837984085083,key_press,Key.space
21.5787193775177,mouse_move,"""1016,951"""
21.5971360206604,mouse_move,"""1016,951"""
21.599134922027588,mouse_move,"""1018,952"""
21.611128568649292,mouse_move,"""1019,953"""
21.625568628311157,mouse_move,"""1020,954"""
22.03094244003296,mouse_move,"""1020,954"""
22.032949447631836,mouse_move,"""1019,951"""
22.04559087753296,mouse_move,"""1018,948"""
22.047590255737305,mouse_move,"""1017,947"""
22.06014347076416,mouse_move,"""1016,944"""
22.067258834838867,mouse_move,"""1015,943"""
22.074104070663452,mouse_move,"""1014,942"""
22.08102560043335,mouse_move,"""1014,940"""
22.088866710662842,mouse_move,"""1014,938"""
22.09601855278015,mouse_move,"""1013,937"""
22.103097915649414,mouse_move,"""1013,935"""
22.113918781280518,mouse_move,"""1013,934"""
22.12442374229431,mouse_move,"""1013,934"""
22.194464921951294,mouse_move,"""1013,933"""
22.223687648773193,mouse_move,"""1013,933"""
22.255736351013184,mouse_move,"""1014,932"""
22.353492498397827,mouse_move,"""1014,931"""
22.41593599319458,mouse_move,"""1014,931"""
22.43189573287964,mouse_move,"""1015,931"""
22.43189573287964,mouse_move,"""1015,931"""
22.96828007698059,key_press,'x'
23.107295513153076,key_press,'x'
23.19938087463379,key_press,'x'
23.46621608734131,key_press,'x'
23.625276803970337,key_press,Key.space
23.817304372787476,key_press,'x'
24.110166311264038,key_press,'x'
24.25243830680847,key_press,'x'
24.443538665771484,key_press,'x'
24.62307620048523,key_press,'x'
24.840863466262817,key_press,Key.space
25.112459659576416,key_press,'x'
25.245351791381836,key_press,'x'
25.42625594139099,key_press,Key.space
25.617685317993164,key_press,'x'
25.779629707336426,key_press,'x'
26.033079624176025,key_press,'x'
26.24599313735962,key_press,Key.space
27.07772731781006,key_press,'x'
29.628666639328003,mouse_move,"""1015,931"""
29.660303354263306,mouse_move,"""1015,932"""
30.25042462348938,mouse_move,"""1016,932"""
30.297682762145996,mouse_move,"""1017,932"""
30.32709813117981,mouse_move,"""1017,932"""
30.342896699905396,mouse_move,"""1018,932"""
30.357990026474,mouse_move,"""1019,932"""
30.549736499786377,key_press,'x'
31.05226755142212,key_press,'x'
31.29622459411621,key_press,Key.space
31.999370574951172,key_press,'x'
32.14775109291077,key_press,'x'
32.16184091567993,key_press,'x'
32.370307207107544,key_press,Key.space
32.66732907295227,key_press,'x'
32.80880951881409,key_press,'x'
32.949328660964966,key_press,'x'
32.96554136276245,key_press,'x'
33.5104033946991,key_press,'x'
33.59607744216919,key_press,'x'
33.818259477615356,key_press,'x'
34.00499415397644,key_press,'x'
34.19701361656189,key_press,Key.space
34.38133978843689,key_press,'x'
34.54408502578735,key_press,'x'
34.62497639656067,key_press,Key.space
35.210577726364136,mouse_move,"""1020,932"""
35.22473192214966,mouse_move,"""1020,931"""
35.24068546295166,mouse_move,"""1025,929"""
35.25013756752014,mouse_move,"""1025,929"""
35.25647449493408,mouse_move,"""1026,928"""
35.26448202133179,mouse_move,"""1028,926"""
35.271018266677856,mouse_move,"""1029,926"""
35.27857542037964,mouse_move,"""1031,925"""
35.28572154045105,mouse_move,"""1032,925"""
35.29284930229187,mouse_move,"""1032,924"""
35.29921841621399,mouse_move,"""1032,923"""
35.30637717247009,mouse_move,"""1033,923"""
35.31414842605591,mouse_move,"""1033,923"""
35.321279764175415,mouse_move,"""1034,922"""
35.34266519546509,mouse_move,"""1034,922"""
35.35591173171997,mouse_move,"""1034,921"""
35.41078734397888,mouse_move,"""1034,921"""
35.42789649963379,mouse_move,"""1035,921"""
35.42789649963379,mouse_move,"""1035,921"""
35.43820548057556,mouse_move,"""1036,921"""
35.44973301887512,mouse_move,"""1037,921"""
35.45642113685608,mouse_move,"""1037,921"""
35.46355962753296,mouse_move,"""1038,921"""
35.470707178115845,mouse_move,"""1039,922"""
35.51658368110657,mouse_move,"""1039,922"""
35.57078433036804,mouse_move,"""1039,921"""
35.577574014663696,mouse_move,"""1039,920"""
35.59189057350159,mouse_move,"""1039,920"""
35.595109701156616,mouse_move,"""1039,919"""
35.60596418380737,mouse_move,"""1038,918"""
35.720707178115845,mouse_move,"""1038,918"""
35.72334432601929,mouse_move,"""1039,918"""
35.77827215194702,mouse_move,"""1039,918"""
35.77827215194702,mouse_move,"""1039,917"""
35.795496463775635,mouse_move,"""1038,916"""
35.81153225898743,mouse_move,"""1038,915"""
35.826884508132935,mouse_move,"""1037,915"""
35.83370113372803,mouse_move,"""1036,914"""
35.85925102233887,mouse_move,"""1036,914"""
35.87644600868225,mouse_move,"""1035,914"""
35.986900806427,mouse_move,"""1035,914"""
36.019206285476685,mouse_move,"""1035,914"""
36.067283391952515,mouse_move,"""1035,913"""
36.14599251747131,mouse_move,"""1035,912"""
36.153725147247314,mouse_move,"""1036,912"""
36.167569637298584,mouse_move,"""1037,912"""
36.17490577697754,mouse_move,"""1037,912"""
36.19409370422363,mouse_move,"""1038,912"""
36.203683853149414,mouse_move,"""1039,912"""
36.23114085197449,mouse_move,"""1039,912"""
36.27158832550049,mouse_move,"""1039,912"""
36.32101082801819,mouse_move,"""1039,912"""
36.37226366996765,mouse_move,"""1039,911"""
36.428927183151245,mouse_move,"""1039,911"""
36.428927183151245,mouse_move,"""1039,911"""
36.44554853439331,mouse_move,"""1039,911"""
38.72777318954468,mouse_move,"""1039,911"""
38.744134187698364,mouse_move,"""1038,912"""
38.75274443626404,mouse_move,"""1038,913"""
38.77232837677002,mouse_move,"""1037,914"""
38.781904458999634,mouse_move,"""1036,914"""
38.800599336624146,mouse_move,"""1036,914"""
38.83147859573364,mouse_move,"""1036,914"""
38.83147859573364,mouse_move,"""1037,915"""
38.84941911697388,mouse_move,"""1037,915"""
38.865264654159546,mouse_move,"""1038,915"""
38.865264654159546,mouse_move,"""1039,916"""
38.92259979248047,mouse_move,"""1039,916"""
38.93947196006775,mouse_move,"""1039,917"""
38.950729846954346,mouse_move,"""1039,917"""
38.95273017883301,mouse_move,"""1038,917"""
38.96501564979553,mouse_move,"""1038,918"""
38.97163200378418,mouse_move,"""1037,918"""
38.97865629196167,mouse_move,"""1036,918"""
38.99344038963318,mouse_move,"""1036,918"""
39.044341802597046,mouse_move,"""1035,919"""
39.07770609855652,mouse_move,"""1035,919"""
39.07770609855652,mouse_move,"""1035,919"""
39.092790365219116,mouse_move,"""1037,919"""
39.10015892982483,mouse_move,"""1037,919"""
39.103431224823,mouse_move,"""1038,918"""
39.11400747299194,mouse_move,"""1039,918"""
39.531667709350586,key_press,'x'
39.62664222717285,key_press,'x'
39.75694751739502,key_press,'x'
40.01045608520508,key_press,'x'
40.229289293289185,key_press,'x'
40.378159284591675,key_press,Key.space
40.697892904281616,key_press,'x'
40.90453743934631,key_press,'x'
41.14390182495117,key_press,'x'
41.453858613967896,key_press,'x'
41.60957336425781,key_press,'x'
41.82167029380798,key_press,Key.space
42.55169939994812,key_press,'x'
42.75562787055969,key_press,'x'
42.93847417831421,key_press,'x'
43.097779512405396,key_press,'x'
43.27656888961792,key_press,'x'
43.46263933181763,key_press,'x'
43.64599347114563,key_press,Key.space
43.74482202529907,key_press,'x'
43.91001749038696,key_press,'x'
44.0539915561676,key_press,'x'
44.227006673812866,key_press,Key.space
44.83094763755798,mouse_move,"""1040,918"""
44.837647438049316,mouse_move,"""1041,918"""
44.957345724105835,key_press,'x'
45.37117075920105,key_press,'x'
45.549171924591064,key_press,'x'
45.72674536705017,key_press,'x'
46.02818584442139,key_press,'x'
46.02818584442139,key_press,'x'
47.54514169692993,key_press,'x'
47.74931859970093,key_press,'x'
47.86390781402588,key_press,'x'
48.12988615036011,key_press,'x'
48.495325565338135,key_press,'x'
48.79608869552612,key_press,Key.space
54.40399622917175,mouse_move,"""1042,918"""
54.416383266448975,mouse_move,"""1043,918"""
54.424381494522095,mouse_move,"""1043,918"""
54.43981146812439,mouse_move,"""1043,918"""
54.44266390800476,mouse_move,"""1044,918"""
54.45387077331543,mouse_move,"""1045,919"""
54.45838212966919,key_press,'x'
54.563153982162476,key_press,'x'
54.64284801483154,key_press,'x'
54.82534193992615,key_press,Key.space
55.73954176902771,key_press,'x'
55.90490698814392,key_press,'x'
56.132598876953125,key_press,'x'
56.45792841911316,key_press,'x'
56.59696841239929,key_press,'x'
56.67267322540283,key_press,Key.space
58.01995658874512,key_press,'x'
58.351786851882935,key_press,'x'
58.51150894165039,key_press,'x'
58.74216914176941,key_press,Key.space
58.77082300186157,key_press,Key.space
58.96357822418213,key_press,'x'
59.05890941619873,key_press,'x'
59.30664658546448,key_press,'x'
59.455127477645874,key_press,Key.space
59.62749099731445,key_press,'x'
62.500028133392334,key_press,'x'
62.61676526069641,key_press,'x'
62.707674503326416,key_press,'x'
62.856239318847656,key_press,Key.space
63.13246965408325,key_press,'x'
63.29522347450256,key_press,'x'
63.41599798202515,key_press,'x'
63.88618063926697,key_press,'x'
63.960177183151245,key_press,'x'
64.15883469581604,key_press,'x'
64.39834713935852,key_press,'x'
64.55399227142334,key_press,Key.space
65.34599351882935,key_press,'x'
65.46674132347107,key_press,'x'
65.55074691772461,key_press,Key.space
67.52833724021912,mouse_move,"""1045,917"""
67.53747272491455,mouse_move,"""1045,913"""
67.54075598716736,mouse_move,"""1045,907"""
67.54075598716736,mouse_move,"""1045,900"""
67.55864095687866,mouse_move,"""1046,893"""
67.56548047065735,mouse_move,"""1047,884"""
67.57240200042725,mouse_move,"""1048,876"""
67.5799572467804,mouse_move,"""1048,866"""
68.0098180770874,key_press,'x'
68.15511631965637,key_press,'x'
68.30190849304199,key_press,'x'
68.43234848976135,key_press,'x'
68.54938840866089,key_press,'x'
68.75947046279907,key_press,'x'
68.90185236930847,key_press,'x'
69.14874815940857,key_press,'x'
69.37957191467285,key_press,Key.space
69.6002414226532,key_press,'x'
69.89607834815979,key_press,'x'
69.91769504547119,key_press,'x'
70.09547662734985,key_press,Key.space
70.86767435073853,key_press,'x'
70.93253016471863,key_press,'x'
71.01197743415833,key_press,'x'
71.14412117004395,key_press,Key.space
71.50294065475464,key_press,'x'
71.71710300445557,key_press,'x'
71.81368970870972,key_press,'x'
72.0752432346344,key_press,'x'
72.24062442779541,key_press,'x'
72.42374324798584,key_press,Key.space
73.11256647109985,mouse_move,"""1048,866"""
73.12866687774658,mouse_move,"""1048,866"""
73.14902114868164,mouse_move,"""1048,867"""
73.15538358688354,mouse_move,"""1048,868"""
73.15634202957153,mouse_move,"""1049,869"""
73.15634202957153,mouse_move,"""1050,870"""
73.17656469345093,mouse_move,"""1050,871"""
73.18637776374817,mouse_move,"""1051,871"""
73.20516848564148,mouse_move,"""1051,872"""
73.21140575408936,mouse_move,"""1052,874"""
73.2161226272583,mouse_move,"""1052,874"""
73.22637248039246,mouse_move,"""1053,876"""
73.23463606834412,mouse_move,"""1053,877"""
73.24779534339905,mouse_move,"""1054,877"""
73.25480437278748,mouse_move,"""1054,880"""
73.26149082183838,mouse_move,"""1054,881"""
73.26482510566711,mouse_move,"""1055,883"""
73.2763147354126,mouse_move,"""1055,885"""
73.2832944393158,mouse_move,"""1055,886"""
73.28904724121094,mouse_move,"""1055,888"""
73.2974648475647,mouse_move,"""1054,890"""
73.30471897125244,mouse_move,"""1054,891"""
73.31142520904541,mouse_move,"""1054,893"""
73.32165336608887,mouse_move,"""1054,894"""
73.33305144309998,mouse_move,"""1053,896"""
73.33978199958801,mouse_move,"""1053,897"""
73.3468222618103,mouse_move,"""1053,898"""
73.96626830101013,key_press,'x'
74.32156133651733,key_press,'x'
74.58247470855713,key_press,'x'
75.2960684299469,key_press,'x'
75.38923144340515,key_press,'x'
75.4088077545166,key_press,'x'
75.58364129066467,key_press,'x'
75.81714224815369,key_press,'x'
75.99576139450073,key_press,Key.space
77.97740292549133,key_press,'x'
78.12644910812378,key_press,'x'
78.93061995506287,key_press,'x'
79.16520547866821,key_press,'x'
79.3997151851654,key_press,'x'
79.62720203399658,key_press,'x'
79.83545303344727,key_press,'x'
79.93230271339417,key_press,'x'
80.06742906570435,key_press,'x'
80.17713642120361,key_press,Key.space
83.40818190574646,mouse_move,"""1053,898"""
83.42016077041626,mouse_move,"""1052,897"""
83.42016077041626,mouse_move,"""1052,896"""
83.43274211883545,mouse_move,"""1052,896"""
83.43904757499695,mouse_move,"""1051,896"""
83.4460997581482,mouse_move,"""1051,895"""
83.45009088516235,mouse_move,"""1051,894"""
83.46820569038391,mouse_move,"""1051,894"""
83.59492063522339,mouse_move,"""1051,894"""
83.60993981361389,mouse_move,"""1050,893"""
83.6169650554657,mouse_move,"""1049,892"""
83.62051558494568,mouse_move,"""1048,891"""
83.62051558494568,mouse_move,"""1047,891"""
83.63861870765686,mouse_move,"""1046,890"""
83.64589548110962,mouse_move,"""1045,890"""
83.65289068222046,mouse_move,"""1045,889"""
83.66255617141724,mouse_move,"""1045,888"""
83.67472338676453,mouse_move,"""1045,888"""
83.68176674842834,mouse_move,"""1045,887"""
83.68788695335388,mouse_move,"""1045,886"""
83.69534373283386,mouse_move,"""1046,886"""
83.70206022262573,mouse_move,"""1047,886"""
83.70976829528809,mouse_move,"""1048,885"""
83.71721005439758,mouse_move,"""1050,884"""
83.72368288040161,mouse_move,"""1051,884"""
83.73046255111694,mouse_move,"""1052,883"""
83.73772501945496,mouse_move,"""1053,883"""
83.74550700187683,mouse_move,"""1054,883"""
83.75263214111328,mouse_move,"""1055,882"""
83.75974106788635,mouse_move,"""1056,882"""
83.76693558692932,mouse_move,"""1057,882"""
83.773934841156,mouse_move,"""1057,882"""
83.77693319320679,key_press,'x'
83.96574854850769,key_press,'x'
84.15757441520691,key_press,'x'
84.31339240074158,key_press,Key.space
85.6587462425232,mouse_move,"""1057,883"""
85.67635750770569,mouse_move,"""1057,884"""
85.69114899635315,mouse_move,"""1057,884"""
85.75626826286316,mouse_move,"""1057,884"""
86.07622385025024,mouse_move,"""1057,884"""
86.15708184242249,mouse_move,"""1057,884"""
86.15708184242249,mouse_move,"""1057,884"""
86.17286849021912,mouse_move,"""1057,884"""
86.23774313926697,mouse_move,"""1057,884"""
86.25886702537537,mouse_move,"""1057,884"""
86.3180935382843,mouse_move,"""1057,883"""
86.34532713890076,mouse_move,"""1057,883"""
86.44211864471436,mouse_move,"""1057,883"""
86.45830917358398,mouse_move,"""1057,883"""
86.57227516174316,mouse_move,"""1057,883"""
86.7318205833435,mouse_move,"""1056,883"""
86.75229525566101,mouse_move,"""1055,883"""
86.7714614868164,mouse_move,"""1055,883"""
86.78742718696594,mouse_move,"""1055,882"""
86.80176782608032,mouse_move,"""1054,882"""
86.8088743686676,mouse_move,"""1053,881"""
86.81891632080078,mouse_move,"""1053,881"""
86.83732748031616,mouse_move,"""1052,881"""
86.85140538215637,mouse_move,"""1052,880"""
86.85807943344116,mouse_move,"""1051,880"""
86.8723611831665,mouse_move,"""1051,880"""
86.87336850166321,mouse_move,"""1050,880"""
86.88928318023682,mouse_move,"""1049,880"""
86.95564723014832,mouse_move,"""1049,880"""
86.95564723014832,mouse_move,"""1050,880"""
86.96922206878662,mouse_move,"""1050,880"""
86.98652744293213,mouse_move,"""1051,880"""
86.99306631088257,mouse_move,"""1052,880"""
87.03246688842773,mouse_move,"""1052,879"""
87.04969120025635,mouse_move,"""1051,878"""
87.05805397033691,mouse_move,"""1051,878"""
87.0650806427002,mouse_move,"""1050,877"""
87.07189607620239,mouse_move,"""1049,877"""
87.07892346382141,mouse_move,"""1048,876"""
87.08642816543579,mouse_move,"""1048,876"""
87.09367513656616,mouse_move,"""1047,876"""
87.10020136833191,mouse_move,"""1047,875"""
87.10416793823242,mouse_move,"""1046,875"""
87.11486458778381,mouse_move,"""1046,874"""
87.12199854850769,mouse_move,"""1046,874"""
87.19275903701782,mouse_move,"""1046,874"""
87.19275903701782,mouse_move,"""1046,874"""
87.20822429656982,mouse_move,"""1047,874"""
87.22083783149719,mouse_move,"""1048,875"""
87.23559999465942,mouse_move,"""1049,875"""
87.24268245697021,mouse_move,"""1050,875"""
87.25013899803162,mouse_move,"""1050,876"""
87.27204418182373,mouse_move,"""1051,876"""
87.28679251670837,mouse_move,"""1052,876"""
87.34291052818298,mouse_move,"""1053,876"""
87.35605835914612,mouse_move,"""1053,876"""
87.36364412307739,mouse_move,"""1054,876"""
87.38648009300232,mouse_move,"""1055,876"""
87.52614879608154,key_press,'x'
87.68084144592285,key_press,Key.space
87.90514278411865,key_press,'x'
88.05193138122559,key_press,'x'
88.26823377609253,key_press,'x'
88.43176221847534,key_press,'x'
88.61105179786682,key_press,Key.space
88.87982749938965,key_press,'x'
89.01135468482971,key_press,'x'
89.15669798851013,key_press,'x'
89.40909719467163,key_press,'x'
89.57202959060669,key_press,'x'
89.7473213672638,key_press,'x'
89.79936242103577,key_press,'x'
90.04571723937988,key_press,'x'
90.32975149154663,key_press,'x'
90.4111967086792,key_press,Key.space
92.2861876487732,key_press,'x'
92.43420147895813,key_press,'x'
92.62892723083496,key_press,Key.space
92.6728310585022,key_press,'x'
92.91482591629028,key_press,'x'
92.94735050201416,key_press,'x'
93.49302959442139,key_press,'x'
93.86396312713623,key_press,'x'
93.98060965538025,key_press,'x'
94.0947060585022,key_press,Key.space
94.35688853263855,key_press,'x'
94.48710536956787,key_press,'x'
94.72255730628967,key_press,'x'
94.88549208641052,key_press,'x'
95.07976603507996,key_press,Key.space
95.49607062339783,key_press,'x'
95.62812805175781,key_press,'x'
95.83104348182678,key_press,'x'
95.9293167591095,key_press,'x'
96.1091480255127,key_press,'x'
96.29065322875977,key_press,Key.space
98.61183643341064,key_press,'x'
98.75829887390137,key_press,'x'
98.87213802337646,key_press,'x'
99.01393008232117,key_press,Key.space
100.2994773387909,key_press,'x'
100.4235622882843,key_press,'x'
100.6552484035492,key_press,Key.space
100.77392792701721,key_press,'x'
101.22354936599731,key_press,'x'
101.51700401306152,key_press,'x'
101.66447639465332,key_press,Key.space
101.92004728317261,key_press,'x'
102.29166626930237,key_press,'x'
102.4415123462677,key_press,'x'
102.6424810886383,key_press,'x'
102.76240181922913,key_press,Key.space
103.82062530517578,key_press,'x'
104.019287109375,key_press,'x'
104.21318292617798,key_press,Key.space
104.44660186767578,key_press,'x'
104.61457252502441,key_press,'x'
104.65429496765137,key_press,'x'
104.89062833786011,key_press,Key.space
109.03186178207397,mouse_move,"""1055,875"""
109.03186178207397,mouse_move,"""1055,873"""
109.04716467857361,mouse_move,"""1055,872"""
109.04716467857361,mouse_move,"""1055,872"""
109.0622010231018,mouse_move,"""1055,871"""
109.06884169578552,mouse_move,"""1055,870"""
109.075510263443,mouse_move,"""1055,869"""
109.08382320404053,mouse_move,"""1055,868"""
109.09043478965759,mouse_move,"""1055,867"""
109.09787058830261,mouse_move,"""1056,864"""
109.104496717453,mouse_move,"""1056,863"""
109.11149382591248,mouse_move,"""1056,862"""
109.1193585395813,mouse_move,"""1056,862"""
109.1193585395813,mouse_move,"""1057,862"""
109.13282299041748,mouse_move,"""1057,861"""
109.14055299758911,mouse_move,"""1058,860"""
109.1560320854187,mouse_move,"""1058,860"""
109.16486144065857,mouse_move,"""1058,858"""
109.17618989944458,mouse_move,"""1059,858"""
109.23336434364319,mouse_move,"""1059,858"""
109.2654333114624,mouse_move,"""1059,859"""
109.2761800289154,mouse_move,"""1060,861"""
109.27757930755615,mouse_move,"""1060,862"""
109.29732656478882,mouse_move,"""1060,863"""
109.3038022518158,mouse_move,"""1060,864"""
109.31080651283264,mouse_move,"""1059,865"""
109.31885647773743,mouse_move,"""1059,865"""
109.31985187530518,mouse_move,"""1059,867"""
109.33292818069458,mouse_move,"""1058,868"""
109.34002995491028,mouse_move,"""1058,868"""
109.3440351486206,mouse_move,"""1058,869"""
109.35379099845886,mouse_move,"""1057,870"""
109.36136984825134,mouse_move,"""1057,871"""
109.36860656738281,mouse_move,"""1057,871"""
109.36860656738281,mouse_move,"""1057,872"""
109.38974332809448,mouse_move,"""1058,874"""
109.39322185516357,mouse_move,"""1058,874"""
109.40411472320557,mouse_move,"""1058,875"""
109.41852569580078,mouse_move,"""1058,877"""
109.42525291442871,mouse_move,"""1059,879"""
109.43219423294067,mouse_move,"""1059,880"""
109.43971371650696,mouse_move,"""1060,880"""
109.44636464118958,mouse_move,"""1060,880"""
109.47937440872192,mouse_move,"""1060,880"""
109.49565744400024,mouse_move,"""1060,880"""
109.51156568527222,mouse_move,"""1060,880"""
109.52743148803711,mouse_move,"""1060,879"""
109.53823661804199,mouse_move,"""1059,879"""
109.56115913391113,mouse_move,"""1059,879"""
109.56381845474243,mouse_move,"""1058,879"""
109.57473492622375,mouse_move,"""1057,879"""
109.70685648918152,mouse_move,"""1057,879"""
109.72487497329712,mouse_move,"""1056,878"""
109.73348927497864,mouse_move,"""1055,878"""
109.74571323394775,key_press,'x'
109.85230469703674,key_press,'x'
109.88206744194031,key_press,'x'
110.13896942138672,key_press,Key.space
114.73789358139038,mouse_move,"""1055,878"""
114.75868058204651,mouse_move,"""1055,877"""
114.77209281921387,mouse_move,"""1054,877"""
114.77737045288086,mouse_move,"""1054,876"""
114.79395794868469,mouse_move,"""1053,876"""
114.80810594558716,mouse_move,"""1052,876"""
114.8192229270935,mouse_move,"""1052,876"""
115.58815360069275,mouse_move,"""1052,875"""
117.51300930976868,mouse_move,"""1052,874"""
117.99401760101318,mouse_move,"""1052,874"""
118.27804374694824,mouse_move,"""1052,873"""
119.26517224311829,mouse_move,"""1052,873"""
119.2870364189148,mouse_move,"""1052,873"""
119.2870364189148,mouse_move,"""1053,873"""
119.2987744808197,mouse_move,"""1055,874"""
119.2987744808197,mouse_move,"""1055,875"""
119.3139238357544,mouse_move,"""1058,876"""
119.32106137275696,mouse_move,"""1060,876"""
119.32741379737854,mouse_move,"""1060,876"""
119.33519721031189,mouse_move,"""1061,876"""
119.33519721031189,mouse_move,"""1062,876"""
119.37742567062378,mouse_move,"""1062,876"""
119.37742567062378,mouse_move,"""1062,876"""
119.39521050453186,mouse_move,"""1062,875"""
119.40790867805481,mouse_move,"""1061,875"""
119.41533279418945,mouse_move,"""1061,875"""
119.42037916183472,mouse_move,"""1060,875"""
119.42037916183472,mouse_move,"""1058,875"""
119.43530535697937,mouse_move,"""1058,875"""
119.44259405136108,mouse_move,"""1056,875"""
119.44954252243042,mouse_move,"""1056,874"""
119.45792865753174,mouse_move,"""1055,874"""
119.50664734840393,mouse_move,"""1055,874"""
119.52054119110107,mouse_move,"""1055,873"""
119.62895441055298,mouse_move,"""1055,873"""
119.62895441055298,mouse_move,"""1055,873"""
119.85535168647766,mouse_move,"""1055,873"""
119.85535168647766,mouse_move,"""1054,873"""
119.869389295578,mouse_move,"""1053,872"""
119.87038707733154,mouse_move,"""1052,872"""
120.0272753238678,mouse_move,"""1052,871"""
120.03244924545288,mouse_move,"""1052,871"""
120.03880214691162,mouse_move,"""1052,870"""
120.04080820083618,mouse_move,"""1051,869"""
120.05418372154236,mouse_move,"""1050,868"""
120.06160020828247,mouse_move,"""1050,866"""
120.06794595718384,mouse_move,"""1048,860"""
120.07574963569641,mouse_move,"""1048,855"""
120.08277678489685,mouse_move,"""1047,848"""
120.08916735649109,mouse_move,"""1046,840"""
120.09711623191833,mouse_move,"""1044,829"""
120.1040506362915,mouse_move,"""1043,819"""
120.11112594604492,mouse_move,"""1041,809"""
120.11838459968567,mouse_move,"""1039,799"""
120.12539505958557,mouse_move,"""1038,789"""
120.13182663917542,mouse_move,"""1034,778"""
120.138916015625,mouse_move,"""1033,768"""
120.14672303199768,mouse_move,"""1030,759"""
120.1538314819336,mouse_move,"""1028,749"""
120.16075778007507,mouse_move,"""1027,742"""
120.16788911819458,mouse_move,"""1024,733"""
120.175208568573,mouse_move,"""1022,726"""
120.18227910995483,mouse_move,"""1019,718"""
120.18899774551392,mouse_move,"""1017,713"""
120.19607949256897,mouse_move,"""1016,709"""
120.20386409759521,mouse_move,"""1015,706"""
120.21069955825806,mouse_move,"""1014,702"""
120.21789741516113,mouse_move,"""1014,700"""
120.22498798370361,mouse_move,"""1014,698"""
120.22777581214905,mouse_move,"""1014,695"""
120.23899412155151,mouse_move,"""1014,694"""
120.24637913703918,mouse_move,"""1014,692"""
120.25289177894592,mouse_move,"""1014,691"""
120.25990009307861,mouse_move,"""1016,690"""
120.26697421073914,mouse_move,"""1016,688"""
120.27483296394348,mouse_move,"""1017,687"""
120.2823851108551,mouse_move,"""1019,687"""
120.28926372528076,mouse_move,"""1019,686"""
120.29633927345276,mouse_move,"""1020,685"""
120.303297996521,mouse_move,"""1022,684"""
120.31036758422852,mouse_move,"""1022,684"""
120.31237173080444,mouse_move,"""1023,684"""
120.3245701789856,mouse_move,"""1024,683"""
120.33678722381592,mouse_move,"""1025,683"""
120.34528183937073,mouse_move,"""1025,682"""
120.37868452072144,mouse_move,"""1025,682"""
120.39248490333557,mouse_move,"""1025,681"""
120.4100980758667,mouse_move,"""1025,680"""
120.48725724220276,mouse_move,"""1025,680"""
120.48725724220276,mouse_move,"""1025,680"""
120.50302624702454,mouse_move,"""1026,681"""
120.50302624702454,mouse_move,"""1027,681"""
120.5165627002716,mouse_move,"""1027,683"""
120.52165365219116,mouse_move,"""1028,685"""
120.53139352798462,mouse_move,"""1028,686"""
120.53817534446716,mouse_move,"""1029,688"""
120.54530549049377,mouse_move,"""1030,690"""
120.5517008304596,mouse_move,"""1030,692"""
120.55967259407043,mouse_move,"""1031,694"""
120.56664776802063,mouse_move,"""1032,696"""
120.57377195358276,mouse_move,"""1033,698"""
120.58061480522156,mouse_move,"""1033,700"""
120.58768773078918,mouse_move,"""1034,703"""
120.59305763244629,key_press,'x'
121.26579403877258,mouse_move,"""1034,703"""
121.28188753128052,mouse_move,"""1034,704"""
121.30270671844482,mouse_move,"""1034,705"""
121.33832168579102,mouse_move,"""1034,706"""
121.33832168579102,mouse_move,"""1034,706"""
121.35338163375854,mouse_move,"""1034,707"""
121.37085056304932,mouse_move,"""1034,707"""
121.37468934059143,mouse_move,"""1035,708"""
121.3843343257904,mouse_move,"""1035,708"""
121.39212036132812,mouse_move,"""1035,709"""
121.40674304962158,mouse_move,"""1035,710"""
121.41328430175781,mouse_move,"""1036,711"""
121.43230676651001,mouse_move,"""1036,711"""
121.44942474365234,mouse_move,"""1036,712"""
121.49769759178162,key_press,'x'
121.65611147880554,key_press,'x'
121.89287376403809,key_press,'x'
122.1373872756958,key_press,'x'
122.40440344810486,key_press,'x'
122.49868059158325,key_press,Key.space
122.95777010917664,key_press,'x'
123.0629575252533,key_press,'x'
123.36730670928955,key_press,'x'
123.53221845626831,key_press,'x'
123.73861503601074,key_press,Key.space
124.06742119789124,key_press,'x'
124.25710368156433,key_press,'x'
124.49563312530518,key_press,'x'
124.82347989082336,key_press,'x'
125.08988547325134,key_press,'x'
125.43623208999634,key_press,Key.space
125.60785102844238,key_press,'x'
125.83872747421265,key_press,'x'
125.8824896812439,key_press,'x'
126.18664050102234,key_press,Key.space
126.4829933643341,key_press,'x'
126.62652444839478,key_press,'x'
126.6323139667511,key_press,'x'
126.86360478401184,key_press,Key.space
129.34661722183228,key_press,'x'
129.47822165489197,key_press,'x'
129.65601515769958,key_press,'x'
129.89373421669006,key_press,'x'
130.18731999397278,key_press,'x'
130.4589328765869,key_press,Key.space
130.67898631095886,key_press,'x'
130.8390395641327,key_press,'x'
131.02670431137085,key_press,Key.space
132.57838559150696,key_press,'x'
132.76395630836487,key_press,'x'
132.77537536621094,key_press,'x'
133.0907998085022,key_press,'x'
133.2212953567505,key_press,Key.space
134.61138772964478,key_press,'x'
134.9459810256958,key_press,'x'
135.53825855255127,key_press,'x'
135.67347812652588,key_press,'x'
135.8133807182312,key_press,'x'
135.99720191955566,key_press,'x'
136.19536018371582,key_press,Key.space
136.21586537361145,key_press,Key.space
136.79253387451172,key_press,Key.space
137.06405687332153,key_press,'x'
137.15931868553162,key_press,'x'
137.3383595943451,key_press,'x'
137.52624225616455,key_press,'x'
137.64381647109985,key_press,'x'
137.6701648235321,key_press,'x'
137.81292271614075,key_press,'x'
137.90353226661682,key_press,'x'
137.96773076057434,key_press,'x'
138.1949245929718,key_press,'x'
138.43191051483154,key_press,Key.space
138.77808380126953,key_press,'x'
138.99025416374207,key_press,'x'
139.09378480911255,key_press,'x'
139.23788571357727,key_press,'x'
139.49866318702698,key_press,'x'
139.79279565811157,key_press,'x'
140.0120804309845,key_press,'x'
140.26787304878235,key_press,'x'
140.46531009674072,key_press,'x'
140.69804906845093,key_press,'x'
140.82700729370117,key_press,Key.space
141.2459797859192,key_press,'x'
141.52690362930298,key_press,'x'
141.5938901901245,key_press,'x'
141.75215339660645,key_press,'x'
141.8987967967987,key_press,'x'
142.40747714042664,key_press,'x'
142.70661449432373,key_press,'x'
142.84935569763184,key_press,'x'
143.06052446365356,key_press,'x'
143.0769603252411,key_press,'x'
143.26850867271423,key_press,'x'
143.5179479122162,key_press,Key.space
147.59608840942383,key_press,'x'
147.79225850105286,key_press,'x'
147.8125331401825,key_press,'x'
148.1032636165619,key_press,Key.space
148.7533881664276,key_press,'x'
149.06863951683044,key_press,'x'
149.6268835067749,key_press,'x'
149.80795788764954,key_press,'x'
149.93587684631348,key_press,'x'
150.15526700019836,key_press,'x'
150.29392194747925,key_press,Key.space
150.85306859016418,key_press,'x'
151.04278802871704,key_press,'x'
151.25396823883057,key_press,Key.space
151.92963099479675,key_press,'x'
152.1021146774292,key_press,'x'
152.26240611076355,key_press,'x'
152.46515130996704,key_press,'x'
152.67245435714722,key_press,Key.space
153.85290694236755,key_press,'x'
154.09690594673157,key_press,'x'
154.55755972862244,key_press,'x'
154.82120299339294,key_press,'x'
155.06307172775269,key_press,'x'
155.36058449745178,key_press,'x'
155.54404592514038,key_press,Key.space
156.08714032173157,key_press,Key.ctrl_l
156.3594672679901,key_press,'\x03'
1.6363673210144043,key_press,'x'
1.817046880722046,key_press,'x'
2.185420036315918,key_press,'x'
2.4270708560943604,key_press,'x'
2.6226789951324463,key_press,'x'
2.753129005432129,key_press,Key.space
3.3677687644958496,key_press,'x'
3.492135763168335,key_press,'x'
3.508039951324463,key_press,'x'
3.6364920139312744,key_press,'x'
3.8475253582000732,key_press,'x'
3.9012539386749268,key_press,Key.space
4.968261003494263,key_press,'x'
5.194681167602539,key_press,'x'
5.309799671173096,key_press,'x'
5.506241798400879,key_press,'x'
5.63048529624939,key_press,'x'
5.793602705001831,key_press,'x'
5.939397096633911,key_press,Key.space
6.402207136154175,key_press,'x'
6.517164945602417,key_press,'x'
6.664796352386475,key_press,Key.space
7.09175443649292,key_press,Key.space
7.205057144165039,key_press,'x'
7.3314208984375,key_press,'x'
7.428849220275879,key_press,'x'
7.669238805770874,key_press,'x'
8.349574089050293,key_press,'x'
8.528341293334961,key_press,Key.space
8.913100242614746,key_press,'x'
12.747828722000122,key_press,'x'
13.753562688827515,key_press,Key.backspace
13.927184820175171,key_press,Key.backspace
14.098002433776855,key_press,Key.backspace
14.720167398452759,key_press,'x'
14.850028038024902,key_press,'x'
14.96278977394104,key_press,Key.space
15.159321308135986,key_press,'x'
15.42081594467163,key_press,'x'
15.567868947982788,key_press,'x'
15.81493854522705,key_press,'x'
16.393744707107544,key_press,'x'
16.523617267608643,key_press,'x'
16.76351523399353,key_press,Key.space
17.30616855621338,key_press,'x'
17.447804927825928,key_press,'x'
17.82281804084778,key_press,'x'
18.325103521347046,key_press,'x'
18.43971300125122,key_press,'x'
18.64165449142456,key_press,Key.space
24.14333987236023,key_press,'x'
24.543569803237915,key_press,'x'
24.73945379257202,key_press,'x'
25.322869062423706,key_press,'x'
25.54047989845276,key_press,'x'
25.726743459701538,key_press,'x'
25.890520572662354,key_press,'x'
26.0367693901062,key_press,'x'
26.213722944259644,key_press,Key.space
26.769469261169434,key_press,'x'
26.83461308479309,key_press,'x'
27.041836500167847,key_press,'x'
27.15919589996338,key_press,'x'
27.331746816635132,key_press,Key.space
27.68277645111084,key_press,'x'
27.786217212677002,key_press,'x'
27.996638298034668,key_press,'x'
28.35147476196289,key_press,'x'
28.565205574035645,key_press,'x'
28.74453616142273,key_press,'x'
29.049333810806274,key_press,'x'
29.195605516433716,key_press,'x'
29.389950275421143,key_press,'x'
29.523772478103638,key_press,Key.space
33.5207793712616,key_press,'x'
33.80875205993652,key_press,'x'
33.93956708908081,key_press,'x'
34.235039949417114,key_press,'x'
34.556758642196655,key_press,'x'
34.749107837677,key_press,'x'
34.82962656021118,key_press,'x'
34.98925232887268,key_press,'x'
35.00512957572937,key_press,'x'
35.330838203430176,key_press,Key.space
36.43316650390625,key_press,'x'
36.559367418289185,key_press,'x'
36.67811322212219,key_press,'x'
36.979825496673584,key_press,'x'
37.20832633972168,key_press,Key.space
37.65729379653931,key_press,'x'
37.87906312942505,key_press,'x'
38.09125256538391,key_press,'x'
38.23672366142273,key_press,Key.space
38.41214632987976,key_press,'x'
38.51663088798523,key_press,'x'
38.67393755912781,key_press,'x'
38.99431800842285,key_press,'x'
39.1887469291687,key_press,'x'
39.27102756500244,key_press,'x'
39.51784038543701,key_press,Key.space
39.84372138977051,key_press,'x'
40.019014835357666,key_press,'x'
40.24948573112488,key_press,'x'
40.830681562423706,key_press,'x'
41.12488532066345,key_press,'x'
41.29938840866089,key_press,'x'
41.62762093544006,key_press,'x'
41.88369560241699,key_press,'x'
42.567766427993774,key_press,Key.backspace
42.73837637901306,key_press,Key.backspace
43.08245038986206,key_press,'x'
43.5827100276947,key_press,Key.space
44.33729434013367,key_press,'x'
44.72445321083069,key_press,'x'
44.924832344055176,key_press,'x'
46.92519998550415,key_press,'x'
47.1526575088501,key_press,Key.space
51.92923903465271,key_press,'x'
52.246426582336426,key_press,'x'
52.279191732406616,key_press,'x'
52.393160581588745,key_press,'x'
52.6348602771759,key_press,Key.space
52.848692178726196,key_press,'x'
53.243037700653076,key_press,'x'
53.433576583862305,key_press,'x'
53.63435912132263,key_press,'x'
53.74416995048523,key_press,'x'
53.98396944999695,key_press,'x'
54.20645523071289,key_press,'x'
54.406875133514404,key_press,Key.space
55.20885920524597,key_press,'x'
55.351174116134644,key_press,'x'
55.52393293380737,key_press,Key.space
56.19097876548767,key_press,'x'
56.564239263534546,key_press,'x'
57.02038073539734,key_press,'x'
57.14480185508728,key_press,'x'
57.390198707580566,key_press,'x'
57.61196565628052,key_press,'x'
57.77293276786804,key_press,Key.space
58.13311266899109,key_press,'x'
58.42579174041748,key_press,'x'
58.5879967212677,key_press,'x'
58.81511664390564,key_press,'x'
58.96120238304138,key_press,'x'
59.46674394607544,key_press,Key.space
60.33075404167175,key_press,'x'
60.52333855628967,key_press,'x'
61.122702836990356,key_press,Key.space
64.42371940612793,key_press,Key.backspace
64.63530421257019,key_press,Key.backspace
64.83132147789001,key_press,Key.backspace
65.35622525215149,key_press,'x'
65.52396941184998,key_press,'x'
65.70146012306213,key_press,Key.space
65.9372398853302,key_press,'x'
66.26077556610107,key_press,'x'
66.40571069717407,key_press,'x'
66.65782952308655,key_press,'x'
66.9241235256195,key_press,'x'
67.10350227355957,key_press,Key.space
67.36001300811768,key_press,'x'
70.37580513954163,key_press,'x'
70.6059467792511,key_press,'x'
70.70296001434326,key_press,'x'
70.89828562736511,key_press,'x'
71.18237018585205,key_press,'x'
71.44857668876648,key_press,'x'
71.59476399421692,key_press,'x'
71.82030630111694,key_press,'x'
72.06570196151733,key_press,Key.space
72.86273264884949,key_press,'x'
72.92661690711975,key_press,'x'
73.19594764709473,key_press,'x'
73.31490802764893,key_press,'x'
73.55785202980042,key_press,'x'
73.73978352546692,key_press,'x'
73.91307473182678,key_press,'x'
74.1567394733429,key_press,Key.space
75.1343469619751,key_press,'x'
75.43383884429932,key_press,'x'
75.74194431304932,key_press,'x'
75.97173619270325,key_press,Key.space
76.57544302940369,key_press,'x'
77.14076924324036,key_press,'x'
77.15685772895813,key_press,Key.backspace
77.3712306022644,key_press,Key.backspace
77.55010056495667,key_press,Key.backspace
78.1918375492096,key_press,'x'
78.482093334198,key_press,'x'
78.51718425750732,key_press,'x'
78.75908493995667,key_press,'x'
79.19513392448425,key_press,'x'
79.32541131973267,key_press,'x'
79.60531234741211,key_press,'x'
79.79199314117432,key_press,'x'
80.021981716156,key_press,Key.space
80.30697631835938,key_press,'x'
80.48468089103699,key_press,'x'
80.63348531723022,key_press,'x'
80.84209752082825,key_press,'x'
80.8931872844696,key_press,'x'
81.16286897659302,key_press,Key.space
81.3609824180603,key_press,'x'
81.4929301738739,key_press,'x'
81.61930441856384,key_press,Key.space
85.55049657821655,key_press,'x'
85.68087697029114,key_press,'x'
86.00516152381897,key_press,'x'
86.16344046592712,key_press,'x'
86.27699542045593,key_press,'x'
86.4882960319519,key_press,Key.space
86.76594161987305,key_press,'x'
86.83435940742493,key_press,'x'
87.1216721534729,key_press,'x'
87.26941680908203,key_press,'x'
87.3828330039978,key_press,'x'
87.59125685691833,key_press,Key.space
87.8064956665039,key_press,'x'
87.91225051879883,key_press,'x'
88.05788588523865,key_press,Key.space
89.90793204307556,key_press,'x'
90.29348373413086,key_press,'x'
90.49314713478088,key_press,Key.backspace
90.6855161190033,key_press,'x'
90.82762384414673,key_press,'x'
91.06896758079529,key_press,'x'
91.41004967689514,key_press,'x'
91.55545473098755,key_press,'x'
91.73374247550964,key_press,'x'
91.9605598449707,key_press,Key.space
92.66782236099243,key_press,'x'
92.80944085121155,key_press,'x'
92.95657634735107,key_press,'x'
93.14793300628662,key_press,'x'
93.39159536361694,key_press,'x'
93.55687308311462,key_press,'x'
93.59946584701538,key_press,'x'
93.81311321258545,key_press,'x'
93.96062183380127,key_press,Key.space
94.98921918869019,key_press,'x'
95.13485598564148,key_press,'x'
96.75789165496826,key_press,'x'
96.9502010345459,key_press,'x'
97.0640618801117,key_press,'x'
97.38601994514465,key_press,'x'
97.58037948608398,key_press,'x'
97.71304225921631,key_press,'x'
97.80478811264038,key_press,'x'
97.96872544288635,key_press,Key.space
99.60821723937988,key_press,'x'
99.8063280582428,key_press,'x'
100.31983208656311,key_press,'x'
100.51693534851074,key_press,'x'
100.6564371585846,key_press,'x'
100.85063767433167,key_press,Key.space
102.25842237472534,key_press,'x'
102.49645471572876,key_press,'x'
102.8060564994812,key_press,'x'
103.74698376655579,key_press,'x'
103.91410231590271,key_press,'x'
104.05093336105347,key_press,'x'
104.21377229690552,key_press,'x'
104.45748496055603,key_press,Key.space
108.66736197471619,key_press,'x'
108.87139630317688,key_press,'x'
109.08271098136902,key_press,'x'
109.22811508178711,key_press,'x'
109.41033673286438,key_press,Key.space
109.99145913124084,key_press,'x'
110.1064441204071,key_press,'x'
110.25267839431763,key_press,'x'
110.46570611000061,key_press,'x'
110.68863725662231,key_press,Key.space
110.93895936012268,key_press,'x'
111.06995844841003,key_press,'x'
111.21499419212341,key_press,'x'
111.3422589302063,key_press,'x'
111.61888384819031,key_press,'x'
112.5059826374054,key_press,Key.space
112.80361747741699,key_press,'x'
112.91703867912292,key_press,'x'
113.13435792922974,key_press,'x'
113.70548939704895,key_press,'x'
113.84537816047668,key_press,'x'
114.00952696800232,key_press,'x'
114.16776609420776,key_press,'x'
114.40795373916626,key_press,Key.space
115.77479910850525,key_press,'x'
116.08609914779663,key_press,'x'
116.31354928016663,key_press,'x'
116.54109978675842,key_press,Key.space
117.20234560966492,key_press,'x'
117.28161859512329,key_press,'x'
117.49255895614624,key_press,'x'
117.65307831764221,key_press,'x'
118.05066347122192,key_press,'x'
118.23536372184753,key_press,Key.space
118.35054397583008,key_press,'x'
118.48530840873718,key_press,'x'
118.58974862098694,key_press,'x'
118.75142574310303,key_press,Key.space
123.25674080848694,key_press,'x'
123.55013656616211,key_press,'x'
124.3406331539154,key_press,'x'
124.51946711540222,key_press,'x'
124.76631379127502,key_press,'x'
124.95582222938538,key_press,'x'
125.16438913345337,key_press,Key.space
125.34835410118103,key_press,'x'
125.5210657119751,key_press,'x'
125.79765796661377,key_press,Key.space
126.09525346755981,key_press,'x'
126.25824904441833,key_press,'x'
126.59752345085144,key_press,'x'
126.80994081497192,key_press,'x'
127.06508183479309,key_press,'x'
127.43523526191711,key_press,'x'
127.55746126174927,key_press,'x'
127.76079893112183,key_press,Key.space
128.04800486564636,key_press,'x'
128.16269874572754,key_press,'x'
128.33966612815857,key_press,Key.space
128.98621249198914,key_press,'x'
129.16658926010132,key_press,'x'
129.53797054290771,key_press,'x'
129.7480616569519,key_press,'x'
129.93478178977966,key_press,'x'
130.10325288772583,key_press,'x'
130.13613963127136,key_press,'x'
130.39715147018433,key_press,'x'
130.5877661705017,key_press,Key.space
130.8344657421112,key_press,'x'
131.07910299301147,key_press,'x'
131.2887749671936,key_press,Key.space
132.0058994293213,key_press,'x'
132.20676469802856,key_press,'x'
132.36593317985535,key_press,Key.space
133.40338492393494,key_press,'x'
133.54301261901855,key_press,'x'
134.14188075065613,key_press,'x'
134.33787059783936,key_press,'x'
135.05482149124146,key_press,Key.backspace
135.30834698677063,key_press,'x'
135.34000420570374,key_press,'x'
135.50685787200928,key_press,'x'
136.07052779197693,key_press,'x'
136.45671129226685,key_press,'x'
136.63394570350647,key_press,'x'
136.82884860038757,key_press,'x'
137.02438235282898,key_press,'x'
137.18363332748413,key_press,'x'
137.5183846950531,key_press,'x'
137.76666951179504,key_press,Key.space
140.2660686969757,key_press,'x'
140.44380450248718,key_press,'x'
140.60249733924866,key_press,'x'
140.76642656326294,key_press,'x'
140.94820857048035,key_press,Key.space
144.3248679637909,key_press,'x'
144.55991435050964,key_press,'x'
144.74446535110474,key_press,'x'
144.9250922203064,key_press,'x'
145.12148332595825,key_press,Key.space
145.81122756004333,key_press,'x'
146.08881187438965,key_press,'x'
146.1875319480896,key_press,'x'
146.41048789024353,key_press,'x'
146.62242007255554,key_press,'x'
147.28247237205505,key_press,Key.backspace
147.4615662097931,key_press,Key.backspace
147.62496495246887,key_press,Key.backspace
147.79755330085754,key_press,Key.backspace
147.94984531402588,key_press,Key.backspace
148.08439660072327,key_press,Key.backspace
150.34527325630188,key_press,'x'
151.04003238677979,key_press,'x'
151.26529455184937,key_press,'x'
151.41152334213257,key_press,'x'
151.605397939682,key_press,'x'
151.76766991615295,key_press,'x'
152.00582361221313,key_press,Key.space
152.60719227790833,key_press,Key.ctrl_l
153.33402490615845,key_press,'\x03'
2.6318650245666504,key_press,'x'
2.879321813583374,key_press,'x'
3.054755449295044,key_press,'x'
3.7336883544921875,key_press,Key.space
3.888740301132202,key_press,'x'
4.002291440963745,key_press,'x'
4.10028600692749,key_press,Key.space
5.357131242752075,key_press,'x'
5.632965564727783,key_press,'x'
5.859025239944458,key_press,'x'
6.508737564086914,key_press,'x'
6.601968288421631,key_press,'x'
6.8164284229278564,key_press,'x'
7.134416103363037,key_press,'x'
7.26214861869812,key_press,'x'
7.42491340637207,key_press,Key.space
7.689002513885498,key_press,'x'
7.850496768951416,key_press,'x'
7.982066869735718,key_press,'x'
8.09894323348999,key_press,'x'
8.287946224212646,key_press,Key.space
10.791492938995361,key_press,'x'
10.833744764328003,key_press,'x'
11.053714275360107,key_press,'x'
11.202994585037231,key_press,'x'
11.685764789581299,key_press,Key.space
12.45070743560791,key_press,'x'
12.710986614227295,key_press,'x'
12.985068559646606,key_press,'x'
13.781288623809814,key_press,Key.backspace
13.956080913543701,key_press,Key.backspace
14.120124340057373,key_press,Key.backspace
14.266862869262695,key_press,'x'
14.471949100494385,key_press,'x'
14.941541910171509,key_press,'x'
15.186367750167847,key_press,'x'
15.399208784103394,key_press,'x'
15.58948826789856,key_press,'x'
15.786795616149902,key_press,Key.space
20.633917093276978,key_press,'x'
20.797946453094482,key_press,'x'
20.99280619621277,key_press,'x'
21.199872732162476,key_press,'x'
21.39781427383423,key_press,'x'
21.59079146385193,key_press,'x'
21.865827083587646,key_press,'x'
22.0454523563385,key_press,'x'
22.207781076431274,key_press,'x'
22.32402205467224,key_press,'x'
22.46809434890747,key_press,Key.space
22.87009596824646,key_press,'x'
23.13510227203369,key_press,'x'
23.281182527542114,key_press,'x'
23.57235074043274,key_press,'x'
23.703392505645752,key_press,'x'
23.88214349746704,key_press,'x'
24.06232237815857,key_press,'x'
24.283754110336304,key_press,Key.space
24.810584783554077,key_press,'x'
24.95763325691223,key_press,'x'
25.13460683822632,key_press,'x'
25.313565492630005,key_press,'x'
25.50597643852234,key_press,Key.space
26.515591382980347,key_press,'x'
26.725646257400513,key_press,'x'
26.8891179561615,key_press,'x'
27.099129676818848,key_press,Key.space
27.59955930709839,key_press,Key.backspace
27.76496458053589,key_press,Key.backspace
27.8952214717865,key_press,Key.backspace
28.121015071868896,key_press,'x'
28.310097455978394,key_press,'x'
28.489522457122803,key_press,Key.space
28.840560913085938,key_press,'x'
29.097642183303833,key_press,'x'
29.497808694839478,key_press,'x'
30.0204861164093,key_press,'x'
30.21433973312378,key_press,'x'
30.383930206298828,key_press,'x'
30.76581883430481,key_press,'x'
30.910908699035645,key_press,'x'
31.085814952850342,key_press,'x'
31.464072704315186,key_press,Key.backspace
31.607254028320312,key_press,Key.backspace
31.74997329711914,key_press,Key.backspace
32.412752866744995,key_press,'x'
32.63072681427002,key_press,'x'
32.984484910964966,key_press,'x'
33.262027978897095,key_press,'x'
33.38531708717346,key_press,'x'
33.54729676246643,key_press,'x'
33.8753399848938,key_press,'x'
34.181337118148804,key_press,'x'
34.42377853393555,key_press,Key.space
39.16809630393982,key_press,'x'
39.34444069862366,key_press,'x'
39.49083065986633,key_press,'x'
39.61972236633301,key_press,'x'
39.784674644470215,key_press,Key.space
40.05840802192688,key_press,'x'
40.30318760871887,key_press,'x'
40.49555516242981,key_press,'x'
40.62616515159607,key_press,'x'
40.855072021484375,key_press,Key.space
41.06120824813843,key_press,'x'
41.8383252620697,key_press,'x'
42.22868800163269,key_press,'x'
42.32685685157776,key_press,'x'
42.523897886276245,key_press,'x'
42.71400213241577,key_press,'x'
42.97187161445618,key_press,'x'
43.991522789001465,key_press,'x'
44.219247817993164,key_press,Key.space
44.40059518814087,key_press,'x'
44.62860059738159,key_press,'x'
45.00049042701721,key_press,'x'
45.244933128356934,key_press,'x'
45.408748626708984,key_press,Key.space
47.62468647956848,key_press,'x'
47.853572607040405,key_press,'x'
48.01591348648071,key_press,'x'
48.29336643218994,key_press,'x'
48.64398002624512,key_press,'x'
48.807268381118774,key_press,'x'
48.88838195800781,key_press,'x'
49.066986322402954,key_press,'x'
49.375283002853394,key_press,Key.space
49.405423164367676,key_press,Key.space
49.99854779243469,key_press,'x'
50.207754135131836,key_press,'x'
50.437233209609985,key_press,Key.space
51.062623262405396,key_press,'x'
51.32337307929993,key_press,'x'
51.518903493881226,key_press,'x'
51.70991039276123,key_press,'x'
51.82412910461426,key_press,'x'
52.015565633773804,key_press,Key.space
53.79793381690979,key_press,Key.backspace
53.945658922195435,key_press,Key.backspace
54.129905700683594,key_press,Key.backspace
54.299803256988525,key_press,Key.backspace
54.46402359008789,key_press,Key.backspace
54.578633308410645,key_press,Key.backspace
55.29979228973389,key_press,'x'
55.41043210029602,key_press,'x'
55.53676199913025,key_press,'x'
55.681082248687744,key_press,'x'
55.864447355270386,key_press,Key.space
56.235931634902954,key_press,'x'
56.43882179260254,key_press,'x'
56.691213846206665,key_press,'x'
56.95610451698303,key_press,'x'
57.11452627182007,key_press,Key.space
57.28219127655029,key_press,'x'
57.39384078979492,key_press,'x'
57.653181314468384,key_press,'x'
57.8398916721344,key_press,'x'
57.96743369102478,key_press,Key.space
60.80800819396973,key_press,'x'
60.95631170272827,key_press,'x'
61.13281559944153,key_press,'x'
61.26534819602966,key_press,'x'
61.45920205116272,key_press,'x'
61.590829610824585,key_press,Key.space
61.88901090621948,key_press,'x'
62.11728811264038,key_press,'x'
62.22956681251526,key_press,'x'
62.42770266532898,key_press,'x'
62.62346649169922,key_press,'x'
62.96006989479065,key_press,'x'
63.10663151741028,key_press,'x'
63.4808669090271,key_press,'x'
63.542073488235474,key_press,'x'
63.720685720443726,key_press,'x'
63.89319705963135,key_press,'x'
64.12232828140259,key_press,Key.space
69.6553750038147,key_press,'x'
69.85068106651306,key_press,'x'
69.98315167427063,key_press,'x'
70.15564036369324,key_press,Key.space
70.50387835502625,key_press,'x'
70.6829023361206,key_press,'x'
70.84303522109985,key_press,'x'
71.1022436618805,key_press,'x'
71.26152157783508,key_press,'x'
71.42425179481506,key_press,'x'
71.71875429153442,key_press,'x'
72.20323395729065,key_press,'x'
72.32948446273804,key_press,'x'
72.4942979812622,key_press,'x'
72.59276509284973,key_press,'x'
72.72336745262146,key_press,Key.space
73.29828882217407,key_press,Key.backspace
73.4685161113739,key_press,Key.backspace
73.62552785873413,key_press,Key.backspace
73.8154628276825,key_press,Key.backspace
73.98124480247498,key_press,Key.backspace
74.18233704566956,key_press,Key.backspace
74.30652403831482,key_press,Key.backspace
74.57765603065491,key_press,'x'
74.74104142189026,key_press,'x'
74.85811448097229,key_press,'x'
75.04776215553284,key_press,Key.space
75.44018268585205,key_press,'x'
75.60627388954163,key_press,'x'
75.99132418632507,key_press,'x'
76.1423454284668,key_press,'x'
76.26698422431946,key_press,'x'
76.43296813964844,key_press,Key.space
76.76537919044495,key_press,'x'
76.9562771320343,key_press,'x'
77.2478415966034,key_press,'x'
77.53054714202881,key_press,'x'
77.7210967540741,key_press,'x'
77.89623594284058,key_press,'x'
78.12389850616455,key_press,Key.space
79.0178325176239,key_press,'x'
79.21478271484375,key_press,Key.space
79.38669228553772,key_press,'x'
79.71179175376892,key_press,'x'
79.84775900840759,key_press,'x'
80.16445112228394,key_press,'x'
80.35741257667542,key_press,'x'
80.6819269657135,key_press,'x'
80.78068447113037,key_press,'x'
80.92427182197571,key_press,'x'
81.1025779247284,key_press,'x'
81.21658658981323,key_press,Key.space
91.22692942619324,mouse_move,"""1157,1103"""
91.23210978507996,mouse_move,"""1158,1104"""
91.23956489562988,mouse_move,"""1159,1106"""
91.2462100982666,mouse_move,"""1160,1107"""
91.25339841842651,mouse_move,"""1161,1109"""
91.26079106330872,mouse_move,"""1161,1109"""
91.26783466339111,mouse_move,"""1161,1111"""
91.27520966529846,mouse_move,"""1162,1112"""
91.2821683883667,mouse_move,"""1162,1112"""
91.28938293457031,mouse_move,"""1163,1114"""
91.29441785812378,mouse_move,"""1163,1115"""
91.29441785812378,mouse_move,"""1163,1115"""
91.30937623977661,mouse_move,"""1163,1116"""
91.30937623977661,mouse_move,"""1163,1118"""
91.32501792907715,mouse_move,"""1163,1118"""
91.32653665542603,mouse_move,"""1163,1119"""
91.34286522865295,mouse_move,"""1163,1120"""
91.35938549041748,mouse_move,"""1163,1120"""
91.37527060508728,mouse_move,"""1163,1121"""
91.37589931488037,mouse_move,"""1164,1121"""
91.37589931488037,mouse_move,"""1164,1122"""
91.39269042015076,mouse_move,"""1164,1123"""
91.40950632095337,mouse_move,"""1164,1124"""
91.40950632095337,mouse_move,"""1165,1124"""
91.4251754283905,mouse_move,"""1166,1126"""
91.42618799209595,mouse_move,"""1166,1126"""
91.44272041320801,mouse_move,"""1166,1126"""
91.44272041320801,mouse_move,"""1167,1127"""
91.46395707130432,mouse_move,"""1168,1127"""
91.47708082199097,mouse_move,"""1168,1127"""
91.50925183296204,mouse_move,"""1169,1128"""
91.50925183296204,mouse_move,"""1170,1128"""
91.52648830413818,mouse_move,"""1170,1128"""
91.52648830413818,key_press,'x'
91.62464833259583,key_press,'x'
91.76006531715393,key_press,'x'
91.91010236740112,key_press,'x'
92.07944583892822,key_press,Key.space
92.17685031890869,key_press,'x'
92.32257866859436,key_press,'x'
92.46710133552551,key_press,'x'
92.61246371269226,key_press,'x'
92.7241199016571,key_press,Key.space
94.1733148097992,key_press,'x'
94.25575137138367,key_press,'x'
94.5463855266571,key_press,'x'
94.60708689689636,key_press,'x'
94.77010154724121,key_press,'x'
94.89732909202576,key_press,'x'
95.04783582687378,key_press,'x'
95.20412254333496,key_press,Key.space
95.86513543128967,mouse_move,"""1170,1128"""
95.86513543128967,mouse_move,"""1170,1127"""
95.89015412330627,mouse_move,"""1170,1127"""
96.0917398929596,key_press,'x'
96.22183728218079,key_press,'x'
96.3968620300293,key_press,Key.space
96.99884724617004,mouse_move,"""1171,1127"""
97.01457929611206,mouse_move,"""1171,1127"""
97.01457929611206,mouse_move,"""1172,1127"""
97.04857420921326,mouse_move,"""1173,1127"""
97.05550599098206,mouse_move,"""1174,1127"""
97.06247210502625,mouse_move,"""1175,1127"""
97.06939435005188,mouse_move,"""1176,1127"""
97.07739472389221,mouse_move,"""1176,1127"""
97.09110379219055,mouse_move,"""1177,1128"""
97.09773564338684,mouse_move,"""1189,1128"""
97.10473895072937,mouse_move,"""1199,1128"""
97.10880613327026,key_press,'x'
97.51837944984436,key_press,'x'
97.69428586959839,key_press,'x'
97.8090386390686,key_press,'x'
97.94005179405212,key_press,'x'
98.13888144493103,key_press,Key.space
103.3822135925293,key_press,'x'
103.52606701850891,key_press,'x'
103.64678645133972,key_press,'x'
103.80305790901184,key_press,Key.space
103.9908561706543,key_press,'x'
104.13787961006165,key_press,'x'
104.30035853385925,key_press,'x'
104.31668782234192,key_press,'x'
104.50875544548035,key_press,'x'
104.55793285369873,key_press,Key.space
105.08643555641174,key_press,'x'
105.21241974830627,key_press,'x'
105.293372631073,key_press,'x'
106.49193167686462,mouse_move,"""1198,1130"""
106.49976348876953,mouse_move,"""1195,1131"""
107.96342134475708,key_press,'x'
108.5267686843872,key_press,Key.backspace
108.68634939193726,key_press,'x'
108.85157656669617,key_press,'x'
109.00951743125916,key_press,'x'
109.26851630210876,key_press,'x'
109.5166699886322,key_press,Key.space
132.46851468086243,key_press,'x'
132.8448348045349,key_press,'x'
132.98590850830078,key_press,'x'
133.11644411087036,key_press,Key.space
133.28336644172668,key_press,'x'
133.39732694625854,key_press,'x'
133.9209268093109,key_press,'x'
134.0840950012207,key_press,'x'
134.23361372947693,key_press,Key.space
134.4052495956421,key_press,'x'
134.58538389205933,key_press,'x'
134.65041399002075,key_press,Key.space
135.21634435653687,key_press,'x'
135.3570578098297,key_press,'x'
135.40824174880981,key_press,'x'
135.55082178115845,key_press,'x'
135.76066279411316,key_press,'x'
135.92322850227356,key_press,Key.space
137.88795614242554,key_press,'x'
138.0997052192688,key_press,'x'
138.19505381584167,key_press,'x'
138.35986042022705,key_press,'x'
138.55280232429504,key_press,'x'
140.18366146087646,key_press,'x'
140.29836320877075,key_press,'x'
140.4776258468628,key_press,'x'
140.62252926826477,key_press,'x'
140.84934043884277,key_press,Key.space
141.51862788200378,key_press,Key.ctrl_l
141.79260087013245,key_press,'\x03'
2.760960578918457,key_press,'x'
2.946964740753174,key_press,'x'
3.1754300594329834,key_press,Key.space
3.7748429775238037,key_press,'x'
3.9080612659454346,key_press,'x'
4.079107999801636,key_press,Key.space
4.966423511505127,key_press,'x'
5.174336671829224,key_press,'x'
5.321646690368652,key_press,'x'
5.504904508590698,key_press,Key.space
5.751524925231934,key_press,'x'
5.951758861541748,key_press,'x'
6.14261531829834,key_press,'x'
6.194157600402832,key_press,'x'
6.432275056838989,key_press,'x'
6.614673137664795,key_press,Key.space
7.857654333114624,key_press,'x'
7.874181270599365,key_press,'x'
7.938095331192017,key_press,'x'
8.14945936203003,key_press,'x'
8.313639163970947,key_press,'x'
8.576171159744263,key_press,'x'
8.7016282081604,key_press,'x'
8.782785892486572,key_press,'x'
8.91178035736084,key_press,'x'
9.042824506759644,key_press,'x'
9.16945481300354,key_press,Key.space
10.592580080032349,mouse_move,"""734,889"""
10.608019351959229,mouse_move,"""731,889"""
10.609294176101685,mouse_move,"""729,889"""
10.622156620025635,mouse_move,"""725,889"""
10.629274129867554,mouse_move,"""722,889"""
10.635785818099976,mouse_move,"""719,889"""
10.643783807754517,mouse_move,"""717,889"""
10.651195764541626,mouse_move,"""714,889"""
10.657901287078857,mouse_move,"""711,889"""
11.98397421836853,key_press,'x'
12.150277853012085,key_press,'x'
12.344958543777466,key_press,'x'
12.548588037490845,key_press,'x'
12.708165884017944,key_press,Key.space
13.13262128829956,key_press,'x'
13.304775476455688,key_press,'x'
13.465611457824707,key_press,'x'
13.612863540649414,key_press,'x'
13.633505582809448,key_press,'x'
13.790168523788452,key_press,Key.space
14.438562870025635,key_press,'x'
14.667775869369507,key_press,'x'
14.84224534034729,key_press,'x'
15.099879503250122,key_press,'x'
15.19581651687622,key_press,'x'
15.426053047180176,key_press,'x'
16.0433828830719,key_press,'x'
16.18584632873535,key_press,'x'
16.49457359313965,key_press,'x'
16.6873300075531,key_press,'x'
16.88329315185547,key_press,Key.space
18.77434015274048,key_press,Key.backspace
18.936872243881226,key_press,Key.backspace
19.052266836166382,key_press,Key.backspace
19.191347122192383,key_press,Key.backspace
19.32247018814087,key_press,Key.backspace
19.469537019729614,key_press,Key.backspace
20.29083228111267,mouse_move,"""711,889"""
20.306540489196777,mouse_move,"""710,889"""
20.306540489196777,mouse_move,"""709,889"""
20.32683777809143,mouse_move,"""709,889"""
20.33456063270569,mouse_move,"""708,889"""
20.355562686920166,mouse_move,"""707,888"""
20.36982297897339,mouse_move,"""706,888"""
20.376665353775024,mouse_move,"""706,888"""
20.391485929489136,mouse_move,"""705,888"""
20.398486375808716,mouse_move,"""704,887"""
20.40614914894104,mouse_move,"""704,887"""
20.420323133468628,mouse_move,"""703,887"""
20.427129983901978,mouse_move,"""702,887"""
20.44143557548523,mouse_move,"""702,887"""
20.448440313339233,mouse_move,"""702,887"""
20.463099718093872,mouse_move,"""701,887"""
20.470198392868042,mouse_move,"""700,886"""
20.484042167663574,mouse_move,"""699,886"""
20.51628565788269,mouse_move,"""699,885"""
20.51628565788269,mouse_move,"""699,884"""
20.533357858657837,mouse_move,"""699,884"""
20.54065775871277,mouse_move,"""700,884"""
20.548598289489746,mouse_move,"""701,884"""
20.553395986557007,key_press,'x'
20.75275945663452,key_press,'x'
20.965964794158936,key_press,'x'
21.346914291381836,key_press,'x'
21.477121829986572,key_press,'x'
21.656240701675415,key_press,'x'
21.80043935775757,key_press,'x'
21.962857484817505,key_press,'x'
22.625109434127808,key_press,'x'
22.76174306869507,key_press,'x'
22.966794967651367,key_press,Key.space
24.34564995765686,key_press,'x'
25.176241397857666,key_press,Key.backspace
25.31915783882141,key_press,'x'
25.450214862823486,key_press,'x'
25.547632455825806,key_press,'x'
25.738624334335327,key_press,Key.space
26.023212909698486,key_press,'x'
26.211654663085938,key_press,'x'
26.388752937316895,key_press,'x'
26.503756046295166,key_press,'x'
26.714345455169678,key_press,'x'
26.875699043273926,key_press,Key.space
27.309953451156616,key_press,'x'
27.556573629379272,key_press,'x'
27.767568349838257,key_press,Key.space
28.36060619354248,mouse_move,"""701,884"""
28.36060619354248,mouse_move,"""700,883"""
28.442566871643066,mouse_move,"""700,883"""
28.442566871643066,mouse_move,"""701,883"""
28.47502613067627,mouse_move,"""702,883"""
28.482468843460083,mouse_move,"""703,883"""
28.489655017852783,mouse_move,"""704,883"""
28.496607065200806,mouse_move,"""706,883"""
28.503923416137695,mouse_move,"""707,883"""
28.51047444343567,mouse_move,"""709,884"""
28.517356872558594,mouse_move,"""713,885"""
28.525068283081055,mouse_move,"""716,886"""
28.532313346862793,mouse_move,"""719,888"""
28.53894281387329,mouse_move,"""724,890"""
28.545401334762573,key_press,'x'
28.646287441253662,key_press,'x'
28.79113507270813,key_press,Key.space
30.288557052612305,key_press,'x'
30.529691696166992,key_press,'x'
30.95919108390808,key_press,'x'
31.100460290908813,key_press,'x'
31.239744186401367,key_press,'x'
31.58199977874756,key_press,'x'
31.82199454307556,key_press,'x'
32.03715682029724,key_press,Key.space
32.6067955493927,mouse_move,"""726,890"""
32.612799406051636,mouse_move,"""726,891"""
32.62041449546814,mouse_move,"""728,891"""
32.62698554992676,mouse_move,"""728,892"""
32.63415884971619,mouse_move,"""729,892"""
32.64138746261597,mouse_move,"""730,892"""
32.64839243888855,mouse_move,"""730,893"""
32.6549608707428,mouse_move,"""731,893"""
32.67016243934631,mouse_move,"""731,893"""
32.677164793014526,mouse_move,"""732,894"""
32.68373513221741,mouse_move,"""733,894"""
32.690345764160156,mouse_move,"""733,894"""
32.69835019111633,mouse_move,"""734,895"""
32.70541596412659,mouse_move,"""735,895"""
32.711649894714355,mouse_move,"""736,896"""
32.71816086769104,mouse_move,"""736,896"""
32.72594094276428,mouse_move,"""737,897"""
32.73940086364746,mouse_move,"""738,897"""
32.747013330459595,mouse_move,"""739,898"""
32.7541778087616,mouse_move,"""741,898"""
32.76079201698303,mouse_move,"""744,899"""
32.768526792526245,mouse_move,"""746,900"""
32.77534794807434,mouse_move,"""749,901"""
32.78251361846924,mouse_move,"""750,901"""
32.789395570755005,mouse_move,"""750,901"""
32.79639482498169,mouse_move,"""751,901"""
32.80388116836548,mouse_move,"""753,902"""
32.81118416786194,mouse_move,"""754,902"""
32.81745409965515,mouse_move,"""756,902"""
32.82494521141052,mouse_move,"""758,902"""
32.83137321472168,mouse_move,"""760,903"""
32.838584423065186,mouse_move,"""762,903"""
32.84595274925232,mouse_move,"""763,903"""
32.853166341781616,mouse_move,"""763,904"""
32.85972619056702,mouse_move,"""765,904"""
32.86708974838257,mouse_move,"""765,904"""
32.873945236206055,mouse_move,"""766,904"""
32.8883318901062,mouse_move,"""767,904"""
32.89508056640625,mouse_move,"""768,904"""
32.923534631729126,mouse_move,"""768,904"""
33.05938005447388,mouse_move,"""768,904"""
33.065295457839966,key_press,'x'
33.18469977378845,key_press,'x'
33.41978478431702,key_press,'x'
33.62239146232605,key_press,'x'
33.84717869758606,key_press,'x'
33.975300788879395,key_press,'x'
34.12061047554016,key_press,'x'
34.26706314086914,key_press,'x'
34.39414024353027,key_press,'x'
34.54235291481018,key_press,Key.space
41.30551838874817,key_press,'x'
41.547823429107666,key_press,'x'
41.71017670631409,key_press,'x'
42.00540471076965,key_press,'x'
42.14571952819824,key_press,'x'
42.27554965019226,key_press,'x'
42.43734121322632,key_press,'x'
42.649298906326294,key_press,Key.space
42.96355438232422,key_press,'x'
43.17445969581604,key_press,'x'
43.36652994155884,key_press,'x'
43.561405181884766,key_press,'x'
43.868948459625244,key_press,'x'
43.99638652801514,key_press,'x'
44.142624378204346,key_press,Key.space
50.65733098983765,key_press,'x'
51.04010987281799,key_press,'x'
51.176517486572266,key_press,'x'
51.27346849441528,key_press,'x'
51.48467016220093,key_press,Key.space
51.87034296989441,key_press,'x'
51.98206973075867,key_press,'x'
52.20084881782532,key_press,'x'
52.35707640647888,key_press,'x'
52.53742742538452,key_press,'x'
52.68025231361389,key_press,'x'
52.7188401222229,key_press,'x'
52.96140956878662,key_press,'x'
53.120999336242676,key_press,'x'
53.26328921318054,key_press,Key.space
54.66263294219971,key_press,'x'
54.85868716239929,key_press,'x'
55.26158165931702,key_press,'x'
55.48603129386902,key_press,'x'
55.55814480781555,key_press,'x'
55.77968621253967,key_press,'x'
56.02109956741333,key_press,'x'
56.238795042037964,key_press,Key.space
56.464930295944214,key_press,'x'
56.6102831363678,key_press,'x'
56.79210186004639,key_press,Key.space
57.21499705314636,key_press,'x'
57.346394538879395,key_press,'x'
57.51953482627869,key_press,'x'
57.61860680580139,key_press,'x'
57.751848459243774,key_press,'x'
58.361518144607544,key_press,'x'
58.621663093566895,key_press,'x'
58.81727480888367,key_press,'x'
58.91253733634949,key_press,'x'
59.151203632354736,key_press,Key.space
59.30355906486511,key_press,'x'
59.41799306869507,key_press,'x'
59.61166501045227,key_press,Key.space
63.41558241844177,key_press,'x'
63.51254487037659,key_press,'x'
63.69223666191101,key_press,'x'
63.70857548713684,key_press,'x'
64.25665473937988,key_press,Key.caps_lock
64.42433714866638,key_press,Key.space
66.76546144485474,key_press,'x'
67.79540061950684,key_press,'x'
68.14371514320374,key_press,'x'
68.48979449272156,key_press,'x'
69.10787320137024,key_press,'x'
69.2560670375824,key_press,'x'
69.5490243434906,key_press,'x'
69.58467626571655,key_press,'x'
71.42270278930664,key_press,'x'
71.70769596099854,key_press,'x'
71.82569861412048,key_press,'x'
72.08849835395813,key_press,Key.space
73.10278415679932,key_press,'x'
73.17887544631958,key_press,'x'
73.39388751983643,key_press,'x'
73.52849555015564,key_press,'x'
73.64599204063416,key_press,Key.space
83.93780612945557,key_press,'x'
84.12450575828552,key_press,'x'
84.27598309516907,key_press,'x'
84.46858215332031,key_press,'x'
84.6275053024292,key_press,Key.space
84.83777523040771,key_press,'x'
84.94471764564514,key_press,'x'
85.10792422294617,key_press,'x'
85.22766995429993,key_press,'x'
85.44255876541138,key_press,Key.space
85.6271071434021,key_press,'x'
85.78003787994385,key_press,'x'
85.88051462173462,key_press,Key.space
86.19105219841003,key_press,'x'
86.34799551963806,key_press,'x'
86.54289150238037,key_press,'x'
86.73200106620789,key_press,'x'
87.18773007392883,key_press,Key.backspace
87.29361701011658,key_press,'x'
87.43148422241211,key_press,'x'
87.61344337463379,key_press,'x'
87.82940626144409,key_press,'x'
87.98611450195312,key_press,'x'
88.21293306350708,key_press,'x'
88.43315029144287,key_press,'x'
88.64780879020691,key_press,Key.space
95.7317545413971,key_press,'x'
95.87800741195679,key_press,'x'
96.0141236782074,key_press,'x'
96.19632816314697,key_press,'x'
96.34698629379272,key_press,Key.space
96.54414558410645,key_press,'x'
96.68309688568115,key_press,'x'
96.78038740158081,key_press,'x'
96.88060879707336,key_press,'x'
97.2952938079834,key_press,'x'
97.39986610412598,key_press,'x'
97.49929928779602,key_press,Key.space
98.54200267791748,key_press,'x'
98.64927744865417,key_press,'x'
98.81433916091919,key_press,'x'
98.95050358772278,key_press,'x'
99.05126881599426,key_press,'x'
99.18407988548279,key_press,'x'
99.26919054985046,key_press,'x'
99.38482594490051,key_press,Key.space
100.61936211585999,key_press,'x'
100.89989829063416,key_press,'x'
101.05680775642395,key_press,Key.space
101.41349768638611,key_press,'x'
101.61768651008606,key_press,'x'
101.77267122268677,key_press,'x'
101.87234926223755,key_press,'x'
101.94232392311096,key_press,'x'
102.11145210266113,key_press,'x'
102.20511054992676,key_press,'x'
102.36280012130737,key_press,Key.space
102.8982322216034,key_press,'x'
103.0405695438385,key_press,Key.space
112.35163593292236,key_press,'x'
112.51897931098938,key_press,'x'
112.65728902816772,key_press,'x'
112.80368685722351,key_press,'x'
112.92125296592712,key_press,Key.space
113.7228307723999,key_press,'x'
113.824866771698,key_press,'x'
114.02309012413025,key_press,Key.space
115.90324139595032,key_press,'x'
116.00878930091858,key_press,'x'
116.20716547966003,key_press,'x'
116.30982255935669,key_press,'x'
116.459543466568,key_press,Key.space
117.06284666061401,key_press,'x'
117.34995436668396,key_press,'x'
117.46044373512268,key_press,'x'
117.823894739151,key_press,'x'
118.06085443496704,key_press,'x'
118.87661051750183,key_press,'x'
119.0153751373291,key_press,'x'
119.315176486969,key_press,'x'
119.49344801902771,key_press,'x'
119.69684100151062,key_press,Key.space
119.96297001838684,key_press,'x'
120.04968619346619,key_press,'x'
120.27946925163269,key_press,'x'
120.41529297828674,key_press,'x'
120.5986340045929,key_press,Key.space
120.73176097869873,key_press,'x'
120.90106081962585,key_press,'x'
121.03347325325012,key_press,'x'
121.16859865188599,key_press,Key.space
122.22798705101013,key_press,Key.backspace
122.37256622314453,key_press,Key.backspace
122.50209045410156,key_press,Key.backspace
122.63581013679504,key_press,Key.backspace
122.77786016464233,key_press,Key.backspace
122.91956400871277,key_press,Key.backspace
123.09946489334106,key_press,Key.backspace
123.21435260772705,key_press,Key.backspace
123.34059929847717,key_press,Key.backspace
123.90716910362244,key_press,'x'
123.9723448753357,key_press,'x'
124.41552901268005,key_press,'x'
124.54043769836426,key_press,'x'
124.68926429748535,key_press,Key.space
125.71299338340759,key_press,'x'
125.80803561210632,key_press,'x'
126.07316136360168,key_press,'x'
126.25790691375732,key_press,'x'
126.65145015716553,key_press,'x'
126.75913143157959,key_press,'x'
126.96046686172485,key_press,Key.space
128.62010788917542,key_press,'x'
128.811696767807,key_press,'x'
129.44702434539795,key_press,'x'
129.9880712032318,key_press,Key.down
130.00421166419983,key_press,'x'
130.18399381637573,key_press,Key.space
130.29877877235413,key_press,'x'
130.39910435676575,key_press,'x'
130.56428289413452,key_press,Key.space
131.156911611557,key_press,Key.backspace
131.38152170181274,key_press,Key.backspace
131.56230449676514,key_press,Key.backspace
132.9657928943634,key_press,'x'
133.18480348587036,key_press,'x'
133.3854763507843,key_press,'x'
133.48885869979858,key_press,'x'
133.68458724021912,key_press,Key.space
134.22962951660156,key_press,'x'
134.4835479259491,key_press,'x'
134.65050268173218,key_press,'x'
134.98534870147705,key_press,'x'
135.12468028068542,key_press,'x'
135.24020671844482,key_press,'x'
135.35754656791687,key_press,Key.space
141.93523812294006,key_press,'x'
142.08365392684937,key_press,'x'
142.1841390132904,key_press,'x'
142.41542863845825,key_press,'x'
142.63272762298584,key_press,Key.space
142.84937381744385,key_press,'x'
142.98731184005737,key_press,'x'
143.10307240486145,key_press,'x'
143.3500828742981,key_press,'x'
143.53509712219238,key_press,'x'
143.66688871383667,key_press,'x'
143.80302715301514,key_press,Key.space
144.40522003173828,key_press,'x'
144.65071082115173,key_press,'x'
144.9903120994568,key_press,'x'
145.15710020065308,key_press,'x'
145.5000548362732,key_press,'x'
145.5109429359436,key_press,'x'
145.6558554172516,key_press,'x'
145.755601644516,key_press,'x'
145.90429306030273,key_press,Key.space
147.00217700004578,key_press,Key.ctrl_l
147.25699663162231,key_press,'\x03'
1.4967055320739746,key_press,'x'
1.7209289073944092,key_press,'x'
1.9120690822601318,key_press,Key.space
2.0283827781677246,key_press,'x'
2.1287333965301514,key_press,'x'
2.1899209022521973,key_press,Key.space
5.937105417251587,key_press,'x'
6.050185918807983,key_press,'x'
6.148202180862427,key_press,'x'
6.310464143753052,key_press,Key.space
6.483955383300781,key_press,'x'
6.711621999740601,key_press,'x'
6.887823581695557,key_press,'x'
6.95043683052063,key_press,'x'
7.2084572315216064,key_press,'x'
7.368637561798096,key_press,Key.space
8.521475315093994,key_press,'x'
8.607630252838135,key_press,'x'
8.88154149055481,key_press,'x'
9.138362884521484,key_press,'x'
9.330790758132935,key_press,'x'
9.464709997177124,key_press,'x'
9.509556293487549,key_press,'x'
9.709694385528564,key_press,'x'
9.82403564453125,key_press,'x'
10.336511611938477,key_press,Key.backspace
10.464802980422974,key_press,Key.backspace
10.59414005279541,key_press,Key.backspace
12.474616289138794,key_press,Key.space
12.698431491851807,key_press,Key.space
13.515064477920532,key_press,Key.space
16.162446975708008,key_press,'x'
16.22714853286743,key_press,'x'
16.440075159072876,key_press,'x'
16.549269914627075,key_press,'x'
16.581535816192627,key_press,'x'
16.689486980438232,key_press,Key.space
17.233927965164185,key_press,'x'
17.430543184280396,key_press,'x'
17.59078311920166,key_press,'x'
17.6742582321167,key_press,'x'
17.882689476013184,key_press,'x'
17.99704623222351,key_press,Key.space
18.570037364959717,key_press,'x'
18.796833992004395,key_press,'x'
18.945855855941772,key_press,Key.space
20.347952604293823,key_press,'x'
20.54114603996277,key_press,'x'
20.750545740127563,key_press,'x'
20.8334858417511,key_press,'x'
21.020702362060547,key_press,Key.space
23.805643320083618,key_press,'x'
23.966500520706177,key_press,'x'
24.11200737953186,key_press,'x'
24.26017475128174,key_press,'x'
24.38951849937439,key_press,Key.space
24.419971466064453,key_press,Key.space
24.80380368232727,key_press,'x'
24.897867679595947,key_press,'x'
25.223114728927612,key_press,'x'
25.366716146469116,key_press,'x'
25.514336585998535,key_press,'x'
25.707841157913208,key_press,Key.space
26.13673162460327,key_press,'x'
26.28084683418274,key_press,'x'
26.409263372421265,key_press,Key.space
27.411861419677734,key_press,'x'
27.64381170272827,key_press,'x'
27.837658405303955,key_press,'x'
28.034337282180786,key_press,'x'
28.21029043197632,key_press,'x'
29.719260215759277,key_press,Key.backspace
29.880544662475586,key_press,Key.backspace
30.04412078857422,key_press,Key.backspace
30.209864139556885,key_press,Key.backspace
30.370927572250366,key_press,Key.backspace
30.71981406211853,mouse_move,"""671,726"""
30.735859870910645,mouse_move,"""671,725"""
30.735859870910645,mouse_move,"""671,724"""
30.752009868621826,mouse_move,"""671,724"""
30.756901025772095,mouse_move,"""671,723"""
30.756901025772095,mouse_move,"""671,721"""
30.77311944961548,mouse_move,"""670,720"""
30.77311944961548,mouse_move,"""669,718"""
30.787758588790894,mouse_move,"""668,717"""
30.790323495864868,mouse_move,"""668,716"""
30.790323495864868,mouse_move,"""666,715"""
30.805774211883545,mouse_move,"""665,713"""
30.8233962059021,mouse_move,"""664,712"""
30.837814807891846,mouse_move,"""664,712"""
30.839505672454834,mouse_move,"""664,712"""
30.839505672454834,mouse_move,"""663,712"""
30.857770204544067,mouse_move,"""663,712"""
30.873581647872925,mouse_move,"""662,712"""
32.45262861251831,key_press,'x'
32.66179943084717,key_press,'x'
32.75864243507385,key_press,'x'
33.04944467544556,key_press,'x'
33.40739846229553,key_press,'x'
33.656272172927856,key_press,'x'
33.799084424972534,key_press,'x'
33.86675405502319,key_press,'x'
34.107311487197876,key_press,'x'
34.169997692108154,key_press,'x'
34.33213567733765,key_press,Key.space
34.602518796920776,key_press,'x'
34.91163754463196,key_press,'x'
35.12107849121094,key_press,'x'
35.13757085800171,key_press,'x'
35.26789116859436,key_press,"""'"""
36.829994916915894,key_press,Key.enter
44.91009473800659,key_press,'x'
45.09223461151123,key_press,'x'
45.22042655944824,key_press,'x'
45.38474154472351,key_press,'x'
45.562511682510376,key_press,Key.space
45.60412383079529,key_press,Key.space
46.152032136917114,key_press,'x'
46.24459195137024,key_press,'x'
46.425934076309204,key_press,Key.space
51.11927652359009,key_press,'x'
51.313427448272705,key_press,'x'
51.49793982505798,key_press,'x'
51.61581492424011,key_press,'x'
51.788979053497314,key_press,'x'
51.99378275871277,key_press,'x'
52.071184396743774,key_press,'x'
52.245603799819946,key_press,Key.space
53.01163625717163,key_press,'x'
53.10643672943115,key_press,'x'
53.33996319770813,key_press,'x'
53.57616925239563,key_press,'x'
53.87308597564697,key_press,Key.space
55.34267258644104,key_press,'x'
55.448936223983765,key_press,'x'
55.63730502128601,key_press,'x'
55.747626304626465,key_press,'x'
55.92247295379639,key_press,Key.space
56.26372408866882,key_press,'x'
56.44364547729492,key_press,'x'
56.64358854293823,key_press,'x'
56.78138756752014,key_press,'x'
56.947723627090454,key_press,'x'
57.129096269607544,key_press,'x'
57.23025727272034,key_press,'x'
57.44477581977844,key_press,Key.space
60.607463359832764,key_press,'x'
60.653746604919434,key_press,'x'
60.92869758605957,key_press,'x'
61.29936408996582,key_press,Key.space
62.71353459358215,mouse_move,"""662,712"""
62.71353459358215,mouse_move,"""662,712"""
62.73126459121704,mouse_move,"""662,713"""
62.7388436794281,mouse_move,"""663,713"""
62.74548125267029,mouse_move,"""664,715"""
62.85503363609314,key_press,'x'
63.017144441604614,key_press,'x'
63.163705587387085,key_press,'x'
63.42045712471008,key_press,'x'
63.55345821380615,key_press,Key.space
64.7329785823822,key_press,'x'
64.88714385032654,key_press,'x'
65.09348726272583,key_press,'x'
65.20822143554688,key_press,'x'
65.4028091430664,key_press,Key.space
65.97479820251465,key_press,'x'
66.11635875701904,key_press,'x'
66.29124450683594,key_press,Key.space
66.87656569480896,mouse_move,"""664,715"""
66.89393091201782,mouse_move,"""664,715"""
66.92447543144226,mouse_move,"""664,714"""
66.94412088394165,mouse_move,"""665,714"""
66.95872354507446,mouse_move,"""665,714"""
66.97272539138794,mouse_move,"""666,713"""
67.00869679450989,mouse_move,"""667,713"""
67.58730745315552,key_press,'x'
67.74688529968262,key_press,'x'
67.87768769264221,key_press,'x'
68.67860746383667,key_press,'x'
68.79886770248413,key_press,'x'
68.92837119102478,key_press,Key.space
69.75271153450012,mouse_move,"""667,713"""
69.75271153450012,mouse_move,"""667,712"""
69.78685975074768,mouse_move,"""667,711"""
69.80880117416382,mouse_move,"""667,711"""
69.83404421806335,mouse_move,"""667,710"""
69.91054606437683,mouse_move,"""667,709"""
69.96495270729065,mouse_move,"""667,709"""
69.98102951049805,mouse_move,"""667,708"""
69.99348855018616,mouse_move,"""667,708"""
70.02215719223022,mouse_move,"""667,707"""
70.04388332366943,mouse_move,"""667,706"""
70.07997369766235,mouse_move,"""666,706"""
70.10220241546631,mouse_move,"""666,706"""
70.27763390541077,mouse_move,"""665,706"""
70.29299473762512,mouse_move,"""665,705"""
70.42238521575928,mouse_move,"""665,704"""
70.53694581985474,mouse_move,"""665,704"""
70.58131670951843,mouse_move,"""665,704"""
70.61304259300232,mouse_move,"""666,704"""
70.64499521255493,mouse_move,"""666,704"""
70.7098605632782,mouse_move,"""666,703"""
70.76594877243042,mouse_move,"""666,702"""
71.01099157333374,mouse_move,"""665,701"""
71.90889883041382,key_press,'x'
72.05971837043762,key_press,'x'
72.18752074241638,key_press,'x'
72.29637742042542,key_press,'x'
72.43187499046326,key_press,Key.space
72.68545746803284,key_press,'x'
72.80547380447388,key_press,'x'
72.9174268245697,key_press,Key.space
88.04786372184753,key_press,'x'
88.43979549407959,key_press,'x'
88.62685680389404,key_press,Key.space
89.3781156539917,key_press,'x'
89.51069235801697,key_press,'x'
89.62822699546814,key_press,'x'
89.79488897323608,key_press,Key.space
89.82857394218445,key_press,Key.space
89.97561573982239,key_press,'x'
90.30837535858154,key_press,'x'
90.43008661270142,key_press,'x'
90.4935188293457,key_press,Key.space
91.79379630088806,key_press,'x'
91.93867206573486,key_press,'x'
92.10393238067627,key_press,'x'
92.44143319129944,key_press,'x'
92.53958749771118,key_press,'x'
92.76611161231995,key_press,Key.space
93.3499047756195,key_press,Key.backspace
93.51221537590027,key_press,Key.backspace
93.6482355594635,key_press,'x'
93.79208564758301,key_press,Key.space
94.25884175300598,key_press,'x'
94.36604070663452,key_press,'x'
94.51367807388306,key_press,Key.space
94.85786056518555,key_press,'x'
95.41261506080627,key_press,'x'
95.57459163665771,key_press,'x'
95.71583771705627,key_press,'x'
96.04206705093384,key_press,'x'
96.23660039901733,key_press,'x'
96.31869888305664,key_press,'x'
96.48714447021484,key_press,'x'
96.59901905059814,key_press,Key.space
101.07644295692444,mouse_move,"""665,701"""
101.09296369552612,mouse_move,"""665,702"""
101.1068799495697,mouse_move,"""663,702"""
101.11278009414673,mouse_move,"""660,701"""
101.12045407295227,mouse_move,"""658,700"""
101.13294649124146,key_press,'x'
101.24278163909912,key_press,'x'
101.44995999336243,key_press,'x'
101.62509202957153,key_press,'x'
101.75525331497192,key_press,'x'
101.9023585319519,key_press,Key.space
102.110431432724,key_press,'x'
102.2640290260315,key_press,'x'
102.4202778339386,key_press,Key.space
103.17407774925232,key_press,'x'
103.31009149551392,key_press,'x'
103.45254778862,key_press,'x'
104.13116312026978,key_press,'x'
104.34097075462341,key_press,'x'
104.9317376613617,key_press,'x'
105.02185201644897,key_press,'x'
105.23302412033081,key_press,Key.space
105.34965419769287,key_press,'x'
105.48305296897888,key_press,'x'
105.64049792289734,key_press,Key.space
107.51796984672546,key_press,'x'
107.63169717788696,key_press,'x'
107.82757186889648,key_press,'x'
107.99024605751038,key_press,'x'
108.14642095565796,key_press,'x'
108.53662633895874,key_press,Key.space
108.67150020599365,key_press,Key.space
108.6820342540741,key_press,'x'
108.87006735801697,key_press,'x'
122.6097424030304,mouse_move,"""658,700"""
122.64069628715515,mouse_move,"""658,699"""
122.66518807411194,mouse_move,"""658,698"""
122.67285919189453,mouse_move,"""657,698"""
122.69420123100281,mouse_move,"""656,697"""
122.72447276115417,mouse_move,"""655,697"""
122.72867918014526,mouse_move,"""655,697"""
122.72867918014526,mouse_move,"""654,697"""
122.74527597427368,mouse_move,"""653,697"""
122.75136017799377,mouse_move,"""652,696"""
122.75831818580627,mouse_move,"""650,696"""
122.76568579673767,mouse_move,"""649,695"""
127.44809651374817,key_press,'x'
127.61124968528748,key_press,'x'
127.78672385215759,key_press,'x'
128.06293964385986,key_press,'x'
128.20894861221313,key_press,Key.space
128.51204705238342,key_press,'x'
128.78818464279175,key_press,Key.space
129.0213644504547,key_press,Key.caps_lock
129.24364614486694,key_press,Key.space
132.36548042297363,mouse_move,"""649,695"""
132.38080096244812,mouse_move,"""649,696"""
132.38080096244812,mouse_move,"""649,696"""
132.38080096244812,mouse_move,"""649,697"""
132.4154031276703,mouse_move,"""649,698"""
132.43705105781555,mouse_move,"""649,699"""
132.5086362361908,mouse_move,"""649,699"""
132.57461142539978,mouse_move,"""649,699"""
132.60672783851624,mouse_move,"""649,699"""
132.8519217967987,mouse_move,"""649,698"""
132.87150144577026,mouse_move,"""649,697"""
132.95871901512146,mouse_move,"""649,697"""
133.15562105178833,mouse_move,"""649,697"""
133.17158436775208,mouse_move,"""649,698"""
133.1780664920807,mouse_move,"""649,700"""
133.1921443939209,mouse_move,"""649,701"""
133.4600315093994,key_press,Key.shift
134.60021924972534,key_press,Key.cmd
134.8501353263855,key_press,'x'
136.68105053901672,key_press,Key.space
138.97403407096863,key_press,Key.ctrl_l
139.13887238502502,key_press,Key.ctrl_l
139.36130332946777,key_press,'\x03'
0.9578866958618164,mouse_move,"""673,751"""
0.9578866958618164,mouse_move,"""673,752"""
0.9752662181854248,mouse_move,"""673,753"""
0.9926083087921143,mouse_move,"""673,753"""
0.9930729866027832,mouse_move,"""673,754"""
0.9930729866027832,mouse_move,"""673,755"""
1.0094242095947266,mouse_move,"""673,755"""
1.0094242095947266,mouse_move,"""673,756"""
1.0257277488708496,mouse_move,"""672,757"""
1.0425152778625488,mouse_move,"""671,758"""
1.0425152778625488,mouse_move,"""671,758"""
1.0575401782989502,mouse_move,"""671,759"""
1.0588254928588867,mouse_move,"""670,759"""
1.0588254928588867,mouse_move,"""669,760"""
4.874312162399292,key_press,'x'
5.002630710601807,key_press,'x'
5.051177740097046,key_press,'x'
5.258953809738159,key_press,'x'
5.470515251159668,key_press,Key.space
5.9322075843811035,key_press,'x'
6.097033500671387,key_press,'x'
6.2574989795684814,key_press,'x'
6.306533336639404,key_press,'x'
6.498912334442139,key_press,'x'
6.581558704376221,key_press,'x'
6.6943182945251465,key_press,'x'
6.821954250335693,key_press,Key.space
8.290486574172974,key_press,'x'
8.502575397491455,key_press,'x'
8.663270711898804,key_press,'x'
8.840266466140747,key_press,'x'
9.056601762771606,key_press,Key.space
9.392524242401123,key_press,'x'
9.553621292114258,key_press,'x'
9.687218189239502,key_press,Key.space
9.944608211517334,key_press,'x'
10.074187755584717,key_press,'x'
10.170025825500488,key_press,'x'
10.388753175735474,key_press,Key.space
12.709619522094727,key_press,'x'
12.821340560913086,key_press,'x'
13.597152471542358,key_press,Key.backspace
13.741434097290039,key_press,Key.backspace
14.371402740478516,key_press,'x'
14.565727949142456,key_press,'x'
14.746336698532104,key_press,'x'
15.439352035522461,mouse_move,"""669,760"""
15.439352035522461,mouse_move,"""668,758"""
15.458198547363281,mouse_move,"""666,757"""
15.464503526687622,mouse_move,"""665,755"""
15.473276376724243,mouse_move,"""663,753"""
15.48073148727417,mouse_move,"""663,751"""
15.48677110671997,mouse_move,"""662,750"""
15.493842601776123,mouse_move,"""661,748"""
15.50090742111206,mouse_move,"""660,746"""
15.508254766464233,mouse_move,"""658,744"""
15.51457953453064,mouse_move,"""657,743"""
15.521853923797607,mouse_move,"""656,741"""
16.03180742263794,key_press,'x'
16.174657821655273,key_press,'x'
16.28090262413025,key_press,'x'
16.311722993850708,key_press,'x'
16.586990356445312,key_press,'x'
16.81431221961975,key_press,'x'
17.03949236869812,key_press,Key.space
17.20993995666504,key_press,'x'
17.30595898628235,key_press,'x'
17.63448143005371,key_press,'x'
17.800874948501587,key_press,'x'
17.8913152217865,key_press,'x'
18.035656690597534,key_press,Key.space
18.990715980529785,key_press,'x'
19.37712049484253,key_press,'x'
19.539490461349487,key_press,'x'
19.764979124069214,key_press,'x'
20.10656762123108,key_press,'x'
20.298676013946533,key_press,'x'
20.476531982421875,key_press,Key.space
23.632259845733643,key_press,'x'
23.729746341705322,key_press,'x'
23.8874351978302,key_press,Key.space
24.087799549102783,key_press,'x'
24.231334447860718,key_press,'x'
24.34290838241577,key_press,'x'
24.460086822509766,key_press,'x'
24.557594060897827,key_press,Key.space
25.621586322784424,key_press,'x'
25.709519386291504,key_press,'x'
25.883395671844482,key_press,Key.space
30.361553192138672,key_press,'x'
30.458299160003662,key_press,'x'
30.638056755065918,key_press,Key.space
30.865354537963867,key_press,'x'
31.0424907207489,key_press,'x'
31.170765161514282,key_press,'x'
31.38300323486328,key_press,'x'
31.54389786720276,key_press,Key.space
31.781144857406616,key_press,'x'
31.910436391830444,key_press,'x'
32.05588150024414,key_press,Key.space
33.5612895488739,key_press,'x'
33.71145033836365,key_press,'x'
34.06259250640869,key_press,'x'
34.2076575756073,key_press,'x'
34.41818833351135,key_press,Key.space
50.07738637924194,key_press,'x'
50.77456712722778,key_press,Key.backspace
50.933059215545654,key_press,Key.backspace
51.001020193099976,key_press,'x'
51.06341528892517,key_press,'x'
51.30671501159668,key_press,'x'
51.48360729217529,key_press,'x'
51.909934759140015,key_press,Key.backspace
52.115904331207275,key_press,'x'
52.245235204696655,key_press,'x'
52.35806441307068,key_press,Key.space
53.01689958572388,key_press,'x'
53.11619997024536,key_press,'x'
53.25680065155029,key_press,Key.space
53.432966232299805,key_press,'x'
53.56131410598755,key_press,'x'
53.65657448768616,key_press,'x'
53.800103187561035,key_press,'x'
53.92144250869751,key_press,Key.space
59.750988721847534,key_press,'x'
59.9432418346405,key_press,'x'
60.17141127586365,key_press,'x'
60.264609575271606,key_press,'x'
60.427266120910645,key_press,Key.space
60.84868860244751,key_press,'x'
60.98020601272583,key_press,'x'
61.23810935020447,key_press,'x'
61.413092613220215,key_press,'x'
61.59701108932495,key_press,'x'
61.69475054740906,key_press,'x'
61.80651354789734,key_press,'x'
61.95635414123535,key_press,'x'
62.084486961364746,key_press,'x'
62.19981622695923,key_press,Key.space
63.64523887634277,key_press,'x'
63.80546951293945,key_press,'x'
63.99925088882446,key_press,Key.space
64.66585445404053,key_press,'x'
64.85955619812012,key_press,'x'
65.12151622772217,key_press,'x'
65.28317666053772,key_press,'x'
65.58961296081543,key_press,'x'
65.74009394645691,key_press,'x'
65.92937922477722,key_press,Key.space
67.36508107185364,key_press,'x'
67.47669053077698,key_press,'x'
67.60845708847046,key_press,'x'
67.72220659255981,key_press,'x'
67.87052488327026,key_press,Key.space
69.27005767822266,key_press,'x'
69.36742830276489,key_press,'x'
69.46269607543945,key_press,'x'
69.73720693588257,key_press,'x'
69.88173365592957,key_press,Key.space
70.07699251174927,key_press,'x'
70.25547051429749,key_press,'x'
70.46412920951843,key_press,'x'
70.6309003829956,key_press,'x'
70.77107405662537,key_press,Key.space
73.25771951675415,key_press,'x'
73.42003393173218,key_press,'x'
73.62945866584778,key_press,Key.space
73.79867482185364,key_press,'x'
74.00635313987732,key_press,'x'
74.30092215538025,key_press,'x'
74.42913794517517,key_press,'x'
74.59560823440552,key_press,Key.space
75.01003193855286,key_press,'x'
75.1710000038147,key_press,'x'
75.49618196487427,key_press,Key.space
79.20635056495667,key_press,'x'
79.40720415115356,key_press,'x'
79.5991485118866,key_press,Key.space
79.72842240333557,key_press,'x'
80.11432027816772,key_press,'x'
80.33125877380371,key_press,'x'
80.37287712097168,key_press,'x'
80.66323328018188,key_press,'x'
80.80798268318176,key_press,'x'
81.11661171913147,key_press,'x'
81.3111264705658,key_press,'x'
81.53374433517456,key_press,'x'
81.71275281906128,key_press,Key.space
82.5382285118103,key_press,'x'
82.68503880500793,key_press,'x'
82.88024544715881,key_press,Key.space
84.08769464492798,key_press,'x'
84.43914604187012,key_press,'x'
85.1330235004425,key_press,'x'
85.25959658622742,key_press,'x'
85.37560319900513,key_press,'x'
85.68141341209412,key_press,'x'
85.98250007629395,key_press,'x'
86.03105401992798,key_press,Key.space
87.65409207344055,key_press,'x'
87.78725576400757,key_press,'x'
88.00800657272339,key_press,'x'
88.10411357879639,key_press,'x'
88.25565385818481,key_press,'x'
88.4334659576416,key_press,Key.space
92.39663982391357,key_press,'x'
92.53625273704529,key_press,'x'
92.61662197113037,key_press,'x'
92.7490496635437,key_press,'x'
92.93453192710876,key_press,Key.space
93.35118460655212,key_press,'x'
93.5809576511383,key_press,'x'
93.66083145141602,key_press,'x'
93.86928009986877,key_press,'x'
94.06590485572815,key_press,'x'
94.39330697059631,key_press,'x'
94.61719942092896,key_press,Key.space
95.1020176410675,key_press,'x'
95.33284664154053,key_press,'x'
95.47618675231934,key_press,'x'
95.65387773513794,key_press,'x'
95.76619052886963,key_press,'x'
95.8954586982727,key_press,Key.space
96.13146209716797,key_press,'x'
96.57273507118225,key_press,Key.backspace
96.68254518508911,key_press,'x'
96.8610577583313,key_press,'x'
97.15077996253967,key_press,'x'
97.31362676620483,key_press,'x'
97.4590950012207,key_press,'x'
97.61955881118774,key_press,'x'
97.72162675857544,key_press,'x'
97.87809133529663,key_press,Key.space
98.26162385940552,key_press,'x'
98.42378544807434,key_press,'x'
98.57150387763977,key_press,'x'
98.70710587501526,key_press,'x'
98.84514331817627,key_press,'x'
99.22318601608276,key_press,Key.backspace
99.36284136772156,key_press,Key.backspace
99.49937272071838,key_press,Key.backspace
99.6118996143341,key_press,Key.backspace
99.72358250617981,key_press,Key.backspace
99.96199107170105,key_press,'x'
100.13877201080322,key_press,'x'
100.31576704978943,key_press,'x'
100.44362449645996,key_press,'x'
100.57568335533142,key_press,'x'
100.91333293914795,key_press,'x'
101.04251408576965,key_press,'x'
101.22916793823242,key_press,Key.space
101.61177968978882,key_press,'x'
101.74517250061035,key_press,'x'
101.86158204078674,key_press,Key.space
102.78687787055969,mouse_move,"""656,740"""
102.82241320610046,mouse_move,"""656,740"""
102.83517479896545,mouse_move,"""655,740"""
102.85190486907959,mouse_move,"""654,739"""
102.86031603813171,mouse_move,"""654,738"""
102.86703395843506,mouse_move,"""653,737"""
102.88154554367065,mouse_move,"""653,737"""
102.88954448699951,mouse_move,"""652,736"""
102.8957531452179,mouse_move,"""651,735"""
102.90108013153076,mouse_move,"""651,735"""
102.90108013153076,mouse_move,"""650,734"""
102.91682696342468,mouse_move,"""649,733"""
102.91771650314331,mouse_move,"""649,732"""
102.93096804618835,mouse_move,"""647,732"""
102.93332028388977,mouse_move,"""645,731"""
102.93332028388977,mouse_move,"""645,730"""
102.94938802719116,mouse_move,"""643,729"""
102.94938802719116,mouse_move,"""642,729"""
102.96405839920044,mouse_move,"""640,728"""
102.96405839920044,mouse_move,"""639,727"""
102.98043370246887,mouse_move,"""637,725"""
102.98043370246887,mouse_move,"""636,725"""
102.98043370246887,mouse_move,"""635,724"""
102.99740552902222,mouse_move,"""634,723"""
103.01381063461304,mouse_move,"""634,722"""
103.77400398254395,mouse_move,"""634,722"""
103.79015064239502,mouse_move,"""633,722"""
104.17468929290771,mouse_move,"""633,722"""
104.564040184021,mouse_move,"""633,722"""
104.74446892738342,mouse_move,"""633,723"""
104.91121506690979,mouse_move,"""633,723"""
104.95951843261719,mouse_move,"""632,723"""
105.73132371902466,mouse_move,"""632,723"""
105.81267666816711,mouse_move,"""631,722"""
105.89942216873169,mouse_move,"""631,722"""
105.96398186683655,mouse_move,"""631,722"""
106.01911902427673,mouse_move,"""631,721"""
106.0825777053833,mouse_move,"""630,720"""
106.16906213760376,mouse_move,"""630,720"""
106.18665146827698,mouse_move,"""630,720"""
106.19944167137146,mouse_move,"""630,721"""
106.19944167137146,mouse_move,"""631,721"""
106.21568727493286,mouse_move,"""632,721"""
106.2223448753357,mouse_move,"""632,721"""
106.2294409275055,mouse_move,"""633,721"""
106.2437641620636,mouse_move,"""633,722"""
106.25020623207092,mouse_move,"""633,722"""
106.49440717697144,mouse_move,"""634,722"""
106.50601506233215,mouse_move,"""635,722"""
106.51372456550598,mouse_move,"""635,723"""
106.51994442939758,mouse_move,"""635,723"""
106.5279483795166,mouse_move,"""636,724"""
106.53491306304932,mouse_move,"""637,725"""
106.54150819778442,mouse_move,"""638,727"""
106.54907846450806,mouse_move,"""639,727"""
106.55624842643738,mouse_move,"""640,729"""
106.56329989433289,mouse_move,"""641,731"""
106.56951522827148,mouse_move,"""643,734"""
106.57753229141235,mouse_move,"""644,735"""
106.58395314216614,mouse_move,"""644,737"""
106.58880352973938,mouse_move,"""644,739"""
106.58880352973938,mouse_move,"""645,740"""
106.6031129360199,mouse_move,"""645,741"""
106.61930322647095,mouse_move,"""645,741"""
106.61930322647095,mouse_move,"""644,741"""
106.62752032279968,mouse_move,"""642,741"""
106.63796019554138,mouse_move,"""639,739"""
106.63796019554138,mouse_move,"""637,736"""
106.6546196937561,mouse_move,"""632,734"""
106.6546196937561,mouse_move,"""628,730"""
106.66937017440796,mouse_move,"""626,727"""
106.71734118461609,key_press,'x'
106.91125845909119,key_press,'x'
107.02851605415344,key_press,'x'
107.19253611564636,key_press,Key.space
107.57668972015381,key_press,'x'
107.69130659103394,key_press,'x'
107.80384564399719,key_press,'x'
107.9475634098053,key_press,'x'
108.03111147880554,key_press,Key.space
108.656667470932,mouse_move,"""626,726"""
108.67865800857544,mouse_move,"""626,726"""
108.81890511512756,mouse_move,"""626,725"""
108.9831326007843,mouse_move,"""626,725"""
108.99937224388123,mouse_move,"""626,725"""
108.99937224388123,mouse_move,"""627,726"""
109.01376080513,mouse_move,"""629,726"""
109.02070450782776,mouse_move,"""629,727"""
109.02726721763611,mouse_move,"""631,728"""
109.0352029800415,mouse_move,"""631,728"""
109.04219388961792,mouse_move,"""632,729"""
109.04934287071228,mouse_move,"""633,730"""
109.0566098690033,mouse_move,"""633,730"""
109.0637481212616,mouse_move,"""633,731"""
109.07711744308472,mouse_move,"""634,732"""
109.08482503890991,mouse_move,"""635,732"""
109.09193706512451,mouse_move,"""635,733"""
109.17225313186646,mouse_move,"""635,733"""
109.18878030776978,mouse_move,"""635,732"""
109.20594787597656,mouse_move,"""635,731"""
109.21308422088623,mouse_move,"""635,730"""
109.22009682655334,mouse_move,"""634,728"""
109.22444868087769,key_press,'x'
109.37012815475464,key_press,'x'
109.65724229812622,key_press,Key.space
109.80348896980286,key_press,Key.space
110.87866830825806,key_press,'x'
110.90726065635681,key_press,'x'
110.99345993995667,key_press,'x'
111.022296667099,key_press,'x'
111.11747813224792,key_press,'x'
111.13327050209045,key_press,'x'
111.4912097454071,key_press,Key.space
121.56580424308777,key_press,'x'
122.40047669410706,mouse_move,"""634,727"""
122.49087524414062,key_press,'x'
122.93669581413269,key_press,'x'
123.11401748657227,key_press,'x'
123.30845499038696,key_press,'x'
123.3279926776886,key_press,'x'
123.37845849990845,key_press,Key.space
123.62208271026611,key_press,'x'
123.63831663131714,key_press,'x'
123.81790018081665,key_press,'x'
124.04339265823364,key_press,'x'
124.12495636940002,key_press,'x'
124.20591425895691,key_press,'x'
124.27004814147949,key_press,'x'
124.31901526451111,key_press,'x'
124.35116291046143,key_press,'x'
124.58048892021179,key_press,'x'
124.80500555038452,key_press,'x'
125.11278009414673,key_press,'x'
125.13055491447449,key_press,'x'
125.28103685379028,key_press,Key.space
125.9828577041626,key_press,Key.backspace
126.14244484901428,key_press,Key.backspace
126.28886985778809,key_press,Key.backspace
126.45310664176941,key_press,Key.backspace
126.83972406387329,key_press,'x'
126.96536612510681,key_press,'x'
127.20830225944519,key_press,'x'
127.61140704154968,key_press,'x'
127.74937629699707,key_press,'x'
128.90967631340027,key_press,'x'
129.0584738254547,key_press,'x'
129.13311290740967,key_press,'x'
129.16499066352844,key_press,'x'
129.2129716873169,key_press,'x'
129.24448132514954,key_press,'x'
129.27609610557556,key_press,'x'
129.33944487571716,key_press,'x'
129.40319538116455,key_press,'x'
129.40319538116455,key_press,'x'
129.55450677871704,key_press,Key.space
131.32112431526184,key_press,Key.space
153.53304147720337,key_press,'x'
153.74137592315674,key_press,'x'
153.941743850708,key_press,'x'
154.15052151679993,key_press,'x'
154.22391867637634,key_press,'x'
154.38738489151,key_press,Key.space
154.87897109985352,key_press,Key.caps_lock
156.22019004821777,key_press,'x'
156.35637187957764,key_press,'x'
156.5052638053894,key_press,'x'
156.5352177619934,key_press,'x'
156.85066318511963,key_press,Key.space
157.89381527900696,key_press,'x'
158.05963921546936,key_press,'x'
158.16329908370972,key_press,'x'
158.3102867603302,key_press,'x'
158.4489095211029,key_press,Key.space
159.66686248779297,key_press,Key.backspace
159.81018137931824,key_press,Key.backspace
159.90811014175415,key_press,Key.backspace
160.0543975830078,key_press,Key.backspace
160.45120644569397,key_press,'x'
160.51837635040283,key_press,'x'
160.6142749786377,key_press,'x'
160.79894638061523,key_press,'x'
160.98783993721008,key_press,Key.space
161.43627381324768,key_press,'x'
161.59766745567322,key_press,'x'
161.781183719635,key_press,'x'
161.91556668281555,key_press,'x'
162.08184719085693,key_press,'x'
162.28017807006836,key_press,Key.space
162.9194929599762,key_press,'x'
163.15818905830383,key_press,'x'
163.77179145812988,key_press,Key.backspace
163.93499612808228,key_press,'x'
164.10002088546753,key_press,'x'
164.29049968719482,key_press,'x'
164.50140476226807,key_press,'x'
164.66970539093018,key_press,'x'
164.83594679832458,key_press,'x'
165.01909494400024,key_press,'x'
165.08914041519165,key_press,'x'
166.45340752601624,key_press,'x'
166.57307243347168,key_press,Key.backspace
166.71678733825684,key_press,Key.backspace
167.03538274765015,key_press,'x'
167.2070436477661,key_press,'x'
167.43808102607727,key_press,Key.space
167.70472955703735,key_press,'x'
167.89123487472534,key_press,'x'
167.91476893424988,key_press,'x'
169.42191290855408,key_press,Key.ctrl_l
171.93034839630127,key_press,'\x03'
2.5613560676574707,key_press,'x'
2.954357385635376,key_press,'x'
3.128007411956787,key_press,'x'
3.274385690689087,key_press,'x'
3.3103089332580566,key_press,'x'
3.3913028240203857,key_press,'x'
3.5053603649139404,key_press,Key.space
6.86656379699707,key_press,'x'
7.123856782913208,key_press,'x'
7.384272336959839,key_press,'x'
7.596145391464233,key_press,'x'
7.822753667831421,key_press,Key.space
8.716655731201172,key_press,'x'
8.781809091567993,key_press,'x'
8.884932041168213,key_press,'x'
9.153045654296875,key_press,Key.space
11.995147228240967,key_press,'x'
12.299231052398682,key_press,'x'
12.576843500137329,key_press,'x'
13.610157251358032,key_press,'x'
14.335878849029541,key_press,'x'
14.56469464302063,key_press,'x'
14.7782883644104,key_press,'x'
14.990188837051392,key_press,'x'
15.233757257461548,key_press,'x'
15.243355751037598,key_press,'x'
15.422770023345947,key_press,'x'
15.681764841079712,key_press,'x'
15.879792213439941,key_press,'x'
16.166301488876343,key_press,'x'
16.38015055656433,key_press,'x'
16.50729990005493,key_press,'x'
16.700178384780884,key_press,"','"
16.71644401550293,key_press,"','"
19.11864686012268,key_press,Key.f12
19.321770906448364,key_press,Key.f12
19.35592007637024,key_press,Key.f12
19.527570486068726,key_press,Key.f12
19.69356608390808,key_press,Key.f12
19.87227439880371,key_press,Key.f12
20.133460760116577,key_press,Key.f12
20.442537307739258,key_press,Key.backspace
20.642359256744385,key_press,Key.backspace
20.81431293487549,key_press,Key.backspace
20.988471508026123,key_press,Key.backspace
21.166477918624878,key_press,Key.backspace
21.34621572494507,key_press,Key.backspace
21.768914461135864,key_press,'x'
22.114623546600342,key_press,'x'
22.271080493927002,key_press,'x'
22.308439016342163,key_press,'x'
22.41507887840271,key_press,'x'
22.428290843963623,key_press,'x'
22.462096452713013,key_press,'x'
22.574907779693604,key_press,'x'
22.721779108047485,key_press,'x'
22.80371880531311,key_press,'x'
22.819862365722656,key_press,'x'
23.176501274108887,key_press,'x'
23.528669834136963,key_press,'x'
23.92119526863098,key_press,'x'
24.21864938735962,key_press,'x'
24.501887798309326,key_press,'x'
24.823963403701782,key_press,'x'
25.069128036499023,key_press,'x'
25.311366081237793,key_press,'x'
25.632344484329224,key_press,'x'
25.87557315826416,key_press,'x'
26.05026888847351,key_press,'x'
26.054298639297485,key_press,'x'
26.26500368118286,key_press,Key.space
27.21406078338623,key_press,'x'
27.452817678451538,key_press,'x'
27.499269485473633,key_press,'x'
27.531851291656494,key_press,'x'
27.536752700805664,key_press,'x'
27.69402265548706,key_press,'x'
27.954394578933716,key_press,'x'
28.135138273239136,key_press,'x'
28.360555171966553,key_press,'x'
28.39452624320984,key_press,'x'
28.649461030960083,key_press,'x'
28.796539545059204,key_press,'x'
28.82900309562683,key_press,'x'
29.068713188171387,key_press,'x'
29.2568359375,key_press,'x'
29.50464177131653,key_press,Key.space
30.028146266937256,key_press,Key.space
32.78015995025635,key_press,'x'
32.959754943847656,key_press,'x'
32.980873346328735,key_press,'x'
33.10312294960022,key_press,'x'
33.25055003166199,key_press,'x'
33.25980281829834,key_press,'x'
33.70116662979126,key_press,'x'
33.942333459854126,key_press,'x'
33.942333459854126,key_press,'x'
34.294450521469116,key_press,'x'
34.540409564971924,key_press,'x'
34.769598722457886,key_press,Key.space
35.02448058128357,key_press,'x'
35.26901340484619,key_press,'x'
35.39704656600952,key_press,'x'
35.70570921897888,key_press,'x'
35.97952175140381,key_press,'x'
36.012386322021484,key_press,'x'
36.20719814300537,key_press,'x'
36.39289355278015,key_press,'x'
36.578389406204224,key_press,'x'
36.78926420211792,key_press,'x'
36.8219313621521,key_press,'x'
37.015098571777344,key_press,'x'
37.21755909919739,key_press,'x'
37.44166398048401,key_press,'x'
37.48436522483826,key_press,'x'
37.77461004257202,key_press,Key.space
37.901376485824585,key_press,'x'
39.48543977737427,key_press,Key.backspace
39.518173933029175,key_press,Key.backspace
39.74601936340332,key_press,Key.backspace
39.98718333244324,key_press,Key.backspace
40.21633005142212,key_press,Key.backspace
40.456369400024414,key_press,Key.backspace
40.69402265548706,key_press,Key.backspace
40.925482988357544,key_press,Key.backspace
41.13331913948059,key_press,Key.backspace
41.345722913742065,key_press,'x'
41.345722913742065,key_press,'x'
41.45976161956787,key_press,'x'
41.54047107696533,key_press,'x'
41.572744846343994,key_press,'x'
41.572744846343994,key_press,'x'
41.97854256629944,key_press,'x'
42.219873905181885,key_press,'x'
42.5227255821228,key_press,'x'
42.7349750995636,key_press,'x'
42.9279260635376,key_press,'x'
43.1405029296875,key_press,Key.space
43.610020875930786,key_press,'x'
43.759236335754395,key_press,'x'
43.95181679725647,key_press,'x'
44.126105546951294,key_press,'x'
44.141968727111816,key_press,'x'
44.32274866104126,key_press,Key.space
44.65432548522949,key_press,'x'
44.9289116859436,key_press,'x'
45.141587018966675,key_press,'x'
45.17841291427612,key_press,'x'
45.38224935531616,key_press,'x'
45.57969617843628,key_press,'x'
45.59204864501953,key_press,'x'
45.75443744659424,key_press,'x'
46.07831931114197,key_press,Key.space
46.28015875816345,key_press,'x'
46.29245567321777,key_press,'x'
46.55262112617493,key_press,'x'
46.71443462371826,key_press,'x'
46.90731620788574,key_press,'x'
46.923460960388184,key_press,'x'
47.622411489486694,key_press,'x'
47.84755849838257,key_press,Key.space
48.41827082633972,key_press,Key.space
54.92524456977844,key_press,'x'
55.44158363342285,key_press,'x'
55.45786905288696,key_press,'x'
55.73434615135193,key_press,'x'
56.062599420547485,key_press,'x'
56.07614827156067,key_press,'x'
56.33623480796814,key_press,'x'
56.64193344116211,key_press,'x'
56.93976378440857,key_press,'x'
57.46590876579285,key_press,Key.enter
71.65819811820984,key_press,'x'
71.67773532867432,key_press,'x'
71.78039622306824,key_press,'x'
72.12719345092773,key_press,'x'
72.43857264518738,key_press,'x'
72.64158415794373,key_press,Key.space
72.97823166847229,key_press,'x'
73.17181372642517,key_press,Key.backspace
73.2212781906128,key_press,'x'
73.30329751968384,key_press,'x'
73.40015888214111,key_press,'x'
73.48917198181152,key_press,'x'
73.49986720085144,key_press,'x'
73.54610395431519,key_press,'x'
73.59458637237549,key_press,'x'
73.61285471916199,key_press,'x'
73.70976638793945,key_press,'x'
73.85386443138123,key_press,Key.space
74.36477613449097,key_press,'x'
74.4134874343872,key_press,'x'
74.55397891998291,key_press,'x'
74.57215476036072,key_press,'x'
74.65581321716309,key_press,'x'
74.66647553443909,key_press,'x'
74.84549403190613,key_press,'x'
75.05598521232605,key_press,'x'
75.23581194877625,key_press,'x'
75.42902183532715,key_press,'x'
75.59254312515259,key_press,'x'
75.89846301078796,key_press,'x'
76.06083655357361,key_press,'x'
76.30387496948242,key_press,Key.space
76.55496454238892,key_press,'x'
76.57069754600525,key_press,'x'
76.63591408729553,key_press,'x'
76.65418982505798,key_press,'x'
76.71750497817993,key_press,'x'
76.81491565704346,key_press,'x'
77.0739233493805,key_press,'x'
77.36787009239197,key_press,'x'
77.62371611595154,key_press,'x'
77.83395838737488,key_press,'x'
78.06032085418701,key_press,'x'
78.33722400665283,key_press,'x'
78.52881646156311,key_press,'x'
78.73965716362,key_press,'x'
78.7718334197998,key_press,Key.space
78.92754173278809,key_press,'x'
79.18679428100586,key_press,'x'
79.31874656677246,key_press,'x'
79.50874257087708,key_press,Key.backspace
79.69214749336243,key_press,Key.backspace
79.88269686698914,key_press,Key.backspace
80.06184840202332,key_press,Key.backspace
80.30811047554016,key_press,'x'
80.48133301734924,key_press,'x'
80.627845287323,key_press,'x'
80.79036021232605,key_press,'x'
80.93367028236389,key_press,'x'
81.16656541824341,key_press,'x'
81.3796615600586,key_press,'x'
81.54914164543152,key_press,Key.space
82.13536882400513,key_press,'x'
82.31238794326782,key_press,'x'
82.50575661659241,key_press,'x'
82.50575661659241,key_press,'x'
82.6428816318512,key_press,'x'
82.81600737571716,key_press,'x'
82.83588218688965,key_press,'x'
82.9800271987915,key_press,'x'
83.14005994796753,key_press,'x'
83.28549456596375,key_press,'x'
83.28549456596375,key_press,'x'
83.45129871368408,key_press,'x'
83.5766294002533,key_press,'x'
83.75393676757812,key_press,Key.space
84.16508269309998,key_press,'x'
84.33001518249512,key_press,'x'
84.56820321083069,key_press,'x'
84.71832847595215,key_press,'x'
84.95520997047424,key_press,'x'
85.18188071250916,key_press,'x'
85.38718056678772,key_press,'x'
85.3910882472992,key_press,'x'
85.76625990867615,key_press,'x'
86.02371144294739,key_press,'x'
86.20890045166016,key_press,'x'
86.47508716583252,key_press,'x'
86.68877673149109,key_press,'x'
86.99421453475952,key_press,'x'
87.69316029548645,key_press,'x'
87.70492482185364,key_press,'x'
87.93578696250916,key_press,'x'
88.35481667518616,key_press,Key.space
96.06849193572998,key_press,Key.space
96.35083389282227,key_press,'x'
96.61132717132568,key_press,'x'
96.85510540008545,key_press,'x'
97.11643767356873,key_press,'x'
97.14623928070068,key_press,'x'
97.3554437160492,key_press,'x'
97.57013201713562,key_press,'x'
98.06823348999023,key_press,'x'
99.11922311782837,key_press,Key.backspace
99.31694054603577,key_press,Key.backspace
99.5935869216919,key_press,'x'
99.81308507919312,key_press,'x'
100.15245795249939,key_press,'x'
100.3958113193512,key_press,'x'
100.6917769908905,key_press,'x'
100.96234631538391,key_press,'x'
101.25695824623108,key_press,'x'
101.5779058933258,key_press,Key.space
101.9500379562378,key_press,'x'
101.98170948028564,key_press,'x'
102.18228316307068,key_press,'x'
102.3875162601471,key_press,'x'
102.62660098075867,key_press,Key.space
102.8871545791626,key_press,'x'
103.14370155334473,key_press,'x'
103.39678525924683,key_press,'x'
103.59187936782837,key_press,'x'
103.62405300140381,key_press,'x'
103.83323526382446,key_press,'x'
103.83323526382446,key_press,'x'
104.01075434684753,key_press,Key.space
104.30748438835144,key_press,'x'
104.52691435813904,key_press,'x'
104.73351120948792,key_press,'x'
104.96149325370789,key_press,'x'
105.16935873031616,key_press,'x'
105.18503046035767,key_press,'x'
105.49357056617737,key_press,'x'
105.78570508956909,key_press,'x'
106.04498624801636,key_press,'x'
106.35422086715698,key_press,'x'
106.6938624382019,key_press,'x'
106.98383593559265,key_press,'x'
107.30548691749573,key_press,'x'
107.5183424949646,key_press,Key.space
109.15718507766724,key_press,'x'
109.45170068740845,key_press,'x'
109.80993413925171,key_press,'x'
110.13516283035278,key_press,'x'
110.1714117527008,key_press,'x'
110.49642491340637,key_press,'x'
110.87615466117859,key_press,'x'
111.23530268669128,key_press,'x'
111.53872585296631,key_press,'x'
111.91285133361816,key_press,Key.space
112.26865983009338,key_press,Key.space
118.98255109786987,key_press,Key.ctrl_l
119.44749736785889,key_press,'\x03'
3.3724403381347656,key_press,'x'
3.5264456272125244,key_press,'x'
3.8707761764526367,key_press,Key.space
4.101896286010742,key_press,'x'
4.2228381633758545,key_press,'x'
4.417187690734863,key_press,Key.space
4.8970046043396,key_press,'x'
5.3596274852752686,key_press,Key.backspace
5.5623695850372314,key_press,'x'
5.726172685623169,key_press,'x'
5.838528394699097,key_press,'x'
6.269884824752808,key_press,Key.space
6.453962326049805,key_press,'x'
6.869276523590088,key_press,'x'
7.046876907348633,key_press,'x'
7.1439783573150635,key_press,'x'
7.355838775634766,key_press,'x'
7.530356407165527,key_press,Key.space
7.969179391860962,key_press,'x'
8.127304315567017,key_press,'x'
8.360353708267212,key_press,'x'
8.517698526382446,key_press,'x'
8.703700304031372,key_press,'x'
8.835199117660522,key_press,'x'
8.927917003631592,key_press,'x'
9.107033014297485,key_press,'x'
9.217472791671753,key_press,'x'
9.362991571426392,key_press,Key.space
9.382964134216309,key_press,Key.space
10.071552991867065,key_press,'x'
10.20029067993164,key_press,'x'
10.378463745117188,key_press,'x'
10.50624418258667,key_press,'x'
10.649367570877075,key_press,'x'
10.769734382629395,key_press,'x'
10.904783487319946,key_press,'x'
11.08989143371582,key_press,Key.space
19.12767720222473,key_press,'x'
19.481703996658325,key_press,'x'
19.685924530029297,key_press,'x'
19.834515810012817,key_press,'x'
20.044812440872192,key_press,Key.space
20.850882291793823,key_press,'x'
21.0780131816864,key_press,'x'
21.582154989242554,key_press,'x'
21.867494106292725,key_press,'x'
22.296791315078735,key_press,'x'
22.424185514450073,key_press,'x'
22.750207662582397,key_press,Key.space
22.77245259284973,key_press,Key.space
23.292171478271484,key_press,'x'
23.466411352157593,key_press,'x'
23.752608060836792,key_press,Key.space
24.302626371383667,key_press,'x'
24.541261672973633,key_press,'x'
24.778320789337158,key_press,'x'
24.794145107269287,key_press,'x'
25.183638095855713,key_press,'x'
25.49698829650879,key_press,'x'
25.718997478485107,key_press,Key.space
25.747190475463867,key_press,Key.space
26.61341404914856,key_press,'x'
26.876955270767212,key_press,'x'
27.1221981048584,key_press,'x'
27.340028762817383,key_press,Key.space
27.57102918624878,key_press,'x'
27.73636794090271,key_press,'x'
28.04314398765564,key_press,'x'
28.561877012252808,key_press,'x'
29.016032934188843,key_press,'x'
29.33486795425415,key_press,'x'
29.612448692321777,key_press,'x'
29.738354682922363,key_press,'x'
30.531723022460938,key_press,'x'
30.711309909820557,key_press,'x'
30.82178544998169,key_press,'x'
30.997957706451416,key_press,Key.space
36.08363366127014,key_press,'x'
36.22974944114685,key_press,'x'
36.53227162361145,key_press,'x'
36.70959711074829,key_press,'x'
36.9188756942749,key_press,'x'
37.145827531814575,key_press,Key.space
37.17012357711792,key_press,Key.space
37.63853359222412,key_press,'x'
37.893523931503296,key_press,'x'
38.260109663009644,key_press,'x'
38.530818700790405,key_press,'x'
38.69265031814575,key_press,'x'
39.09831380844116,key_press,'x'
39.65727519989014,key_press,'x'
39.93236804008484,key_press,Key.space
40.46457314491272,key_press,'x'
40.63951015472412,key_press,'x'
40.930715799331665,key_press,'x'
41.17699456214905,key_press,'x'
41.62086462974548,key_press,'x'
41.65337419509888,key_press,'x'
41.78270173072815,key_press,'x'
42.17025566101074,key_press,'x'
42.45458221435547,key_press,'x'
42.64558029174805,key_press,'x'
43.13463377952576,key_press,Key.space
47.17101240158081,key_press,'x'
47.442387104034424,key_press,'x'
47.730026721954346,key_press,'x'
47.94874978065491,key_press,'x'
48.158451318740845,key_press,Key.space
48.54443168640137,key_press,'x'
48.764657497406006,key_press,'x'
48.97253751754761,key_press,'x'
49.134296894073486,key_press,'x'
49.389790296554565,key_press,Key.space
49.40691137313843,key_press,Key.space
49.768527030944824,key_press,'x'
49.92784094810486,key_press,'x'
50.08169484138489,key_press,Key.space
50.37303853034973,key_press,'x'
50.591015577316284,key_press,'x'
50.81369471549988,key_press,'x'
51.098230838775635,key_press,'x'
51.34773254394531,key_press,'x'
51.600472927093506,key_press,'x'
52.16297650337219,key_press,'x'
52.3510947227478,key_press,'x'
52.62055730819702,key_press,'x'
52.65216040611267,key_press,'x'
52.89385366439819,key_press,'x'
53.12134575843811,key_press,Key.space
55.36507487297058,key_press,'x'
55.554054260253906,key_press,'x'
55.72755265235901,key_press,'x'
55.90817332267761,key_press,'x'
56.098291873931885,key_press,Key.space
56.59883141517639,key_press,'x'
56.78072643280029,key_press,'x'
57.08147692680359,key_press,'x'
58.28566765785217,key_press,'x'
58.94775676727295,key_press,'x'
59.216959953308105,key_press,Key.space
59.66172790527344,key_press,'x'
59.79621982574463,key_press,'x'
60.017876625061035,key_press,Key.space
60.04155135154724,key_press,Key.space
60.54704689979553,key_press,'x'
60.747334718704224,key_press,'x'
60.96905755996704,key_press,'x'
61.157310009002686,key_press,'x'
61.34513235092163,key_press,'x'
61.471574544906616,key_press,'x'
61.709161043167114,key_press,Key.space
63.41947340965271,key_press,'x'
63.896711349487305,key_press,'x'
64.08679628372192,key_press,'x'
64.22910904884338,key_press,'x'
64.30801749229431,key_press,'x'
64.55492854118347,key_press,Key.space
67.29096913337708,key_press,'x'
67.46435022354126,key_press,'x'
67.67069554328918,key_press,'x'
67.86717510223389,key_press,'x'
67.99356842041016,key_press,Key.space
68.40264081954956,key_press,'x'
68.51279711723328,key_press,'x'
68.7160313129425,key_press,Key.space
68.91281771659851,key_press,'x'
69.37047100067139,key_press,'x'
69.53018450737,key_press,'x'
69.71068835258484,key_press,'x'
69.83860731124878,key_press,'x'
70.01255011558533,key_press,Key.space
77.07289457321167,key_press,'x'
77.41337323188782,key_press,'x'
77.60128903388977,key_press,'x'
77.79456210136414,key_press,'x'
78.33359384536743,key_press,'x'
78.45553708076477,key_press,'x'
78.70428276062012,key_press,'x'
78.9581515789032,key_press,'x'
79.22358012199402,key_press,Key.space
80.07638216018677,key_press,'x'
80.25196552276611,key_press,'x'
80.43776607513428,key_press,'x'
80.56361317634583,key_press,'x'
80.69288992881775,key_press,'x'
80.87043285369873,key_press,'x'
81.01456356048584,key_press,'x'
81.1935772895813,key_press,Key.space
81.23937010765076,key_press,Key.space
81.97214698791504,key_press,'x'
82.14729070663452,key_press,'x'
82.36543679237366,key_press,'x'
82.61841225624084,key_press,'x'
82.76160526275635,key_press,'x'
82.8682632446289,key_press,'x'
83.40563154220581,key_press,'x'
83.61143183708191,key_press,'x'
83.75513887405396,key_press,'x'
83.90897750854492,key_press,'x'
84.04514598846436,key_press,'x'
84.27292895317078,key_press,'x'
84.55313444137573,key_press,'x'
85.32587027549744,key_press,Key.space
96.19694995880127,key_press,'x'
97.34885692596436,key_press,Key.backspace
98.18041753768921,key_press,Key.backspace
98.32417321205139,key_press,Key.backspace
98.62010765075684,key_press,'x'
98.77913427352905,key_press,'x'
98.95919871330261,key_press,'x'
99.19918155670166,key_press,'x'
99.61274242401123,key_press,Key.space
100.3025758266449,key_press,'x'
100.49178457260132,key_press,'x'
100.77361392974854,key_press,'x'
100.91665720939636,key_press,'x'
101.13805961608887,key_press,'x'
101.27274751663208,key_press,'x'
101.43171191215515,key_press,'x'
101.62207126617432,key_press,Key.space
102.2886312007904,mouse_move,"""1010,1044"""
102.32009410858154,mouse_move,"""1010,1044"""
102.33699679374695,mouse_move,"""1010,1043"""
102.36954379081726,mouse_move,"""1010,1042"""
102.7435314655304,key_press,'x'
102.917884349823,key_press,'x'
103.02807807922363,key_press,Key.space
104.95563793182373,key_press,'x'
105.11374068260193,key_press,'x'
105.14520525932312,key_press,Key.space
105.37148976325989,key_press,'x'
105.56893420219421,key_press,'x'
105.9467945098877,key_press,'x'
106.13534808158875,key_press,'x'
106.76517391204834,key_press,'x'
107.00286889076233,key_press,Key.space
107.24987316131592,key_press,'x'
107.48921585083008,key_press,'x'
107.6571593284607,key_press,'x'
107.83233571052551,key_press,'x'
108.02347445487976,key_press,Key.space
108.61304807662964,mouse_move,"""1010,1041"""
108.62852787971497,mouse_move,"""1010,1041"""
108.63085770606995,mouse_move,"""1010,1040"""
108.64616394042969,mouse_move,"""1010,1040"""
108.66197156906128,mouse_move,"""1011,1040"""
109.9354202747345,key_press,'x'
110.14067149162292,key_press,'x'
110.31199502944946,key_press,'x'
110.56580710411072,key_press,'x'
110.7742714881897,key_press,'x'
110.9211950302124,key_press,Key.space
111.24256992340088,key_press,'x'
111.55084943771362,key_press,'x'
115.46645784378052,key_press,Key.backspace
115.59810948371887,mouse_move,"""1012,1040"""
115.61618781089783,mouse_move,"""1012,1040"""
115.62552332878113,mouse_move,"""1015,1041"""
115.63754749298096,mouse_move,"""1017,1044"""
115.7063958644867,key_press,Key.backspace
115.9192943572998,key_press,Key.backspace
116.1443943977356,key_press,Key.backspace
118.04517579078674,key_press,'x'
118.41827607154846,key_press,'x'
118.5922691822052,key_press,'x'
118.83007836341858,key_press,'x'
118.84697127342224,key_press,'x'
118.9997935295105,key_press,'x'
119.17438960075378,key_press,'x'
119.30116939544678,key_press,'x'
119.51659941673279,key_press,Key.space
119.6860203742981,key_press,'x'
119.84763741493225,key_press,'x'
120.0023500919342,key_press,Key.space
120.47295641899109,key_press,'x'
120.66189694404602,key_press,'x'
120.85230422019958,key_press,'x'
120.96351432800293,key_press,'x'
121.181312084198,key_press,'x'
121.40360260009766,key_press,'x'
121.54614806175232,key_press,'x'
121.73127698898315,key_press,Key.space
122.93285799026489,key_press,'x'
123.26600050926208,key_press,'x'
123.48239994049072,key_press,'x'
123.62489652633667,key_press,'x'
123.89408135414124,key_press,Key.space
124.50199723243713,mouse_move,"""1017,1044"""
124.52015018463135,mouse_move,"""1017,1044"""
124.52015018463135,mouse_move,"""1018,1044"""
124.53496050834656,mouse_move,"""1020,1044"""
124.5421667098999,mouse_move,"""1020,1044"""
124.5461061000824,mouse_move,"""1020,1044"""
124.59473013877869,mouse_move,"""1020,1044"""
124.60856199264526,mouse_move,"""1020,1044"""
124.70571947097778,mouse_move,"""1020,1043"""
124.7696373462677,mouse_move,"""1020,1043"""
124.7696373462677,mouse_move,"""1021,1043"""
129.85217189788818,key_press,'x'
130.0023694038391,key_press,'x'
130.16030526161194,key_press,Key.space
130.40760731697083,key_press,'x'
130.53431677818298,key_press,'x'
130.70143818855286,key_press,Key.space
131.25103425979614,key_press,'x'
131.72723865509033,key_press,'x'
132.20379877090454,key_press,'x'
132.3587257862091,key_press,Key.space
133.25161957740784,key_press,'x'
133.76046633720398,key_press,'x'
133.96755981445312,key_press,'x'
134.422518491745,key_press,'x'
134.65199303627014,key_press,'x'
134.93650364875793,key_press,'x'
134.95235443115234,key_press,'x'
135.20501279830933,key_press,'x'
135.50533747673035,key_press,'x'
135.6577913761139,key_press,'x'
135.92623019218445,key_press,'x'
136.20589137077332,key_press,'x'
136.57033157348633,key_press,'x'
136.78383088111877,key_press,Key.space
137.81526350975037,key_press,'x'
138.10732698440552,key_press,'x'
138.4108235836029,key_press,Key.space
139.17973041534424,key_press,'x'
139.92737364768982,key_press,'x'
140.25900173187256,key_press,'x'
140.43293595314026,key_press,'x'
140.82389616966248,key_press,'x'
141.1100947856903,key_press,'x'
141.4035427570343,key_press,'x'
141.6359360218048,key_press,Key.space
141.90043902397156,key_press,'x'
142.11171913146973,key_press,'x'
142.35862493515015,key_press,'x'
142.61256003379822,key_press,Key.space
142.63436031341553,key_press,Key.space
143.3218550682068,key_press,'x'
143.51302027702332,key_press,'x'
144.75211143493652,key_press,'x'
144.9668664932251,key_press,'x'
145.1262469291687,key_press,Key.space
145.8444893360138,mouse_move,"""1021,1044"""
145.8853771686554,mouse_move,"""1021,1044"""
146.15581464767456,mouse_move,"""1021,1044"""
146.18757009506226,mouse_move,"""1022,1044"""
146.22162675857544,mouse_move,"""1022,1043"""
146.22851538658142,mouse_move,"""1022,1043"""
146.23985314369202,mouse_move,"""1022,1042"""
146.25059032440186,mouse_move,"""1022,1041"""
146.26410913467407,mouse_move,"""1022,1040"""
146.27881741523743,mouse_move,"""1022,1040"""
146.28546595573425,mouse_move,"""1022,1039"""
146.29315423965454,mouse_move,"""1022,1038"""
146.3376603126526,mouse_move,"""1022,1038"""
146.38517260551453,mouse_move,"""1022,1038"""
146.40081596374512,mouse_move,"""1022,1037"""
146.58121180534363,mouse_move,"""1023,1036"""
146.59836339950562,mouse_move,"""1023,1035"""
146.6162874698639,mouse_move,"""1023,1035"""
146.64624691009521,mouse_move,"""1023,1034"""
146.70594453811646,mouse_move,"""1023,1033"""
146.73463106155396,mouse_move,"""1023,1033"""
146.7441930770874,mouse_move,"""1024,1032"""
146.77723693847656,mouse_move,"""1024,1031"""
146.86513447761536,mouse_move,"""1025,1031"""
146.92095017433167,mouse_move,"""1025,1032"""
146.93787789344788,mouse_move,"""1025,1032"""
147.08108615875244,mouse_move,"""1025,1033"""
147.1334822177887,mouse_move,"""1025,1034"""
147.2240297794342,mouse_move,"""1025,1034"""
147.3626003265381,mouse_move,"""1025,1035"""
147.44488644599915,mouse_move,"""1025,1036"""
147.47637748718262,key_press,'x'
147.6654658317566,key_press,'x'
147.8916003704071,key_press,'x'
148.69405150413513,mouse_move,"""1025,1037"""
148.72409868240356,mouse_move,"""1025,1037"""
148.7619686126709,mouse_move,"""1025,1036"""
148.77738213539124,mouse_move,"""1025,1035"""
148.77738213539124,mouse_move,"""1025,1032"""
148.7924518585205,mouse_move,"""1025,1028"""
148.79945397377014,mouse_move,"""1025,1026"""
148.8067843914032,mouse_move,"""1025,1021"""
148.81364965438843,mouse_move,"""1025,1016"""
148.8213233947754,mouse_move,"""1025,1009"""
148.82790899276733,mouse_move,"""1025,1000"""
148.83503127098083,mouse_move,"""1025,990"""
148.84269309043884,mouse_move,"""1025,982"""
148.849835395813,mouse_move,"""1025,974"""
148.85728359222412,mouse_move,"""1025,965"""
148.86389565467834,mouse_move,"""1025,957"""
148.87031245231628,mouse_move,"""1024,947"""
148.87786483764648,mouse_move,"""1024,940"""
148.8847484588623,mouse_move,"""1023,928"""
148.89250326156616,mouse_move,"""1023,921"""
148.89963102340698,mouse_move,"""1023,913"""
148.90600633621216,mouse_move,"""1022,906"""
148.91097140312195,mouse_move,"""1022,899"""
148.91857314109802,mouse_move,"""1021,895"""
148.91857314109802,key_press,Key.backspace
148.92563605308533,mouse_move,"""1021,891"""
148.93489909172058,mouse_move,"""1021,889"""
148.94193315505981,mouse_move,"""1021,887"""
148.94901537895203,mouse_move,"""1020,884"""
148.95401787757874,mouse_move,"""1020,884"""
148.9595217704773,mouse_move,"""1020,882"""
148.9661955833435,mouse_move,"""1020,881"""
149.032386302948,mouse_move,"""1020,881"""
149.04452228546143,mouse_move,"""1020,881"""
149.06887030601501,mouse_move,"""1020,881"""
149.08805775642395,mouse_move,"""1020,882"""
149.81861400604248,key_press,'x'
149.99033379554749,key_press,'x'
150.37221550941467,key_press,'x'
150.54350757598877,key_press,'x'
150.63506698608398,key_press,'x'
151.06256937980652,key_press,Key.space
151.35736179351807,key_press,'x'
151.50784754753113,key_press,'x'
152.4451549053192,mouse_move,"""1017,866"""
152.46122789382935,mouse_move,"""1011,833"""
152.4713168144226,mouse_move,"""1009,795"""
152.476877450943,mouse_move,"""1010,754"""
152.4860360622406,mouse_move,"""1019,704"""
152.49267888069153,mouse_move,"""1031,648"""
152.4980947971344,mouse_move,"""1047,596"""
152.50188660621643,mouse_move,"""1074,537"""
152.51452255249023,mouse_move,"""1103,487"""
152.52060270309448,mouse_move,"""1137,433"""
152.52631282806396,mouse_move,"""1173,385"""
152.53240251541138,mouse_move,"""1210,346"""
152.5385036468506,mouse_move,"""1252,306"""
152.54967856407166,mouse_move,"""1294,271"""
152.55673384666443,mouse_move,"""1338,241"""
152.56304931640625,mouse_move,"""1385,213"""
152.568843126297,mouse_move,"""1427,193"""
152.57740020751953,mouse_move,"""1469,178"""
152.58091044425964,mouse_move,"""1510,165"""
152.5931088924408,mouse_move,"""1552,160"""
152.60016536712646,mouse_move,"""1593,160"""
152.60522198677063,mouse_move,"""1635,166"""
152.6111900806427,mouse_move,"""1676,176"""
152.6191349029541,mouse_move,"""1718,194"""
152.6286265850067,mouse_move,"""1756,221"""
152.63559126853943,mouse_move,"""1791,254"""
152.64164757728577,mouse_move,"""1824,299"""
152.6477415561676,mouse_move,"""1856,355"""
152.6537938117981,mouse_move,"""1881,424"""
152.66267824172974,mouse_move,"""1894,504"""
152.671000957489,mouse_move,"""1899,585"""
152.6780924797058,mouse_move,"""1895,677"""
152.68429946899414,mouse_move,"""1873,778"""
152.6901228427887,mouse_move,"""1844,869"""
152.69635486602783,mouse_move,"""1800,965"""
152.7013909816742,mouse_move,"""1752,1042"""
152.71455931663513,mouse_move,"""1691,1111"""
152.7198669910431,mouse_move,"""1606,1180"""
152.72705817222595,mouse_move,"""1518,1235"""
152.73215651512146,mouse_move,"""1426,1237"""
152.73782348632812,mouse_move,"""1331,1231"""
152.7442171573639,mouse_move,"""1237,1226"""
152.75651717185974,mouse_move,"""1150,1218"""
152.76248621940613,mouse_move,"""1069,1217"""
152.76855897903442,mouse_move,"""999,1212"""
152.77455687522888,mouse_move,"""946,1213"""
152.78064274787903,mouse_move,"""902,1207"""
152.7867250442505,mouse_move,"""876,1204"""
152.79881834983826,mouse_move,"""857,1202"""
152.80499649047852,mouse_move,"""843,1201"""
152.81098914146423,mouse_move,"""833,1200"""
152.81713128089905,mouse_move,"""826,1199"""
152.82350659370422,mouse_move,"""819,1198"""
152.83498358726501,mouse_move,"""813,1193"""
152.84154415130615,mouse_move,"""808,1184"""
152.84743237495422,mouse_move,"""803,1173"""
152.85352849960327,mouse_move,"""800,1160"""
152.8595221042633,mouse_move,"""800,1145"""
152.8656187057495,mouse_move,"""800,1124"""
152.87737345695496,mouse_move,"""807,1100"""
152.88534474372864,mouse_move,"""819,1069"""
152.891539812088,mouse_move,"""833,1036"""
152.89663100242615,mouse_move,"""857,999"""
152.90574026107788,mouse_move,"""881,962"""
152.90879487991333,mouse_move,"""910,924"""
152.9159290790558,mouse_move,"""944,888"""
152.92682647705078,mouse_move,"""980,852"""
152.93431520462036,mouse_move,"""1016,819"""
152.9405415058136,mouse_move,"""1054,787"""
152.9486300945282,mouse_move,"""1092,758"""
152.95350432395935,mouse_move,"""1126,735"""
152.9602506160736,mouse_move,"""1159,716"""
152.96564722061157,mouse_move,"""1188,702"""
152.97683882713318,mouse_move,"""1211,692"""
152.98390698432922,mouse_move,"""1226,687"""
152.99097609519958,mouse_move,"""1238,681"""
152.99630761146545,mouse_move,"""1245,679"""
153.0020785331726,mouse_move,"""1251,678"""
153.00817036628723,mouse_move,"""1255,676"""
153.01930117607117,mouse_move,"""1258,676"""
153.02700662612915,mouse_move,"""1259,676"""
153.03295302391052,mouse_move,"""1261,676"""
153.03989219665527,mouse_move,"""1261,676"""
153.04389119148254,mouse_move,"""1262,676"""
153.05068922042847,mouse_move,"""1262,676"""
153.06187748908997,mouse_move,"""1263,676"""
153.06962060928345,mouse_move,"""1263,678"""
153.07549715042114,mouse_move,"""1263,679"""
153.08143544197083,mouse_move,"""1262,681"""
153.08713126182556,mouse_move,"""1260,684"""
153.09821939468384,mouse_move,"""1258,687"""
153.1053192615509,mouse_move,"""1255,691"""
153.11177611351013,mouse_move,"""1249,696"""
153.11895751953125,mouse_move,"""1243,702"""
153.12408924102783,mouse_move,"""1234,708"""
153.13111901283264,mouse_move,"""1222,718"""
153.14068388938904,mouse_move,"""1209,726"""
153.14784407615662,mouse_move,"""1190,739"""
153.1544120311737,mouse_move,"""1167,753"""
153.16042923927307,mouse_move,"""1140,768"""
153.16659212112427,mouse_move,"""1110,786"""
153.17219614982605,mouse_move,"""1080,804"""
153.18318819999695,mouse_move,"""1047,823"""
153.1907811164856,mouse_move,"""1016,843"""
153.1973578929901,mouse_move,"""981,860"""
153.2024393081665,mouse_move,"""953,880"""
153.2085084915161,mouse_move,"""920,899"""
153.2192144393921,mouse_move,"""886,920"""
153.22322487831116,mouse_move,"""856,938"""
153.23140573501587,mouse_move,"""829,955"""
153.2403838634491,mouse_move,"""806,970"""
153.24738216400146,mouse_move,"""789,980"""
153.25238060951233,mouse_move,"""776,989"""
153.26199531555176,mouse_move,"""764,994"""
153.2690770626068,mouse_move,"""757,999"""
153.27510118484497,mouse_move,"""751,1001"""
153.28116297721863,mouse_move,"""749,1002"""
153.28722620010376,mouse_move,"""748,1003"""
153.29634857177734,mouse_move,"""747,1004"""
153.30450129508972,mouse_move,"""746,1004"""
153.31161499023438,mouse_move,"""746,1002"""
153.31864833831787,mouse_move,"""748,997"""
153.32416343688965,mouse_move,"""756,988"""
153.33129286766052,mouse_move,"""769,975"""
153.33705306053162,mouse_move,"""790,958"""
153.3430950641632,mouse_move,"""831,931"""
153.35419940948486,mouse_move,"""885,897"""
153.36130499839783,mouse_move,"""942,862"""
153.36868834495544,mouse_move,"""1002,830"""
153.37416791915894,mouse_move,"""1065,797"""
153.38285851478577,mouse_move,"""1130,769"""
153.38700222969055,mouse_move,"""1183,746"""
153.39305019378662,mouse_move,"""1218,731"""
153.40411162376404,mouse_move,"""1237,722"""
153.41121625900269,mouse_move,"""1251,717"""
153.41731905937195,mouse_move,"""1258,714"""
153.42336702346802,mouse_move,"""1262,713"""
153.4319396018982,mouse_move,"""1263,712"""
153.4469075202942,mouse_move,"""1263,713"""
153.45376753807068,mouse_move,"""1259,716"""
153.46090841293335,mouse_move,"""1248,722"""
153.46633553504944,mouse_move,"""1232,731"""
153.47196745872498,mouse_move,"""1209,743"""
153.47805070877075,mouse_move,"""1182,761"""
153.48911309242249,mouse_move,"""1149,782"""
153.49673986434937,mouse_move,"""1115,805"""
153.50273203849792,mouse_move,"""1078,824"""
153.508709192276,mouse_move,"""1045,845"""
153.5171868801117,mouse_move,"""1021,860"""
153.5203824043274,mouse_move,"""1001,874"""
153.5321729183197,mouse_move,"""988,883"""
153.53882884979248,mouse_move,"""981,888"""
153.54471111297607,mouse_move,"""975,892"""
153.55286931991577,mouse_move,"""972,894"""
153.5576527118683,mouse_move,"""970,895"""
153.5880582332611,mouse_move,"""973,894"""
153.59445023536682,mouse_move,"""986,885"""
153.6035761833191,mouse_move,"""1002,877"""
153.6074993610382,mouse_move,"""1032,859"""
153.6136748790741,mouse_move,"""1072,836"""
153.62478399276733,mouse_move,"""1118,813"""
153.6323549747467,mouse_move,"""1170,792"""
153.63892459869385,mouse_move,"""1219,766"""
153.64428901672363,mouse_move,"""1268,745"""
153.65207242965698,mouse_move,"""1310,730"""
153.65612602233887,mouse_move,"""1334,721"""
153.66726660728455,mouse_move,"""1348,716"""
153.67435026168823,mouse_move,"""1355,712"""
153.68042469024658,mouse_move,"""1355,712"""
153.68549394607544,mouse_move,"""1352,716"""
153.69267630577087,mouse_move,"""1332,734"""
153.69864153862,mouse_move,"""1286,772"""
153.70976758003235,mouse_move,"""1228,817"""
153.7176125049591,mouse_move,"""1156,879"""
153.7239167690277,mouse_move,"""1077,947"""
153.73112559318542,mouse_move,"""994,1030"""
153.7352910041809,mouse_move,"""914,1110"""
153.74142980575562,mouse_move,"""839,1196"""
153.74747109413147,mouse_move,"""775,1271"""
153.75928592681885,mouse_move,"""724,1258"""
153.76570796966553,mouse_move,"""688,1244"""
153.7714319229126,mouse_move,"""664,1225"""
153.77751302719116,mouse_move,"""655,1211"""
153.78388810157776,mouse_move,"""650,1207"""
153.79574155807495,mouse_move,"""650,1200"""
153.80210423469543,mouse_move,"""650,1199"""
153.80785179138184,mouse_move,"""660,1194"""
153.81429243087769,mouse_move,"""682,1176"""
153.82044196128845,mouse_move,"""719,1136"""
153.82712864875793,mouse_move,"""768,1092"""
153.83822393417358,mouse_move,"""824,1036"""
153.8452491760254,mouse_move,"""890,975"""
153.8527228832245,mouse_move,"""956,915"""
153.85967803001404,mouse_move,"""1021,857"""
153.86698269844055,mouse_move,"""1080,803"""
153.87142968177795,mouse_move,"""1132,758"""
153.87716054916382,mouse_move,"""1168,727"""
153.88321948051453,mouse_move,"""1187,710"""
153.895405292511,mouse_move,"""1198,702"""
153.90241885185242,mouse_move,"""1204,696"""
153.90899777412415,mouse_move,"""1205,694"""
153.91473817825317,mouse_move,"""1206,694"""
153.92602920532227,mouse_move,"""1205,695"""
153.93801617622375,mouse_move,"""1192,702"""
153.94496321678162,mouse_move,"""1176,714"""
153.95103454589844,mouse_move,"""1148,736"""
153.9586582183838,mouse_move,"""1116,764"""
153.9635078907013,mouse_move,"""1080,795"""
153.97198486328125,mouse_move,"""1058,818"""
153.98034715652466,mouse_move,"""1036,836"""
153.98747396469116,mouse_move,"""1026,845"""
153.99362325668335,mouse_move,"""1022,851"""
153.99972891807556,mouse_move,"""1020,854"""
154.00571537017822,mouse_move,"""1019,855"""
154.0232801437378,mouse_move,"""1021,854"""
154.03030967712402,mouse_move,"""1035,844"""
154.03624320030212,mouse_move,"""1059,827"""
154.04361128807068,mouse_move,"""1100,799"""
154.05097079277039,mouse_move,"""1148,763"""
154.05601906776428,mouse_move,"""1195,730"""
154.06553888320923,mouse_move,"""1239,700"""
154.07290506362915,mouse_move,"""1273,677"""
154.07900047302246,mouse_move,"""1298,658"""
154.08538818359375,mouse_move,"""1311,648"""
154.09372520446777,mouse_move,"""1318,642"""
154.09900951385498,mouse_move,"""1323,638"""
154.10905528068542,mouse_move,"""1323,637"""
154.12069511413574,mouse_move,"""1323,637"""
154.12667751312256,mouse_move,"""1317,639"""
154.13320970535278,mouse_move,"""1301,646"""
154.14446806907654,mouse_move,"""1276,656"""
154.15155005455017,mouse_move,"""1243,674"""
154.15750646591187,mouse_move,"""1197,695"""
154.16509294509888,mouse_move,"""1148,721"""
154.17018055915833,mouse_move,"""1098,747"""
154.17576956748962,mouse_move,"""1058,769"""
154.18683123588562,mouse_move,"""1029,785"""
154.1944761276245,mouse_move,"""1013,793"""
154.20043277740479,mouse_move,"""1004,796"""
154.20606756210327,mouse_move,"""1000,797"""
154.21489787101746,mouse_move,"""999,797"""
154.2182273864746,mouse_move,"""1001,790"""
154.22965288162231,mouse_move,"""1016,769"""
154.23665499687195,mouse_move,"""1047,733"""
154.24292874336243,mouse_move,"""1094,684"""
154.24921560287476,mouse_move,"""1153,630"""
154.2546284198761,mouse_move,"""1215,579"""
154.26078987121582,mouse_move,"""1274,527"""
154.2718164920807,mouse_move,"""1319,489"""
154.27942299842834,mouse_move,"""1344,468"""
154.28550386428833,mouse_move,"""1355,457"""
154.29148077964783,mouse_move,"""1357,454"""
154.29713439941406,mouse_move,"""1356,454"""
154.3083302974701,mouse_move,"""1344,461"""
154.3153522014618,mouse_move,"""1310,484"""
154.32202124595642,mouse_move,"""1249,533"""
154.32801055908203,mouse_move,"""1173,595"""
154.33386993408203,mouse_move,"""1085,664"""
154.3395495414734,mouse_move,"""996,745"""
154.35077333450317,mouse_move,"""903,829"""
154.35830807685852,mouse_move,"""830,902"""
154.36500334739685,mouse_move,"""774,958"""
154.37195658683777,mouse_move,"""741,991"""
154.3785707950592,mouse_move,"""725,1007"""
154.3820812702179,mouse_move,"""720,1010"""
154.4007921218872,mouse_move,"""729,1003"""
154.40789914131165,mouse_move,"""747,981"""
154.41446709632874,mouse_move,"""787,942"""
154.42150616645813,mouse_move,"""839,897"""
154.42914628982544,mouse_move,"""901,843"""
154.43510627746582,mouse_move,"""963,794"""
154.43908500671387,mouse_move,"""1021,748"""
154.45078825950623,mouse_move,"""1069,710"""
154.457927942276,mouse_move,"""1101,684"""
154.46450066566467,mouse_move,"""1113,675"""
154.47011518478394,mouse_move,"""1119,670"""
154.4816861152649,mouse_move,"""1108,676"""
154.49331665039062,mouse_move,"""1079,696"""
154.5010154247284,mouse_move,"""1021,741"""
154.506986618042,mouse_move,"""956,796"""
154.51446509361267,mouse_move,"""883,863"""
154.52157163619995,mouse_move,"""817,927"""
154.52866530418396,mouse_move,"""766,983"""
154.53344988822937,mouse_move,"""737,1012"""
154.54320454597473,mouse_move,"""725,1027"""
154.5494463443756,mouse_move,"""722,1030"""
154.55593490600586,mouse_move,"""722,1030"""
154.56399750709534,mouse_move,"""731,1024"""
154.5680274963379,mouse_move,"""754,1002"""
154.57919430732727,mouse_move,"""793,968"""
154.58681917190552,mouse_move,"""841,926"""
154.59401893615723,mouse_move,"""893,882"""
154.60042095184326,mouse_move,"""951,839"""
154.60676264762878,mouse_move,"""1000,800"""
154.6124746799469,mouse_move,"""1038,766"""
154.62261867523193,mouse_move,"""1063,747"""
154.62554240226746,mouse_move,"""1071,738"""
154.63383388519287,mouse_move,"""1072,734"""
154.64370822906494,mouse_move,"""1068,734"""
154.65071749687195,mouse_move,"""1050,739"""
154.65675282478333,mouse_move,"""1011,758"""
154.66329622268677,mouse_move,"""957,792"""
154.66890692710876,mouse_move,"""889,839"""
154.68003582954407,mouse_move,"""815,893"""
154.68611478805542,mouse_move,"""743,954"""
154.6921193599701,mouse_move,"""677,1012"""
154.70083236694336,mouse_move,"""621,1063"""
154.70692586898804,mouse_move,"""583,1097"""
154.7124161720276,mouse_move,"""561,1115"""
154.72203826904297,mouse_move,"""550,1124"""
154.7252962589264,mouse_move,"""542,1129"""
154.73665618896484,mouse_move,"""540,1130"""
154.74376893043518,mouse_move,"""540,1129"""
154.74984645843506,mouse_move,"""542,1122"""
154.75598669052124,mouse_move,"""549,1108"""
154.76260042190552,mouse_move,"""562,1087"""
154.77059316635132,mouse_move,"""582,1056"""
154.77935647964478,mouse_move,"""601,1032"""
154.78676056861877,mouse_move,"""619,1010"""
154.79296851158142,mouse_move,"""630,999"""
154.80038452148438,mouse_move,"""640,990"""
154.80412459373474,mouse_move,"""646,982"""
154.81063508987427,mouse_move,"""651,976"""
154.82205200195312,mouse_move,"""652,969"""
154.82906126976013,mouse_move,"""652,959"""
155.16225481033325,mouse_move,"""609,969"""
155.16899585723877,mouse_move,"""545,987"""
155.18007493019104,mouse_move,"""470,1010"""
155.18714213371277,mouse_move,"""392,1036"""
155.19416761398315,mouse_move,"""310,1065"""
155.1999819278717,mouse_move,"""235,1091"""
155.2060534954071,mouse_move,"""171,1111"""
155.21212363243103,mouse_move,"""127,1121"""
155.2233009338379,mouse_move,"""94,1127"""
155.22787189483643,mouse_move,"""76,1129"""
155.23466610908508,mouse_move,"""64,1126"""
155.24048042297363,mouse_move,"""56,1119"""
155.2516508102417,mouse_move,"""54,1111"""
155.2587070465088,mouse_move,"""56,1097"""
155.26470589637756,mouse_move,"""65,1076"""
155.2725546360016,mouse_move,"""83,1049"""
155.27691316604614,mouse_move,"""110,1017"""
155.28759264945984,mouse_move,"""149,981"""
155.2941598892212,mouse_move,"""197,945"""
155.3005406856537,mouse_move,"""245,911"""
155.3082823753357,mouse_move,"""296,877"""
155.31593108177185,mouse_move,"""343,849"""
155.322984457016,mouse_move,"""382,830"""
155.32499837875366,mouse_move,"""411,816"""
155.33745646476746,mouse_move,"""430,807"""
155.34341311454773,mouse_move,"""444,800"""
155.34975600242615,mouse_move,"""454,796"""
155.35587096214294,mouse_move,"""460,793"""
155.36578011512756,mouse_move,"""463,792"""
155.37955808639526,mouse_move,"""462,792"""
155.38598155975342,mouse_move,"""458,793"""
155.39201617240906,mouse_move,"""448,799"""
155.39818668365479,mouse_move,"""430,806"""
155.4047496318817,mouse_move,"""403,821"""
155.41624879837036,mouse_move,"""371,838"""
155.42304754257202,mouse_move,"""335,854"""
155.42846179008484,mouse_move,"""302,871"""
155.43507289886475,mouse_move,"""279,883"""
155.44425630569458,mouse_move,"""254,896"""
155.45217490196228,mouse_move,"""240,900"""
155.45844411849976,mouse_move,"""231,904"""
155.4646430015564,mouse_move,"""227,904"""
155.47143363952637,mouse_move,"""226,903"""
155.47728371620178,mouse_move,"""230,896"""
155.48739576339722,mouse_move,"""241,885"""
155.49452328681946,mouse_move,"""260,871"""
155.5020318031311,mouse_move,"""290,853"""
155.50914216041565,mouse_move,"""326,836"""
155.5141806602478,mouse_move,"""365,819"""
155.52041053771973,mouse_move,"""397,805"""
155.52813744544983,mouse_move,"""415,797"""
155.53782033920288,mouse_move,"""429,793"""
155.5438253879547,mouse_move,"""436,791"""
155.5501971244812,mouse_move,"""439,790"""
155.55600547790527,mouse_move,"""434,793"""
155.57341837882996,mouse_move,"""418,805"""
155.58039712905884,mouse_move,"""377,832"""
155.58689665794373,mouse_move,"""326,871"""
155.59381914138794,mouse_move,"""264,920"""
155.60162544250488,mouse_move,"""199,975"""
155.60408186912537,mouse_move,"""136,1038"""
155.60408186912537,mouse_move,"""83,1091"""
155.62172198295593,mouse_move,"""36,1140"""
155.62172198295593,mouse_move,"""6,1173"""
155.63739705085754,mouse_move,"""-7,1190"""
155.63739705085754,mouse_move,"""-4,1198"""
155.63739705085754,mouse_move,"""2,1201"""
155.65345549583435,mouse_move,"""12,1198"""
155.65345549583435,mouse_move,"""34,1194"""
155.66923475265503,mouse_move,"""81,1183"""
155.66923475265503,mouse_move,"""141,1171"""
155.68487334251404,mouse_move,"""204,1158"""
155.68487334251404,mouse_move,"""274,1146"""
155.7006175518036,mouse_move,"""336,1141"""
155.7006175518036,mouse_move,"""388,1137"""
155.71644186973572,mouse_move,"""423,1135"""
155.71940445899963,mouse_move,"""439,1137"""
155.72575187683105,mouse_move,"""447,1142"""
155.7383952140808,mouse_move,"""447,1150"""
155.73989844322205,mouse_move,"""439,1168"""
155.73989844322205,mouse_move,"""409,1209"""
155.75563097000122,mouse_move,"""359,1267"""
155.75563097000122,mouse_move,"""303,1277"""
155.77141427993774,mouse_move,"""249,1277"""
155.77141427993774,mouse_move,"""210,1272"""
155.78741717338562,mouse_move,"""178,1256"""
155.78741717338562,mouse_move,"""158,1241"""
155.78741717338562,mouse_move,"""151,1223"""
155.803320646286,mouse_move,"""150,1213"""
155.803320646286,mouse_move,"""152,1206"""
155.81897854804993,mouse_move,"""163,1202"""
155.81897854804993,mouse_move,"""180,1197"""
155.8352816104889,mouse_move,"""209,1188"""
155.84100341796875,mouse_move,"""257,1175"""
155.84100341796875,mouse_move,"""317,1158"""
155.8565957546234,mouse_move,"""378,1141"""
155.86622548103333,mouse_move,"""446,1121"""
155.8717646598816,mouse_move,"""514,1100"""
155.87866830825806,mouse_move,"""575,1081"""
155.88689589500427,mouse_move,"""639,1061"""
155.89515686035156,mouse_move,"""700,1047"""
155.90218377113342,mouse_move,"""760,1030"""
155.90812611579895,mouse_move,"""814,1015"""
155.91498637199402,mouse_move,"""862,1002"""
155.9235336780548,mouse_move,"""896,992"""
155.9245321750641,mouse_move,"""924,983"""
155.93799233436584,mouse_move,"""939,977"""
155.94471883773804,mouse_move,"""949,973"""
155.9505615234375,mouse_move,"""958,971"""
155.9567847251892,mouse_move,"""962,969"""
155.96275925636292,mouse_move,"""965,968"""
155.97410130500793,mouse_move,"""967,967"""
155.98093581199646,mouse_move,"""969,966"""
155.99830842018127,mouse_move,"""969,965"""
155.99830842018127,mouse_move,"""969,964"""
156.01645517349243,mouse_move,"""967,964"""
156.0236692428589,mouse_move,"""967,963"""
156.02948594093323,mouse_move,"""966,961"""
156.03578400611877,mouse_move,"""965,960"""
156.03578400611877,mouse_move,"""964,957"""
156.04787874221802,mouse_move,"""964,954"""
156.05989146232605,mouse_move,"""964,949"""
156.065815448761,mouse_move,"""964,944"""
156.0720660686493,mouse_move,"""968,937"""
156.07834267616272,mouse_move,"""972,928"""
156.08393454551697,mouse_move,"""976,917"""
156.0954098701477,mouse_move,"""982,906"""
156.1023199558258,mouse_move,"""989,897"""
156.1095974445343,mouse_move,"""996,886"""
156.11625862121582,mouse_move,"""1002,874"""
156.1206169128418,mouse_move,"""1006,865"""
156.12643694877625,mouse_move,"""1010,856"""
156.1384298801422,mouse_move,"""1012,849"""
156.14471054077148,mouse_move,"""1013,844"""
156.15088868141174,mouse_move,"""1011,838"""
156.157817363739,mouse_move,"""1007,832"""
156.16250491142273,mouse_move,"""998,825"""
156.16982078552246,mouse_move,"""985,820"""
156.18108129501343,mouse_move,"""963,815"""
156.18720531463623,mouse_move,"""927,811"""
156.19331312179565,mouse_move,"""886,809"""
156.19952917099,mouse_move,"""831,811"""
156.20541834831238,mouse_move,"""773,815"""
156.2168414592743,mouse_move,"""717,820"""
156.22371315956116,mouse_move,"""658,827"""
156.22997307777405,mouse_move,"""603,834"""
156.23836612701416,mouse_move,"""550,841"""
156.24345874786377,mouse_move,"""500,850"""
156.24965953826904,mouse_move,"""458,856"""
156.25969123840332,mouse_move,"""429,860"""
156.26616644859314,mouse_move,"""411,860"""
156.27302265167236,mouse_move,"""399,860"""
156.2798249721527,mouse_move,"""390,857"""
156.28482913970947,mouse_move,"""387,851"""
156.29044818878174,mouse_move,"""385,841"""
156.30279517173767,mouse_move,"""389,824"""
156.30919241905212,mouse_move,"""398,806"""
156.31664276123047,mouse_move,"""420,778"""
156.32122468948364,mouse_move,"""446,752"""
156.32683444023132,mouse_move,"""481,721"""
156.3381953239441,mouse_move,"""517,690"""
156.34525513648987,mouse_move,"""558,660"""
156.3512544631958,mouse_move,"""598,633"""
156.35864210128784,mouse_move,"""632,612"""
156.36641669273376,mouse_move,"""665,596"""
156.36935782432556,mouse_move,"""681,587"""
156.3808536529541,mouse_move,"""690,582"""
156.38760638237,mouse_move,"""696,578"""
156.39364004135132,mouse_move,"""696,577"""
156.39984345436096,mouse_move,"""696,577"""
156.41579747200012,mouse_move,"""694,579"""
156.42328143119812,mouse_move,"""685,583"""
156.43015789985657,mouse_move,"""671,590"""
156.43613839149475,mouse_move,"""650,603"""
156.4424078464508,mouse_move,"""626,617"""
156.4483141899109,mouse_move,"""609,628"""
156.45434188842773,mouse_move,"""599,636"""
156.46632647514343,mouse_move,"""594,639"""
156.47263073921204,mouse_move,"""591,642"""
156.47854590415955,mouse_move,"""591,643"""
156.50027132034302,mouse_move,"""591,644"""
156.5092794895172,mouse_move,"""593,644"""
156.51515412330627,mouse_move,"""602,645"""
156.52117824554443,mouse_move,"""623,646"""
156.5272934436798,mouse_move,"""654,646"""
156.5362846851349,mouse_move,"""699,651"""
156.5395679473877,mouse_move,"""748,655"""
156.5517611503601,mouse_move,"""800,662"""
156.55783700942993,mouse_move,"""843,670"""
156.5636601448059,mouse_move,"""870,676"""
156.5696291923523,mouse_move,"""883,678"""
156.575829744339,mouse_move,"""892,681"""
156.58706259727478,mouse_move,"""896,682"""
156.59391617774963,mouse_move,"""898,684"""
156.59999990463257,mouse_move,"""899,685"""
156.6061873435974,mouse_move,"""900,685"""
156.6120731830597,mouse_move,"""901,686"""
156.6120731830597,mouse_move,"""901,688"""
156.62965393066406,mouse_move,"""901,689"""
156.6364574432373,mouse_move,"""902,692"""
156.64253401756287,mouse_move,"""902,693"""
156.6486177444458,mouse_move,"""903,699"""
156.6547384262085,mouse_move,"""904,701"""
156.6609287261963,mouse_move,"""905,708"""
156.67294812202454,mouse_move,"""908,715"""
156.67903447151184,mouse_move,"""912,721"""
156.68519115447998,mouse_move,"""914,725"""
162.70369505882263,key_press,'x'
162.87578988075256,key_press,'x'
163.08673214912415,key_press,'x'
163.2627670764923,key_press,'x'
163.38523507118225,key_press,'x'
163.5704357624054,key_press,Key.space
163.95208764076233,key_press,'x'
164.0946490764618,key_press,'x'
164.25007820129395,key_press,Key.space
164.89690852165222,mouse_move,"""915,725"""
166.43491625785828,key_press,'x'
166.88965368270874,key_press,'x'
167.1081621646881,key_press,'x'
167.48297786712646,key_press,'x'
167.59430766105652,key_press,'x'
167.80040621757507,key_press,'x'
167.9991273880005,key_press,Key.space
169.61012244224548,key_press,'x'
169.7668604850769,key_press,'x'
169.91403198242188,key_press,'x'
170.12092757225037,key_press,'x'
170.3370020389557,key_press,Key.space
170.36214065551758,key_press,Key.space
170.78536009788513,key_press,'x'
170.9906461238861,key_press,'x'
171.1831293106079,key_press,'x'
171.4275779724121,key_press,'x'
171.61469435691833,key_press,'x'
171.72554969787598,key_press,'x'
171.91790294647217,key_press,Key.space
171.94456100463867,key_press,Key.space
172.76127886772156,key_press,'x'
173.10001921653748,key_press,Key.space
173.73853397369385,mouse_move,"""915,725"""
173.75470614433289,mouse_move,"""916,725"""
173.81915259361267,mouse_move,"""917,725"""
173.82592725753784,mouse_move,"""917,725"""
173.82803392410278,mouse_move,"""918,725"""
175.03410601615906,key_press,'x'
176.3627507686615,key_press,'x'
176.86073184013367,key_press,'x'
177.2157826423645,key_press,'x'
177.85436487197876,key_press,'x'
180.85720133781433,key_press,Key.ctrl_l
181.3219873905182,key_press,'\x03'
4.898780584335327,key_press,'x'
5.596635103225708,key_press,'x'
5.861151695251465,key_press,'x'
6.082580089569092,key_press,Key.space
8.696772336959839,key_press,'x'
8.929672002792358,key_press,'x'
9.092947721481323,key_press,'x'
9.398795127868652,key_press,'x'
9.621621131896973,key_press,'x'
10.013697147369385,key_press,'x'
10.257283687591553,key_press,'x'
10.428359746932983,key_press,Key.space
11.521265506744385,key_press,'x'
11.732685565948486,key_press,'x'
11.988303184509277,key_press,Key.space
12.158953428268433,key_press,'x'
12.339139699935913,key_press,Key.space
13.01709508895874,key_press,'x'
13.194589138031006,key_press,'x'
14.272886514663696,key_press,'x'
14.4447762966156,key_press,'x'
14.745206356048584,key_press,'x'
14.946261882781982,key_press,'x'
15.280389070510864,key_press,'x'
15.425818920135498,key_press,'x'
15.797887325286865,key_press,'x'
15.959125280380249,key_press,'x'
16.133918046951294,key_press,Key.space
16.626200437545776,key_press,'x'
16.785371780395508,key_press,'x'
17.02804207801819,key_press,'x'
17.191049337387085,key_press,'x'
17.39707922935486,key_press,Key.space
19.04999589920044,key_press,'x'
19.26482844352722,key_press,'x'
19.517303943634033,key_press,'x'
19.7698335647583,key_press,'x'
20.023564100265503,key_press,'x'
20.167500734329224,key_press,Key.space
20.347073554992676,key_press,'x'
20.50887155532837,key_press,'x'
20.827306985855103,key_press,'x'
20.987851858139038,key_press,Key.space
29.072354078292847,key_press,'x'
29.231913328170776,key_press,'x'
29.49835443496704,key_press,'x'
29.70608901977539,key_press,'x'
29.950413942337036,key_press,Key.space
29.98921847343445,key_press,Key.space
30.433475494384766,key_press,'x'
30.639856338500977,key_press,'x'
30.782750844955444,key_press,'x'
30.956979274749756,key_press,Key.space
31.23909831047058,key_press,'x'
31.38170862197876,key_press,'x'
31.588193893432617,key_press,Key.space
33.52178907394409,key_press,'x'
33.93553900718689,key_press,'x'
34.067529916763306,key_press,'x'
34.24534320831299,key_press,'x'
34.94045305252075,key_press,'x'
35.16610527038574,key_press,'x'
35.403138875961304,key_press,'x'
35.632949113845825,key_press,Key.space
36.14004135131836,key_press,'x'
36.39630675315857,key_press,'x'
36.595848083496094,key_press,Key.space
37.34289240837097,key_press,'x'
37.54104447364807,key_press,'x'
38.39532923698425,key_press,'x'
38.62302589416504,key_press,'x'
38.849106788635254,key_press,'x'
39.12322807312012,key_press,'x'
39.358736991882324,key_press,'x'
39.571173906326294,key_press,'x'
39.780577659606934,key_press,Key.space
39.800360441207886,key_press,Key.space
40.033573389053345,key_press,'x'
40.211732625961304,key_press,'x'
40.40226697921753,key_press,Key.space
57.53087830543518,key_press,'x'
57.698086977005005,key_press,'x'
58.16070747375488,key_press,'x'
58.889848470687866,key_press,'x'
59.22346305847168,key_press,'x'
59.4502227306366,key_press,Key.space
59.665531158447266,key_press,'x'
60.347004652023315,key_press,'x'
60.79323124885559,key_press,'x'
60.951289892196655,key_press,'x'
61.169633626937866,key_press,'x'
61.422043800354004,key_press,'x'
61.69355511665344,key_press,'x'
62.49069809913635,key_press,'x'
63.788533210754395,key_press,'x'
64.07492327690125,key_press,'x'
64.29206585884094,key_press,'x'
64.45081806182861,key_press,'x'
64.68948864936829,key_press,'x'
64.77871489524841,key_press,'x'
65.05013394355774,key_press,'x'
65.41580367088318,key_press,Key.space
66.1688621044159,mouse_move,"""504,1119"""
66.1802990436554,mouse_move,"""505,1119"""
66.22248768806458,mouse_move,"""506,1119"""
66.23832583427429,mouse_move,"""507,1119"""
66.25355529785156,mouse_move,"""507,1119"""
66.26875877380371,mouse_move,"""507,1119"""
66.31868815422058,mouse_move,"""508,1119"""
66.49673819541931,mouse_move,"""509,1119"""
66.70614862442017,mouse_move,"""509,1119"""
66.70614862442017,mouse_move,"""509,1119"""
66.75472116470337,mouse_move,"""509,1118"""
67.01737666130066,mouse_move,"""509,1117"""
67.18880915641785,mouse_move,"""509,1117"""
67.35709023475647,mouse_move,"""509,1116"""
67.41904330253601,mouse_move,"""510,1116"""
67.4585473537445,mouse_move,"""510,1115"""
67.77223610877991,mouse_move,"""510,1115"""
68.35433006286621,mouse_move,"""510,1114"""
68.68390035629272,mouse_move,"""510,1113"""
68.94036364555359,mouse_move,"""510,1112"""
69.32559871673584,mouse_move,"""510,1112"""
69.42214012145996,mouse_move,"""510,1113"""
69.4468834400177,mouse_move,"""510,1114"""
69.45817518234253,mouse_move,"""510,1114"""
69.46376419067383,mouse_move,"""511,1116"""
69.49979329109192,mouse_move,"""511,1117"""
69.5440731048584,mouse_move,"""511,1117"""
69.57584810256958,mouse_move,"""512,1118"""
69.60722947120667,mouse_move,"""512,1119"""
69.8815484046936,mouse_move,"""512,1119"""
69.89749956130981,mouse_move,"""512,1118"""
69.9454619884491,mouse_move,"""512,1118"""
69.98861742019653,mouse_move,"""512,1117"""
70.10445046424866,mouse_move,"""512,1116"""
70.26828813552856,mouse_move,"""512,1115"""
70.38001298904419,mouse_move,"""512,1115"""
70.44335651397705,mouse_move,"""512,1115"""
70.46580243110657,mouse_move,"""511,1115"""
70.6116635799408,mouse_move,"""511,1114"""
71.70779848098755,mouse_move,"""511,1113"""
72.8971300125122,mouse_move,"""511,1113"""
73.73410725593567,mouse_move,"""510,1113"""
75.55263209342957,mouse_move,"""510,1113"""
76.27781653404236,mouse_move,"""510,1113"""
76.66031885147095,mouse_move,"""510,1113"""
79.2121729850769,mouse_move,"""511,1113"""
79.22540593147278,mouse_move,"""512,1113"""
79.23332118988037,mouse_move,"""512,1114"""
79.24855279922485,mouse_move,"""512,1114"""
79.82548832893372,key_press,'x'
79.96837615966797,key_press,'x'
80.53017830848694,key_press,Key.space
80.70563912391663,key_press,'x'
81.35235452651978,key_press,'x'
81.46371078491211,key_press,'x'
81.59600305557251,key_press,Key.space
82.08151650428772,key_press,'x'
82.52818751335144,key_press,'x'
82.74819850921631,key_press,'x'
83.07249069213867,key_press,'x'
83.27089214324951,key_press,'x'
84.20918822288513,key_press,Key.space
84.38440179824829,key_press,'x'
84.59065437316895,key_press,'x'
84.77552723884583,key_press,Key.space
84.9456114768982,key_press,'x'
85.18702840805054,key_press,Key.space
85.2156662940979,key_press,Key.space
86.03281497955322,key_press,'x'
86.22565650939941,key_press,'x'
86.43609499931335,key_press,'x'
86.71081066131592,key_press,'x'
87.3390383720398,key_press,Key.space
87.36416101455688,key_press,Key.space
87.51714706420898,key_press,'x'
87.67846465110779,key_press,'x'
87.88788771629333,key_press,Key.space
88.2952835559845,key_press,'x'
88.40274286270142,key_press,'x'
88.57077312469482,key_press,'x'
89.23650527000427,mouse_move,"""512,1114"""
89.2727837562561,mouse_move,"""513,1114"""
89.28979969024658,mouse_move,"""513,1114"""
89.29404282569885,mouse_move,"""514,1112"""
89.30378890037537,mouse_move,"""515,1107"""
89.31119513511658,mouse_move,"""515,1102"""
89.31847810745239,mouse_move,"""515,1094"""
89.32597088813782,mouse_move,"""515,1082"""
89.3323175907135,mouse_move,"""515,1072"""
89.33775329589844,mouse_move,"""515,1060"""
89.34471440315247,mouse_move,"""515,1048"""
89.34980392456055,mouse_move,"""513,1037"""
89.34980392456055,key_press,Key.backspace
89.3609311580658,mouse_move,"""512,1025"""
89.36844849586487,mouse_move,"""509,1013"""
89.46535754203796,key_press,'x'
89.66527438163757,key_press,'x'
89.87388777732849,key_press,'x'
90.10845923423767,key_press,Key.space
91.65324282646179,key_press,'x'
91.93566179275513,key_press,'x'
92.14208006858826,key_press,'x'
92.34492540359497,key_press,Key.space
92.97923016548157,mouse_move,"""509,1013"""
92.97923016548157,mouse_move,"""510,1013"""
93.03124141693115,mouse_move,"""510,1013"""
93.060715675354,mouse_move,"""511,1013"""
93.0923855304718,mouse_move,"""512,1013"""
93.10012531280518,mouse_move,"""512,1013"""
93.10623741149902,mouse_move,"""512,1013"""
93.12979626655579,mouse_move,"""512,1015"""
93.17269277572632,mouse_move,"""512,1016"""
93.22808527946472,mouse_move,"""512,1016"""
93.23011088371277,mouse_move,"""512,1017"""
93.24553084373474,mouse_move,"""512,1018"""
94.57916951179504,mouse_move,"""512,1018"""
94.59522223472595,mouse_move,"""513,1017"""
94.60921382904053,mouse_move,"""513,1017"""
94.6429398059845,mouse_move,"""513,1017"""
94.6744225025177,mouse_move,"""513,1017"""
94.72318053245544,mouse_move,"""513,1016"""
94.79923510551453,mouse_move,"""513,1015"""
94.81174516677856,mouse_move,"""513,1014"""
94.851003408432,mouse_move,"""513,1014"""
94.8667004108429,mouse_move,"""513,1013"""
94.87866067886353,mouse_move,"""513,1012"""
94.90271091461182,mouse_move,"""513,1012"""
94.90384316444397,mouse_move,"""513,1011"""
94.92423295974731,mouse_move,"""512,1010"""
94.93286204338074,mouse_move,"""511,1009"""
94.94529581069946,mouse_move,"""511,1009"""
94.96937394142151,mouse_move,"""511,1008"""
95.02795696258545,mouse_move,"""511,1008"""
95.07550573348999,mouse_move,"""511,1008"""
95.07550573348999,mouse_move,"""511,1008"""
95.0912413597107,mouse_move,"""512,1008"""
95.10906887054443,mouse_move,"""512,1009"""
95.11725091934204,mouse_move,"""512,1010"""
95.13153076171875,mouse_move,"""513,1011"""
95.25503087043762,mouse_move,"""513,1011"""
95.2710063457489,mouse_move,"""513,1011"""
95.30321860313416,mouse_move,"""513,1012"""
95.32173156738281,mouse_move,"""512,1012"""
95.35500955581665,mouse_move,"""511,1012"""
95.38230061531067,mouse_move,"""511,1012"""
95.39923405647278,mouse_move,"""510,1012"""
95.42969107627869,mouse_move,"""509,1012"""
95.4465262889862,mouse_move,"""509,1011"""
95.45348143577576,mouse_move,"""507,1011"""
95.4607446193695,mouse_move,"""507,1010"""
95.46814966201782,mouse_move,"""506,1009"""
95.48155379295349,mouse_move,"""506,1009"""
95.48548698425293,mouse_move,"""504,1009"""
95.49663305282593,mouse_move,"""503,1009"""
95.5036883354187,mouse_move,"""503,1009"""
95.5099287033081,mouse_move,"""502,1009"""
95.5179512500763,mouse_move,"""501,1008"""
95.52559733390808,mouse_move,"""501,1008"""
95.53412365913391,mouse_move,"""500,1008"""
95.54675531387329,mouse_move,"""500,1007"""
95.55333042144775,mouse_move,"""499,1007"""
95.56438708305359,mouse_move,"""498,1007"""
95.58262753486633,mouse_move,"""498,1007"""
95.64563322067261,mouse_move,"""498,1007"""
95.64563322067261,mouse_move,"""499,1007"""
95.6680040359497,mouse_move,"""500,1007"""
95.67556500434875,mouse_move,"""500,1008"""
95.68218278884888,mouse_move,"""501,1008"""
95.6918351650238,mouse_move,"""502,1008"""
95.70579314231873,key_press,'x'
96.00966620445251,key_press,'x'
96.11923098564148,key_press,'x'
96.2978777885437,key_press,Key.space
97.08270192146301,key_press,'x'
97.35305285453796,key_press,'x'
97.50387525558472,key_press,'x'
97.67880058288574,key_press,'x'
98.26149106025696,key_press,Key.space
98.41659665107727,key_press,'x'
98.56106352806091,key_press,'x'
98.68987131118774,key_press,Key.space
98.81716990470886,key_press,'x'
99.02779150009155,key_press,Key.space
100.35713410377502,key_press,'x'
100.757408618927,key_press,Key.backspace
100.88951563835144,key_press,'x'
101.01554822921753,key_press,'x'
101.25928115844727,key_press,'x'
101.51543855667114,key_press,'x'
102.39183974266052,key_press,'x'
102.60174512863159,key_press,Key.space
103.05375933647156,key_press,'x'
103.20666575431824,key_press,'x'
103.39934372901917,key_press,Key.space
114.87251114845276,key_press,'x'
115.27891206741333,key_press,'x'
115.45731329917908,key_press,'x'
115.64674282073975,key_press,'x'
115.87350606918335,key_press,'x'
116.07478833198547,key_press,Key.space
117.0297200679779,key_press,'x'
117.25803589820862,key_press,'x'
117.50073671340942,key_press,'x'
117.62921833992004,key_press,Key.space
118.4734582901001,key_press,'x'
118.90480160713196,key_press,'x'
119.14814257621765,key_press,Key.space
119.35341000556946,key_press,'x'
119.51545095443726,key_press,'x'
119.6425461769104,key_press,'x'
119.8189468383789,key_press,Key.space
121.26257920265198,key_press,'x'
121.75337648391724,key_press,'x'
121.99103546142578,key_press,'x'
122.17031836509705,key_press,'x'
122.3786690235138,key_press,'x'
122.52016258239746,key_press,'x'
122.71251225471497,key_press,'x'
123.75387001037598,key_press,'x'
124.32748007774353,key_press,'x'
124.64580368995667,key_press,'x'
124.99358201026917,key_press,'x'
125.28009581565857,key_press,Key.space
125.62957429885864,key_press,'x'
125.9470705986023,key_press,'x'
126.70090007781982,key_press,'x'
126.87764477729797,key_press,Key.space
127.30078172683716,key_press,'x'
127.63291001319885,key_press,'x'
127.84395480155945,key_press,'x'
128.17888617515564,key_press,'x'
128.47105479240417,key_press,Key.space
129.24625205993652,key_press,'x'
129.5272786617279,key_press,'x'
129.85903096199036,key_press,Key.space
129.89545345306396,key_press,Key.space
130.32003378868103,key_press,'x'
130.63787078857422,key_press,'x'
130.91242218017578,key_press,'x'
131.2601592540741,key_press,Key.space
131.6952350139618,key_press,'x'
132.04981756210327,key_press,'x'
132.6952645778656,key_press,Key.space
140.85130190849304,key_press,'x'
141.31702518463135,key_press,'x'
141.5258514881134,key_press,'x'
141.7349226474762,key_press,'x'
141.92533206939697,key_press,Key.space
142.20252132415771,key_press,'x'
142.4128119945526,key_press,'x'
142.81370067596436,key_press,Key.space
143.33756279945374,key_press,'x'
143.7379584312439,key_press,'x'
144.00602889060974,key_press,'x'
144.2488453388214,key_press,Key.space
144.7519896030426,key_press,'x'
144.9381935596466,key_press,'x'
145.2148518562317,key_press,'x'
146.2067129611969,key_press,'x'
146.6716480255127,key_press,'x'
147.1211178302765,key_press,'x'
147.58638882637024,key_press,'x'
148.12806844711304,key_press,Key.space
150.13178133964539,key_press,'x'
150.7172167301178,key_press,'x'
151.0133228302002,key_press,Key.space
151.72375202178955,key_press,'x'
152.04484462738037,key_press,'x'
152.27532124519348,key_press,'x'
152.61624765396118,key_press,Key.space
153.09444570541382,key_press,'x'
153.80463242530823,key_press,'x'
154.2840073108673,key_press,'x'
154.72071766853333,key_press,'x'
155.10409879684448,key_press,'x'
155.94890093803406,key_press,'x'
156.39648985862732,key_press,'x'
156.9103546142578,key_press,'x'
157.40185070037842,key_press,'x'
157.84298610687256,key_press,'x'
158.3089599609375,key_press,Key.space
158.76375126838684,key_press,'x'
159.17345809936523,key_press,'x'
159.69605922698975,key_press,Key.space
160.11989760398865,key_press,'x'
160.619775056839,key_press,'x'
161.08667540550232,key_press,'x'
161.65125846862793,key_press,'x'
162.1689658164978,key_press,Key.space
167.87394404411316,key_press,'x'
168.58609986305237,key_press,'x'
168.88791251182556,key_press,'x'
169.1814386844635,key_press,'x'
169.39278602600098,key_press,'x'
169.69915223121643,key_press,Key.space
170.1203203201294,key_press,'x'
170.34525990486145,key_press,'x'
170.64961624145508,key_press,'x'
170.88529300689697,key_press,Key.space
171.2086832523346,key_press,'x'
171.4324119091034,key_press,'x'
171.644038438797,key_press,Key.space
172.31850790977478,key_press,'x'
172.5605731010437,key_press,Key.space
172.98320508003235,key_press,'x'
174.31627774238586,key_press,'x'
174.60714673995972,key_press,'x'
174.9886028766632,key_press,'x'
175.30167603492737,key_press,'x'
175.62430143356323,key_press,Key.space
177.60635256767273,key_press,'x'
178.06560373306274,key_press,'x'
178.73921942710876,key_press,'x'
179.23131465911865,key_press,'x'
179.98208332061768,key_press,Key.space
184.13555908203125,key_press,'x'
184.42011904716492,key_press,'x'
184.74176669120789,key_press,Key.space
185.23206496238708,key_press,'x'
185.51712226867676,key_press,'x'
185.81176352500916,key_press,'x'
185.96237969398499,key_press,Key.space
186.61338543891907,key_press,Key.enter
187.17983651161194,key_press,Key.ctrl_l
187.49751472473145,key_press,'\x03'
2.8581700325012207,key_press,'x'
2.9528980255126953,key_press,'x'
3.342991828918457,key_press,Key.space
3.869413137435913,key_press,'x'
4.131317138671875,key_press,Key.space
5.156261444091797,key_press,'x'
5.295436859130859,key_press,'x'
5.468929767608643,key_press,'x'
5.704850435256958,key_press,'x'
5.83228063583374,key_press,Key.space
6.545844316482544,key_press,'x'
6.780449867248535,key_press,'x'
7.01439642906189,key_press,Key.space
7.2169106006622314,key_press,'x'
8.014591217041016,key_press,'x'
8.513723373413086,key_press,'x'
8.95167851448059,key_press,'x'
9.2369384765625,key_press,'x'
9.345934867858887,key_press,'x'
9.717195987701416,key_press,'x'
9.934387445449829,key_press,Key.space
13.093166589736938,key_press,'x'
13.438151836395264,key_press,Key.space
13.70394492149353,key_press,'x'
13.963547229766846,key_press,'x'
14.218191623687744,key_press,Key.space
14.48444652557373,key_press,'x'
14.859520196914673,key_press,'x'
15.161441326141357,key_press,'x'
15.32747507095337,key_press,'x'
15.580765962600708,key_press,'x'
15.781602144241333,key_press,'x'
16.893182516098022,key_press,'x'
17.127556324005127,key_press,Key.space
17.452029705047607,key_press,'x'
17.739579916000366,key_press,'x'
17.975745677947998,key_press,Key.space
18.31091070175171,key_press,'x'
18.768548488616943,key_press,'x'
18.905306100845337,key_press,'x'
19.140821933746338,key_press,'x'
19.33128309249878,key_press,'x'
19.47737979888916,key_press,'x'
19.764912843704224,key_press,Key.space
21.642755031585693,key_press,'x'
21.672781705856323,key_press,'x'
21.947214603424072,key_press,'x'
22.25312829017639,key_press,Key.space
22.886839628219604,key_press,'x'
23.233085870742798,key_press,Key.space
23.539607763290405,key_press,'x'
23.654342889785767,key_press,'x'
23.976460218429565,key_press,'x'
24.378758907318115,key_press,'x'
24.546393156051636,key_press,Key.space
25.073302507400513,key_press,Key.space
25.09770965576172,key_press,'x'
27.244736433029175,key_press,'x'
27.49047565460205,key_press,Key.space
35.65859031677246,key_press,'x'
35.997180223464966,key_press,'x'
36.31767773628235,key_press,'x'
36.64904594421387,key_press,'x'
37.030871629714966,key_press,'x'
37.251280546188354,key_press,'x'
37.56191396713257,key_press,'x'
37.90815258026123,key_press,'x'
38.184675216674805,key_press,Key.space
38.63192653656006,key_press,'x'
39.07619595527649,key_press,'x'
39.440589427948,key_press,Key.space
39.89169478416443,key_press,'x'
40.25619840621948,key_press,'x'
40.65388512611389,key_press,'x'
41.54913640022278,key_press,'x'
41.87470865249634,key_press,'x'
42.3943932056427,key_press,Key.space
43.1737756729126,key_press,'x'
43.90698599815369,key_press,'x'
44.92263102531433,key_press,Key.space
46.438169956207275,key_press,'x'
46.87534189224243,key_press,'x'
47.297027587890625,key_press,Key.space
48.46679353713989,key_press,'x'
48.98745918273926,key_press,Key.space
49.79920697212219,key_press,'x'
50.21828889846802,key_press,'x'
51.11373209953308,key_press,Key.space
53.21381497383118,key_press,'x'
53.49931263923645,key_press,'x'
54.042688608169556,key_press,'x'
54.92113637924194,key_press,'x'
55.332462549209595,key_press,'x'
55.622501373291016,key_press,Key.space
55.88882517814636,key_press,'x'
57.10930943489075,key_press,'x'
57.54613757133484,key_press,'x'
58.076483964920044,key_press,'x'
58.09257507324219,key_press,'x'
58.730015993118286,key_press,Key.space
59.137470722198486,key_press,'x'
59.603509187698364,key_press,Key.space
59.95229721069336,key_press,'x'
60.68291974067688,key_press,'x'
61.256614446640015,key_press,'x'
61.67561316490173,key_press,Key.space
63.420368909835815,key_press,'x'
64.43683052062988,key_press,'x'
64.8689033985138,key_press,Key.space
65.16059350967407,key_press,'x'
65.60874056816101,key_press,'x'
66.26187801361084,key_press,Key.space
66.92142105102539,key_press,'x'
67.7342414855957,key_press,'x'
68.51722240447998,key_press,Key.space
71.09501242637634,key_press,'x'
71.4943904876709,key_press,'x'
71.82714366912842,key_press,'x'
72.15454530715942,key_press,'x'
72.53153848648071,key_press,Key.space
73.67957401275635,key_press,'x'
74.11981534957886,key_press,'x'
74.50199174880981,key_press,Key.space
74.89016032218933,key_press,'x'
75.30868792533875,key_press,'x'
75.75050973892212,key_press,'x'
76.18163752555847,key_press,'x'
76.61282300949097,key_press,'x'
77.69590520858765,key_press,'x'
78.16656708717346,key_press,'x'
78.6563606262207,key_press,'x'
79.29759550094604,key_press,Key.space
79.8107693195343,key_press,'x'
80.31072783470154,key_press,Key.space
81.1590735912323,key_press,'x'
81.77803158760071,key_press,'x'
82.07578110694885,key_press,'x'
82.79669785499573,key_press,'x'
83.37967348098755,key_press,'x'
83.98266458511353,key_press,Key.space
84.62405395507812,key_press,'x'
85.07989621162415,key_press,Key.space
85.57989978790283,key_press,'x'
86.09364032745361,key_press,'x'
86.83695220947266,key_press,'x'
87.55289149284363,key_press,'x'
88.03097081184387,key_press,Key.space
88.91465210914612,key_press,'x'
89.43671464920044,key_press,'x'
90.42096138000488,key_press,'x'
90.63868427276611,key_press,'x'
91.12852740287781,key_press,Key.space
106.6104097366333,key_press,'x'
107.25614356994629,key_press,'x'
108.0338704586029,key_press,Key.space
108.4261577129364,key_press,'x'
108.79620265960693,key_press,Key.space
109.38647198677063,key_press,'x'
109.83483386039734,key_press,'x'
110.28233814239502,key_press,'x'
110.56860780715942,key_press,'x'
110.78076076507568,key_press,'x'
111.01554322242737,key_press,Key.space
114.812002658844,key_press,'x'
115.59475827217102,key_press,'x'
117.56655550003052,key_press,'x'
118.18670916557312,key_press,'x'
119.09471607208252,key_press,'x'
119.87642168998718,key_press,'x'
120.57097220420837,key_press,'x'
121.85910677909851,key_press,'x'
122.57820630073547,key_press,'x'
124.18646669387817,key_press,'x'
124.65007066726685,key_press,'x'
126.54762053489685,key_press,'x'
127.1548969745636,key_press,'x'
128.09539794921875,key_press,'x'
129.23855066299438,key_press,Key.space
130.20238733291626,key_press,'x'
132.76732563972473,key_press,'x'
133.68574905395508,key_press,'x'
135.21064949035645,key_press,Key.backspace
135.68048691749573,key_press,'x'
136.1843979358673,key_press,'x'
136.65964365005493,key_press,'x'
136.94116258621216,key_press,Key.space
137.8357217311859,key_press,'x'
138.34410691261292,key_press,'x'
138.60651445388794,key_press,Key.space
140.33447313308716,key_press,'x'
140.99223613739014,key_press,'x'
141.59437537193298,key_press,'x'
142.32304048538208,key_press,'x'
143.069109916687,key_press,'x'
144.14202165603638,key_press,'x'
145.01831078529358,key_press,'x'
145.75287175178528,key_press,Key.space
156.15452527999878,key_press,'x'
156.79747247695923,key_press,'x'
157.25141739845276,key_press,Key.space
157.6749448776245,key_press,'x'
158.23753690719604,key_press,'x'
158.76661682128906,key_press,'x'
159.43286061286926,key_press,'x'
159.75271201133728,key_press,'x'
160.2976734638214,key_press,Key.space
161.35942912101746,key_press,'x'
162.98521184921265,key_press,'x'
163.21900844573975,key_press,'x'
163.54602551460266,key_press,'x'
163.88943672180176,key_press,Key.space
164.92238688468933,key_press,'x'
165.19286632537842,key_press,'x'
165.99949026107788,key_press,'x'
166.76304507255554,key_press,'x'
167.23158383369446,key_press,'x'
167.47171926498413,key_press,'x'
167.9144425392151,key_press,Key.space
169.25272870063782,key_press,'x'
169.39064264297485,key_press,'x'
169.74955582618713,key_press,Key.space
170.57642459869385,key_press,'x'
170.98343539237976,key_press,Key.space
177.5622546672821,key_press,'x'
178.5450360774994,key_press,'x'
178.9649646282196,key_press,'x'
179.5291314125061,key_press,'x'
180.4518165588379,key_press,'x'
181.12064814567566,key_press,'x'
181.15253829956055,key_press,'x'
181.59747338294983,key_press,'x'
182.26414823532104,key_press,'x'
183.01579928398132,key_press,'x'
183.3744411468506,key_press,'x'
183.98732113838196,key_press,Key.space
184.62709951400757,key_press,'x'
185.03474831581116,key_press,'x'
185.29962611198425,key_press,'x'
185.3293535709381,key_press,'x'
185.6035463809967,key_press,'x'
185.797837972641,key_press,'x'
186.26680827140808,key_press,'x'
186.40459656715393,key_press,'x'
186.98416686058044,key_press,'x'
187.40614581108093,key_press,'x'
187.842946767807,key_press,Key.space
188.6120867729187,key_press,'x'
189.26816582679749,key_press,'x'
189.8155448436737,key_press,'x'
190.21874070167542,key_press,'x'
190.72197484970093,key_press,'x'
191.30981421470642,key_press,'x'
191.7817361354828,key_press,'x'
192.09197807312012,key_press,'x'
192.29557037353516,key_press,'x'
192.62417483329773,key_press,Key.space
201.48307752609253,key_press,Key.ctrl_l
201.7291030883789,key_press,'\x03'
3.2194583415985107,key_press,'x'
3.7837488651275635,key_press,'x'
4.048614025115967,key_press,'x'
6.583542585372925,key_press,Key.space
10.770833730697632,key_press,'x'
11.79718017578125,key_press,'x'
12.241909980773926,key_press,'x'
12.909621953964233,key_press,Key.space
13.892788648605347,key_press,'x'
14.831711530685425,key_press,'x'
16.954983949661255,key_press,'x'
19.59803009033203,key_press,Key.backspace
26.59680199623108,key_press,'x'
27.310223817825317,key_press,Key.space
27.659260034561157,key_press,'x'
29.399791479110718,key_press,'x'
29.940886735916138,key_press,'x'
30.173499822616577,key_press,Key.space
39.23741316795349,key_press,'x'
39.822041273117065,key_press,'x'
40.26365804672241,key_press,Key.backspace
40.627312660217285,key_press,'x'
40.79867696762085,key_press,'x'
41.28085970878601,key_press,Key.space
42.94040489196777,key_press,'x'
46.041703939437866,key_press,'x'
46.39822173118591,key_press,'x'
47.18991661071777,key_press,Key.space
48.73830056190491,key_press,'x'
49.790748596191406,key_press,'x'
51.236204624176025,key_press,'x'
51.893293380737305,key_press,Key.space
53.96906137466431,key_press,'x'
54.84554100036621,key_press,'x'
55.425621032714844,key_press,'x'
56.08118987083435,key_press,Key.space
57.58096194267273,key_press,'x'
58.45238447189331,key_press,'x'
59.36155104637146,key_press,'x'
60.08310294151306,key_press,Key.space
61.19004797935486,key_press,'x'
62.67686986923218,key_press,'x'
64.42696952819824,key_press,'x'
64.84825348854065,key_press,Key.space
65.65130066871643,key_press,'x'
66.65925693511963,key_press,'x'
68.80358576774597,key_press,'x'
69.2959976196289,key_press,Key.space
69.84478688240051,key_press,'x'
70.88280177116394,key_press,'x'
73.05554366111755,key_press,Key.backspace
74.28872799873352,key_press,'x'
75.1131591796875,key_press,'x'
75.5996823310852,key_press,Key.space
83.9413149356842,key_press,'x'
85.28566932678223,key_press,'x'
85.53809952735901,key_press,'x'
85.95874643325806,key_press,'x'
86.3549439907074,key_press,'x'
86.59903597831726,key_press,Key.space
87.15751385688782,key_press,'x'
87.2053611278534,key_press,'x'
87.47280645370483,key_press,'x'
87.67812776565552,key_press,'x'
87.7576687335968,key_press,'x'
87.86381959915161,key_press,'x'
88.55360913276672,key_press,'x'
88.94985175132751,key_press,'x'
89.46685075759888,key_press,'x'
89.49132871627808,key_press,'x'
89.59672403335571,key_press,'x'
89.81543684005737,key_press,Key.space
90.44587016105652,key_press,'x'
90.70655059814453,key_press,'x'
90.92471194267273,key_press,'x'
91.15955471992493,key_press,'x'
91.6901547908783,key_press,'x'
91.91260147094727,key_press,'x'
92.03257274627686,key_press,'x'
92.17624425888062,key_press,'x'
92.4560079574585,key_press,Key.space
92.80480456352234,key_press,'x'
92.8172836303711,key_press,'x'
93.07809638977051,key_press,'x'
93.09387850761414,key_press,'x'
93.09387850761414,key_press,'x'
93.41801023483276,key_press,'x'
93.46899151802063,key_press,'x'
93.72922825813293,key_press,Key.space
94.7214949131012,key_press,'x'
96.20804977416992,key_press,'x'
97.0167384147644,key_press,'x'
97.40614032745361,key_press,Key.space
98.50235080718994,key_press,'x'
100.00352215766907,key_press,'x'
101.42542576789856,key_press,'x'
101.59086728096008,key_press,Key.space
127.80133986473083,key_press,'x'
128.1361107826233,key_press,'x'
128.40872716903687,key_press,'x'
128.78045678138733,key_press,'x'
128.8293812274933,key_press,'x'
129.1303367614746,key_press,'x'
129.70195531845093,key_press,Key.space
130.5458118915558,key_press,'x'
131.68971180915833,key_press,'x'
132.14338302612305,key_press,'x'
132.4883861541748,key_press,'x'
132.9632658958435,key_press,Key.space
133.78522968292236,key_press,'x'
135.12858390808105,key_press,'x'
135.51821112632751,key_press,'x'
135.9125108718872,key_press,Key.space
136.4586145877838,key_press,'x'
136.8511884212494,key_press,'x'
137.61833906173706,key_press,'x'
138.28548526763916,key_press,Key.space
139.1291003227234,key_press,'x'
139.99869966506958,key_press,'x'
140.43876433372498,key_press,'x'
141.19090366363525,key_press,Key.space
141.65532183647156,key_press,'x'
142.1754047870636,key_press,'x'
143.29982161521912,key_press,'x'
143.86420059204102,key_press,Key.space
145.44011878967285,key_press,'x'
145.85919713974,key_press,'x'
146.06095671653748,key_press,'x'
146.38653326034546,key_press,'x'
146.57715559005737,key_press,'x'
146.9716100692749,key_press,Key.space
147.84621286392212,key_press,'x'
148.0986349582672,key_press,Key.space
148.3180651664734,key_press,'x'
148.62812638282776,key_press,'x'
149.24766540527344,key_press,'x'
149.59809374809265,key_press,'x'
149.72326683998108,key_press,'x'
150.0657901763916,key_press,'x'
150.22996187210083,key_press,'x'
150.471839427948,key_press,'x'
150.78426933288574,key_press,'x'
150.8639543056488,key_press,'x'
151.26836895942688,key_press,'x'
151.46974968910217,key_press,Key.space
152.0444791316986,key_press,'x'
152.0763578414917,key_press,'x'
152.51376795768738,key_press,'x'
152.52196955680847,key_press,'x'
152.9404101371765,key_press,'x'
153.09114909172058,key_press,"','"
153.48068976402283,key_press,'x'
153.59831643104553,key_press,'x'
153.90827107429504,key_press,'x'
154.120290517807,key_press,'x'
154.22556805610657,key_press,'x'
154.28465270996094,key_press,'x'
154.77766633033752,key_press,'x'
154.9980103969574,key_press,'x'
155.1433391571045,key_press,Key.space
155.5045247077942,key_press,Key.backspace
155.7366852760315,key_press,Key.backspace
155.90988636016846,key_press,Key.backspace
156.0802001953125,key_press,Key.backspace
156.2659912109375,key_press,Key.backspace
156.42432236671448,key_press,Key.backspace
156.7276599407196,key_press,'x'
156.8935625553131,key_press,'x'
157.08057832717896,key_press,'x'
157.20633029937744,key_press,'x'
157.20633029937744,key_press,'x'
157.45592951774597,key_press,'x'
157.4775528907776,key_press,'x'
157.5025508403778,key_press,'x'
157.878262758255,key_press,'x'
157.878262758255,key_press,'x'
158.01965308189392,key_press,'x'
158.25496983528137,key_press,Key.space
158.7678484916687,key_press,'x'
159.05114150047302,key_press,'x'
159.12906408309937,key_press,'x'
159.3444755077362,key_press,'x'
159.55173540115356,key_press,'x'
159.68037724494934,key_press,'x'
159.99594831466675,key_press,Key.space
202.65849566459656,key_press,Key.ctrl_l
202.8773353099823,key_press,'\x03'
2.0559585094451904,key_press,'x'
2.233067750930786,key_press,'x'
2.668893337249756,key_press,Key.space
2.975372552871704,key_press,'x'
3.343928813934326,key_press,Key.space
3.9944207668304443,key_press,'x'
4.147763252258301,key_press,'x'
4.315402984619141,key_press,Key.space
4.752347707748413,key_press,'x'
4.913081407546997,key_press,'x'
5.100727558135986,key_press,'x'
5.864669561386108,key_press,'x'
6.820035696029663,key_press,'x'
7.098758220672607,key_press,'x'
7.37720251083374,key_press,'x'
7.529696464538574,key_press,'x'
8.245663166046143,key_press,Key.space
8.847778797149658,key_press,Key.backspace
9.018537759780884,key_press,Key.backspace
9.408304452896118,key_press,'x'
9.61451506614685,key_press,'x'
9.99996829032898,key_press,'x'
10.112629175186157,key_press,'x'
10.42309832572937,key_press,'x'
10.55042028427124,key_press,'x'
10.785301208496094,key_press,'x'
11.22377610206604,key_press,'x'
11.3645498752594,key_press,'x'
11.616251230239868,key_press,Key.space
15.507376909255981,key_press,'x'
15.602970361709595,key_press,'x'
16.14640712738037,key_press,'x'
16.34713625907898,key_press,'x'
16.42621946334839,key_press,'x'
16.732231855392456,key_press,'x'
17.09949278831482,key_press,'x'
17.834055423736572,key_press,'x'
17.84417986869812,key_press,'x'
18.066203117370605,key_press,'x'
18.160192012786865,key_press,'x'
18.55176305770874,key_press,'x'
18.674561738967896,key_press,Key.space
19.295981884002686,key_press,'x'
19.57937002182007,key_press,'x'
20.32824420928955,key_press,'x'
20.668827056884766,key_press,'x'
20.827836751937866,key_press,'x'
21.145934104919434,key_press,Key.space
21.77719259262085,key_press,'x'
22.036335468292236,key_press,'x'
22.316280364990234,key_press,'x'
22.53841996192932,key_press,Key.space
22.845468759536743,key_press,'x'
23.121212244033813,key_press,'x'
23.787715911865234,key_press,'x'
24.02066659927368,key_press,'x'
24.222625017166138,key_press,'x'
24.611765146255493,key_press,'x'
24.774959325790405,key_press,'x'
24.97291350364685,key_press,'x'
25.48704957962036,key_press,'x'
25.934626579284668,key_press,Key.space
25.9429714679718,key_press,'x'
25.98729395866394,key_press,Key.space
26.354870080947876,key_press,'x'
26.61160707473755,key_press,'x'
27.011297464370728,key_press,Key.space
31.28403639793396,key_press,'x'
32.35850715637207,key_press,'x'
32.724385499954224,key_press,'x'
33.0867965221405,key_press,'x'
33.27308392524719,key_press,'x'
33.580950021743774,key_press,'x'
34.178285121917725,key_press,Key.space
35.405439376831055,key_press,'x'
35.663201332092285,key_press,'x'
35.816962480545044,key_press,'x'
36.024248361587524,key_press,'x'
36.081292390823364,key_press,'x'
36.34706354141235,key_press,Key.space
46.087494134902954,key_press,'x'
46.1844584941864,key_press,'x'
46.944456815719604,key_press,'x'
47.32542538642883,key_press,'x'
47.9102897644043,key_press,'x'
48.20715308189392,key_press,'x'
48.273587703704834,key_press,'x'
48.59500503540039,key_press,'x'
48.834497928619385,key_press,"','"
48.9118230342865,key_press,'x'
49.22242498397827,key_press,Key.space
49.60003328323364,key_press,'x'
49.846850872039795,key_press,'x'
49.94726300239563,key_press,'x'
50.020660161972046,key_press,'x'
50.39380121231079,key_press,'x'
50.738605260849,key_press,Key.space
52.28705024719238,key_press,'x'
52.9399471282959,key_press,'x'
53.16076183319092,key_press,'x'
53.41526508331299,key_press,'x'
54.00536227226257,key_press,'x'
55.56447887420654,key_press,Key.space
55.72476863861084,key_press,'x'
55.85066223144531,key_press,'x'
55.89703941345215,key_press,'x'
55.98834848403931,key_press,'x'
55.997029304504395,key_press,'x'
56.06848454475403,key_press,'x'
56.255125761032104,key_press,'x'
56.255125761032104,key_press,'x'
56.703675270080566,key_press,'x'
56.76790761947632,key_press,Key.space
57.20788812637329,key_press,"','"
57.59965658187866,key_press,'x'
57.6093635559082,key_press,'x'
57.694584131240845,key_press,'x'
57.847954511642456,key_press,'x'
58.113550662994385,key_press,'x'
58.17527770996094,key_press,'x'
58.30880355834961,key_press,'x'
58.56772994995117,key_press,'x'
58.64553737640381,key_press,"','"
58.69319748878479,key_press,'x'
58.87989354133606,key_press,Key.space
58.92229962348938,key_press,'x'
58.92527985572815,key_press,'x'
59.30308270454407,key_press,'x'
59.37934923171997,key_press,'x'
59.44110989570618,key_press,'x'
59.511533975601196,key_press,'x'
59.70487427711487,key_press,'x'
59.73051595687866,key_press,'x'
59.77064800262451,key_press,'x'
60.07017493247986,key_press,Key.space
85.70971488952637,key_press,'x'
85.94060134887695,key_press,'x'
86.24818992614746,key_press,'x'
88.60719108581543,key_press,'x'
88.9870548248291,key_press,'x'
89.34657216072083,key_press,'x'
89.55007600784302,key_press,'x'
90.03804731369019,key_press,Key.space
90.56906700134277,key_press,'x'
90.81969785690308,key_press,'x'
91.06152725219727,key_press,'x'
91.38269090652466,key_press,'x'
91.78010678291321,key_press,'x'
91.79584741592407,key_press,'x'
92.26558184623718,key_press,Key.space
93.89206123352051,key_press,'x'
95.7117555141449,key_press,'x'
95.98377728462219,key_press,'x'
96.15029525756836,key_press,'x'
96.86398339271545,key_press,'x'
97.86527967453003,key_press,'x'
98.1124620437622,key_press,'x'
98.79444098472595,key_press,'x'
99.09890556335449,key_press,'x'
99.45277428627014,key_press,'x'
99.73528456687927,key_press,'x'
100.22023105621338,key_press,Key.space
103.96968078613281,key_press,Key.caps_lock
104.15018582344055,key_press,'x'
104.6655216217041,key_press,'x'
104.88050842285156,key_press,'x'
104.90986752510071,key_press,'x'
105.06639981269836,key_press,'x'
105.58150911331177,key_press,'x'
106.10698866844177,key_press,'x'
106.45721387863159,key_press,'x'
106.63137626647949,key_press,'x'
106.67169785499573,key_press,'x'
107.08502674102783,key_press,Key.space
110.34526491165161,key_press,'x'
110.69525218009949,key_press,'x'
110.72206234931946,key_press,'x'
111.09910297393799,key_press,'x'
111.1398994922638,key_press,'x'
111.40997767448425,key_press,'x'
111.81569504737854,key_press,'x'
112.88180327415466,key_press,Key.space
113.87960124015808,key_press,'x'
115.12903761863708,key_press,'x'
115.54969477653503,key_press,'x'
116.1273181438446,key_press,"','"
116.3693904876709,key_press,'x'
116.69413423538208,key_press,'x'
117.30803418159485,key_press,'x'
118.28023505210876,key_press,'x'
118.35549068450928,key_press,'x'
118.5016655921936,key_press,'x'
118.69189190864563,key_press,'x'
119.09907054901123,key_press,'x'
119.42764377593994,key_press,'x'
119.43998908996582,key_press,'x'
119.55361557006836,key_press,Key.space
123.82094836235046,key_press,'x'
123.97503876686096,key_press,'x'
124.28437566757202,key_press,'x'
124.48735499382019,key_press,'x'
124.75804018974304,key_press,'x'
125.04904294013977,key_press,'x'
125.26877236366272,key_press,'x'
125.90858960151672,key_press,Key.space
126.8035945892334,key_press,'x'
126.86087322235107,key_press,'x'
127.06757140159607,key_press,'x'
127.62462043762207,key_press,'x'
127.89444303512573,key_press,'x'
128.20232129096985,key_press,'x'
128.57953333854675,key_press,'x'
128.59702515602112,key_press,'x'
128.88540482521057,key_press,'x'
128.94832634925842,key_press,'x'
129.207914352417,key_press,Key.space
129.42654013633728,key_press,'x'
129.51926183700562,key_press,'x'
129.59406232833862,key_press,'x'
129.6208999156952,key_press,'x'
129.6308970451355,key_press,'x'
129.74809646606445,key_press,'x'
129.7674262523651,key_press,'x'
129.88179183006287,key_press,'x'
130.0663731098175,key_press,Key.space
130.39565205574036,key_press,Key.backspace
130.5954349040985,key_press,Key.backspace
130.73833632469177,key_press,Key.backspace
131.06658720970154,key_press,'x'
131.30285620689392,key_press,'x'
132.0848150253296,key_press,'x'
132.3385739326477,key_press,Key.space
133.25464010238647,key_press,'x'
133.7093324661255,key_press,'x'
133.82709431648254,key_press,'x'
134.1483030319214,key_press,'x'
134.19103264808655,key_press,'x'
134.53411173820496,key_press,'x'
134.55519700050354,key_press,'x'
134.7701756954193,key_press,'x'
135.1596164703369,key_press,Key.space
136.30229902267456,key_press,'x'
136.41209959983826,key_press,'x'
136.52757906913757,key_press,'x'
136.59815669059753,key_press,'x'
136.70682740211487,key_press,'x'
136.81844234466553,key_press,'x'
136.909029006958,key_press,'x'
136.9759156703949,key_press,'x'
137.24147081375122,key_press,'x'
137.2648572921753,key_press,'x'
137.61498641967773,key_press,'x'
137.65429830551147,key_press,'x'
137.71293234825134,key_press,'x'
137.83934664726257,key_press,'x'
137.94168734550476,key_press,Key.space
138.36354970932007,key_press,Key.ctrl_l
138.6601119041443,key_press,'\x03'
2.5374650955200195,key_press,'x'
2.640721082687378,key_press,'x'
2.901735544204712,key_press,Key.space
2.9878969192504883,key_press,'x'
3.117614269256592,key_press,'x'
3.2009313106536865,key_press,Key.space
5.229933261871338,key_press,'x'
5.367304563522339,key_press,'x'
5.529326915740967,key_press,'x'
5.673235893249512,key_press,Key.space
6.075812578201294,key_press,'x'
6.246891975402832,key_press,'x'
6.414010286331177,key_press,'x'
6.968033790588379,key_press,'x'
8.841505527496338,key_press,Key.ctrl_l
9.042303085327148,key_press,'\x03'
3.0102035999298096,key_press,'x'
3.216798782348633,key_press,'x'
3.4667809009552,key_press,Key.space
3.667396068572998,key_press,'x'
3.8056225776672363,key_press,'x'
3.997939109802246,key_press,Key.space
5.081106185913086,key_press,'x'
5.1837077140808105,key_press,'x'
5.376559734344482,key_press,Key.space
5.459317445755005,key_press,'x'
5.711544990539551,key_press,'x'
5.981053829193115,key_press,'x'
6.318096876144409,key_press,'x'
6.608575820922852,key_press,'x'
6.834743022918701,key_press,'x'
7.176913499832153,key_press,Key.space
8.31301236152649,key_press,'x'
8.395381212234497,key_press,'x'
8.768802404403687,key_press,'x'
8.945148229598999,key_press,'x'
9.187654972076416,key_press,'x'
9.382266998291016,key_press,'x'
9.505008935928345,key_press,'x'
9.82897663116455,key_press,'x'
10.00971508026123,key_press,'x'
10.122592687606812,key_press,'x'
10.316648244857788,key_press,Key.space
13.897307872772217,key_press,'x'
20.36007595062256,key_press,'x'
20.662025928497314,key_press,'x'
21.0532066822052,key_press,'x'
21.184534788131714,key_press,'x'
21.36169719696045,key_press,'x'
21.459081411361694,key_press,Key.space
23.47430968284607,key_press,'x'
23.69669771194458,key_press,'x'
23.734487533569336,key_press,'x'
24.00234341621399,key_press,'x'
24.307562351226807,key_press,Key.space
25.426042795181274,key_press,'x'
25.718411922454834,key_press,'x'
26.092820405960083,key_press,Key.backspace
26.265349626541138,key_press,Key.backspace
26.445494890213013,key_press,Key.backspace
26.59959602355957,key_press,Key.backspace
26.764747381210327,key_press,Key.backspace
26.911088943481445,key_press,Key.backspace
27.612293243408203,key_press,'x'
27.77272081375122,key_press,'x'
27.91306185722351,key_press,'x'
28.089763879776,key_press,'x'
28.347803354263306,key_press,'x'
28.493443965911865,key_press,'x'
28.855339527130127,key_press,Key.space
29.508280515670776,key_press,'x'
29.80306649208069,key_press,'x'
30.078604459762573,key_press,Key.space
30.78676724433899,key_press,'x'
31.027069568634033,key_press,'x'
32.31002378463745,key_press,'x'
32.45863652229309,key_press,'x'
32.585806131362915,key_press,Key.space
33.03289842605591,key_press,'x'
33.29118824005127,key_press,'x'
33.583977699279785,key_press,'x'
33.79701805114746,key_press,'x'
34.028844118118286,key_press,Key.space
34.79109334945679,key_press,'x'
35.284027338027954,key_press,'x'
35.38150906562805,key_press,Key.space
36.03479242324829,key_press,'x'
36.48177766799927,key_press,'x'
42.358113288879395,key_press,'x'
42.56531596183777,key_press,'x'
42.94686198234558,key_press,Key.space
44.64296269416809,key_press,'x'
44.8236198425293,key_press,'x'
45.00863599777222,key_press,'x'
45.447012186050415,key_press,'x'
45.813417196273804,key_press,Key.space
46.157076358795166,key_press,'x'
46.354750871658325,key_press,'x'
46.52089595794678,key_press,Key.space
46.858309268951416,key_press,'x'
47.723082304000854,key_press,'x'
47.9341835975647,key_press,'x'
48.17658257484436,key_press,'x'
48.40307140350342,key_press,'x'
48.61372113227844,key_press,Key.space
53.97539162635803,key_press,'x'
54.309459924697876,key_press,'x'
54.585214376449585,key_press,'x'
54.76072287559509,key_press,'x'
54.979790925979614,key_press,Key.space
55.22911214828491,key_press,'x'
55.42398548126221,key_press,'x'
55.64415645599365,key_press,'x'
56.08521127700806,key_press,'x'
56.74561929702759,key_press,'x'
57.089768171310425,key_press,'x'
57.333566665649414,key_press,'x'
57.62474489212036,key_press,'x'
57.906272172927856,key_press,Key.space
58.126909255981445,key_press,'x'
58.2728488445282,key_press,'x'
58.49404978752136,key_press,Key.space
67.2398784160614,key_press,'x'
67.25424695014954,key_press,'x'
67.507892370224,key_press,'x'
68.0597734451294,key_press,Key.space
68.35567808151245,key_press,'x'
68.62508463859558,key_press,'x'
68.79960918426514,key_press,'x'
69.10228323936462,key_press,'x'
69.30983901023865,key_press,'x'
69.93497061729431,key_press,Key.space
73.46553301811218,key_press,'x'
73.56446838378906,key_press,'x'
73.85594439506531,key_press,'x'
74.1209659576416,key_press,'x'
74.39267683029175,key_press,'x'
74.60253834724426,key_press,'x'
74.66741132736206,key_press,'x'
74.96679902076721,key_press,Key.space
75.31938815116882,key_press,'x'
75.83235716819763,key_press,Key.space
76.03164553642273,key_press,'x'
76.42970323562622,key_press,'x'
76.87037873268127,key_press,Key.space
77.21644973754883,key_press,'x'
77.56510949134827,key_press,'x'
77.7773950099945,key_press,'x'
78.33259773254395,key_press,'x'
78.7680835723877,key_press,'x'
79.19106769561768,key_press,'x'
79.4003393650055,key_press,'x'
79.63708639144897,key_press,'x'
79.92832803726196,key_press,'x'
79.94405579566956,key_press,'x'
80.02491593360901,key_press,'x'
80.08838200569153,key_press,'x'
80.10343480110168,key_press,'x'
80.45874834060669,key_press,'x'
80.71327948570251,key_press,'x'
80.88910055160522,key_press,'x'
81.09002804756165,key_press,'x'
81.45097780227661,key_press,'x'
81.59522342681885,key_press,'x'
82.080650806427,key_press,Key.space
85.82945775985718,key_press,'x'
86.08893203735352,key_press,'x'
86.3962128162384,key_press,'x'
86.69979500770569,key_press,'x'
87.52287149429321,key_press,'x'
87.99080801010132,key_press,'x'
88.33062696456909,key_press,'x'
88.78254127502441,key_press,'x'
89.28414225578308,key_press,'x'
89.28414225578308,key_press,'x'
89.62366771697998,key_press,'x'
90.33492231369019,key_press,'x'
90.82754945755005,key_press,'x'
90.86140847206116,key_press,'x'
91.46323823928833,key_press,'x'
93.40937328338623,key_press,'x'
94.5027244091034,key_press,Key.space
109.54850816726685,key_press,'x'
110.20841455459595,key_press,'x'
110.35649514198303,key_press,'x'
110.85320925712585,key_press,'x'
111.07487297058105,key_press,'x'
111.71646785736084,key_press,'x'
111.73276281356812,key_press,'x'
112.09649991989136,key_press,'x'
112.17774558067322,key_press,Key.space
112.21458625793457,key_press,'x'
113.24941849708557,key_press,'x'
113.54585599899292,key_press,'x'
113.8486225605011,key_press,'x'
114.27146315574646,key_press,'x'
114.57265448570251,key_press,'x'
115.17272138595581,key_press,'x'
115.74210739135742,key_press,'x'
116.0761342048645,key_press,'x'
116.31855392456055,key_press,'x'
116.62070870399475,key_press,'x'
117.47216439247131,key_press,'x'
117.98666453361511,key_press,'x'
118.41935586929321,key_press,'x'
118.9018087387085,key_press,'x'
119.04473447799683,key_press,'x'
119.33405113220215,key_press,'x'
119.65321254730225,key_press,'x'
119.68524289131165,key_press,'x'
120.05793881416321,key_press,Key.space
120.50595450401306,key_press,'x'
120.79675054550171,key_press,'x'
121.0293595790863,key_press,'x'
121.3071346282959,key_press,'x'
121.54347801208496,key_press,'x'
121.90300989151001,key_press,'x'
121.93560647964478,key_press,'x'
122.2919397354126,key_press,'x'
122.52581334114075,key_press,'x'
123.70812821388245,key_press,Key.space
123.93532299995422,key_press,'x'
124.25444960594177,key_press,'x'
124.59116268157959,key_press,'x'
124.8553626537323,key_press,'x'
125.09823441505432,key_press,'x'
126.61947560310364,key_press,Key.space
133.36341166496277,key_press,'x'
133.62521958351135,key_press,'x'
134.08862257003784,key_press,'x'
134.72877430915833,key_press,'x'
135.39447402954102,key_press,'x'
135.91139030456543,key_press,'x'
136.48678946495056,key_press,'x'
136.94794487953186,key_press,'x'
137.58958768844604,key_press,Key.space
139.88955998420715,key_press,'x'
140.85509657859802,key_press,'x'
142.92359399795532,key_press,'x'
142.97029542922974,key_press,'x'
144.92872047424316,key_press,'x'
145.89944505691528,key_press,'x'
147.85984802246094,key_press,'x'
148.99322152137756,key_press,Key.shift_r
150.9675726890564,key_press,Key.space
155.75971603393555,key_press,'x'
156.43561458587646,key_press,'x'
156.8109130859375,key_press,'x'
157.1145477294922,key_press,'x'
157.87421679496765,key_press,'x'
158.39193987846375,key_press,'x'
158.91590356826782,key_press,'x'
159.2665355205536,key_press,'x'
159.72470378875732,key_press,Key.space
160.6937611103058,key_press,'x'
160.99560165405273,key_press,'x'
161.3938581943512,key_press,Key.space
162.1426978111267,key_press,'x'
162.71705031394958,key_press,'x'
162.9108579158783,key_press,Key.space
163.58081722259521,key_press,'x'
164.11471891403198,key_press,'x'
164.70384311676025,key_press,'x'
165.0335156917572,key_press,'x'
165.28013062477112,key_press,'x'
165.49136304855347,key_press,Key.space
166.73486065864563,key_press,Key.backspace
167.02715730667114,key_press,'x'
167.49259209632874,key_press,'x'
167.8099491596222,key_press,'x'
167.8814036846161,key_press,Key.space
168.61554670333862,key_press,Key.backspace
168.92406368255615,key_press,'x'
169.15420174598694,key_press,Key.space
169.51108384132385,key_press,'x'
169.73452377319336,key_press,'x'
169.89099621772766,key_press,'x'
182.27847337722778,key_press,'x'
182.42591214179993,key_press,'x'
182.54703998565674,key_press,'x'
182.5801191329956,key_press,'x'
182.59608030319214,key_press,'x'
182.70878195762634,key_press,'x'
182.98968505859375,key_press,'x'
183.1261341571808,key_press,'x'
183.34389781951904,key_press,'x'
183.74494123458862,key_press,'x'
183.77643156051636,key_press,'x'
184.1611475944519,key_press,'x'
185.28483772277832,key_press,'x'
185.39815282821655,key_press,'x'
185.62129592895508,key_press,'x'
185.88178515434265,key_press,'x'
186.16392540931702,key_press,'x'
186.286119222641,key_press,'x'
186.44876050949097,key_press,'x'
186.61135125160217,key_press,'x'
186.74196410179138,key_press,'x'
187.1764235496521,key_press,Key.space
188.026216506958,key_press,'x'
188.37325286865234,key_press,'x'
188.50286841392517,key_press,'x'
188.68042016029358,key_press,'x'
188.98371744155884,key_press,'x'
189.35819172859192,key_press,'x'
189.64847373962402,key_press,'x'
190.0146119594574,key_press,'x'
190.58143305778503,key_press,'x'
191.0922257900238,key_press,Key.space
198.5977303981781,key_press,Key.ctrl_l
199.59428882598877,key_press,'\x03'
2.001610279083252,key_press,'x'
2.11081600189209,key_press,'x'
2.4066522121429443,key_press,Key.space
2.4443230628967285,key_press,'x'
2.5493674278259277,key_press,'x'
2.6919748783111572,key_press,Key.space
3.3761301040649414,mouse_move,"""843,1100"""
3.3909854888916016,mouse_move,"""843,1095"""
3.397566795349121,mouse_move,"""844,1092"""
3.40529203414917,mouse_move,"""844,1089"""
3.4124770164489746,mouse_move,"""844,1087"""
3.419430732727051,mouse_move,"""844,1085"""
3.426652431488037,mouse_move,"""844,1084"""
3.4335639476776123,mouse_move,"""844,1083"""
3.4407222270965576,mouse_move,"""844,1082"""
3.46165132522583,mouse_move,"""844,1082"""
3.4696555137634277,mouse_move,"""844,1082"""
3.484647512435913,mouse_move,"""844,1083"""
3.499140739440918,mouse_move,"""844,1084"""
3.5300679206848145,mouse_move,"""844,1083"""
3.5403552055358887,mouse_move,"""844,1083"""
3.5448763370513916,mouse_move,"""844,1082"""
3.5545616149902344,mouse_move,"""844,1081"""
3.5616838932037354,mouse_move,"""844,1081"""
3.5691323280334473,mouse_move,"""844,1080"""
3.5691323280334473,mouse_move,"""844,1079"""
3.6111154556274414,mouse_move,"""844,1079"""
3.6272830963134766,mouse_move,"""844,1079"""
3.6272830963134766,mouse_move,"""844,1079"""
3.6446938514709473,mouse_move,"""844,1080"""
3.6541266441345215,mouse_move,"""844,1081"""
3.660083055496216,mouse_move,"""844,1081"""
3.660083055496216,mouse_move,"""844,1082"""
3.682577610015869,mouse_move,"""844,1083"""
3.6967365741729736,mouse_move,"""844,1084"""
3.7148807048797607,mouse_move,"""844,1084"""
3.9234619140625,key_press,'x'
4.140594720840454,key_press,'x'
4.308230876922607,key_press,'x'
4.534546852111816,key_press,Key.space
4.86236572265625,key_press,'x'
5.000699758529663,key_press,'x'
5.050559997558594,key_press,'x'
5.251494884490967,key_press,'x'
5.26789116859436,key_press,'x'
5.472606658935547,key_press,'x'
5.719553470611572,key_press,'x'
5.955491065979004,key_press,Key.space
6.845721006393433,key_press,'x'
7.591894149780273,key_press,'x'
7.705359697341919,key_press,'x'
8.581414937973022,key_press,'x'
8.832085371017456,key_press,Key.space
9.469937562942505,key_press,'x'
9.766378402709961,key_press,'x'
9.98139762878418,key_press,'x'
10.27390718460083,key_press,'x'
10.391123533248901,key_press,'x'
10.643586158752441,key_press,'x'
10.917442321777344,key_press,'x'
11.392136096954346,key_press,'x'
11.535929679870605,key_press,Key.space
11.833973169326782,key_press,'x'
12.206555843353271,key_press,'\\'
12.424057006835938,key_press,'\\'
12.57901668548584,key_press,'\\'
12.814026594161987,key_press,'\\'
13.045116424560547,key_press,'\\'
13.408957242965698,key_press,Key.space
13.611172199249268,key_press,'x'
13.813531398773193,key_press,'x'
14.37786078453064,key_press,Key.backspace
14.610792398452759,key_press,Key.backspace
14.816603899002075,key_press,Key.backspace
15.001783847808838,key_press,Key.backspace
15.220224618911743,key_press,Key.backspace
15.57425308227539,key_press,'x'
15.785917520523071,key_press,'x'
15.933374881744385,key_press,'x'
16.002684354782104,key_press,'x'
16.05174231529236,key_press,'x'
16.16628670692444,key_press,'x'
16.516673803329468,key_press,'x'
16.64164447784424,key_press,'x'
16.817116498947144,key_press,'x'
16.925305604934692,key_press,'x'
17.041152238845825,key_press,'x'
17.282773733139038,key_press,Key.space
23.5490083694458,mouse_click,Button.left
24.423662424087524,mouse_click,Button.left
24.61765456199646,key_press,'x'
25.158095359802246,key_press,'x'
25.487280130386353,key_press,'x'
25.768075227737427,key_press,'x'
25.955318212509155,key_press,Key.space
26.175292015075684,key_press,'x'
26.345374584197998,key_press,'x'
26.52902889251709,key_press,Key.space
28.188149452209473,key_press,'x'
28.395715951919556,key_press,'x'
29.07884120941162,key_press,'x'
29.505167961120605,key_press,'x'
29.95367741584778,key_press,Key.space
30.46279501914978,key_press,'x'
30.699759483337402,key_press,'x'
31.133208513259888,key_press,Key.space
31.39194941520691,key_press,'x'
32.158665895462036,key_press,'x'
32.50262475013733,key_press,'x'
32.84365630149841,key_press,'x'
33.06484031677246,key_press,'x'
33.45248007774353,key_press,'x'
33.73696804046631,key_press,'x'
33.994603633880615,key_press,'x'
34.4380259513855,key_press,Key.space
35.419026136398315,key_press,'x'
36.188941955566406,key_press,'x'
36.438499450683594,key_press,'x'
36.72407817840576,key_press,'x'
37.20489811897278,key_press,'x'
37.48950219154358,key_press,'x'
37.97163152694702,key_press,'x'
38.71976637840271,key_press,'x'
39.230825662612915,key_press,'x'
40.01486587524414,key_press,'x'
40.4864776134491,key_press,'x'
40.9477744102478,key_press,Key.space
43.82011532783508,mouse_move,"""844,1080"""
43.82612347602844,mouse_move,"""845,1073"""
43.83312129974365,mouse_move,"""845,1066"""
43.84053158760071,mouse_move,"""846,1060"""
43.84761929512024,mouse_move,"""846,1057"""
43.85519337654114,mouse_move,"""846,1053"""
43.861313343048096,mouse_move,"""846,1051"""
43.869141578674316,mouse_move,"""846,1049"""
43.87629985809326,mouse_move,"""846,1046"""
43.8832528591156,mouse_move,"""847,1044"""
43.89025807380676,mouse_move,"""847,1043"""
43.897817850112915,mouse_move,"""847,1042"""
43.90452790260315,mouse_move,"""847,1041"""
43.911301136016846,mouse_move,"""847,1041"""
43.91879320144653,mouse_move,"""848,1040"""
43.92572331428528,mouse_move,"""848,1039"""
43.93381118774414,mouse_move,"""848,1038"""
43.95439076423645,mouse_move,"""849,1038"""
43.9614691734314,mouse_move,"""849,1038"""
43.96845054626465,mouse_move,"""849,1037"""
43.97570252418518,mouse_move,"""850,1036"""
43.98975944519043,mouse_move,"""851,1036"""
43.99675941467285,mouse_move,"""851,1035"""
44.00443983078003,mouse_move,"""853,1034"""
44.03274869918823,mouse_move,"""853,1033"""
44.04692769050598,mouse_move,"""854,1033"""
44.054131507873535,mouse_move,"""855,1030"""
44.060136795043945,mouse_move,"""859,1025"""
44.06794834136963,mouse_move,"""862,1019"""
45.279253005981445,key_press,'x'
45.46321105957031,key_press,'x'
45.77923631668091,key_press,'x'
46.36194896697998,key_press,'x'
47.14223027229309,key_press,'x'
48.40976428985596,key_press,'x'
48.917837619781494,key_press,'x'
49.529080867767334,key_press,'x'
49.864469051361084,key_press,'x'
50.36602187156677,key_press,'x'
51.11061096191406,key_press,'x'
51.440669298172,key_press,'x'
52.003217697143555,key_press,'x'
52.755542516708374,key_press,'x'
52.93974804878235,key_press,'x'
54.249504804611206,key_press,'x'
55.36028981208801,key_press,'x'
57.530033349990845,key_press,Key.space
59.64408302307129,mouse_move,"""862,1021"""
59.65088129043579,mouse_move,"""862,1024"""
59.65480351448059,mouse_move,"""862,1027"""
59.66480088233948,mouse_move,"""862,1030"""
59.67214107513428,mouse_move,"""862,1032"""
59.67924618721008,mouse_move,"""863,1034"""
59.686251163482666,mouse_move,"""863,1036"""
59.69325232505798,mouse_move,"""863,1037"""
59.70069169998169,mouse_move,"""863,1039"""
59.70775866508484,mouse_move,"""863,1041"""
59.71451449394226,mouse_move,"""864,1041"""
59.722288370132446,mouse_move,"""864,1042"""
59.728806257247925,mouse_move,"""864,1043"""
59.73575305938721,mouse_move,"""864,1043"""
59.73975992202759,mouse_move,"""864,1044"""
59.750296115875244,mouse_move,"""864,1045"""
59.756551027297974,mouse_move,"""864,1046"""
59.76409411430359,mouse_move,"""864,1046"""
59.77884364128113,mouse_move,"""864,1047"""
59.788140296936035,mouse_move,"""865,1047"""
59.914562463760376,mouse_move,"""865,1048"""
59.96162509918213,mouse_move,"""865,1048"""
59.96162509918213,mouse_move,"""865,1047"""
59.97688913345337,mouse_move,"""865,1047"""
59.982430934906006,mouse_move,"""865,1047"""
59.982430934906006,mouse_move,"""865,1046"""
59.997483015060425,mouse_move,"""864,1044"""
60.004886865615845,mouse_move,"""864,1043"""
60.01188659667969,mouse_move,"""864,1041"""
60.0188353061676,mouse_move,"""864,1040"""
60.02640700340271,mouse_move,"""864,1039"""
60.03341746330261,mouse_move,"""864,1037"""
60.04020380973816,mouse_move,"""864,1037"""
60.04420590400696,mouse_move,"""863,1036"""
60.054851770401,mouse_move,"""863,1034"""
60.06191420555115,mouse_move,"""863,1034"""
60.067585945129395,mouse_move,"""863,1032"""
60.07610297203064,mouse_move,"""863,1030"""
60.08307600021362,mouse_move,"""863,1030"""
60.08981156349182,mouse_move,"""863,1029"""
60.091734886169434,mouse_move,"""863,1028"""
60.104575395584106,mouse_move,"""863,1027"""
60.111252546310425,mouse_move,"""863,1026"""
60.118605613708496,mouse_move,"""863,1025"""
60.12530279159546,mouse_move,"""863,1024"""
60.13267135620117,mouse_move,"""863,1023"""
60.139530658721924,mouse_move,"""863,1022"""
60.147318840026855,mouse_move,"""863,1022"""
60.154377460479736,mouse_move,"""862,1022"""
60.16137504577637,mouse_move,"""862,1021"""
60.17548894882202,mouse_move,"""862,1020"""
60.18982172012329,mouse_move,"""862,1020"""
60.196184158325195,mouse_move,"""862,1019"""
60.203163146972656,mouse_move,"""862,1018"""
60.22506666183472,mouse_move,"""862,1017"""
60.23207330703735,mouse_move,"""862,1017"""
60.2510142326355,mouse_move,"""862,1016"""
60.26991581916809,mouse_move,"""862,1015"""
60.28851556777954,mouse_move,"""862,1015"""
60.302420139312744,mouse_move,"""862,1014"""
60.33800959587097,mouse_move,"""862,1013"""
60.345550775527954,mouse_move,"""862,1013"""
60.35399317741394,mouse_move,"""862,1012"""
60.37089824676514,mouse_move,"""862,1012"""
60.37089824676514,mouse_move,"""862,1011"""
60.387537240982056,mouse_move,"""862,1010"""
60.397438287734985,mouse_move,"""862,1010"""
60.41330432891846,mouse_move,"""862,1009"""
60.42344260215759,mouse_move,"""862,1008"""
60.42998647689819,mouse_move,"""862,1008"""
60.431732177734375,mouse_move,"""862,1007"""
60.454235553741455,mouse_move,"""862,1006"""
60.608168601989746,mouse_move,"""863,1006"""
60.625768184661865,mouse_move,"""864,1007"""
60.652710914611816,mouse_move,"""864,1007"""
60.67080807685852,mouse_move,"""864,1008"""
60.692508697509766,mouse_move,"""865,1008"""
60.70582675933838,mouse_move,"""865,1009"""
60.71283149719238,mouse_move,"""866,1009"""
60.71991491317749,mouse_move,"""866,1009"""
60.748229026794434,mouse_move,"""866,1009"""
60.75538372993469,mouse_move,"""866,1010"""
60.76966691017151,mouse_move,"""867,1010"""
60.776670694351196,mouse_move,"""867,1011"""
60.79932951927185,mouse_move,"""868,1011"""
60.82642841339111,mouse_move,"""868,1012"""
60.92288422584534,mouse_move,"""869,1012"""
60.98281979560852,mouse_move,"""869,1012"""
61.189735412597656,mouse_move,"""869,1012"""
61.37648057937622,mouse_move,"""869,1013"""
61.57966732978821,mouse_move,"""869,1014"""
61.6137478351593,mouse_move,"""870,1014"""
61.671046018600464,mouse_move,"""870,1014"""
61.73971962928772,mouse_move,"""870,1015"""
61.782275676727295,mouse_move,"""871,1015"""
61.91881847381592,mouse_move,"""871,1016"""
61.93474745750427,mouse_move,"""871,1016"""
61.98566269874573,mouse_move,"""871,1016"""
62.370017290115356,mouse_move,"""872,1016"""
62.37992072105408,mouse_move,"""872,1017"""
62.429872035980225,mouse_move,"""873,1017"""
63.39367604255676,mouse_move,"""874,1017"""
63.421005725860596,mouse_move,"""874,1017"""
63.643210649490356,mouse_move,"""875,1017"""
63.66999411582947,mouse_move,"""875,1018"""
63.84526181221008,mouse_move,"""875,1019"""
63.8823447227478,mouse_move,"""876,1019"""
63.908796548843384,mouse_move,"""876,1019"""
64.0181097984314,mouse_move,"""876,1020"""
64.03013491630554,mouse_move,"""876,1020"""
64.22194695472717,mouse_move,"""876,1021"""
65.03300833702087,mouse_move,"""876,1021"""
65.20715928077698,mouse_move,"""877,1021"""
65.23504161834717,mouse_move,"""877,1020"""
65.62092638015747,mouse_move,"""878,1020"""
67.5674741268158,mouse_move,"""878,1019"""
68.40737676620483,mouse_move,"""878,1019"""
68.44261813163757,key_press,'x'
69.53203916549683,key_press,Key.space
69.75012159347534,key_press,'x'
70.120596408844,key_press,'x'
70.28159499168396,key_press,'x'
70.61213302612305,key_press,'x'
70.84521770477295,key_press,Key.space
71.59599137306213,mouse_move,"""879,1019"""
71.60620760917664,key_press,'x'
72.05535697937012,key_press,'x'
72.65523076057434,key_press,'x'
73.53321576118469,mouse_move,"""879,1019"""
73.78788423538208,mouse_move,"""879,1020"""
73.82099652290344,key_press,'x'
74.58127045631409,key_press,Key.space
74.98750972747803,key_press,'x'
75.50162076950073,key_press,'x'
75.79971575737,key_press,'x'
76.19231224060059,key_press,'x'
80.24306583404541,key_press,'x'
80.80138874053955,key_press,'x'
81.39959573745728,key_press,'x'
81.58871078491211,key_press,'x'
81.81496620178223,key_press,'x'
82.1577537059784,key_press,Key.space
82.86608695983887,key_press,'x'
83.11482095718384,key_press,'x'
83.15834522247314,key_press,'x'
83.5648136138916,key_press,'x'
83.81279444694519,key_press,'x'
84.04928708076477,key_press,Key.space
84.25087714195251,key_press,'x'
84.51751112937927,key_press,'x'
84.56340909004211,key_press,'x'
84.94031405448914,key_press,'x'
85.00042295455933,key_press,'x'
85.10975360870361,key_press,'x'
85.71523714065552,key_press,Key.space
86.32911133766174,key_press,'x'
86.58120679855347,key_press,'x'
86.89328527450562,key_press,'x'
87.49442934989929,key_press,Key.space
88.89208960533142,key_press,'x'
89.44199228286743,key_press,'x'
89.90750765800476,key_press,Key.space
89.95201635360718,key_press,'x'
92.48716449737549,key_press,'x'
92.55299067497253,key_press,'x'
93.6687924861908,key_press,'x'
94.03552293777466,key_press,'x'
94.33272576332092,key_press,'x'
94.736252784729,key_press,'x'
95.15788388252258,key_press,'x'
95.5510048866272,key_press,'x'
95.93907809257507,key_press,'x'
96.32942128181458,key_press,'x'
96.47100472450256,key_press,Key.space
96.57204103469849,key_press,'x'
97.28441381454468,key_press,Key.space
107.67391419410706,key_press,'x'
107.95645833015442,key_press,'x'
108.8816409111023,key_press,Key.space
109.32004857063293,key_press,'x'
109.95678067207336,key_press,'x'
110.15925097465515,key_press,'x'
110.78194880485535,key_press,Key.space
111.61091613769531,key_press,'x'
112.0727469921112,key_press,'x'
112.12700915336609,key_press,'x'
113.61035490036011,key_press,'x'
113.9400839805603,key_press,'x'
115.06151986122131,key_press,Key.backspace
115.31268525123596,key_press,'x'
115.46918392181396,key_press,'x'
115.71966552734375,key_press,'x'
116.09841561317444,key_press,'x'
116.27218794822693,key_press,'x'
116.53648138046265,key_press,'x'
116.75458908081055,key_press,'x'
117.00041079521179,key_press,Key.space
117.3477635383606,key_press,'x'
117.5983304977417,key_press,'x'
117.86378598213196,key_press,Key.space
118.48042607307434,key_press,'x'
118.72090005874634,key_press,'x'
118.92394089698792,key_press,'x'
119.24306035041809,key_press,'x'
119.49165487289429,key_press,Key.space
120.51701474189758,key_press,'x'
120.75494909286499,key_press,'x'
121.52111673355103,key_press,'x'
121.91701197624207,key_press,'x'
122.24718832969666,key_press,Key.space
129.79129695892334,key_press,'x'
130.12545895576477,key_press,'x'
130.75191140174866,key_press,Key.space
131.0879135131836,key_press,'x'
131.36614084243774,key_press,'x'
131.46359181404114,key_press,'x'
132.0789544582367,key_press,'x'
132.84568190574646,key_press,'x'
133.15727519989014,key_press,'x'
133.4365518093109,key_press,'x'
133.62655901908875,key_press,'x'
135.03862190246582,key_press,'x'
135.81631684303284,key_press,'x'
136.96351218223572,key_press,'x'
137.6494174003601,key_press,'x'
143.25532341003418,key_press,'x'
143.84212470054626,key_press,Key.space
144.11313033103943,key_press,'x'
144.23636484146118,key_press,'x'
144.424574136734,key_press,'x'
144.80659198760986,key_press,'x'
144.96730160713196,key_press,'x'
145.14206051826477,key_press,'x'
145.26606702804565,key_press,'x'
145.58394598960876,key_press,Key.space
146.93908262252808,key_press,'x'
147.50210213661194,key_press,'x'
147.79384851455688,key_press,'x'
148.17298865318298,key_press,'x'
148.41736483573914,key_press,'x'
148.65881443023682,key_press,'x'
148.87063097953796,key_press,'x'
149.2059965133667,key_press,'x'
149.79889559745789,key_press,'x'
150.59261178970337,key_press,'x'
151.3134274482727,key_press,'x'
151.6253056526184,key_press,'x'
152.13171005249023,key_press,'x'
152.14391946792603,key_press,'x'
152.332839012146,key_press,'x'
152.45481061935425,key_press,'x'
152.62595319747925,key_press,'x'
152.64166975021362,key_press,'x'
152.71972036361694,key_press,'x'
152.82591032981873,key_press,'x'
153.14769506454468,key_press,'x'
153.1629114151001,key_press,'x'
153.3477499485016,key_press,'x'
154.11208605766296,key_press,Key.space
154.50346660614014,key_press,'x'
154.76843452453613,key_press,'x'
154.91663599014282,key_press,'x'
155.17782163619995,key_press,'x'
155.25153923034668,key_press,'x'
155.57943725585938,key_press,'x'
155.90908575057983,key_press,'x'
156.21569514274597,key_press,'x'
156.43824815750122,key_press,'x'
156.71419620513916,key_press,'x'
156.87616300582886,key_press,'x'
157.1106595993042,key_press,Key.space
158.2983901500702,key_press,Key.ctrl_l
158.73242139816284,key_press,'\x03'
